# CARMEN Logfile
# file format is one message per line
# message_name [message contents] ipc_timestamp ipc_hostname logger_timestamp
# message formats defined: PARAM SYNC ODOM FLASER RLASER
# PARAM param_name param_value
# SYNC tagname
# ODOM x y theta tv rv accel
# FLASER num_readings [range_readings] x y theta odom_x odom_y odom_theta
# RLASER num_readings [range_readings] x y theta odom_x odom_y odom_theta
# TRUEPOS true_x true_y true_theta odom_x odom_y odom_theta
# robot: stayton
PARAM robot_allow_rear_motion off 1071078718.462310 merci 1071078718.462309
PARAM robot_rectangular 0 1071078718.462355 merci 1071078718.462355
PARAM robot_use_laser on 1071078718.462369 merci 1071078718.462368
PARAM robot_use_sonar off 1071078718.462379 merci 1071078718.462379
PARAM robot_converge on 1071078718.462391 merci 1071078718.462391
PARAM robot_timeout 10.0 1071078718.462404 merci 1071078718.462403
PARAM robot_collision_avoidance on 1071078718.462415 merci 1071078718.462414
PARAM robot_collision_avoidance_frequency 10 1071078718.462426 merci 1071078718.462426
PARAM robot_laser_bearing_skip_rate 0.33 1071078718.462437 merci 1071078718.462437
PARAM robot_turn_before_driving_if_heading_bigger_than 0.8 1071078718.462449 merci 1071078718.462449
PARAM robot_backwards off 1071078718.462462 merci 1071078718.462461
PARAM robot_length 0.47 1071078718.462472 merci 1071078718.462472
PARAM robot_width 0.41 1071078718.462483 merci 1071078718.462483
PARAM robot_frontlaser_offset -0.04 1071078718.462495 merci 1071078718.462494
PARAM robot_rearlaser_offset 0.0 1071078718.462506 merci 1071078718.462506
PARAM robot_front_laser_max 80.99 1071078718.462518 merci 1071078718.462517
PARAM robot_min_approach_dist 0.15 1071078718.462529 merci 1071078718.462528
PARAM robot_min_side_dist 0.10 1071078718.462541 merci 1071078718.462540
PARAM robot_acceleration 0.50 1071078718.462551 merci 1071078718.462551
PARAM robot_deceleration 3.0 1071078718.462563 merci 1071078718.462562
PARAM robot_reaction_time 0.1 1071078718.462573 merci 1071078718.462573
PARAM robot_max_t_vel 0.50 1071078718.462585 merci 1071078718.462584
PARAM robot_max_r_vel 0.78 1071078718.462596 merci 1071078718.462596
PARAM robot_curvature 500 1071078718.462607 merci 1071078718.462606
PARAM robot_theta_gain 1.0 1071078718.462617 merci 1071078718.462617
PARAM robot_theta_d_gain 0.3 1071078718.462629 merci 1071078718.462628
PARAM robot_displacement_gain 0.75 1071078718.462644 merci 1071078718.462643
PARAM robotgraph_add_control on 1071078718.462851 merci 1071078718.462850
PARAM robotgraph_history off 1071078718.462870 merci 1071078718.462869
PARAM robotgraph_polygons 25.0 1071078718.462883 merci 1071078718.462882
PARAM robotgraph_connect_distance 40 1071078718.462894 merci 1071078718.462894
PARAM robotgraph_maxrange 7.0 1071078718.462906 merci 1071078718.462906
PARAM robotgraph_rear_laser off 1071078718.462917 merci 1071078718.462917
PARAM robotgraph_show_velocity off 1071078718.462928 merci 1071078718.462928
PARAM robotgraph_show_vector on 1071078718.462940 merci 1071078718.462939
PARAM joystick_head off 1071078718.463110 merci 1071078718.463108
PARAM joystick_deadspot on 1071078718.463127 merci 1071078718.463126
PARAM joystick_deadspot_size 0.2 1071078718.463139 merci 1071078718.463139
PARAM simulator_use_rear_laser off 1071078718.463367 merci 1071078718.463365
PARAM simulator_dt 0.172 1071078718.463385 merci 1071078718.463384
PARAM simulator_time 0.172 1071078718.463398 merci 1071078718.463397
PARAM simulator_use_robot on 1071078718.463409 merci 1071078718.463408
PARAM simulator_num_readings 181 1071078718.463422 merci 1071078718.463422
PARAM simulator_laser_probability_of_random_max .0001 1071078718.463433 merci 1071078718.463432
PARAM simulator_laser_probability_of_random_reading .0001 1071078718.463445 merci 1071078718.463445
PARAM simulator_laser_sensor_variance .001 1071078718.463458 merci 1071078718.463457
PARAM simulator_sonar_probability_of_random_max .01 1071078718.463470 merci 1071078718.463469
PARAM simulator_sonar_probability_of_random_reading .005 1071078718.463484 merci 1071078718.463484
PARAM simulator_sonar_sensor_variance .05 1071078718.463496 merci 1071078718.463495
PARAM simulator_person_leg_width .1 1071078718.463508 merci 1071078718.463507
PARAM simulator_person_speed .3 1071078718.463519 merci 1071078718.463518
PARAM simulator_person_dist_from_robot .4 1071078718.463531 merci 1071078718.463530
PARAM simulator_sync_mode off 1071078718.463548 merci 1071078718.463547
PARAM localize_num_particles 250 1071078718.463835 merci 1071078718.463834
PARAM localize_max_range 50.0 1071078718.463852 merci 1071078718.463852
PARAM localize_use_rear_laser off 1071078718.463868 merci 1071078718.463867
PARAM localize_do_scanmatching off 1071078718.463881 merci 1071078718.463880
PARAM localize_constrain_to_map off 1071078718.463893 merci 1071078718.463893
PARAM localize_update_distance 0.20 1071078718.463905 merci 1071078718.463904
PARAM localize_laser_skip 3 1071078718.463916 merci 1071078718.463915
PARAM localize_min_wall_prob 0.25 1071078718.463927 merci 1071078718.463927
PARAM localize_outlier_fraction 0.90 1071078718.463940 merci 1071078718.463939
PARAM localize_odom_a1 0.05 1071078718.463952 merci 1071078718.463951
PARAM localize_odom_a2 0.005 1071078718.463962 merci 1071078718.463962
PARAM localize_odom_a3 0.05 1071078718.463974 merci 1071078718.463974
PARAM localize_odom_a4 0.005 1071078718.463985 merci 1071078718.463985
PARAM localize_occupied_prob 0.5 1071078718.463997 merci 1071078718.463996
PARAM localize_lmap_std 0.30 1071078718.464008 merci 1071078718.464007
PARAM localize_global_lmap_std 0.6 1071078718.464020 merci 1071078718.464019
PARAM localize_global_evidence_weight 0.01 1071078718.464031 merci 1071078718.464031
PARAM localize_global_distance_threshold 2.0 1071078718.464043 merci 1071078718.464042
PARAM localize_global_test_samples 100000 1071078718.464056 merci 1071078718.464055
PARAM localize_use_sensor on 1071078718.464068 merci 1071078718.464067
PARAM navigator_planner conventional 1071078718.464357 merci 1071078718.464356
PARAM navigator_num_lasers 360 1071078718.464376 merci 1071078718.464375
PARAM navigator_ant on 1071078718.464391 merci 1071078718.464390
PARAM navigator_port 3330 1071078718.464402 merci 1071078718.464401
PARAM navigator_update_map on 1071078718.464413 merci 1071078718.464412
PARAM navigator_max_laser_range 50 1071078718.464426 merci 1071078718.464425
PARAM navigator_max_collision_range 3 1071078718.464443 merci 1071078718.464442
PARAM navigator_replan_frequency 5 1071078718.464455 merci 1071078718.464455
PARAM navigator_smooth_path on 1071078718.464470 merci 1071078718.464470
PARAM navigator_goal_size 0.4 1071078718.464484 merci 1071078718.464483
PARAM navigator_goal_theta_tolerance 0.09 1071078718.464496 merci 1071078718.464495
PARAM navigator_panel_initial_map_zoom 100.0 1071078718.464508 merci 1071078718.464507
PARAM navigator_panel_track_robot on 1071078718.464521 merci 1071078718.464520
PARAM navigator_panel_draw_waypoints on 1071078718.464534 merci 1071078718.464533
PARAM navigator_panel_show_particles off 1071078718.464546 merci 1071078718.464546
PARAM navigator_panel_show_gaussians off 1071078718.464560 merci 1071078718.464559
PARAM navigator_panel_show_laser off 1071078718.464572 merci 1071078718.464572
PARAM navigator_panel_show_simulator_objects off 1071078718.464584 merci 1071078718.464584
PARAM navigator_panel_show_true_pos on 1071078718.464596 merci 1071078718.464595
PARAM navigator_panel_show_people off 1071078718.464608 merci 1071078718.464607
PARAM logger_ascii off 1071078718.464822 merci 1071078718.464820
PARAM logger_odometry on 1071078718.464839 merci 1071078718.464839
PARAM logger_laser on 1071078718.464851 merci 1071078718.464851
PARAM logger_robot_laser on 1071078718.464863 merci 1071078718.464862
PARAM logger_localize on 1071078718.464874 merci 1071078718.464874
PARAM logger_params on 1071078718.464886 merci 1071078718.464886
PARAM logger_use_ant off 1071078718.464899 merci 1071078718.464898
PARAM logger_ant_port 3338 1071078718.464911 merci 1071078718.464910
PARAM mapper_resolution 0.025 1071078718.465110 merci 1071078718.465109
PARAM mapper_downsample 4 1071078718.465129 merci 1071078718.465129
PARAM mapper_wallthickness 0.3 1071078718.465142 merci 1071078718.465142
PARAM mapper_mapsize 2000 1071078718.465156 merci 1071078718.465155
PARAM mapper_startangle 0.0 1071078718.465170 merci 1071078718.465169
PARAM mapper_border 20 1071078718.465181 merci 1071078718.465180
PARAM vasco_pos_diff_min_dist 0.01 1071078718.465558 merci 1071078718.465557
PARAM vasco_pos_diff_min_rotation 0.001745277 1071078718.465583 merci 1071078718.465582
PARAM vasco_pos_diff_max_rotation 3.1415 1071078718.465598 merci 1071078718.465597
PARAM vasco_use_correction 1 1071078718.465610 merci 1071078718.465610
PARAM vasco_local_map_max_range 2500.0 1071078718.465624 merci 1071078718.465623
PARAM vasco_local_map_resolution 6.0 1071078718.465637 merci 1071078718.465636
PARAM vasco_local_map_kernel_length 7 1071078718.465648 merci 1071078718.465648
PARAM vasco_local_map_num_convolve 1 1071078718.465661 merci 1071078718.465661
PARAM vasco_local_map_unknown_val 0.01 1071078718.465674 merci 1071078718.465674
PARAM vasco_local_map_history_length 12000 1071078718.465685 merci 1071078718.465685
PARAM vasco_local_map_max_used_history 150 1071078718.465697 merci 1071078718.465697
PARAM vasco_local_map_min_bbox_distance 20.0 1071078718.465711 merci 1071078718.465710
PARAM vasco_pos_correction_forward_step 7.5 1071078718.465723 merci 1071078718.465722
PARAM vasco_pos_correction_sideward_step 7.5 1071078718.465735 merci 1071078718.465735
PARAM vasco_pos_correction_rotation_step 0.125 1071078718.465748 merci 1071078718.465748
PARAM vasco_pos_correction_num_decrease_loop 10 1071078718.465763 merci 1071078718.465762
PARAM vasco_use_people_prob 0 1071078718.465775 merci 1071078718.465774
PARAM vasco_people_prob_kernel_length 3 1071078718.465785 merci 1071078718.465784
PARAM vasco_people_prob_num_convolve 0 1071078718.465797 merci 1071078718.465797
PARAM vasco_global_map_max_range 800.0 1071078718.465811 merci 1071078718.465811
PARAM vasco_global_map_size_x 2000 1071078718.465824 merci 1071078718.465823
PARAM vasco_global_map_size_y 1500 1071078718.465835 merci 1071078718.465834
PARAM vasco_global_map_resolution 5.0 1071078718.465846 merci 1071078718.465845
PARAM vasco_global_map_ray_model 1 1071078718.465857 merci 1071078718.465856
PARAM vasco_global_map_unknown_val 0.2 1071078718.465869 merci 1071078718.465869
PARAM vasco_laser_max_usable_range 5113 1071078718.465885 merci 1071078718.465885
PARAM vascocore_verbose off 1071078718.466235 merci 1071078718.466234
PARAM vascocore_max_usable_laser_range 81.90 1071078718.466253 merci 1071078718.466253
PARAM vascocore_local_map_use_odometry on 1071078718.466269 merci 1071078718.466268
PARAM vascocore_local_map_max_range 20.0 1071078718.466283 merci 1071078718.466282
PARAM vascocore_local_map_resolution 0.08 1071078718.466298 merci 1071078718.466298
PARAM vascocore_local_map_kernel_len 5 1071078718.466312 merci 1071078718.466311
PARAM vascocore_local_map_num_convolve 1 1071078718.466326 merci 1071078718.466325
PARAM vascocore_local_map_history_length 5000 1071078718.466338 merci 1071078718.466338
PARAM vascocore_local_map_max_used_history 300 1071078718.466350 merci 1071078718.466349
PARAM vascocore_local_map_min_bbox_distance 0.6 1071078718.466364 merci 1071078718.466363
PARAM vascocore_local_map_object_prob 0.99 1071078718.466375 merci 1071078718.466374
PARAM vascocore_local_map_std_val 0.01 1071078718.466388 merci 1071078718.466387
PARAM vascocore_bounding_box_max_range 20.00 1071078718.466398 merci 1071078718.466398
PARAM vascocore_motion_model_forward 0.013 1071078718.466411 merci 1071078718.466410
PARAM vascocore_motion_model_sideward 0.013 1071078718.466422 merci 1071078718.466422
PARAM vascocore_motion_model_rotation 0.35 1071078718.466436 merci 1071078718.466435
PARAM vascocore_pos_corr_step_size_forward 0.075 1071078718.466448 merci 1071078718.466447
PARAM vascocore_pos_corr_step_size_sideward 0.075 1071078718.466462 merci 1071078718.466461
PARAM vascocore_pos_corr_step_size_rotation 0.125 1071078718.466473 merci 1071078718.466472
PARAM vascocore_pos_corr_step_size_loop 10 1071078718.466485 merci 1071078718.466484
PARAM gps_originlat 42.8417 1071078718.466729 merci 1071078718.466728
PARAM gps_originlon 71.7214 1071078718.466745 merci 1071078718.466744
PARAM gps_integrate_with_odometry on 1071078718.466758 merci 1071078718.466758
PARAM gps_initialtheta 1.5708 1071078718.466775 merci 1071078718.466775
PARAM gps_initialthetastd 0.7854 1071078718.466792 merci 1071078718.466791
PARAM gps_odomdiststdper1m 0.1 1071078718.466809 merci 1071078718.466809
PARAM gps_odomthetastdper1m 0.0028 1071078718.466823 merci 1071078718.466822
PARAM gps_odomthetastdper1rad 0.0139 1071078718.466837 merci 1071078718.466836
PARAM gps_gpsxystdper1precdil 1.0 1071078718.466849 merci 1071078718.466848
PARAM base_type pioneer 1071078718.467066 merci 1071078718.467065
PARAM base_model p2d8+ 1071078718.467087 merci 1071078718.467087
PARAM base_dev /dev/usb/ttyUSB0 1071078718.467099 merci 1071078718.467098
PARAM base_use_hardware_integrator off 1071078718.467113 merci 1071078718.467112
PARAM base_relative_wheelsize 1.0 1071078718.467129 merci 1071078718.467128
PARAM base_relative_wheelbase 1.0 1071078718.467142 merci 1071078718.467141
PARAM pioneer_dev /dev/usb/ttyUSB0 1071078718.467354 merci 1071078718.467352
PARAM pioneer_version 2 1071078718.467375 merci 1071078718.467374
PARAM pioneer_wheel_diameter 0.191 1071078718.467391 merci 1071078718.467390
PARAM pioneer_relative_wheel_size 1.0 1071078718.467404 merci 1071078718.467404
PARAM pioneer_velocity_conversion_factor 0.001 1071078718.467416 merci 1071078718.467416
PARAM laser_front_laser_dev /dev/usb/ttyUSB1 1071078718.467646 merci 1071078718.467644
PARAM laser_front_laser_type LMS 1071078718.467667 merci 1071078718.467666
PARAM laser_front_laser_baud 38400 1071078718.467681 merci 1071078718.467680
PARAM laser_front_laser_resolution 0.5 1071078718.467699 merci 1071078718.467699
PARAM laser_rear_laser_dev none 1071078718.467715 merci 1071078718.467715
PARAM laser_laser3_dev none 1071078718.467729 merci 1071078718.467728
PARAM laser_laser4_dev none 1071078718.467740 merci 1071078718.467740
PARAM localnavigator_rectangular_robot on 1071078718.467979 merci 1071078718.467978
PARAM localnavigator_goal_approach_distance 0.4 1071078718.468003 merci 1071078718.468002
PARAM localnavigator_choose_alternative_goals on 1071078718.468019 merci 1071078718.468018
PARAM localnavigator_max_obstacles_in_localmap 360 1071078718.468039 merci 1071078718.468038
PARAM localnavigator_localmap_radius 8.0 1071078718.468052 merci 1071078718.468052
PARAM localnavigator_nd_num_sectors 144 1071078718.468066 merci 1071078718.468065
PARAM localnavigator_nd_security_distance 0.3 1071078718.468077 merci 1071078718.468077
FLASER 360 1.67 1.65 1.64 1.63 1.63 1.64 1.72 1.75 1.75 6.94 6.97 6.97 6.97 6.95 6.88 7.31 6.88 6.84 6.82 6.86 6.93 7.40 7.42 7.45 7.44 6.28 4.28 4.13 4.10 3.98 3.85 3.83 3.80 3.79 3.78 3.79 3.84 3.85 3.83 3.80 3.83 4.00 4.59 4.61 4.63 4.65 4.67 4.68 4.71 4.73 4.75 4.00 3.72 3.68 3.64 3.65 3.68 2.06 2.00 1.98 1.97 1.99 2.00 2.07 2.09 2.10 2.11 2.13 2.15 2.16 2.17 2.19 2.21 2.22 2.24 2.26 2.28 2.29 2.31 2.32 2.35 2.37 2.39 2.41 2.44 2.46 2.50 2.51 2.53 2.57 2.59 2.62 2.64 2.67 2.71 2.73 2.76 2.79 2.83 2.86 2.89 2.93 2.91 2.91 2.96 2.95 2.95 2.93 2.91 2.90 2.92 2.96 3.00 3.05 3.10 3.73 3.78 3.86 3.93 4.00 4.06 4.15 4.23 4.29 11.03 7.97 4.55 4.50 4.50 4.59 4.86 4.97 5.10 5.24 5.37 5.52 5.66 5.84 5.87 5.99 6.31 6.53 6.75 6.98 7.20 7.32 8.19 8.18 8.33 8.63 8.63 8.75 10.14 10.17 10.17 10.18 10.17 10.17 10.16 10.15 10.11 10.09 12.31 12.29 12.29 12.27 12.27 12.27 12.26 12.27 12.43 12.42 10.12 10.08 10.11 10.11 10.11 10.12 10.12 10.10 10.09 8.64 8.55 8.53 8.13 8.08 7.16 6.84 6.43 5.78 5.73 5.67 5.34 5.09 4.88 4.42 4.31 4.26 4.11 3.97 3.85 3.70 3.14 2.83 2.72 2.66 2.63 2.63 2.64 2.65 2.66 2.67 2.66 2.60 2.60 2.59 2.51 2.46 2.42 2.37 2.32 2.28 2.24 2.19 2.16 2.13 2.09 2.05 2.02 1.98 1.96 1.93 1.90 1.88 1.84 1.82 1.79 1.77 1.75 1.74 1.71 1.69 1.67 1.65 1.63 1.62 1.60 1.58 1.56 1.55 1.53 1.52 1.50 1.49 1.44 1.40 1.38 1.37 1.37 1.39 1.39 1.40 1.39 1.37 1.36 1.35 1.34 1.33 1.33 1.32 1.30 1.29 1.29 1.27 1.27 1.26 1.25 1.25 1.24 1.23 1.22 1.21 1.21 1.20 1.19 1.18 1.18 1.18 1.17 1.17 1.16 1.16 1.15 1.15 1.15 1.14 1.13 1.12 1.12 1.11 1.11 1.11 1.10 1.09 1.09 1.08 1.08 1.08 1.07 1.06 1.06 1.06 1.06 1.06 1.06 1.05 1.04 1.05 1.04 1.05 1.05 1.05 1.04 1.04 1.03 1.03 1.03 1.02 1.02 1.02 1.02 1.02 1.02 1.02 1.01 1.01 1.01 1.01 1.01 1.01 1.00 1.00 1.00 1.00 1.00 1.00 1.00 1.00 1.00 1.00 0.99 1.00 1.00 1.00 1.01 1.00 1.00 1.01 1.01 1.00 -2.994295 8.292039 -3.120965 -3.034287 8.291214 -3.120965 1211.520329 magnum 0.015885
ODOM -3.034287 8.291214 -3.120965 0.000000 0.000000 0.000000 1211.530144 magnum 0.016900
ODOM -3.034772 8.291204 -3.122499 0.000000 0.000000 0.000000 1211.642339 magnum 0.120413
ODOM -3.034772 8.291204 -3.122499 0.000000 0.000000 0.000000 1211.750867 magnum 0.227472
FLASER 360 1.65 1.66 1.63 1.63 1.63 1.63 1.68 1.75 1.74 6.94 6.96 6.98 6.98 6.87 6.87 7.30 6.89 6.85 6.83 6.85 6.90 7.41 7.41 7.44 7.45 81.91 4.28 4.14 4.11 4.00 3.84 3.85 3.80 3.79 3.79 3.79 3.84 3.85 3.83 3.80 3.83 3.97 4.59 4.60 4.62 4.65 4.66 4.68 4.70 4.72 4.74 4.05 3.73 3.69 3.65 3.66 3.67 2.09 2.01 1.97 1.97 1.98 2.00 2.06 2.08 2.09 2.11 2.13 2.15 2.15 2.17 2.19 2.20 2.22 2.24 2.25 2.27 2.29 2.30 2.32 2.35 2.37 2.39 2.41 2.43 2.46 2.47 2.50 2.53 2.56 2.59 2.60 2.63 2.67 2.70 2.72 2.75 2.78 2.82 2.85 2.88 2.92 2.92 2.91 2.95 2.96 2.94 2.93 2.91 2.89 2.91 2.95 2.99 3.04 3.10 3.71 3.77 3.85 3.92 3.99 4.05 4.13 4.21 4.29 11.03 11.01 4.54 4.51 4.49 4.56 4.83 4.94 5.07 5.21 5.34 5.49 5.63 5.83 5.86 5.93 6.28 6.49 6.70 6.94 7.18 7.29 8.20 8.18 8.26 8.62 8.63 8.71 10.13 10.17 10.16 10.18 10.17 10.16 10.16 10.15 10.12 10.10 12.33 12.29 12.29 12.28 12.27 12.27 12.27 12.27 12.40 12.41 10.13 10.08 10.10 10.11 10.11 10.12 10.12 10.10 10.09 8.69 8.55 8.54 8.16 8.09 7.19 6.92 6.49 5.90 5.73 5.68 5.40 5.13 4.92 4.54 4.32 4.27 4.14 4.00 3.87 3.71 3.59 2.85 2.73 2.65 2.63 2.63 2.64 2.65 2.65 2.66 2.65 2.61 2.60 2.60 2.52 2.47 2.42 2.38 2.32 2.28 2.24 2.20 2.17 2.13 2.09 2.06 2.02 1.99 1.97 1.94 1.90 1.88 1.85 1.82 1.80 1.77 1.75 1.74 1.72 1.69 1.67 1.65 1.63 1.61 1.60 1.59 1.57 1.55 1.53 1.51 1.51 1.48 1.44 1.41 1.38 1.37 1.37 1.38 1.39 1.40 1.40 1.39 1.36 1.35 1.35 1.33 1.33 1.32 1.30 1.29 1.29 1.28 1.26 1.26 1.26 1.25 1.24 1.23 1.22 1.21 1.21 1.20 1.19 1.18 1.18 1.18 1.17 1.17 1.16 1.15 1.15 1.15 1.15 1.14 1.13 1.12 1.11 1.11 1.11 1.11 1.11 1.10 1.09 1.09 1.08 1.08 1.07 1.06 1.06 1.06 1.06 1.06 1.05 1.05 1.05 1.05 1.05 1.04 1.05 1.04 1.04 1.03 1.03 1.03 1.03 1.02 1.02 1.02 1.02 1.02 1.02 1.01 1.02 1.01 1.01 1.01 1.01 1.01 1.01 1.00 1.00 1.00 1.00 1.00 1.00 1.00 1.00 1.00 1.00 0.99 1.00 1.00 1.00 1.00 1.00 0.99 0.99 1.00 -2.994779 8.291967 -3.122499 -3.034772 8.291204 -3.122499 1211.720330 magnum 0.227623
ODOM -3.035256 8.291194 -3.120965 0.000000 0.000000 0.000000 1211.868617 magnum 0.343851
ODOM -3.035741 8.291184 -3.122499 0.000000 0.000000 0.000000 1211.990480 magnum 0.468158
FLASER 360 1.66 1.66 1.63 1.63 1.63 1.64 1.68 1.75 1.75 6.94 6.96 6.98 6.97 6.88 6.87 7.30 6.89 6.84 6.83 6.84 6.90 7.40 7.41 7.44 7.44 81.91 4.28 4.13 4.11 4.01 3.84 3.85 3.81 3.79 3.79 3.79 3.84 3.85 3.84 3.80 3.83 3.98 4.59 4.60 4.62 4.64 4.66 4.68 4.70 4.72 4.74 4.05 3.73 3.69 3.64 3.65 3.68 2.09 2.01 1.97 1.97 1.99 1.99 2.05 2.08 2.09 2.11 2.13 2.14 2.15 2.17 2.19 2.20 2.22 2.24 2.25 2.27 2.29 2.30 2.32 2.35 2.37 2.39 2.41 2.43 2.46 2.47 2.50 2.53 2.56 2.59 2.61 2.64 2.67 2.69 2.72 2.76 2.79 2.82 2.85 2.88 2.91 2.92 2.91 2.96 2.95 2.94 2.93 2.91 2.90 2.90 2.95 2.99 3.05 3.09 3.72 3.78 3.85 3.92 3.99 4.06 4.14 4.22 4.29 11.01 11.01 4.55 4.51 4.50 4.56 4.83 4.94 5.08 5.21 5.35 5.49 5.64 5.83 5.87 5.92 6.28 6.49 6.72 6.95 7.18 7.29 8.19 8.18 8.27 8.63 8.62 8.72 10.13 10.17 10.16 10.18 10.17 10.16 10.16 10.14 10.12 10.11 12.32 12.29 12.29 12.28 12.27 12.27 12.27 12.27 12.40 12.40 10.13 10.08 10.11 10.11 10.11 10.11 10.13 10.09 10.08 8.67 8.55 8.54 8.16 8.08 7.18 6.94 6.49 5.87 5.73 5.68 5.38 5.12 4.91 4.52 4.31 4.27 4.13 4.00 3.87 3.71 3.58 2.85 2.72 2.65 2.64 2.63 2.64 2.65 2.65 2.66 2.65 2.62 2.60 2.60 2.53 2.47 2.42 2.38 2.32 2.28 2.24 2.20 2.16 2.13 2.09 2.06 2.02 1.99 1.96 1.93 1.90 1.88 1.85 1.82 1.80 1.77 1.75 1.73 1.72 1.69 1.67 1.65 1.63 1.61 1.60 1.59 1.57 1.55 1.53 1.52 1.50 1.48 1.43 1.40 1.38 1.37 1.37 1.38 1.39 1.40 1.40 1.37 1.36 1.36 1.35 1.34 1.32 1.31 1.30 1.30 1.28 1.28 1.26 1.26 1.25 1.25 1.24 1.23 1.22 1.21 1.21 1.20 1.19 1.18 1.18 1.18 1.17 1.17 1.16 1.15 1.15 1.15 1.15 1.14 1.13 1.12 1.11 1.11 1.11 1.11 1.10 1.10 1.09 1.08 1.08 1.08 1.07 1.07 1.06 1.06 1.06 1.06 1.05 1.05 1.05 1.05 1.05 1.05 1.04 1.04 1.04 1.04 1.03 1.03 1.03 1.02 1.03 1.02 1.02 1.02 1.01 1.02 1.01 1.01 1.01 1.01 1.01 1.01 1.00 1.00 1.00 1.00 1.00 1.00 0.99 1.00 1.00 1.00 0.99 1.00 0.99 1.00 0.99 0.99 1.00 1.00 1.00 0.99 -2.995576 8.291973 -3.121952 -3.035569 8.291188 -3.121952 1211.940184 magnum 0.468274
ODOM -3.035741 8.291184 -3.122499 0.000000 0.000000 0.000000 1212.103229 magnum 0.580562
ODOM -3.035741 8.291184 -3.122499 0.000000 0.000000 0.000000 1212.223046 magnum 0.700054
FLASER 360 1.66 1.65 1.63 1.63 1.63 1.64 1.68 1.75 1.74 6.94 6.95 6.97 6.96 6.86 6.87 7.30 6.89 6.84 6.83 6.84 6.90 7.40 7.41 7.45 7.44 81.91 4.28 4.14 4.10 4.00 3.84 3.84 3.78 3.78 3.79 3.78 3.84 3.85 3.84 3.80 3.83 3.97 4.59 4.60 4.62 4.64 4.65 4.68 4.70 4.72 4.74 4.03 3.72 3.69 3.64 3.66 3.68 2.08 2.01 1.96 1.97 1.99 2.00 2.06 2.07 2.09 2.11 2.13 2.14 2.15 2.16 2.19 2.20 2.22 2.24 2.25 2.27 2.29 2.30 2.32 2.35 2.36 2.39 2.40 2.43 2.46 2.47 2.51 2.53 2.57 2.58 2.61 2.63 2.67 2.69 2.72 2.76 2.78 2.81 2.85 2.88 2.91 2.92 2.90 2.96 2.96 2.94 2.93 2.91 2.90 2.91 2.95 2.99 3.05 3.10 3.70 3.77 3.84 3.91 3.99 4.05 4.13 4.21 4.29 11.02 11.01 4.55 4.51 4.49 4.57 4.83 4.95 5.08 5.21 5.35 5.50 5.63 5.83 5.86 5.92 6.27 6.49 6.71 6.95 7.18 7.29 8.19 8.17 8.27 8.62 8.62 8.72 10.13 10.17 10.16 10.17 10.18 10.16 10.15 10.14 10.12 10.11 12.33 12.28 12.28 12.27 12.26 12.26 12.26 12.26 12.40 12.40 10.12 10.07 10.10 10.11 10.11 10.12 10.13 10.10 10.08 8.68 8.54 8.54 8.16 8.08 7.18 6.92 6.48 5.85 5.73 5.68 5.39 5.13 4.91 4.51 4.31 4.27 4.13 3.99 3.86 3.71 3.58 2.85 2.72 2.65 2.63 2.63 2.63 2.64 2.65 2.66 2.65 2.61 2.60 2.60 2.52 2.46 2.41 2.37 2.32 2.28 2.24 2.20 2.16 2.13 2.09 2.06 2.02 1.99 1.95 1.93 1.90 1.88 1.85 1.82 1.80 1.77 1.75 1.73 1.72 1.69 1.67 1.65 1.63 1.61 1.60 1.59 1.57 1.55 1.53 1.51 1.49 1.48 1.43 1.41 1.38 1.37 1.37 1.38 1.39 1.40 1.39 1.37 1.36 1.36 1.35 1.34 1.33 1.32 1.30 1.30 1.28 1.27 1.27 1.25 1.25 1.25 1.24 1.23 1.22 1.21 1.21 1.20 1.19 1.18 1.17 1.18 1.17 1.17 1.16 1.16 1.15 1.15 1.15 1.14 1.13 1.12 1.11 1.10 1.10 1.10 1.10 1.09 1.09 1.09 1.08 1.08 1.07 1.07 1.06 1.06 1.06 1.05 1.05 1.05 1.04 1.04 1.04 1.04 1.04 1.04 1.04 1.03 1.03 1.03 1.03 1.02 1.02 1.02 1.02 1.02 1.01 1.02 1.01 1.01 1.01 1.01 1.01 1.01 1.01 1.00 1.00 1.00 1.00 0.99 0.99 1.00 0.99 0.99 0.99 0.99 0.99 1.00 1.00 1.00 0.99 1.00 0.99 0.99 -2.995749 8.291948 -3.122499 -3.035741 8.291184 -3.122499 1212.150524 magnum 0.700156
ODOM -3.035741 8.291184 -3.122499 0.000000 0.000000 0.000000 1212.342587 magnum 0.825010
ODOM -3.035741 8.291184 -3.122499 0.000000 0.000000 0.000000 1212.468591 magnum 0.944123
FLASER 360 1.66 1.67 1.63 1.64 1.64 1.63 1.69 1.75 1.75 6.94 6.95 6.97 6.96 6.86 6.86 7.30 6.90 6.85 6.83 6.84 6.89 7.40 7.41 7.44 7.44 81.91 4.28 4.14 4.10 4.00 3.85 3.85 3.78 3.79 3.77 3.79 3.83 3.85 3.84 3.80 3.83 3.97 4.59 4.60 4.62 4.64 4.66 4.67 4.70 4.72 4.74 4.06 3.72 3.69 3.65 3.64 3.68 2.09 2.01 1.97 1.97 1.99 1.99 2.06 2.07 2.09 2.11 2.13 2.14 2.15 2.17 2.19 2.20 2.22 2.24 2.25 2.27 2.28 2.30 2.32 2.35 2.37 2.39 2.40 2.43 2.46 2.47 2.50 2.53 2.57 2.59 2.61 2.63 2.67 2.69 2.72 2.76 2.78 2.82 2.85 2.88 2.91 2.92 2.91 2.96 2.96 2.94 2.93 2.91 2.90 2.92 2.96 2.99 3.04 3.10 3.71 3.76 3.84 3.92 3.99 4.05 4.14 4.22 4.29 11.02 11.01 4.54 4.51 4.50 4.55 4.83 4.94 5.07 5.21 5.35 5.49 5.63 5.83 5.86 5.94 6.27 6.49 6.70 6.94 7.18 7.29 8.19 8.19 8.27 8.62 8.64 8.71 10.13 10.17 10.16 10.18 10.18 10.16 10.16 10.14 10.13 10.11 12.33 12.29 12.28 12.27 12.27 12.26 12.27 12.27 12.38 12.40 10.13 10.08 10.11 10.11 10.12 10.12 10.13 10.10 10.08 8.68 8.55 8.54 8.16 8.08 7.18 6.93 6.50 5.89 5.72 5.68 5.40 5.14 4.92 4.53 4.31 4.28 4.13 3.99 3.87 3.71 3.59 2.85 2.73 2.65 2.63 2.63 2.64 2.64 2.65 2.66 2.66 2.61 2.60 2.60 2.53 2.47 2.43 2.39 2.32 2.28 2.24 2.20 2.16 2.13 2.10 2.06 2.02 1.99 1.97 1.93 1.90 1.88 1.85 1.82 1.80 1.78 1.75 1.73 1.72 1.70 1.67 1.65 1.63 1.61 1.60 1.59 1.57 1.55 1.53 1.52 1.51 1.49 1.44 1.41 1.38 1.37 1.37 1.38 1.39 1.40 1.40 1.38 1.36 1.36 1.35 1.34 1.33 1.32 1.30 1.30 1.29 1.27 1.27 1.26 1.25 1.25 1.24 1.23 1.22 1.21 1.21 1.20 1.19 1.18 1.17 1.18 1.17 1.17 1.16 1.16 1.15 1.15 1.15 1.14 1.13 1.12 1.11 1.11 1.11 1.11 1.10 1.10 1.09 1.09 1.08 1.08 1.07 1.07 1.06 1.06 1.06 1.06 1.05 1.05 1.05 1.05 1.05 1.04 1.05 1.05 1.04 1.04 1.03 1.03 1.03 1.02 1.02 1.02 1.02 1.02 1.02 1.02 1.02 1.01 1.01 1.01 1.01 1.01 1.01 1.00 1.00 1.00 1.00 1.00 0.99 1.00 0.99 0.99 1.00 0.99 0.99 1.00 0.99 1.00 1.00 1.00 1.00 1.00 -2.995749 8.291948 -3.122499 -3.035741 8.291184 -3.122499 1212.370505 magnum 0.944296
ODOM -3.035741 8.291184 -3.122499 0.000000 0.000000 0.000000 1212.589663 magnum 1.086389
FLASER 360 1.66 1.65 1.63 1.63 1.63 1.64 1.67 1.75 1.75 6.94 6.96 6.98 6.97 6.85 6.86 7.30 6.90 6.84 6.83 6.84 6.89 7.40 7.41 7.45 7.45 81.91 4.28 4.14 4.11 4.01 3.84 3.85 3.80 3.78 3.78 3.79 3.84 3.85 3.85 3.80 3.83 3.97 4.59 4.60 4.62 4.65 4.66 4.68 4.70 4.72 4.74 4.04 3.73 3.69 3.65 3.65 3.68 2.10 2.01 1.97 1.97 1.99 1.99 2.06 2.08 2.09 2.11 2.12 2.14 2.15 2.16 2.19 2.20 2.22 2.24 2.25 2.27 2.29 2.30 2.32 2.35 2.37 2.39 2.41 2.43 2.46 2.47 2.50 2.53 2.56 2.59 2.61 2.64 2.67 2.69 2.72 2.76 2.78 2.82 2.85 2.88 2.91 2.92 2.91 2.95 2.96 2.94 2.93 2.91 2.90 2.91 2.95 2.99 3.04 3.09 3.70 3.77 3.85 3.91 3.99 4.05 4.13 4.21 4.29 11.01 11.01 4.54 4.52 4.49 4.55 4.82 4.94 5.07 5.21 5.35 5.49 5.62 5.83 5.87 5.91 6.27 6.49 6.69 6.94 7.18 7.28 8.19 8.18 8.26 8.62 8.63 8.71 10.13 10.17 10.16 10.17 10.18 10.16 10.16 10.14 10.13 10.11 12.33 12.29 12.29 12.28 12.28 12.27 12.27 12.27 12.39 12.40 10.13 10.08 10.11 10.11 10.11 10.12 10.13 10.10 10.09 8.68 8.56 8.54 8.16 8.08 7.18 6.93 6.50 5.89 5.73 5.68 5.40 5.13 4.92 4.53 4.31 4.26 4.14 4.00 3.87 3.72 3.58 2.85 2.72 2.65 2.63 2.63 2.64 2.65 2.65 2.66 2.65 2.61 2.60 2.60 2.53 2.47 2.42 2.39 2.32 2.28 2.24 2.20 2.16 2.13 2.10 2.06 2.02 1.99 1.97 1.93 1.90 1.88 1.85 1.82 1.80 1.78 1.75 1.73 1.72 1.70 1.67 1.65 1.63 1.61 1.60 1.59 1.57 1.55 1.53 1.51 1.51 1.48 1.44 1.40 1.38 1.37 1.37 1.39 1.39 1.40 1.40 1.38 1.36 1.35 1.35 1.34 1.32 1.31 1.30 1.29 1.28 1.27 1.26 1.26 1.25 1.25 1.24 1.23 1.22 1.22 1.21 1.20 1.19 1.18 1.18 1.18 1.17 1.17 1.16 1.16 1.15 1.15 1.15 1.14 1.13 1.12 1.11 1.11 1.11 1.11 1.10 1.10 1.09 1.09 1.08 1.07 1.07 1.07 1.07 1.07 1.06 1.06 1.05 1.05 1.05 1.05 1.05 1.05 1.05 1.04 1.04 1.03 1.03 1.03 1.03 1.02 1.02 1.02 1.02 1.02 1.02 1.02 1.01 1.01 1.01 1.01 1.01 1.01 1.00 1.00 1.00 1.00 1.00 1.00 1.00 1.00 1.00 1.00 0.99 1.00 1.01 1.00 0.99 0.99 0.99 1.00 1.00 0.99 -2.995749 8.291948 -3.122499 -3.035741 8.291184 -3.122499 1212.580210 magnum 1.086488
ODOM -3.035741 8.291184 -3.122499 0.000000 0.000000 0.000000 1212.703116 magnum 1.180079
ODOM -3.035741 8.291184 -3.122499 0.000000 0.000000 0.000000 1212.809392 magnum 1.292062
FLASER 360 1.65 1.66 1.63 1.63 1.63 1.64 1.67 1.76 1.75 6.94 6.96 6.98 6.96 6.86 6.86 7.30 6.90 6.85 6.83 6.85 6.90 7.41 7.41 7.44 7.45 81.91 4.28 4.14 4.11 4.01 3.84 3.85 3.78 3.79 3.78 3.79 3.84 3.85 3.83 3.80 3.83 3.97 4.59 4.60 4.62 4.64 4.66 4.68 4.70 4.72 4.74 4.04 3.73 3.70 3.64 3.65 3.68 2.09 2.01 1.97 1.97 1.99 1.99 2.06 2.08 2.09 2.11 2.13 2.14 2.15 2.17 2.18 2.20 2.22 2.24 2.25 2.27 2.29 2.30 2.32 2.35 2.37 2.39 2.41 2.42 2.46 2.47 2.50 2.53 2.56 2.59 2.61 2.63 2.67 2.70 2.72 2.76 2.78 2.82 2.85 2.88 2.92 2.92 2.91 2.96 2.96 2.94 2.93 2.91 2.90 2.91 2.95 2.99 3.04 3.09 3.71 3.77 3.85 3.92 3.98 4.05 4.13 4.21 4.29 11.03 11.01 4.54 4.51 4.49 4.55 4.82 4.94 5.07 5.21 5.35 5.49 5.63 5.83 5.87 5.91 6.27 6.49 6.70 6.94 7.18 7.29 8.20 8.18 8.26 8.62 8.64 8.71 10.13 10.17 10.16 10.18 10.17 10.16 10.16 10.15 10.12 10.10 12.32 12.29 12.29 12.28 12.28 12.27 12.27 12.28 12.39 12.41 10.12 10.08 10.10 10.11 10.11 10.12 10.12 10.10 10.09 8.68 8.55 8.54 8.16 8.09 7.18 6.93 6.51 5.88 5.73 5.68 5.40 5.13 4.92 4.53 4.31 4.27 4.14 4.00 3.87 3.72 3.59 2.85 2.73 2.65 2.64 2.63 2.64 2.65 2.65 2.66 2.66 2.61 2.60 2.60 2.53 2.47 2.42 2.38 2.32 2.28 2.24 2.20 2.16 2.13 2.09 2.06 2.02 1.99 1.96 1.93 1.90 1.88 1.85 1.82 1.80 1.78 1.75 1.74 1.72 1.69 1.67 1.65 1.63 1.61 1.60 1.59 1.57 1.55 1.53 1.52 1.50 1.49 1.44 1.41 1.38 1.37 1.37 1.38 1.39 1.40 1.40 1.39 1.36 1.36 1.35 1.34 1.33 1.32 1.30 1.29 1.29 1.28 1.26 1.26 1.26 1.25 1.24 1.23 1.22 1.22 1.21 1.20 1.19 1.19 1.18 1.18 1.17 1.17 1.16 1.16 1.15 1.15 1.14 1.14 1.13 1.12 1.11 1.11 1.11 1.11 1.10 1.09 1.09 1.09 1.08 1.08 1.07 1.06 1.06 1.06 1.06 1.06 1.05 1.05 1.05 1.05 1.05 1.05 1.04 1.05 1.04 1.03 1.03 1.03 1.03 1.02 1.02 1.02 1.02 1.01 1.02 1.02 1.02 1.01 1.01 1.01 1.01 1.01 1.00 1.00 1.00 1.00 1.00 1.00 1.00 0.99 1.00 1.00 1.00 1.00 1.00 1.00 0.99 1.00 0.99 1.00 0.99 0.99 -2.995749 8.291948 -3.122499 -3.035741 8.291184 -3.122499 1212.791395 magnum 1.292177
ODOM -3.036226 8.291175 -3.122499 0.000000 0.000000 0.000000 1212.922545 magnum 1.402245
ODOM -3.036711 8.291166 -3.122499 0.000000 0.000000 0.000000 1213.029328 magnum 1.622828
ODOM -3.036711 8.291166 -3.122499 0.000000 0.000000 0.000000 1213.142750 magnum 1.622958
FLASER 360 1.66 1.66 1.63 1.63 1.63 1.64 1.67 1.75 1.74 6.94 6.96 6.98 6.96 6.87 6.85 7.30 6.91 6.85 6.83 6.84 6.90 7.40 7.42 7.44 7.46 81.91 4.29 4.16 4.11 4.03 3.85 3.85 3.78 3.78 3.79 3.79 3.84 3.84 3.84 3.81 3.83 3.97 4.59 4.60 4.62 4.64 4.66 4.68 4.70 4.72 4.74 4.10 3.74 3.70 3.65 3.65 3.68 2.06 2.02 1.97 1.97 1.99 1.99 2.06 2.08 2.09 2.11 2.12 2.14 2.16 2.16 2.18 2.20 2.22 2.24 2.25 2.27 2.29 2.30 2.32 2.35 2.37 2.39 2.41 2.43 2.45 2.49 2.50 2.53 2.56 2.59 2.61 2.63 2.66 2.70 2.72 2.76 2.79 2.82 2.85 2.88 2.92 2.92 2.91 2.95 2.96 2.94 2.93 2.91 2.90 2.90 2.95 2.99 3.04 3.09 3.71 3.78 3.85 3.91 3.98 4.04 4.13 4.21 4.28 11.02 11.01 4.55 4.52 4.51 4.54 4.82 4.93 5.07 5.21 5.34 5.48 5.62 5.81 5.87 5.91 6.27 6.48 6.70 6.94 7.19 7.29 8.20 8.19 8.26 8.63 8.65 8.70 8.86 10.17 10.16 10.18 10.18 10.17 10.16 10.15 10.13 10.10 12.34 12.30 12.29 12.28 12.28 12.27 12.27 12.27 12.39 12.41 10.13 10.08 10.11 10.11 10.11 10.12 10.13 10.10 10.09 8.69 8.55 8.55 8.16 8.09 7.19 6.96 6.51 5.92 5.74 5.70 5.43 5.14 4.92 4.56 4.32 4.29 4.14 4.00 3.87 3.72 3.60 2.85 2.73 2.66 2.63 2.63 2.64 2.65 2.66 2.66 2.67 2.61 2.60 2.60 2.53 2.47 2.42 2.39 2.32 2.28 2.24 2.20 2.17 2.13 2.09 2.06 2.02 1.99 1.97 1.94 1.90 1.88 1.85 1.83 1.80 1.78 1.75 1.74 1.72 1.69 1.68 1.65 1.63 1.62 1.60 1.59 1.57 1.55 1.53 1.52 1.50 1.48 1.44 1.40 1.38 1.37 1.37 1.39 1.39 1.40 1.40 1.37 1.36 1.35 1.34 1.34 1.33 1.32 1.30 1.29 1.28 1.27 1.26 1.26 1.26 1.25 1.24 1.23 1.22 1.21 1.21 1.20 1.19 1.18 1.18 1.18 1.17 1.18 1.16 1.16 1.15 1.15 1.15 1.14 1.13 1.12 1.11 1.11 1.11 1.11 1.10 1.10 1.09 1.09 1.08 1.07 1.07 1.07 1.06 1.06 1.06 1.06 1.06 1.06 1.06 1.05 1.05 1.05 1.06 1.05 1.04 1.03 1.03 1.03 1.03 1.02 1.02 1.02 1.02 1.02 1.02 1.02 1.01 1.01 1.01 1.01 1.01 1.01 1.00 1.00 1.00 1.00 1.00 1.00 0.99 0.99 1.00 1.00 0.99 0.99 1.00 1.00 0.99 0.99 0.99 0.99 0.99 0.99 -2.996635 8.291931 -3.122499 -3.036628 8.291167 -3.122499 1213.010582 magnum 1.623036
ODOM -3.036711 8.291166 -3.122499 0.000000 0.000000 0.000000 1213.250122 magnum 1.726223
FLASER 360 1.67 1.67 1.63 1.63 1.63 1.64 1.67 1.75 1.74 6.94 6.96 6.98 6.96 6.85 6.86 7.30 6.91 6.85 6.83 6.85 6.90 7.41 7.41 7.44 7.44 81.91 4.29 4.14 4.10 4.01 3.85 3.85 3.80 3.79 3.79 3.78 3.83 3.85 3.84 3.80 3.83 3.97 4.59 4.61 4.62 4.64 4.66 4.68 4.70 4.73 4.74 4.05 3.73 3.69 3.66 3.66 3.68 2.10 2.01 1.98 1.97 1.98 2.00 2.05 2.08 2.09 2.11 2.13 2.15 2.16 2.16 2.18 2.20 2.22 2.24 2.25 2.27 2.28 2.31 2.32 2.34 2.36 2.39 2.40 2.43 2.45 2.49 2.50 2.53 2.56 2.59 2.62 2.63 2.67 2.70 2.72 2.76 2.78 2.82 2.85 2.88 2.92 2.92 2.91 2.95 2.96 2.95 2.93 2.91 2.90 2.90 2.95 2.99 3.05 3.09 3.70 3.77 3.85 3.91 3.99 4.06 4.13 4.22 4.29 11.03 11.00 4.55 4.52 4.50 4.55 4.82 4.95 5.07 5.21 5.34 5.49 5.62 5.83 5.87 5.92 6.27 6.48 6.69 6.95 7.19 7.29 8.20 8.18 8.26 8.62 8.64 8.71 10.13 10.17 10.17 10.18 10.18 10.16 10.16 10.15 10.12 10.10 12.33 12.29 12.29 12.28 12.27 12.27 12.26 12.27 12.40 12.41 10.13 10.08 10.10 10.11 10.11 10.12 10.13 10.10 10.09 8.68 8.56 8.54 8.16 8.10 7.19 6.93 6.50 5.89 5.74 5.69 5.41 5.14 4.92 4.55 4.32 4.28 4.14 4.00 3.87 3.72 3.60 2.85 2.73 2.65 2.63 2.63 2.64 2.65 2.66 2.67 2.66 2.61 2.60 2.60 2.53 2.47 2.42 2.38 2.32 2.28 2.24 2.20 2.17 2.13 2.09 2.06 2.03 1.99 1.97 1.93 1.90 1.88 1.85 1.83 1.80 1.77 1.75 1.74 1.71 1.70 1.67 1.65 1.63 1.62 1.60 1.59 1.57 1.55 1.53 1.52 1.50 1.48 1.44 1.41 1.38 1.37 1.37 1.39 1.39 1.40 1.39 1.38 1.36 1.36 1.35 1.34 1.33 1.32 1.30 1.29 1.28 1.27 1.27 1.27 1.26 1.25 1.24 1.23 1.22 1.21 1.21 1.20 1.19 1.18 1.18 1.18 1.17 1.18 1.16 1.16 1.15 1.15 1.15 1.15 1.14 1.12 1.12 1.11 1.11 1.11 1.10 1.09 1.09 1.08 1.08 1.07 1.07 1.07 1.06 1.06 1.06 1.06 1.06 1.06 1.05 1.05 1.05 1.05 1.05 1.05 1.04 1.04 1.03 1.03 1.03 1.02 1.02 1.02 1.02 1.02 1.02 1.01 1.02 1.01 1.01 1.01 1.01 1.01 1.01 1.00 1.00 1.00 1.00 1.00 1.00 1.01 1.00 1.00 0.99 0.99 0.99 1.01 1.00 1.00 1.00 1.01 1.00 1.01 -2.996718 8.291930 -3.122499 -3.036711 8.291166 -3.122499 1213.220243 magnum 1.726499
ODOM -3.036711 8.291166 -3.120965 0.000000 0.000000 0.000000 1213.368650 magnum 1.844233
ODOM -3.036711 8.291166 -3.120965 0.000000 0.000000 0.000000 1213.482635 magnum 1.960671
FLASER 360 1.67 1.67 1.64 1.63 1.63 1.64 1.68 1.75 1.75 6.94 6.96 6.98 6.98 6.87 6.87 7.31 6.90 6.85 6.83 6.86 6.91 7.41 7.42 7.45 7.45 81.91 4.28 4.14 4.11 4.01 3.84 3.85 3.80 3.79 3.79 3.80 3.84 3.85 3.84 3.82 3.83 3.98 4.59 4.61 4.62 4.64 4.67 4.68 4.70 4.73 4.74 4.04 3.73 3.69 3.66 3.66 3.68 2.10 2.01 1.99 1.98 1.99 2.00 2.06 2.08 2.09 2.11 2.13 2.15 2.16 2.17 2.19 2.20 2.22 2.24 2.25 2.27 2.29 2.31 2.32 2.35 2.38 2.39 2.41 2.43 2.46 2.49 2.51 2.53 2.56 2.59 2.62 2.64 2.67 2.70 2.73 2.76 2.79 2.82 2.85 2.89 2.93 2.92 2.91 2.95 2.97 2.96 2.94 2.92 2.91 2.92 2.95 3.00 3.06 3.10 3.72 3.78 3.86 3.92 3.99 4.06 4.14 4.21 4.29 11.03 11.02 4.55 4.51 4.51 4.56 4.83 4.96 5.08 5.20 5.35 5.49 5.63 5.83 5.87 5.94 6.29 6.49 6.71 6.96 7.20 7.30 8.20 8.19 8.27 8.64 8.64 8.72 10.13 10.17 10.17 10.18 10.18 10.17 10.17 10.15 10.13 10.11 12.33 12.29 12.29 12.28 12.28 12.27 12.26 12.28 12.40 12.41 10.12 10.08 10.11 10.11 10.11 10.12 10.12 10.10 10.09 8.68 8.56 8.54 8.16 8.10 7.18 6.92 6.49 5.87 5.74 5.69 5.39 5.13 4.91 4.51 4.32 4.28 4.14 4.00 3.86 3.71 3.59 2.85 2.74 2.66 2.64 2.63 2.64 2.65 2.66 2.67 2.67 2.61 2.60 2.60 2.52 2.49 2.43 2.39 2.33 2.29 2.25 2.21 2.17 2.13 2.10 2.07 2.03 2.00 1.97 1.94 1.90 1.88 1.85 1.83 1.80 1.79 1.76 1.74 1.72 1.69 1.67 1.65 1.63 1.62 1.60 1.59 1.57 1.55 1.53 1.52 1.51 1.49 1.44 1.40 1.39 1.37 1.37 1.39 1.39 1.40 1.40 1.38 1.36 1.35 1.35 1.33 1.33 1.32 1.30 1.29 1.29 1.27 1.27 1.27 1.26 1.25 1.24 1.23 1.22 1.21 1.21 1.20 1.19 1.18 1.18 1.18 1.17 1.17 1.16 1.16 1.15 1.15 1.15 1.14 1.13 1.12 1.12 1.11 1.11 1.11 1.10 1.10 1.09 1.09 1.08 1.08 1.07 1.07 1.06 1.06 1.06 1.06 1.06 1.05 1.05 1.05 1.05 1.05 1.05 1.05 1.04 1.04 1.03 1.03 1.02 1.02 1.02 1.02 1.02 1.02 1.02 1.02 1.02 1.01 1.01 1.01 1.01 1.01 1.01 1.00 1.00 1.00 1.00 1.00 1.00 1.01 1.00 1.00 1.01 1.00 1.00 1.01 1.00 1.00 1.01 1.01 1.00 1.01 -2.996720 8.291991 -3.120965 -3.036711 8.291166 -3.120965 1213.430620 magnum 1.960789
ODOM -3.036711 8.291166 -3.120965 0.000000 0.000000 0.000000 1213.603178 magnum 2.080336
ODOM -3.036711 8.291166 -3.120965 0.000000 0.000000 0.000000 1213.723093 magnum 2.201117
FLASER 360 1.66 1.66 1.63 1.63 1.63 1.64 1.67 1.75 1.74 6.94 6.96 6.97 6.98 6.90 6.87 7.31 6.90 6.85 6.83 6.86 6.91 7.41 7.42 7.44 7.44 81.91 4.28 4.13 4.11 4.01 3.84 3.85 3.80 3.79 3.79 3.79 3.84 3.85 3.85 3.80 3.83 3.98 4.59 4.61 4.62 4.64 4.67 4.68 4.70 4.73 4.74 4.04 3.74 3.69 3.65 3.65 3.68 2.10 2.01 1.98 1.97 1.99 2.00 2.07 2.08 2.09 2.11 2.13 2.15 2.16 2.17 2.19 2.20 2.23 2.24 2.25 2.27 2.29 2.31 2.32 2.35 2.37 2.39 2.41 2.43 2.46 2.49 2.51 2.53 2.56 2.59 2.62 2.63 2.67 2.70 2.72 2.76 2.78 2.83 2.85 2.88 2.93 2.92 2.91 2.96 2.96 2.95 2.93 2.91 2.90 2.91 2.95 2.99 3.05 3.09 3.72 3.78 3.86 3.92 3.99 4.05 4.14 4.22 4.29 11.04 11.01 4.54 4.51 4.50 4.57 4.84 4.95 5.08 5.22 5.35 5.49 5.65 5.84 5.87 5.93 6.29 6.50 6.72 6.96 7.20 7.30 8.20 8.18 8.28 8.63 8.63 8.74 10.13 10.17 10.17 10.17 10.18 10.17 10.16 10.15 10.13 10.11 12.33 12.30 12.29 12.28 12.28 12.27 12.26 12.28 12.42 12.41 10.13 10.08 10.11 10.11 10.11 10.12 10.13 10.10 10.10 8.68 8.55 8.54 8.15 8.09 7.18 6.90 6.46 5.83 5.73 5.69 5.38 5.12 4.91 4.48 4.32 4.27 4.13 3.99 3.86 3.71 3.55 2.85 2.73 2.66 2.63 2.63 2.64 2.65 2.66 2.67 2.66 2.61 2.60 2.60 2.52 2.47 2.42 2.37 2.32 2.28 2.24 2.20 2.17 2.13 2.10 2.06 2.03 1.99 1.97 1.93 1.90 1.88 1.85 1.82 1.80 1.78 1.75 1.74 1.71 1.69 1.67 1.65 1.63 1.62 1.60 1.59 1.57 1.55 1.53 1.52 1.51 1.48 1.44 1.40 1.38 1.37 1.37 1.39 1.39 1.40 1.39 1.37 1.36 1.35 1.35 1.33 1.33 1.32 1.30 1.29 1.28 1.27 1.27 1.26 1.26 1.25 1.24 1.23 1.22 1.22 1.21 1.20 1.19 1.18 1.18 1.18 1.17 1.16 1.16 1.15 1.15 1.15 1.15 1.14 1.13 1.12 1.12 1.12 1.11 1.11 1.10 1.09 1.09 1.08 1.08 1.07 1.07 1.07 1.06 1.06 1.06 1.06 1.06 1.06 1.05 1.05 1.05 1.05 1.04 1.05 1.04 1.04 1.04 1.03 1.03 1.03 1.02 1.02 1.02 1.02 1.02 1.02 1.02 1.01 1.01 1.01 1.01 1.01 1.01 1.00 1.00 1.00 1.00 1.00 1.00 1.01 1.00 1.00 0.99 1.00 1.00 1.00 1.00 1.00 1.00 1.00 1.00 1.00 -2.996720 8.291991 -3.120965 -3.036711 8.291166 -3.120965 1213.650588 magnum 2.201228
ODOM -3.036711 8.291166 -3.120965 0.000000 0.000000 0.000000 1213.843243 magnum 2.320470
ODOM -3.037196 8.291156 -3.120965 0.000000 0.000000 0.000000 1213.968602 magnum 2.444205
FLASER 360 1.67 1.66 1.63 1.63 1.63 1.64 1.67 1.75 1.74 6.94 6.97 6.98 6.98 6.90 6.88 7.31 6.90 6.85 6.83 6.86 6.91 7.41 7.41 7.44 7.44 81.91 4.28 4.14 4.11 4.00 3.84 3.85 3.80 3.81 3.79 3.79 3.84 3.85 3.84 3.80 3.83 3.98 4.59 4.61 4.62 4.65 4.66 4.68 4.71 4.73 4.74 4.02 3.73 3.69 3.65 3.65 3.68 2.09 2.01 1.97 1.97 1.99 2.00 2.06 2.08 2.09 2.11 2.13 2.15 2.16 2.17 2.19 2.20 2.22 2.24 2.25 2.27 2.29 2.31 2.32 2.35 2.37 2.39 2.41 2.43 2.46 2.49 2.51 2.53 2.57 2.59 2.62 2.64 2.67 2.70 2.72 2.76 2.79 2.82 2.85 2.89 2.93 2.92 2.91 2.96 2.96 2.95 2.93 2.91 2.90 2.91 2.96 2.99 3.05 3.10 3.71 3.78 3.85 3.92 3.99 4.06 4.14 4.22 4.30 11.02 11.02 4.54 4.51 4.50 4.57 4.84 4.96 5.08 5.22 5.36 5.50 5.64 5.84 5.87 5.95 6.29 6.50 6.73 6.96 7.20 7.29 8.20 8.18 8.28 8.62 8.63 8.73 10.13 10.18 10.17 10.17 10.18 10.16 10.16 10.15 10.12 10.11 12.33 12.30 12.29 12.28 12.28 12.27 12.26 12.27 12.42 12.41 10.13 10.08 10.11 10.11 10.11 10.12 10.13 10.10 10.09 8.67 8.56 8.54 8.15 8.09 7.18 6.89 6.47 5.83 5.74 5.68 5.37 5.13 4.91 4.48 4.32 4.27 4.13 3.99 3.86 3.71 3.53 2.84 2.73 2.66 2.63 2.64 2.64 2.66 2.66 2.67 2.66 2.61 2.60 2.60 2.52 2.46 2.41 2.38 2.32 2.28 2.24 2.20 2.17 2.13 2.10 2.06 2.03 1.99 1.96 1.93 1.90 1.88 1.84 1.82 1.80 1.77 1.75 1.74 1.72 1.69 1.67 1.65 1.63 1.62 1.60 1.58 1.57 1.55 1.53 1.52 1.50 1.49 1.44 1.40 1.38 1.37 1.37 1.38 1.40 1.41 1.39 1.37 1.36 1.36 1.34 1.34 1.33 1.31 1.30 1.29 1.28 1.27 1.27 1.27 1.25 1.25 1.24 1.23 1.22 1.21 1.21 1.20 1.19 1.18 1.18 1.18 1.17 1.17 1.16 1.16 1.15 1.15 1.15 1.14 1.13 1.12 1.12 1.11 1.11 1.11 1.11 1.10 1.09 1.08 1.08 1.08 1.07 1.07 1.06 1.06 1.06 1.06 1.06 1.06 1.05 1.05 1.05 1.05 1.04 1.05 1.04 1.04 1.03 1.03 1.03 1.02 1.02 1.02 1.02 1.02 1.02 1.02 1.01 1.01 1.01 1.01 1.01 1.01 1.01 1.00 1.00 1.00 1.00 1.00 1.00 1.01 1.00 1.00 0.99 0.99 1.00 1.01 1.00 1.00 1.01 1.01 1.00 1.00 -2.996786 8.291990 -3.120965 -3.036778 8.291164 -3.120965 1213.860665 magnum 2.444325
ODOM -3.037196 8.291156 -3.122499 0.000000 0.000000 0.000000 1214.089356 magnum 2.567962
FLASER 360 1.66 1.67 1.63 1.63 1.63 1.64 1.68 1.75 1.74 6.94 6.97 6.98 6.98 6.91 6.87 7.31 6.89 6.84 6.83 6.85 6.91 7.41 7.41 7.45 7.44 81.91 4.28 4.13 4.11 4.01 3.84 3.85 3.78 3.79 3.79 3.79 3.84 3.85 3.84 3.80 3.84 3.99 4.59 4.61 4.62 4.64 4.67 4.68 4.70 4.73 4.75 4.04 3.73 3.69 3.64 3.65 3.68 2.09 2.01 1.97 1.97 1.98 2.00 2.06 2.08 2.09 2.11 2.13 2.15 2.16 2.18 2.19 2.20 2.22 2.24 2.25 2.27 2.29 2.31 2.32 2.35 2.37 2.39 2.41 2.43 2.46 2.49 2.51 2.53 2.57 2.59 2.62 2.64 2.67 2.70 2.73 2.76 2.79 2.82 2.85 2.89 2.93 2.92 2.90 2.96 2.96 2.95 2.93 2.91 2.90 2.91 2.96 3.00 3.05 3.09 3.72 3.79 3.86 3.92 3.99 4.06 4.14 4.22 4.29 11.03 11.01 4.54 4.51 4.51 4.58 4.85 4.96 5.09 5.22 5.35 5.50 5.65 5.84 5.87 5.97 6.30 6.51 6.73 6.97 7.20 7.29 8.20 8.18 8.29 8.63 8.63 8.74 10.14 10.18 10.17 10.18 10.18 10.17 10.16 10.15 10.12 10.10 12.33 12.30 12.29 12.28 12.27 12.27 12.26 12.28 12.43 12.41 10.14 10.08 10.10 10.11 10.11 10.12 10.13 10.11 10.10 8.66 8.55 8.54 8.15 8.09 7.18 6.88 6.46 5.82 5.74 5.69 5.37 5.10 4.90 4.45 4.32 4.27 4.13 3.99 3.86 3.71 3.48 2.84 2.72 2.66 2.63 2.64 2.65 2.65 2.66 2.67 2.66 2.61 2.60 2.60 2.52 2.46 2.41 2.37 2.32 2.28 2.24 2.20 2.17 2.13 2.09 2.06 2.03 1.99 1.96 1.93 1.91 1.88 1.84 1.82 1.80 1.78 1.75 1.73 1.71 1.70 1.67 1.64 1.64 1.62 1.60 1.59 1.56 1.55 1.53 1.52 1.51 1.48 1.44 1.40 1.38 1.37 1.37 1.38 1.40 1.40 1.40 1.37 1.36 1.35 1.34 1.34 1.33 1.32 1.30 1.30 1.28 1.27 1.27 1.26 1.26 1.25 1.24 1.23 1.22 1.21 1.21 1.20 1.19 1.19 1.19 1.19 1.18 1.17 1.16 1.15 1.15 1.15 1.15 1.14 1.13 1.12 1.12 1.11 1.11 1.11 1.10 1.09 1.09 1.09 1.08 1.08 1.07 1.07 1.06 1.06 1.06 1.06 1.06 1.06 1.05 1.05 1.05 1.05 1.04 1.04 1.04 1.03 1.03 1.03 1.03 1.02 1.02 1.02 1.02 1.02 1.02 1.02 1.01 1.01 1.01 1.01 1.01 1.00 1.01 1.00 1.00 1.00 1.00 1.00 1.00 1.01 1.00 1.00 0.99 0.99 1.00 1.00 1.00 1.00 1.01 1.01 1.01 1.00 -2.997204 8.291929 -3.122258 -3.037196 8.291156 -3.122258 1214.070707 magnum 2.568064
ODOM -3.037196 8.291156 -3.122499 0.000000 0.000000 0.000000 1214.203152 magnum 2.681839
ODOM -3.037196 8.291156 -3.122499 0.000000 0.000000 0.000000 1214.309310 magnum 2.799187
FLASER 360 1.66 1.67 1.63 1.63 1.63 1.64 1.68 1.75 1.74 6.94 6.96 6.98 6.97 6.87 6.85 7.30 6.91 6.86 6.83 6.85 6.90 7.41 7.42 7.44 7.46 81.91 4.28 4.14 4.11 4.01 3.85 3.86 3.80 3.78 3.79 3.80 3.83 3.85 3.82 3.80 3.83 3.97 4.59 4.61 4.62 4.64 4.66 4.67 4.70 4.73 4.74 4.10 3.74 3.70 3.65 3.66 3.68 2.06 2.02 1.98 1.97 1.98 2.00 2.05 2.08 2.09 2.11 2.13 2.14 2.16 2.17 2.18 2.20 2.22 2.24 2.25 2.27 2.28 2.31 2.32 2.35 2.37 2.39 2.41 2.43 2.46 2.49 2.51 2.53 2.56 2.59 2.62 2.63 2.67 2.70 2.72 2.76 2.78 2.82 2.85 2.88 2.93 2.92 2.91 2.95 2.96 2.95 2.93 2.91 2.90 2.91 2.95 3.00 3.05 3.09 3.70 3.78 3.84 3.90 3.98 4.05 4.12 4.21 4.28 11.03 11.01 4.53 4.52 4.51 4.55 4.83 4.95 5.07 5.19 5.34 5.48 5.62 5.82 5.87 5.91 6.27 6.49 6.69 6.95 7.19 7.29 8.20 8.19 8.26 8.63 8.64 8.71 8.88 10.18 10.17 10.18 10.18 10.17 10.17 10.15 10.12 10.10 12.33 12.30 12.30 12.28 12.27 12.27 12.27 12.27 12.39 12.41 10.13 10.08 10.11 10.11 10.11 10.12 10.13 10.10 10.09 8.68 8.55 8.55 8.16 8.09 7.18 6.93 6.50 5.91 5.74 5.69 5.41 5.14 4.92 4.56 4.32 4.28 4.14 4.00 3.87 3.72 3.59 2.85 2.74 2.65 2.64 2.64 2.65 2.65 2.66 2.67 2.66 2.61 2.60 2.60 2.53 2.47 2.42 2.38 2.32 2.28 2.24 2.20 2.17 2.13 2.09 2.06 2.03 1.99 1.96 1.93 1.91 1.88 1.85 1.83 1.80 1.78 1.75 1.74 1.72 1.69 1.67 1.65 1.64 1.62 1.60 1.59 1.57 1.55 1.53 1.52 1.51 1.48 1.45 1.40 1.38 1.37 1.37 1.39 1.39 1.40 1.40 1.37 1.36 1.36 1.34 1.34 1.33 1.32 1.30 1.30 1.28 1.27 1.27 1.27 1.25 1.25 1.23 1.23 1.22 1.22 1.21 1.20 1.19 1.19 1.19 1.19 1.18 1.17 1.16 1.16 1.15 1.15 1.14 1.14 1.13 1.12 1.12 1.12 1.11 1.11 1.10 1.10 1.09 1.08 1.08 1.08 1.07 1.07 1.06 1.06 1.06 1.06 1.06 1.06 1.05 1.05 1.05 1.05 1.04 1.05 1.04 1.03 1.03 1.03 1.03 1.03 1.02 1.02 1.02 1.02 1.01 1.02 1.01 1.01 1.02 1.01 1.01 1.01 1.01 1.00 1.00 1.00 1.00 1.00 1.00 1.01 1.00 1.00 0.99 1.00 1.00 1.01 1.00 1.00 1.00 1.00 1.00 1.00 -2.997203 8.291920 -3.122499 -3.037196 8.291156 -3.122499 1214.290221 magnum 2.799307
ODOM -3.037196 8.291156 -3.122499 0.000000 0.000000 0.000000 1214.423074 magnum 2.898909
ODOM -3.037196 8.291156 -3.122499 0.000000 0.000000 0.000000 1214.530613 magnum 3.006519
FLASER 360 1.67 1.67 1.63 1.63 1.63 1.64 1.69 1.75 1.74 6.94 6.96 6.97 6.98 6.86 6.86 7.30 6.91 6.86 6.83 6.85 6.91 7.41 7.42 7.44 7.46 81.91 4.29 4.15 4.11 4.01 3.84 3.86 3.81 3.78 3.79 3.80 3.83 3.85 3.83 3.80 3.84 3.97 4.59 4.61 4.62 4.64 4.66 4.68 4.70 4.73 4.74 4.09 3.74 3.69 3.64 3.65 3.68 2.06 2.02 1.98 1.97 1.99 2.00 2.06 2.08 2.09 2.11 2.13 2.15 2.16 2.18 2.19 2.20 2.22 2.24 2.25 2.27 2.29 2.31 2.32 2.35 2.37 2.39 2.41 2.43 2.46 2.49 2.50 2.53 2.57 2.58 2.62 2.64 2.67 2.70 2.72 2.76 2.78 2.82 2.85 2.88 2.93 2.92 2.91 2.95 2.97 2.95 2.93 2.91 2.91 2.92 2.95 3.00 3.05 3.10 3.70 3.77 3.84 3.91 3.98 4.05 4.13 4.21 4.28 11.03 11.01 4.53 4.52 4.51 4.55 4.83 4.95 5.08 5.20 5.34 5.48 5.62 5.83 5.87 5.91 6.29 6.49 6.69 6.95 7.19 7.30 8.20 8.19 8.26 8.63 8.64 8.71 10.13 10.18 10.17 10.18 10.18 10.18 10.17 10.15 10.13 10.10 12.33 12.30 12.29 12.28 12.27 12.27 12.27 12.27 12.39 12.41 10.12 10.08 10.11 10.11 10.11 10.12 10.13 10.11 10.09 8.68 8.56 8.55 8.16 8.09 7.18 6.93 6.50 5.89 5.74 5.69 5.41 5.14 4.92 4.52 4.32 4.29 4.14 4.01 3.86 3.72 3.59 2.85 2.73 2.66 2.64 2.64 2.64 2.65 2.66 2.67 2.67 2.62 2.60 2.60 2.52 2.49 2.43 2.39 2.32 2.28 2.24 2.20 2.17 2.13 2.10 2.06 2.03 1.99 1.98 1.94 1.91 1.88 1.85 1.83 1.80 1.77 1.75 1.74 1.72 1.69 1.67 1.65 1.64 1.62 1.60 1.59 1.57 1.55 1.53 1.53 1.51 1.49 1.45 1.40 1.38 1.37 1.37 1.39 1.40 1.40 1.39 1.37 1.37 1.35 1.35 1.34 1.34 1.32 1.30 1.29 1.29 1.28 1.27 1.27 1.26 1.25 1.24 1.23 1.22 1.22 1.21 1.20 1.19 1.19 1.19 1.19 1.18 1.17 1.16 1.16 1.15 1.15 1.15 1.14 1.13 1.12 1.12 1.12 1.11 1.11 1.10 1.10 1.08 1.08 1.08 1.08 1.07 1.07 1.06 1.07 1.06 1.06 1.06 1.06 1.05 1.05 1.05 1.05 1.05 1.05 1.04 1.04 1.03 1.03 1.03 1.03 1.02 1.02 1.02 1.02 1.02 1.02 1.02 1.01 1.01 1.01 1.01 1.01 1.01 1.00 1.00 1.00 1.00 1.00 1.00 1.01 1.00 1.00 1.00 0.99 1.00 1.01 1.00 1.00 1.01 1.01 1.01 1.00 -2.997203 8.291920 -3.122499 -3.037196 8.291156 -3.122499 1214.500521 magnum 3.006823
ODOM -3.037681 8.291147 -3.122499 0.000000 0.000000 0.000000 1214.643295 magnum 3.120810
ODOM -3.043600 8.291034 -3.122499 0.082500 -0.000151 0.000000 1214.768515 magnum 3.244480
FLASER 360 1.67 1.67 1.63 1.63 1.63 1.64 1.69 1.75 1.75 6.94 6.96 6.97 6.97 6.86 6.87 7.30 6.91 6.85 6.83 6.85 6.91 7.41 7.42 7.44 7.45 81.91 4.28 4.14 4.11 4.02 3.85 3.85 3.80 3.77 3.79 3.78 3.83 3.85 3.84 3.80 3.84 3.96 4.59 4.61 4.62 4.64 4.67 4.68 4.70 4.73 4.74 4.10 3.74 3.70 3.65 3.65 3.68 2.06 2.02 1.98 1.97 1.99 2.00 2.06 2.08 2.10 2.11 2.13 2.15 2.16 2.18 2.18 2.20 2.22 2.24 2.25 2.27 2.29 2.31 2.32 2.35 2.37 2.40 2.41 2.43 2.46 2.49 2.51 2.53 2.56 2.59 2.62 2.63 2.66 2.70 2.72 2.76 2.78 2.82 2.85 2.88 2.93 2.92 2.91 2.96 2.96 2.95 2.93 2.91 2.90 2.91 2.95 3.00 3.04 3.10 3.70 3.78 3.84 3.92 3.99 4.04 4.13 4.21 4.28 11.03 11.01 4.53 4.52 4.51 4.55 4.83 4.95 5.08 5.19 5.35 5.49 5.63 5.84 5.87 5.92 6.28 6.49 6.70 6.95 7.19 7.30 8.20 8.19 8.27 8.63 8.64 8.71 10.13 10.18 10.17 10.18 10.18 10.17 10.17 10.15 10.13 10.10 12.34 12.30 12.29 12.28 12.28 12.27 12.26 12.27 12.40 12.41 10.13 10.08 10.12 10.12 10.12 10.12 10.13 10.11 10.10 8.68 8.56 8.55 8.16 8.09 7.19 6.92 6.50 5.89 5.74 5.69 5.41 5.14 4.93 4.52 4.31 4.28 4.14 4.00 3.87 3.72 3.59 2.86 2.73 2.66 2.64 2.64 2.64 2.65 2.66 2.67 2.67 2.61 2.60 2.60 2.53 2.47 2.42 2.38 2.33 2.28 2.24 2.20 2.17 2.13 2.11 2.06 2.03 1.99 1.97 1.93 1.91 1.88 1.85 1.83 1.80 1.78 1.76 1.74 1.71 1.69 1.67 1.65 1.64 1.62 1.60 1.59 1.57 1.55 1.53 1.52 1.51 1.48 1.44 1.41 1.38 1.37 1.37 1.39 1.40 1.40 1.40 1.38 1.37 1.35 1.34 1.34 1.33 1.32 1.30 1.30 1.29 1.28 1.28 1.27 1.26 1.25 1.24 1.23 1.22 1.21 1.21 1.20 1.19 1.19 1.19 1.19 1.18 1.17 1.16 1.15 1.15 1.15 1.15 1.14 1.13 1.13 1.12 1.11 1.11 1.11 1.10 1.10 1.09 1.09 1.08 1.07 1.07 1.06 1.07 1.06 1.06 1.06 1.06 1.06 1.05 1.05 1.04 1.05 1.05 1.05 1.04 1.03 1.04 1.03 1.03 1.03 1.02 1.02 1.02 1.02 1.01 1.02 1.02 1.01 1.01 1.01 1.01 1.01 1.01 1.01 1.01 1.01 1.01 1.01 1.00 1.01 1.00 1.00 0.99 1.00 1.00 1.01 1.00 1.01 1.01 1.01 1.01 1.00 -3.000882 8.291849 -3.122499 -3.040875 8.291086 -3.122499 1214.710613 magnum 3.244790
ODOM -3.057587 8.290766 -3.124033 0.188000 -0.000011 0.000000 1214.882670 magnum 3.360126
ODOM -3.082337 8.290332 -3.128635 0.297000 -0.000112 0.000000 1215.002632 magnum 3.480292
FLASER 360 1.67 1.67 1.63 1.63 1.63 1.64 1.68 1.75 1.75 6.94 6.96 6.98 6.97 6.87 6.87 7.30 6.92 6.86 6.83 6.86 6.92 7.41 7.42 7.44 7.45 81.91 4.29 4.14 4.12 4.01 3.84 3.86 3.80 3.81 3.79 3.80 3.83 3.84 3.83 3.80 3.84 3.97 4.59 4.61 4.62 4.63 4.66 4.68 4.70 4.73 4.74 4.03 3.74 3.69 3.65 3.65 3.68 2.09 2.01 1.97 1.97 1.99 2.00 2.05 2.08 2.10 2.11 2.13 2.14 2.16 2.18 2.19 2.20 2.22 2.24 2.25 2.27 2.29 2.31 2.32 2.35 2.37 2.40 2.41 2.43 2.46 2.49 2.52 2.53 2.57 2.59 2.62 2.63 2.67 2.70 2.72 2.76 2.78 2.82 2.85 2.88 2.92 2.92 2.90 2.96 2.96 2.95 2.93 2.91 2.90 2.90 2.95 3.00 3.04 3.10 3.70 3.77 3.85 3.91 3.99 4.05 4.12 4.21 4.29 11.01 7.92 4.54 4.52 4.51 4.56 4.83 4.95 5.08 5.20 5.35 5.49 5.63 5.84 5.87 5.94 6.28 6.49 6.71 6.95 7.19 7.30 8.20 8.18 8.28 8.62 8.63 8.73 10.13 10.18 10.17 10.18 10.19 10.18 10.17 10.15 10.13 10.11 12.34 12.30 12.30 12.28 12.28 12.28 12.26 12.27 12.38 12.40 10.16 10.08 10.11 10.13 10.18 10.18 10.19 10.13 10.09 8.68 8.56 8.54 8.17 8.10 7.19 6.92 6.50 5.88 5.74 5.69 5.42 5.14 4.92 4.52 4.31 4.28 4.14 4.00 3.87 3.72 3.59 2.86 2.74 2.67 2.63 2.63 2.64 2.65 2.66 2.67 2.67 2.61 2.60 2.60 2.53 2.47 2.42 2.38 2.33 2.28 2.24 2.20 2.17 2.13 2.10 2.06 2.03 1.99 1.96 1.93 1.91 1.88 1.85 1.83 1.80 1.78 1.76 1.74 1.72 1.69 1.67 1.65 1.64 1.62 1.60 1.59 1.57 1.55 1.54 1.52 1.51 1.48 1.45 1.41 1.38 1.38 1.38 1.39 1.39 1.40 1.40 1.38 1.36 1.35 1.35 1.34 1.34 1.32 1.30 1.29 1.29 1.28 1.27 1.26 1.26 1.25 1.24 1.23 1.22 1.21 1.21 1.20 1.19 1.19 1.19 1.19 1.18 1.17 1.16 1.16 1.15 1.15 1.15 1.14 1.13 1.13 1.12 1.11 1.11 1.11 1.11 1.09 1.09 1.09 1.08 1.07 1.07 1.07 1.07 1.07 1.07 1.07 1.06 1.06 1.05 1.05 1.04 1.04 1.05 1.05 1.04 1.04 1.03 1.03 1.03 1.03 1.02 1.02 1.02 1.02 1.02 1.02 1.01 1.01 1.01 1.01 1.01 1.01 1.01 1.01 1.01 1.01 1.01 1.01 1.00 1.00 1.00 1.00 0.99 0.99 1.00 1.00 1.00 1.01 1.01 1.01 1.01 1.01 -3.027741 8.291215 -3.125920 -3.067736 8.290588 -3.125920 1214.930690 magnum 3.480420
ODOM -3.117713 8.289873 -3.136305 0.407000 -0.000067 0.000000 1215.122982 magnum 3.665592
ODOM -3.161834 8.289640 3.139210 0.472000 -0.000134 0.000000 1215.229565 magnum 3.707333
FLASER 360 1.64 1.63 1.63 1.66 1.73 1.75 1.75 6.97 6.99 6.96 7.01 7.01 6.93 6.95 6.91 7.31 6.95 6.91 6.88 6.94 7.07 7.41 7.42 7.44 7.47 4.29 4.20 4.10 4.10 3.85 3.84 3.79 3.77 3.77 3.78 3.80 3.82 3.82 3.81 3.79 3.86 4.50 4.58 4.59 4.55 4.62 4.66 4.68 4.70 4.72 4.72 3.73 3.70 3.65 3.64 2.05 2.03 1.97 1.95 1.95 1.97 2.00 2.06 2.07 2.08 2.10 2.11 2.12 2.14 2.16 2.18 2.19 2.20 2.22 2.24 2.26 2.26 2.28 2.30 2.33 2.34 2.37 2.39 2.41 2.43 2.45 2.49 2.50 2.53 2.55 2.58 2.61 2.64 2.66 2.69 2.72 2.75 2.78 2.81 2.85 2.88 2.90 2.88 2.90 2.94 2.92 2.91 2.89 2.88 2.87 2.90 2.94 2.99 3.03 3.12 3.68 3.76 3.82 3.89 3.96 4.03 4.11 4.20 4.26 10.98 7.91 4.53 4.48 4.47 4.53 4.79 4.90 5.05 5.16 5.31 5.43 5.58 5.75 5.84 5.85 6.22 6.40 6.63 6.86 7.14 7.23 8.16 8.21 8.20 8.57 8.60 8.60 9.00 10.14 10.14 10.13 10.16 10.14 10.13 10.12 10.11 10.06 12.34 12.25 12.26 12.26 12.25 12.25 12.25 12.22 12.29 12.36 10.16 10.05 10.07 10.08 10.15 10.14 10.17 10.13 10.06 8.63 8.51 8.52 8.21 8.06 7.20 7.04 6.62 6.27 5.70 5.69 5.55 5.22 4.98 4.79 4.29 4.27 4.18 4.04 3.90 3.79 3.63 3.02 2.77 2.68 2.61 2.59 2.59 2.60 2.61 2.62 2.63 2.62 2.57 2.57 2.57 2.50 2.42 2.39 2.34 2.30 2.25 2.20 2.18 2.14 2.10 2.08 2.03 2.00 1.97 1.94 1.91 1.89 1.85 1.83 1.81 1.78 1.76 1.74 1.72 1.70 1.67 1.66 1.64 1.62 1.60 1.59 1.57 1.55 1.54 1.52 1.51 1.48 1.47 1.45 1.43 1.38 1.36 1.35 1.34 1.34 1.37 1.37 1.37 1.36 1.35 1.34 1.33 1.32 1.31 1.30 1.29 1.28 1.27 1.27 1.26 1.25 1.24 1.23 1.22 1.21 1.20 1.20 1.19 1.19 1.19 1.18 1.17 1.17 1.16 1.16 1.15 1.15 1.13 1.13 1.13 1.13 1.12 1.12 1.12 1.11 1.09 1.09 1.09 1.08 1.08 1.08 1.07 1.07 1.07 1.07 1.07 1.06 1.06 1.05 1.05 1.05 1.04 1.04 1.04 1.03 1.03 1.03 1.03 1.03 1.03 1.02 1.02 1.02 1.02 1.01 1.01 1.01 1.01 1.01 1.01 1.01 1.01 1.01 1.01 1.01 1.01 1.01 1.01 1.01 1.00 1.00 1.01 0.99 0.99 0.99 0.98 1.00 1.01 1.00 1.01 1.01 1.01 1.01 -3.085225 8.289993 -3.137611 -3.125224 8.289834 -3.137611 1215.140244 magnum 3.707459
ODOM -3.262342 8.289880 3.126938 0.505500 -0.000174 0.000000 1215.369967 magnum 3.849629
FLASER 360 1.74 1.74 1.74 7.20 7.29 7.30 7.31 7.02 7.04 7.00 7.06 7.08 7.01 6.87 6.89 7.30 7.25 7.17 7.15 7.25 7.33 7.38 7.39 7.41 7.43 4.23 4.09 4.08 3.88 3.81 3.77 3.75 3.75 3.77 3.76 3.80 3.79 3.77 3.74 3.83 3.97 4.50 4.44 4.36 4.40 4.56 4.63 4.65 4.67 4.69 3.93 3.64 3.62 1.98 1.93 1.92 1.93 1.93 1.94 2.01 2.02 2.04 2.05 2.05 2.07 2.09 2.10 2.11 2.12 2.14 2.16 2.17 2.19 2.20 2.21 2.23 2.25 2.26 2.29 2.30 2.33 2.34 2.36 2.39 2.41 2.42 2.45 2.47 2.50 2.52 2.55 2.57 2.60 2.63 2.65 2.69 2.71 2.75 2.78 2.80 2.83 2.82 2.82 2.87 2.87 2.84 2.84 2.81 2.80 2.81 2.85 2.89 2.93 2.98 3.11 3.61 3.67 3.74 3.80 3.87 3.94 4.01 4.09 4.16 4.21 7.49 4.45 4.42 4.41 4.40 4.54 4.73 4.86 4.97 5.10 5.23 5.37 5.49 5.68 5.75 5.79 6.11 6.33 6.52 6.76 6.98 7.15 8.06 8.14 8.05 8.47 8.52 8.52 8.68 10.04 10.05 10.06 10.06 10.07 10.05 10.05 10.03 10.00 9.96 12.19 12.17 12.17 12.16 12.15 12.15 12.14 12.14 12.27 12.27 10.01 9.95 10.00 9.99 10.06 10.06 10.06 10.00 9.97 8.57 8.43 8.42 8.05 7.96 7.08 6.90 6.41 6.08 5.61 5.59 5.40 5.11 4.86 4.68 4.20 4.18 4.08 3.96 3.82 3.68 3.56 3.46 2.74 2.63 2.56 2.51 2.51 2.51 2.53 2.53 2.54 2.54 2.53 2.47 2.49 2.46 2.40 2.34 2.30 2.26 2.22 2.19 2.14 2.11 2.07 2.04 2.01 1.98 1.95 1.92 1.89 1.86 1.84 1.81 1.78 1.77 1.74 1.72 1.69 1.67 1.66 1.64 1.62 1.60 1.59 1.57 1.55 1.54 1.51 1.50 1.48 1.46 1.45 1.43 1.43 1.41 1.40 1.39 1.37 1.35 1.29 1.29 1.28 1.27 1.30 1.30 1.32 1.31 1.29 1.29 1.28 1.27 1.26 1.26 1.25 1.24 1.22 1.22 1.21 1.20 1.20 1.19 1.19 1.18 1.17 1.17 1.16 1.15 1.14 1.14 1.14 1.13 1.13 1.12 1.11 1.11 1.11 1.11 1.10 1.09 1.09 1.08 1.08 1.08 1.07 1.07 1.06 1.07 1.06 1.06 1.06 1.05 1.05 1.04 1.04 1.04 1.03 1.03 1.03 1.02 1.02 1.02 1.02 1.02 1.02 1.01 1.01 1.01 1.01 1.01 1.01 1.01 1.00 1.00 1.01 1.00 1.00 1.00 1.00 1.00 1.00 0.99 0.99 1.00 0.99 0.99 1.00 0.97 0.99 0.99 0.98 0.99 0.99 0.99 1.00 1.00 -3.213173 8.289316 3.128058 -3.253169 8.289858 3.128058 1215.350546 magnum 3.849752
ODOM -3.313079 8.290623 3.119268 0.501000 -0.000123 0.000000 1215.483270 magnum 3.960810
ODOM -3.363141 8.291741 3.110064 0.503500 -0.000196 0.000000 1215.610083 magnum 4.086878
FLASER 360 6.38 6.35 6.59 7.19 7.29 7.30 7.30 7.02 7.05 7.00 7.08 7.04 6.85 6.99 6.96 7.29 7.26 7.17 7.26 7.27 7.35 7.38 7.38 4.24 4.15 4.06 3.95 3.78 3.77 3.71 3.73 3.73 3.73 3.76 3.75 3.74 3.74 3.74 3.86 4.41 4.46 4.38 4.28 4.38 4.56 4.59 4.61 4.63 3.99 1.91 1.88 1.87 1.88 1.88 1.92 1.96 1.97 1.98 1.99 2.00 2.01 2.02 2.04 2.05 2.06 2.08 2.09 2.10 2.11 2.12 2.14 2.16 2.18 2.20 2.20 2.22 2.24 2.26 2.27 2.28 2.30 2.32 2.34 2.37 2.39 2.40 2.42 2.44 2.46 2.50 2.53 2.54 2.57 2.60 2.64 2.65 2.68 2.71 2.74 2.74 2.73 2.75 2.79 2.77 2.77 2.74 2.73 2.71 2.73 2.76 2.81 2.84 2.90 2.99 3.49 3.55 3.60 3.65 3.72 3.78 3.86 3.91 3.99 4.05 4.11 7.35 10.83 4.33 4.31 4.31 4.38 4.60 4.72 4.81 4.94 5.08 5.19 5.31 5.46 5.63 5.65 5.76 6.07 6.24 6.45 6.66 6.92 7.04 7.98 8.04 7.96 8.32 8.43 8.40 8.56 9.91 9.95 9.95 9.96 9.96 9.96 9.93 9.93 9.91 9.88 12.12 12.08 12.06 12.05 12.04 12.04 12.04 12.03 12.09 12.17 9.97 9.87 9.86 9.88 9.93 9.95 9.95 9.93 9.86 8.48 8.38 8.32 8.27 7.90 7.81 6.91 6.60 6.19 5.68 5.51 5.47 5.18 4.95 4.72 4.54 4.10 4.08 3.97 3.87 3.71 3.60 3.48 3.39 2.72 2.60 2.49 2.43 2.40 2.39 2.41 2.41 2.43 2.42 2.44 2.42 2.37 2.37 2.37 2.31 2.26 2.22 2.19 2.15 2.11 2.08 2.04 2.01 1.98 1.94 1.92 1.89 1.86 1.84 1.80 1.78 1.76 1.74 1.72 1.70 1.67 1.66 1.63 1.62 1.60 1.58 1.56 1.55 1.54 1.51 1.49 1.48 1.46 1.46 1.43 1.42 1.40 1.39 1.38 1.37 1.36 1.34 1.33 1.32 1.31 1.31 1.29 1.26 1.22 1.21 1.21 1.20 1.21 1.21 1.23 1.23 1.23 1.21 1.21 1.20 1.20 1.20 1.18 1.18 1.17 1.16 1.16 1.15 1.15 1.15 1.13 1.13 1.13 1.13 1.12 1.11 1.11 1.10 1.09 1.08 1.08 1.08 1.08 1.08 1.07 1.07 1.07 1.06 1.06 1.07 1.05 1.05 1.04 1.04 1.04 1.04 1.03 1.03 1.03 1.03 1.02 1.01 1.01 1.01 1.01 1.01 1.01 1.01 1.01 1.01 1.00 1.00 1.00 1.00 1.00 0.99 1.00 1.00 0.99 0.99 0.99 0.99 0.99 0.99 0.98 0.99 0.98 0.99 0.98 0.99 0.99 0.96 0.98 0.98 0.99 0.99 -3.310402 8.290289 3.112409 -3.350385 8.291456 3.112409 1215.570657 magnum 4.086996
ODOM -3.413605 8.293333 3.102394 0.499000 -0.000146 0.000000 1215.722753 magnum 4.201018
ODOM -3.463559 8.295292 3.093190 0.494500 -0.000263 0.000000 1215.843245 magnum 4.321402
FLASER 360 6.36 6.37 7.19 7.18 7.29 7.29 7.24 6.98 6.99 6.95 7.03 6.99 6.83 6.89 7.24 7.23 6.96 6.89 6.91 6.96 7.28 7.35 4.23 4.06 4.03 3.77 3.75 3.69 3.68 3.70 3.70 3.72 3.73 3.73 3.70 3.70 3.74 3.97 4.44 4.48 4.46 4.42 4.52 4.54 1.93 1.84 1.82 1.83 1.83 1.85 1.89 1.91 1.92 1.93 1.94 1.94 1.96 1.97 1.98 1.98 1.99 2.02 2.02 2.03 2.04 2.06 2.08 2.08 2.10 2.11 2.13 2.14 2.15 2.18 2.19 2.19 2.22 2.23 2.25 2.25 2.27 2.30 2.32 2.34 2.36 2.38 2.40 2.41 2.43 2.45 2.49 2.51 2.54 2.57 2.59 2.62 2.64 2.67 2.67 2.65 2.68 2.70 2.69 2.67 2.66 2.64 2.63 2.65 2.67 2.72 2.76 2.80 2.84 3.37 3.43 3.46 3.52 3.58 3.63 3.68 3.75 3.81 3.89 3.95 3.99 10.91 10.81 4.23 4.21 4.20 4.22 4.45 4.56 4.66 4.77 4.87 4.99 5.10 5.25 5.37 5.54 5.55 5.73 5.97 6.15 6.32 6.55 6.75 6.94 7.23 7.88 7.87 8.02 8.30 8.31 8.33 8.49 9.84 9.85 9.84 9.86 9.84 9.84 9.81 9.82 9.76 9.77 11.96 11.95 11.93 11.93 11.92 11.94 11.92 11.94 12.05 12.06 9.80 9.74 9.77 9.77 9.77 9.78 9.77 9.77 9.75 8.41 8.20 8.23 7.94 7.75 6.97 6.77 6.46 6.04 5.51 5.39 5.35 5.06 4.84 4.63 4.46 4.00 3.98 3.92 3.80 3.66 3.54 3.43 3.35 3.24 2.61 2.45 2.38 2.32 2.28 2.29 2.29 2.30 2.31 2.32 2.32 2.33 2.28 2.27 2.27 2.24 2.20 2.16 2.12 2.10 2.05 2.02 1.98 1.95 1.92 1.90 1.87 1.84 1.81 1.79 1.77 1.75 1.72 1.70 1.68 1.65 1.64 1.62 1.61 1.59 1.57 1.54 1.53 1.52 1.50 1.48 1.47 1.45 1.43 1.42 1.41 1.39 1.38 1.37 1.36 1.35 1.34 1.32 1.31 1.31 1.30 1.28 1.27 1.26 1.26 1.24 1.24 1.23 1.22 1.19 1.16 1.15 1.14 1.13 1.12 1.14 1.15 1.16 1.16 1.17 1.16 1.15 1.15 1.14 1.13 1.13 1.13 1.12 1.12 1.11 1.10 1.09 1.09 1.09 1.09 1.08 1.07 1.07 1.07 1.07 1.06 1.06 1.06 1.05 1.04 1.04 1.03 1.04 1.03 1.02 1.02 1.01 1.02 1.02 1.02 1.02 1.01 1.01 1.01 1.01 1.01 1.01 1.01 1.00 1.00 1.00 1.00 0.99 0.99 0.99 0.99 0.99 0.99 0.99 0.99 0.99 0.99 0.98 0.98 0.98 0.99 0.99 0.98 0.97 0.98 0.98 0.97 0.97 0.98 -3.400364 8.292616 3.097471 -3.440325 8.294380 3.097471 1215.780223 magnum 4.321525
ODOM -3.564024 8.300158 3.076316 0.509500 -0.000196 0.000000 1215.968495 magnum 4.444083
ODOM -3.614933 8.303486 3.065578 0.517000 -0.000179 0.000000 1216.083333 magnum 4.561916
FLASER 360 6.36 6.36 7.16 7.20 7.28 7.29 7.28 6.99 7.01 6.97 7.03 7.01 6.83 6.96 7.02 7.24 7.06 6.95 6.99 7.05 7.29 4.20 4.04 3.91 3.73 3.71 3.68 3.67 3.68 3.67 3.69 3.70 3.69 3.67 3.68 3.73 4.05 4.38 4.39 4.33 1.90 1.79 1.79 1.80 1.80 1.81 1.85 1.86 1.87 1.89 1.89 1.90 1.91 1.91 1.92 1.93 1.94 1.95 1.96 1.97 1.98 2.00 2.01 2.01 2.03 2.04 2.05 2.07 2.08 2.09 2.10 2.11 2.13 2.15 2.16 2.18 2.18 2.20 2.21 2.24 2.25 2.27 2.29 2.31 2.32 2.34 2.37 2.39 2.41 2.42 2.44 2.47 2.50 2.52 2.54 2.57 2.59 2.57 2.58 2.62 2.63 2.61 2.59 2.56 2.55 2.54 2.55 2.59 2.62 2.67 2.69 2.75 3.25 3.31 3.34 3.39 3.44 3.48 3.55 3.59 3.64 3.70 3.76 3.83 3.88 81.91 7.11 4.15 4.14 4.11 4.10 4.16 4.39 4.48 4.58 4.67 4.79 4.88 5.03 5.14 5.28 5.43 5.44 5.54 5.83 6.00 6.18 6.37 6.58 6.78 6.89 7.77 7.82 7.76 8.18 8.22 8.20 8.36 9.71 9.74 9.74 9.74 9.75 9.73 9.73 9.73 9.71 9.65 11.94 11.84 11.86 11.84 11.83 11.82 11.83 11.80 11.84 11.95 11.96 9.68 9.62 9.66 9.70 9.74 9.75 9.75 9.70 9.64 8.30 8.09 8.11 7.82 7.64 6.98 6.69 6.39 5.98 5.56 5.29 5.27 5.07 4.81 4.60 4.43 4.14 3.88 3.86 3.73 3.62 3.52 3.40 3.32 3.21 3.13 2.53 2.39 2.30 2.25 2.21 2.18 2.20 2.20 2.22 2.22 2.22 2.22 2.23 2.18 2.18 2.17 2.15 2.10 2.07 2.03 2.00 1.97 1.94 1.91 1.89 1.85 1.84 1.81 1.78 1.76 1.73 1.71 1.69 1.67 1.64 1.63 1.61 1.59 1.58 1.56 1.53 1.52 1.50 1.49 1.47 1.45 1.44 1.42 1.41 1.39 1.38 1.37 1.36 1.36 1.34 1.33 1.31 1.30 1.30 1.29 1.28 1.27 1.26 1.25 1.24 1.22 1.22 1.21 1.21 1.20 1.20 1.19 1.18 1.17 1.16 1.15 1.15 1.13 1.09 1.09 1.07 1.07 1.07 1.07 1.10 1.11 1.11 1.11 1.10 1.09 1.09 1.09 1.09 1.08 1.07 1.06 1.06 1.05 1.06 1.06 1.05 1.05 1.05 1.04 1.04 1.04 1.03 1.03 1.02 1.02 1.02 1.01 1.01 1.01 1.01 1.01 1.01 1.01 1.01 1.00 1.00 1.00 0.99 0.99 1.00 0.99 0.99 1.00 0.99 0.99 0.98 0.98 0.99 0.99 0.98 0.98 0.99 0.98 0.99 0.98 0.98 0.98 0.96 0.97 0.96 0.97 -3.537409 8.298306 3.073512 -3.577316 8.301027 3.073512 1215.991450 magnum 4.562038
ODOM -3.663833 8.307210 3.057908 0.499500 -0.000118 0.000000 1216.202924 magnum 4.680460
ODOM -3.714211 8.311436 3.048704 0.512500 -0.000263 0.000000 1216.310443 magnum 4.785860
FLASER 360 6.36 6.36 6.62 7.17 7.20 7.28 7.29 6.98 6.99 6.96 6.98 7.02 7.08 7.09 6.88 7.24 7.11 7.02 6.98 7.08 7.22 4.02 3.90 3.70 3.70 3.65 3.65 3.65 3.65 3.67 3.67 3.67 3.64 3.65 3.69 4.12 1.81 1.75 1.76 1.76 1.77 1.79 1.83 1.83 1.84 1.83 1.84 1.85 1.85 1.86 1.88 1.89 1.89 1.89 1.90 1.91 1.93 1.93 1.95 1.96 1.97 1.97 1.98 1.99 2.01 2.02 2.03 2.03 2.05 2.06 2.08 2.09 2.10 2.11 2.13 2.14 2.16 2.16 2.19 2.20 2.22 2.23 2.25 2.26 2.28 2.31 2.32 2.34 2.35 2.38 2.40 2.41 2.44 2.46 2.51 2.52 2.50 2.49 2.54 2.54 2.53 2.51 2.50 2.46 2.45 2.46 2.50 2.54 2.56 2.59 2.63 2.70 3.16 3.21 3.25 3.30 3.34 3.39 3.45 3.47 3.54 3.58 3.64 3.68 3.75 3.79 6.73 6.99 4.07 4.03 4.01 4.00 4.10 4.29 4.39 4.48 4.57 4.65 4.78 4.88 5.01 5.12 5.28 5.34 5.36 5.62 5.82 5.96 6.16 6.34 6.58 6.70 7.03 7.74 7.66 7.69 8.09 8.10 8.10 8.29 9.61 9.63 9.62 9.61 9.66 9.62 9.62 9.61 9.59 9.55 11.81 11.74 11.73 11.72 11.71 11.70 11.72 11.71 11.72 11.79 11.86 9.60 9.52 9.55 9.61 9.56 9.68 9.58 9.62 9.53 8.10 8.05 8.01 7.98 7.57 7.55 6.64 6.47 6.01 5.74 5.19 5.18 5.11 4.84 4.61 4.45 4.24 4.01 3.76 3.73 3.63 3.53 3.42 3.34 3.22 3.14 3.04 2.97 2.37 2.28 2.19 2.15 2.11 2.07 2.10 2.09 2.11 2.11 2.13 2.13 2.14 2.12 2.08 2.08 2.08 2.05 2.01 1.97 1.94 1.91 1.89 1.86 1.83 1.81 1.78 1.76 1.74 1.72 1.68 1.66 1.64 1.63 1.61 1.60 1.57 1.55 1.53 1.51 1.50 1.49 1.47 1.45 1.44 1.43 1.41 1.40 1.38 1.37 1.35 1.35 1.33 1.32 1.31 1.30 1.29 1.29 1.28 1.27 1.26 1.25 1.23 1.23 1.21 1.21 1.20 1.20 1.20 1.19 1.17 1.17 1.15 1.16 1.15 1.14 1.14 1.12 1.12 1.11 1.10 1.10 1.09 1.08 1.08 1.07 1.02 1.02 1.02 1.01 1.02 1.02 1.05 1.05 1.06 1.06 1.06 1.06 1.04 1.05 1.04 1.04 1.04 1.04 1.02 1.02 1.02 1.01 1.02 1.01 1.01 1.01 1.01 1.00 1.00 1.00 1.00 1.00 1.00 1.00 0.99 0.99 0.99 0.99 0.98 0.98 0.98 0.98 0.98 0.98 0.98 0.97 0.97 0.97 0.97 0.97 0.99 0.98 0.97 0.97 0.96 0.97 -3.630823 8.304391 3.056657 -3.670679 8.307785 3.056657 1216.210495 magnum 4.785980
ODOM -3.765180 8.316184 3.041034 0.504000 -0.000134 0.000000 1216.429903 magnum 4.919346
FLASER 360 6.39 6.36 6.94 7.18 7.18 7.28 7.28 7.06 7.07 7.08 7.03 7.09 7.12 6.90 6.81 7.23 7.24 7.26 7.24 4.15 3.99 3.78 3.70 3.66 3.63 3.64 3.64 3.62 3.64 3.65 3.62 1.77 1.78 1.73 1.72 1.73 1.74 1.79 1.79 1.80 1.80 1.81 1.81 1.82 1.83 1.82 1.83 1.84 1.84 1.85 1.87 1.87 1.89 1.88 1.90 1.91 1.91 1.91 1.93 1.93 1.95 1.96 1.97 1.97 1.98 1.99 2.01 2.02 2.02 2.03 2.05 2.07 2.08 2.09 2.09 2.11 2.13 2.14 2.16 2.17 2.18 2.20 2.22 2.23 2.25 2.27 2.29 2.30 2.32 2.33 2.36 2.39 2.40 2.41 2.42 2.41 2.41 2.46 2.45 2.42 2.42 2.39 2.37 2.36 2.38 2.41 2.44 2.47 2.51 2.53 2.60 3.05 3.09 3.12 3.17 3.21 3.25 3.29 3.34 3.39 3.45 3.49 3.55 3.59 3.66 3.69 81.91 81.91 81.91 3.96 3.92 3.90 3.93 4.12 4.23 4.30 4.41 4.48 4.59 4.67 4.80 4.89 5.03 5.13 5.25 5.25 5.51 5.64 5.83 5.98 6.20 6.35 6.59 6.63 7.55 7.60 7.54 7.73 8.00 8.00 8.02 8.33 9.52 9.52 9.52 9.53 9.54 9.51 9.51 9.50 9.47 9.43 11.71 11.64 11.63 11.62 11.61 11.60 11.62 11.59 11.63 11.72 11.73 9.48 9.41 9.43 9.45 9.46 9.50 9.47 9.46 9.42 8.04 7.96 7.90 7.87 7.47 7.41 6.55 6.41 5.98 5.72 5.13 5.05 5.03 4.88 4.59 4.44 4.24 4.12 3.68 3.64 3.60 3.51 3.40 3.32 3.21 3.14 3.04 2.97 2.88 2.82 2.23 2.15 2.09 2.04 2.00 1.98 1.99 1.98 2.00 2.00 2.02 2.02 2.05 2.03 1.98 1.98 1.99 1.98 1.94 1.91 1.88 1.85 1.83 1.80 1.78 1.75 1.73 1.71 1.69 1.67 1.64 1.62 1.60 1.59 1.57 1.55 1.53 1.51 1.50 1.48 1.46 1.45 1.43 1.42 1.41 1.39 1.38 1.37 1.35 1.35 1.34 1.33 1.31 1.30 1.28 1.28 1.27 1.26 1.25 1.24 1.23 1.22 1.22 1.21 1.20 1.20 1.19 1.18 1.18 1.17 1.16 1.15 1.14 1.13 1.12 1.12 1.11 1.11 1.10 1.09 1.08 1.08 1.07 1.07 1.07 1.07 1.06 1.06 1.05 1.05 1.04 1.04 1.03 1.03 1.00 0.99 0.97 0.97 0.97 0.96 0.97 0.97 1.02 1.01 1.01 1.01 1.01 1.01 1.01 1.00 1.01 1.00 1.00 1.00 0.99 0.99 0.99 0.98 0.99 0.99 0.99 0.99 0.99 0.99 0.98 0.98 0.98 0.98 0.98 0.98 0.97 0.97 0.97 0.98 0.97 0.96 0.98 0.97 -3.724015 8.312050 3.041240 -3.763814 8.316057 3.041240 1216.420222 magnum 4.919457
ODOM -3.814603 8.321171 3.031830 0.494500 -0.000162 0.000000 1216.542299 magnum 5.020050
ODOM -3.864621 8.326683 3.024160 0.503000 -0.000146 0.000000 1216.650012 magnum 5.134371
FLASER 360 6.38 6.36 7.18 7.16 7.18 7.26 7.27 7.02 7.06 7.01 7.01 7.03 7.10 7.17 6.84 7.20 7.21 7.22 4.01 3.84 3.68 3.65 3.61 3.61 3.61 3.61 1.74 1.68 1.68 1.69 1.69 1.74 1.76 1.76 1.76 1.76 1.77 1.78 1.78 1.78 1.79 1.79 1.80 1.80 1.81 1.81 1.82 1.82 1.82 1.83 1.84 1.84 1.85 1.86 1.88 1.89 1.89 1.89 1.90 1.90 1.92 1.93 1.94 1.95 1.96 1.97 1.99 1.99 2.01 2.02 2.03 2.04 2.05 2.06 2.08 2.08 2.10 2.11 2.13 2.15 2.16 2.17 2.18 2.20 2.21 2.23 2.25 2.26 2.28 2.31 2.32 2.34 2.33 2.31 2.33 2.36 2.36 2.33 2.33 2.30 2.29 2.26 2.28 2.31 2.33 2.35 2.39 2.40 2.44 2.56 2.94 2.98 3.02 3.05 3.09 3.13 3.17 3.22 3.26 3.30 3.35 3.40 3.45 3.50 3.55 3.60 3.62 10.60 10.61 3.84 3.83 3.80 3.81 3.88 4.09 4.16 4.25 4.32 4.42 4.50 4.60 4.70 4.81 4.91 5.04 5.14 5.15 5.35 5.54 5.69 5.87 6.03 6.22 6.42 6.52 7.46 7.43 7.42 7.50 7.85 7.90 7.88 8.08 9.37 9.42 9.40 9.42 9.42 9.41 9.39 9.39 9.38 9.35 9.32 11.55 11.51 11.53 11.48 11.52 11.48 11.50 11.48 11.53 11.64 9.45 9.33 9.31 9.33 9.34 9.33 9.34 9.34 9.33 9.32 7.88 7.82 7.79 7.76 7.36 7.29 6.45 6.32 5.92 5.64 5.20 4.94 4.93 4.81 4.56 4.40 4.20 4.09 3.91 3.55 3.53 3.48 3.37 3.30 3.19 3.12 3.03 2.95 2.87 2.80 2.73 2.67 2.13 2.03 1.98 1.95 1.90 1.88 1.87 1.87 1.89 1.89 1.91 1.91 1.93 1.93 1.92 1.89 1.88 1.88 1.88 1.85 1.81 1.80 1.77 1.75 1.73 1.71 1.68 1.66 1.64 1.61 1.60 1.58 1.56 1.55 1.53 1.51 1.50 1.48 1.46 1.45 1.43 1.42 1.41 1.39 1.38 1.37 1.35 1.34 1.33 1.32 1.31 1.30 1.28 1.28 1.27 1.27 1.25 1.25 1.23 1.22 1.21 1.20 1.20 1.19 1.19 1.17 1.18 1.17 1.16 1.15 1.13 1.13 1.12 1.12 1.12 1.11 1.10 1.10 1.09 1.08 1.08 1.07 1.07 1.06 1.06 1.06 1.05 1.05 1.04 1.04 1.03 1.03 1.03 1.02 1.02 1.02 1.01 1.01 1.00 1.00 1.00 1.00 1.00 1.00 0.96 0.96 0.94 0.94 0.94 0.94 0.93 0.93 0.99 0.99 0.99 0.99 0.99 0.99 0.99 0.99 0.99 0.99 0.99 0.98 0.99 0.99 0.98 0.99 0.98 0.98 0.97 0.97 0.97 0.97 -3.818953 8.321378 3.025071 -3.858682 8.326029 3.025071 1216.630413 magnum 5.134479
ODOM -3.964790 8.338501 3.007286 0.498500 -0.000162 0.000000 1216.768475 magnum 5.244299
ODOM -4.014674 8.345241 2.999616 0.511000 -0.000146 0.000000 1216.882754 magnum 5.360272
FLASER 360 6.37 6.37 7.19 7.16 7.18 7.27 7.27 6.97 6.97 6.95 6.96 6.98 7.04 7.23 6.83 7.21 7.12 3.96 3.68 3.66 3.59 1.71 1.67 1.67 1.67 1.68 1.71 1.74 1.74 1.74 1.74 1.74 1.74 1.75 1.75 1.76 1.76 1.76 1.76 1.78 1.78 1.78 1.79 1.80 1.80 1.81 1.81 1.82 1.82 1.82 1.83 1.83 1.84 1.85 1.86 1.87 1.87 1.88 1.90 1.90 1.91 1.91 1.92 1.93 1.94 1.95 1.96 1.97 1.98 2.00 2.01 2.02 2.03 2.04 2.06 2.06 2.08 2.08 2.09 2.11 2.14 2.15 2.16 2.18 2.19 2.20 2.22 2.24 2.25 2.27 2.26 2.23 2.26 2.28 2.29 2.26 2.25 2.22 2.21 2.19 2.19 2.22 2.24 2.26 2.30 2.30 2.34 2.39 2.63 2.85 2.89 2.93 2.96 2.99 3.03 3.05 3.09 3.14 3.17 3.22 3.27 3.31 3.36 3.41 3.46 3.50 3.52 6.77 81.91 3.79 3.72 3.69 3.69 3.72 3.96 4.03 4.11 4.18 4.27 4.35 4.44 4.53 4.63 4.73 4.82 4.93 5.02 5.02 5.28 5.41 5.58 5.72 5.90 6.07 6.29 6.40 6.67 7.33 7.37 7.31 7.74 7.78 7.78 7.79 7.97 9.29 9.31 9.29 9.32 9.31 9.31 9.28 9.28 9.27 9.23 9.22 11.42 11.40 11.41 11.38 11.39 11.39 11.39 11.37 11.45 11.52 9.32 9.21 9.21 9.22 9.23 9.22 9.25 9.23 9.23 9.21 7.94 7.70 7.69 7.64 7.25 7.20 6.34 6.23 5.85 5.59 5.29 4.85 4.83 4.79 4.52 4.37 4.18 4.05 3.89 3.68 3.44 3.43 3.35 3.27 3.18 3.10 3.01 2.94 2.86 2.80 2.73 2.68 2.61 2.56 2.04 1.97 1.90 1.87 1.83 1.80 1.78 1.78 1.79 1.80 1.81 1.81 1.84 1.84 1.85 1.84 1.80 1.79 1.80 1.80 1.78 1.75 1.73 1.70 1.68 1.66 1.64 1.62 1.61 1.59 1.58 1.54 1.53 1.52 1.50 1.48 1.47 1.45 1.43 1.42 1.41 1.39 1.38 1.37 1.35 1.34 1.34 1.33 1.32 1.30 1.29 1.28 1.27 1.27 1.26 1.25 1.24 1.23 1.22 1.21 1.20 1.19 1.19 1.19 1.18 1.16 1.16 1.15 1.14 1.13 1.13 1.13 1.13 1.12 1.10 1.10 1.09 1.09 1.08 1.08 1.07 1.06 1.06 1.06 1.06 1.06 1.05 1.04 1.04 1.04 1.03 1.03 1.02 1.02 1.01 1.01 1.01 1.00 1.00 1.00 1.00 1.00 1.00 1.00 0.99 0.99 0.99 0.99 0.98 0.98 0.98 0.97 0.98 0.98 0.95 0.94 0.93 0.93 0.92 0.92 0.93 0.92 0.95 0.96 0.98 0.99 0.98 0.98 0.97 0.98 -3.964076 8.338163 3.001306 -4.003683 8.343756 3.001306 1216.850829 magnum 5.360385
ODOM -4.064303 8.352335 2.990412 0.493000 -0.000213 0.000000 1217.003078 magnum 5.480622
ODOM -4.113474 8.359826 2.981208 0.502500 -0.000151 0.000000 1217.122343 magnum 5.599737
FLASER 360 6.35 6.38 7.19 7.15 7.17 7.25 7.25 6.91 6.90 6.90 6.87 6.91 7.01 7.21 6.84 7.17 1.65 1.65 1.65 1.64 1.66 1.70 1.71 1.72 1.72 1.71 1.72 1.72 1.72 1.73 1.73 1.73 1.74 1.74 1.74 1.74 1.75 1.75 1.75 1.76 1.76 1.77 1.77 1.77 1.78 1.79 1.79 1.79 1.80 1.81 1.82 1.81 1.82 1.82 1.83 1.84 1.85 1.85 1.87 1.87 1.88 1.89 1.90 1.90 1.92 1.92 1.93 1.95 1.96 1.96 1.97 1.98 1.99 2.00 2.02 2.02 2.04 2.05 2.07 2.08 2.10 2.11 2.13 2.14 2.16 2.16 2.18 2.19 2.18 2.16 2.18 2.20 2.22 2.19 2.18 2.15 2.14 2.10 2.11 2.13 2.16 2.17 2.19 2.21 2.24 2.26 2.32 2.73 2.76 2.79 2.82 2.85 2.88 2.92 2.96 2.99 3.03 3.06 3.11 3.13 3.18 3.22 3.26 3.31 3.36 3.40 3.43 5.73 6.62 81.91 3.64 3.60 3.59 3.59 3.70 3.88 3.95 4.03 4.11 4.18 4.27 4.33 4.44 4.53 4.63 4.71 4.84 4.91 4.92 5.09 5.29 5.42 5.59 5.73 5.92 6.07 6.27 6.31 7.25 7.29 7.22 7.28 7.66 7.68 7.68 7.78 9.16 9.21 9.20 9.19 9.22 9.21 9.20 9.18 9.18 9.15 9.12 11.40 11.32 11.30 11.31 11.28 11.28 11.28 11.27 11.27 11.38 11.40 9.21 9.09 9.11 9.13 9.18 9.20 9.21 9.22 9.14 9.10 7.86 7.58 7.57 7.54 7.15 7.09 6.28 6.15 5.84 5.58 5.29 4.85 4.73 4.72 4.56 4.36 4.18 4.04 3.90 3.78 3.47 3.33 3.33 3.27 3.18 3.11 3.02 2.96 2.86 2.81 2.73 2.68 2.61 2.57 2.50 2.45 2.04 1.94 1.83 1.81 1.77 1.75 1.71 1.69 1.70 1.70 1.71 1.71 1.73 1.73 1.75 1.75 1.76 1.74 1.71 1.70 1.72 1.71 1.69 1.67 1.63 1.63 1.61 1.59 1.57 1.56 1.54 1.52 1.50 1.50 1.47 1.46 1.43 1.43 1.41 1.40 1.39 1.38 1.36 1.35 1.34 1.33 1.32 1.31 1.29 1.29 1.28 1.28 1.26 1.25 1.24 1.23 1.22 1.21 1.20 1.20 1.20 1.19 1.18 1.18 1.17 1.16 1.15 1.14 1.13 1.12 1.12 1.12 1.11 1.10 1.09 1.09 1.08 1.08 1.07 1.07 1.06 1.06 1.06 1.06 1.05 1.05 1.04 1.04 1.03 1.03 1.03 1.02 1.02 1.01 1.01 1.01 1.00 1.01 1.00 1.00 1.00 1.00 1.00 1.00 0.99 0.99 0.99 0.98 0.98 0.98 0.98 0.98 0.98 0.97 0.97 0.97 0.97 0.97 0.97 0.97 0.96 0.96 0.97 0.96 0.96 0.95 -4.051265 8.350148 2.985457 -4.090778 8.356368 2.985457 1217.060609 magnum 5.600059
ODOM -4.163643 8.367942 2.973538 0.494000 -0.000213 0.000000 1217.243243 magnum 5.719661
ODOM -4.262219 8.384666 2.952062 0.514500 -0.000442 0.000000 1217.368955 magnum 5.844762
FLASER 360 6.35 6.35 7.12 7.15 7.17 7.25 7.25 6.90 6.88 6.87 6.86 1.64 1.64 1.63 1.64 1.67 1.69 1.69 1.70 1.70 1.69 1.69 1.70 1.70 1.70 1.70 1.70 1.71 1.71 1.71 1.72 1.72 1.73 1.73 1.73 1.74 1.74 1.74 1.74 1.75 1.74 1.74 1.75 1.75 1.76 1.77 1.77 1.77 1.78 1.79 1.79 1.79 1.80 1.80 1.81 1.82 1.83 1.83 1.84 1.85 1.86 1.87 1.88 1.89 1.90 1.91 1.91 1.92 1.93 1.93 1.94 1.95 1.96 1.97 1.98 1.99 2.01 2.02 2.04 2.05 2.06 2.08 2.09 2.09 2.11 2.12 2.11 2.09 2.11 2.12 2.15 2.11 2.11 2.07 2.06 2.03 2.04 2.04 2.06 2.08 2.11 2.11 2.13 2.16 2.19 2.25 2.63 2.66 2.69 2.72 2.75 2.77 2.81 2.83 2.87 2.89 2.94 2.97 3.02 3.04 3.09 3.11 3.16 3.20 3.24 3.29 3.33 5.56 5.65 6.21 81.91 3.53 3.51 3.50 3.52 3.69 3.79 3.86 3.94 4.00 4.08 4.16 4.24 4.32 4.41 4.49 4.60 4.68 4.80 4.80 4.88 5.13 5.26 5.39 5.55 5.69 5.87 6.04 6.19 6.31 7.13 7.19 7.12 7.23 7.55 7.56 7.56 7.74 9.05 9.11 9.10 9.09 9.12 9.11 9.09 9.08 9.08 9.05 9.01 11.29 11.21 11.18 11.20 11.18 11.18 11.17 11.17 11.17 11.25 11.30 9.11 9.00 8.99 9.03 9.07 9.11 9.12 9.13 9.08 9.00 9.01 7.56 7.47 7.47 7.13 7.00 7.01 6.11 5.95 5.65 5.35 5.14 4.65 4.63 4.60 4.44 4.23 4.09 3.93 3.83 3.67 3.57 3.25 3.23 3.20 3.13 3.05 2.97 2.90 2.83 2.76 2.70 2.63 2.59 2.52 2.47 2.42 2.38 2.32 2.28 1.84 1.76 1.73 1.71 1.67 1.65 1.63 1.60 1.61 1.60 1.63 1.62 1.64 1.64 1.66 1.66 1.67 1.67 1.62 1.63 1.63 1.63 1.63 1.61 1.58 1.57 1.54 1.53 1.51 1.51 1.48 1.47 1.46 1.43 1.42 1.41 1.40 1.39 1.37 1.36 1.35 1.35 1.33 1.32 1.31 1.30 1.29 1.28 1.27 1.26 1.25 1.24 1.23 1.23 1.21 1.21 1.20 1.20 1.19 1.19 1.17 1.17 1.16 1.15 1.14 1.14 1.13 1.13 1.12 1.11 1.11 1.10 1.10 1.09 1.08 1.08 1.07 1.07 1.07 1.06 1.06 1.05 1.05 1.05 1.04 1.04 1.03 1.03 1.03 1.02 1.02 1.02 1.01 1.01 1.01 1.00 1.00 1.00 1.00 1.00 0.99 0.99 0.99 0.99 0.99 0.99 0.98 0.98 0.98 0.98 0.98 0.98 0.97 0.97 0.97 0.97 0.98 0.98 0.97 0.97 -4.150823 8.365532 2.967748 -4.190220 8.372451 2.967748 1217.270640 magnum 5.844874
ODOM -4.312637 8.394337 2.948994 0.513500 -0.000017 0.000000 1217.483819 magnum 5.963668
ODOM -4.361344 8.403836 2.945926 0.495500 0.000028 0.000000 1217.602893 magnum 6.080848
FLASER 360 6.38 6.38 7.02 7.19 7.16 1.62 1.63 1.63 1.64 1.66 1.68 1.67 1.67 1.67 1.68 1.68 1.68 1.68 1.68 1.69 1.68 1.68 1.69 1.69 1.69 1.69 1.70 1.69 1.70 1.70 1.71 1.71 1.71 1.71 1.72 1.72 1.71 1.72 1.72 1.73 1.73 1.73 1.74 1.74 1.74 1.74 1.75 1.75 1.76 1.76 1.77 1.77 1.78 1.79 1.79 1.80 1.81 1.81 1.82 1.82 1.84 1.84 1.85 1.86 1.87 1.87 1.89 1.90 1.91 1.91 1.91 1.92 1.94 1.94 1.96 1.96 1.98 1.98 2.00 2.01 2.02 2.03 2.05 2.04 2.04 2.02 2.03 2.06 2.08 2.04 2.03 2.00 1.98 1.95 1.96 1.97 1.98 2.00 2.02 2.03 2.05 2.07 2.09 2.13 2.27 2.55 2.58 2.59 2.62 2.64 2.68 2.70 2.73 2.75 2.79 2.82 2.85 2.88 2.92 2.94 2.99 3.02 3.06 3.09 3.14 3.16 3.23 3.24 5.48 5.46 5.96 3.47 3.44 3.39 3.39 3.43 3.63 3.67 3.75 3.83 3.90 3.97 4.05 4.13 4.21 4.28 4.38 4.45 4.55 4.64 4.71 4.71 4.94 5.05 5.21 5.33 5.49 5.63 5.82 5.99 6.11 6.32 7.09 7.07 7.00 7.20 7.45 7.46 7.46 7.60 8.95 8.99 8.99 8.97 9.01 8.99 8.99 8.97 8.96 8.95 8.90 8.88 11.10 11.08 11.10 11.08 11.07 11.07 11.07 11.05 11.10 11.20 11.21 8.93 8.86 8.90 8.92 8.96 8.99 8.98 8.99 8.89 8.90 7.62 7.35 7.35 7.32 6.96 6.91 6.83 5.96 5.80 5.44 5.24 4.94 4.55 4.52 4.50 4.29 4.16 3.98 3.88 3.74 3.62 3.50 3.31 3.14 3.13 3.06 3.01 2.93 2.87 2.79 2.74 2.67 2.61 2.55 2.51 2.45 2.40 2.35 2.31 2.26 2.23 2.18 2.06 1.72 1.67 1.64 1.62 1.59 1.57 1.54 1.52 1.52 1.52 1.53 1.53 1.55 1.55 1.57 1.57 1.60 1.60 1.58 1.57 1.54 1.53 1.55 1.55 1.53 1.52 1.50 1.48 1.46 1.45 1.43 1.43 1.41 1.40 1.38 1.37 1.36 1.35 1.34 1.33 1.32 1.31 1.30 1.29 1.28 1.28 1.27 1.26 1.24 1.24 1.23 1.22 1.20 1.20 1.20 1.19 1.18 1.18 1.17 1.17 1.16 1.15 1.14 1.13 1.12 1.12 1.11 1.12 1.10 1.10 1.10 1.08 1.08 1.08 1.07 1.07 1.07 1.07 1.06 1.06 1.05 1.05 1.05 1.05 1.04 1.03 1.02 1.02 1.02 1.02 1.01 1.01 1.00 1.00 1.00 1.00 1.00 1.00 1.00 1.00 1.00 0.99 0.99 0.99 0.99 0.99 0.98 0.98 0.99 0.98 0.98 0.98 0.99 0.98 -4.280181 8.387991 2.948566 -4.319438 8.395664 2.948566 1217.490267 magnum 6.080944
ODOM -4.410463 8.413572 2.942858 0.508000 -0.000022 0.000000 1217.729695 magnum 6.212243
FLASER 360 1.63 1.63 1.62 1.66 1.67 1.66 1.66 1.66 1.67 1.67 1.67 1.66 1.68 1.67 1.66 1.67 1.66 1.66 1.66 1.67 1.66 1.67 1.67 1.68 1.68 1.68 1.68 1.68 1.69 1.69 1.68 1.69 1.69 1.69 1.70 1.70 1.70 1.71 1.70 1.71 1.71 1.72 1.72 1.73 1.72 1.73 1.74 1.74 1.74 1.74 1.75 1.76 1.76 1.76 1.77 1.78 1.79 1.80 1.80 1.81 1.82 1.83 1.83 1.84 1.84 1.85 1.86 1.87 1.88 1.89 1.90 1.90 1.91 1.91 1.93 1.94 1.95 1.97 1.97 1.98 1.97 1.95 1.95 1.98 2.00 1.98 1.97 1.93 1.92 1.89 1.88 1.88 1.90 1.91 1.92 1.93 1.95 1.97 1.99 2.00 2.03 2.14 2.43 2.45 2.47 2.50 2.53 2.56 2.58 2.60 2.63 2.66 2.68 2.71 2.74 2.77 2.80 2.83 2.86 2.89 2.94 2.97 3.01 3.04 3.08 3.12 3.13 5.39 5.37 5.35 81.91 3.34 3.31 3.30 3.31 3.39 3.54 3.60 3.65 3.72 3.81 3.88 3.95 4.02 4.10 4.18 4.25 4.34 4.43 4.52 4.61 4.60 4.70 4.90 5.04 5.17 5.31 5.46 5.62 5.77 5.95 6.00 6.94 6.97 6.94 6.89 7.28 7.35 7.35 7.34 7.63 8.83 8.88 8.86 8.86 8.88 8.88 8.85 8.85 8.84 8.83 8.78 11.10 10.99 10.97 10.97 10.97 10.95 10.97 10.96 10.95 10.98 11.10 11.08 8.83 8.75 8.79 8.80 8.85 8.85 8.87 8.87 8.79 8.79 7.44 7.30 7.25 7.23 6.93 6.77 6.80 5.93 5.81 5.54 5.26 5.02 4.79 4.44 4.42 4.39 4.17 4.03 3.91 3.78 3.65 3.56 3.44 3.35 3.06 3.03 3.02 2.95 2.90 2.83 2.77 2.72 2.64 2.60 2.54 2.49 2.43 2.39 2.33 2.30 2.25 2.21 2.17 2.14 2.09 2.07 1.79 1.68 1.59 1.56 1.54 1.52 1.50 1.48 1.45 1.44 1.43 1.43 1.45 1.45 1.46 1.46 1.48 1.48 1.50 1.52 1.52 1.50 1.47 1.45 1.47 1.47 1.48 1.46 1.44 1.43 1.41 1.40 1.38 1.38 1.36 1.35 1.35 1.34 1.32 1.31 1.30 1.29 1.29 1.28 1.27 1.26 1.25 1.24 1.23 1.22 1.21 1.20 1.20 1.20 1.19 1.19 1.17 1.17 1.17 1.16 1.15 1.14 1.13 1.14 1.14 1.12 1.11 1.11 1.10 1.10 1.09 1.09 1.08 1.08 1.07 1.07 1.07 1.07 1.06 1.05 1.05 1.05 1.04 1.04 1.04 1.03 1.03 1.03 1.02 1.02 1.02 1.02 1.01 1.01 1.01 1.01 1.01 1.00 1.00 1.00 1.00 1.00 1.00 1.00 1.00 0.99 1.00 0.99 1.00 0.99 -4.363719 8.404201 2.943328 -4.402935 8.412080 2.943328 1217.700223 magnum 6.212368
ODOM -4.460170 8.423582 2.942858 0.507000 0.000000 0.000000 1217.843151 magnum 6.322251
ODOM -4.557732 8.443230 2.945926 0.493500 0.000185 0.000000 1217.969951 magnum 6.446010
FLASER 360 1.66 1.66 1.66 1.67 1.66 1.65 1.66 1.65 1.65 1.66 1.65 1.65 1.68 1.65 1.66 1.66 1.66 1.66 1.66 1.66 1.66 1.66 1.66 1.66 1.66 1.66 1.66 1.67 1.67 1.67 1.68 1.68 1.68 1.68 1.69 1.69 1.69 1.70 1.69 1.70 1.70 1.70 1.71 1.72 1.71 1.72 1.72 1.73 1.74 1.74 1.75 1.75 1.75 1.76 1.77 1.77 1.78 1.78 1.79 1.79 1.80 1.81 1.82 1.83 1.83 1.83 1.84 1.85 1.86 1.87 1.88 1.90 1.90 1.91 1.91 1.91 1.88 1.89 1.90 1.94 1.93 1.90 1.87 1.85 1.83 1.81 1.81 1.82 1.83 1.84 1.85 1.87 1.88 1.90 1.91 1.93 1.94 2.04 2.34 2.36 2.38 2.40 2.42 2.43 2.46 2.47 2.51 2.53 2.56 2.58 2.60 2.63 2.66 2.69 2.72 2.75 2.77 2.81 2.84 2.88 2.91 2.94 2.99 3.02 3.04 81.91 5.40 5.29 5.28 3.28 3.24 3.21 3.20 3.24 3.38 3.46 3.51 3.55 3.63 3.69 3.75 3.84 3.91 4.00 4.06 4.14 4.22 4.31 4.39 4.48 4.51 4.52 4.74 4.86 4.98 5.12 5.25 5.40 5.55 5.72 5.86 5.93 6.83 6.87 6.81 6.79 7.20 7.25 7.24 7.25 7.53 8.73 8.78 8.76 8.75 8.78 8.77 8.75 8.75 8.73 8.72 8.68 8.68 10.88 10.87 10.86 10.86 10.86 10.85 10.85 10.85 10.86 11.00 10.96 8.78 8.66 8.67 8.69 8.74 8.77 8.77 8.78 8.74 8.68 8.69 7.29 7.14 7.14 7.12 6.74 6.69 6.69 5.80 5.65 5.36 5.12 4.89 4.70 4.34 4.31 4.30 4.13 3.97 3.85 3.72 3.60 3.51 3.41 3.30 3.21 2.95 2.94 2.92 2.85 2.80 2.75 2.69 2.63 2.58 2.52 2.47 2.42 2.37 2.32 2.28 2.24 2.20 2.17 2.13 2.09 2.06 2.03 2.00 1.97 1.94 1.70 1.54 1.50 1.48 1.46 1.44 1.42 1.41 1.39 1.37 1.36 1.36 1.35 1.36 1.36 1.39 1.39 1.41 1.41 1.43 1.44 1.45 1.44 1.41 1.38 1.39 1.40 1.41 1.41 1.40 1.38 1.36 1.35 1.34 1.33 1.32 1.30 1.29 1.29 1.28 1.28 1.26 1.25 1.24 1.23 1.23 1.22 1.21 1.20 1.20 1.20 1.19 1.18 1.18 1.18 1.17 1.17 1.15 1.15 1.13 1.13 1.13 1.12 1.12 1.12 1.11 1.11 1.09 1.09 1.08 1.08 1.07 1.07 1.07 1.07 1.07 1.06 1.06 1.06 1.05 1.05 1.04 1.04 1.03 1.03 1.03 1.02 1.02 1.02 1.03 1.02 1.02 1.02 1.02 1.02 1.02 1.01 1.01 1.02 1.01 1.01 1.01 1.00 1.00 1.00 -4.487976 8.429268 2.944966 -4.527205 8.437083 2.944966 1217.920227 magnum 6.446127
ODOM -4.607028 8.453001 2.952062 0.512500 0.000129 0.000000 1218.082773 magnum 6.560830
ODOM -4.656384 8.462469 2.958198 0.507500 0.000162 0.000000 1218.203348 magnum 6.680903
FLASER 360 1.65 1.65 1.65 1.65 1.64 1.64 1.64 1.65 1.64 1.64 1.64 1.65 1.64 1.64 1.64 1.64 1.64 1.64 1.64 1.64 1.64 1.65 1.65 1.65 1.65 1.65 1.66 1.66 1.66 1.66 1.67 1.67 1.67 1.67 1.67 1.68 1.68 1.68 1.68 1.68 1.69 1.70 1.70 1.70 1.71 1.71 1.72 1.71 1.72 1.72 1.73 1.75 1.74 1.75 1.75 1.75 1.77 1.77 1.78 1.79 1.79 1.80 1.80 1.81 1.82 1.82 1.83 1.84 1.85 1.84 1.83 1.82 1.83 1.85 1.86 1.84 1.83 1.78 1.77 1.74 1.74 1.74 1.76 1.76 1.77 1.78 1.80 1.81 1.82 1.83 1.85 1.85 1.91 2.24 2.26 2.28 2.29 2.31 2.33 2.36 2.38 2.39 2.41 2.43 2.45 2.47 2.50 2.53 2.55 2.58 2.60 2.63 2.65 2.69 2.71 2.75 2.77 2.81 2.83 2.87 2.90 2.94 2.96 5.70 81.91 5.20 5.19 3.16 3.14 3.10 3.11 3.14 3.25 3.34 3.40 3.46 3.51 3.56 3.63 3.69 3.75 3.86 3.92 4.00 4.06 4.15 4.22 4.32 4.40 4.40 4.43 4.66 4.75 4.89 5.00 5.15 5.27 5.43 5.57 5.74 5.80 6.72 6.78 6.74 6.69 7.04 7.12 7.13 7.14 7.28 8.58 8.66 8.67 8.65 8.66 8.66 8.66 8.64 8.64 8.62 8.60 8.57 10.86 10.77 10.78 10.76 10.75 10.75 10.74 10.73 10.74 10.78 10.88 10.87 8.64 8.55 8.58 8.58 8.66 8.66 8.68 8.66 8.62 8.58 8.59 7.15 7.04 7.03 7.02 6.63 6.58 6.58 5.73 5.57 5.33 5.05 4.87 4.66 4.33 4.22 4.22 4.10 3.96 3.83 3.72 3.59 3.50 3.40 3.30 3.22 3.12 2.89 2.84 2.84 2.79 2.72 2.69 2.63 2.58 2.52 2.49 2.42 2.39 2.33 2.29 2.24 2.21 2.17 2.14 2.09 2.07 2.03 2.01 1.97 1.95 1.91 1.90 1.87 1.84 1.81 1.54 1.45 1.41 1.40 1.38 1.36 1.35 1.34 1.32 1.30 1.29 1.28 1.27 1.27 1.30 1.30 1.31 1.31 1.33 1.34 1.36 1.37 1.38 1.38 1.34 1.33 1.32 1.32 1.34 1.35 1.34 1.32 1.31 1.30 1.29 1.28 1.28 1.26 1.25 1.24 1.24 1.23 1.22 1.21 1.20 1.20 1.20 1.20 1.18 1.18 1.18 1.17 1.17 1.15 1.15 1.15 1.14 1.13 1.13 1.13 1.13 1.11 1.10 1.10 1.10 1.09 1.09 1.08 1.08 1.07 1.08 1.07 1.07 1.07 1.06 1.06 1.06 1.05 1.04 1.04 1.04 1.04 1.03 1.03 1.03 1.04 1.03 1.03 1.03 1.02 1.02 1.02 1.02 1.02 1.02 1.02 1.02 1.02 1.02 1.02 -4.591561 8.450155 2.955026 -4.630867 8.457574 2.955026 1218.130554 magnum 6.681017
ODOM -4.705978 8.471668 2.962800 0.502000 0.000146 0.000000 1218.323303 magnum 6.800973
ODOM -4.755800 8.480672 2.968936 0.502500 0.000084 0.000000 1218.442978 magnum 6.920086
FLASER 360 1.64 1.64 1.64 1.64 1.64 1.64 1.64 1.64 1.64 1.63 1.64 1.63 1.64 1.64 1.64 1.64 1.63 1.64 1.64 1.63 1.64 1.63 1.64 1.64 1.64 1.64 1.64 1.64 1.65 1.65 1.65 1.66 1.66 1.66 1.67 1.67 1.67 1.67 1.68 1.68 1.69 1.69 1.70 1.70 1.70 1.70 1.70 1.72 1.71 1.72 1.73 1.74 1.74 1.74 1.75 1.75 1.76 1.77 1.77 1.78 1.79 1.80 1.79 1.76 1.77 1.77 1.79 1.80 1.79 1.75 1.73 1.69 1.67 1.67 1.67 1.68 1.70 1.71 1.72 1.73 1.74 1.75 1.76 1.76 1.78 1.81 1.88 2.15 2.17 2.19 2.21 2.22 2.24 2.25 2.27 2.29 2.30 2.33 2.35 2.38 2.39 2.40 2.42 2.45 2.47 2.50 2.52 2.55 2.58 2.60 2.62 2.66 2.68 2.71 2.75 2.78 2.81 2.84 2.86 6.41 5.65 81.91 5.21 5.09 3.06 3.02 3.01 3.02 3.05 3.20 3.25 3.31 3.35 3.42 3.46 3.53 3.58 3.64 3.70 3.80 3.86 3.94 4.01 4.09 4.17 4.25 4.31 4.29 4.38 4.58 4.68 4.81 4.91 5.04 5.19 5.34 5.48 5.64 5.69 6.64 6.66 6.65 6.58 6.84 7.01 7.03 7.03 7.10 7.51 8.54 8.56 8.55 8.54 8.57 8.55 8.55 8.54 8.53 8.52 8.46 8.47 10.66 10.67 10.64 10.65 10.62 10.63 10.64 10.63 10.64 10.74 10.75 8.59 8.46 8.44 8.49 8.51 8.56 8.57 8.58 8.58 8.48 8.48 7.13 7.03 6.93 6.94 6.88 6.52 6.48 6.48 5.61 5.50 5.23 5.00 4.78 4.62 4.37 4.13 4.12 4.09 3.92 3.80 3.67 3.57 3.47 3.38 3.29 3.21 3.12 3.05 2.83 2.75 2.75 2.73 2.65 2.62 2.58 2.52 2.46 2.42 2.38 2.33 2.29 2.25 2.21 2.17 2.14 2.10 2.07 2.03 2.01 1.98 1.95 1.92 1.90 1.87 1.84 1.82 1.80 1.78 1.75 1.74 1.71 1.48 1.37 1.34 1.33 1.31 1.30 1.28 1.27 1.26 1.24 1.23 1.22 1.20 1.20 1.21 1.20 1.22 1.22 1.24 1.25 1.26 1.28 1.30 1.31 1.32 1.31 1.27 1.27 1.26 1.25 1.29 1.28 1.28 1.27 1.26 1.25 1.24 1.23 1.22 1.21 1.20 1.20 1.20 1.20 1.19 1.18 1.18 1.17 1.16 1.16 1.15 1.14 1.14 1.14 1.14 1.13 1.13 1.12 1.12 1.10 1.10 1.10 1.09 1.09 1.08 1.08 1.07 1.07 1.07 1.07 1.07 1.06 1.06 1.06 1.05 1.05 1.05 1.05 1.05 1.05 1.05 1.04 1.04 1.04 1.03 1.04 1.03 1.03 1.03 1.02 1.02 1.02 1.02 1.02 1.02 1.02 -4.677969 8.466663 2.964200 -4.717342 8.473721 2.964200 1218.340166 magnum 6.920199
ODOM -4.854863 8.497948 2.982742 0.516500 0.000185 0.000000 1218.568460 magnum 7.047149
FLASER 360 1.64 1.63 1.63 1.63 1.63 1.63 1.63 1.63 1.62 1.61 1.62 1.63 1.63 1.63 1.63 1.63 1.63 1.63 1.63 1.63 1.63 1.63 1.63 1.64 1.64 1.64 1.64 1.64 1.64 1.65 1.65 1.65 1.66 1.66 1.66 1.66 1.67 1.67 1.67 1.67 1.68 1.68 1.68 1.70 1.70 1.70 1.70 1.71 1.72 1.72 1.73 1.74 1.74 1.75 1.75 1.71 1.70 1.72 1.71 1.75 1.75 1.70 1.69 1.64 1.63 1.61 1.62 1.62 1.63 1.64 1.65 1.65 1.65 1.67 1.67 1.68 1.70 1.71 1.72 1.85 2.06 2.08 2.10 2.11 2.13 2.15 2.15 2.17 2.18 2.20 2.22 2.23 2.25 2.27 2.28 2.30 2.32 2.35 2.37 2.38 2.40 2.42 2.44 2.47 2.49 2.52 2.55 2.58 2.60 2.63 2.66 2.69 2.71 2.75 2.77 5.13 5.13 5.56 5.50 5.12 3.00 2.95 2.94 2.91 2.93 2.99 3.11 3.17 3.21 3.26 3.31 3.37 3.42 3.48 3.53 3.60 3.65 3.72 3.80 3.89 3.94 4.03 4.10 4.18 4.20 4.20 4.35 4.49 4.60 4.72 4.82 4.96 5.06 5.24 5.36 5.54 5.58 6.56 6.55 6.55 6.48 6.54 6.89 6.92 6.92 6.92 7.18 8.42 8.46 8.44 8.44 8.47 8.47 8.43 8.44 8.42 8.43 8.36 8.36 10.61 10.55 10.53 10.54 10.52 10.52 10.52 10.54 10.52 10.55 10.68 10.66 8.46 8.35 8.33 8.39 8.43 8.47 8.46 8.49 8.44 8.36 8.36 7.03 6.86 6.83 6.83 6.79 6.38 6.38 6.37 5.53 5.40 5.19 4.93 4.77 4.56 4.41 4.05 4.02 4.01 3.92 3.75 3.66 3.55 3.46 3.36 3.28 3.19 3.12 3.03 2.96 2.88 2.68 2.66 2.66 2.60 2.55 2.51 2.47 2.42 2.38 2.33 2.29 2.25 2.22 2.17 2.15 2.10 2.08 2.04 2.01 1.98 1.96 1.93 1.90 1.88 1.85 1.83 1.81 1.78 1.76 1.74 1.72 1.70 1.68 1.66 1.64 1.63 1.57 1.40 1.29 1.27 1.26 1.24 1.22 1.21 1.20 1.20 1.19 1.18 1.17 1.16 1.15 1.14 1.13 1.13 1.15 1.15 1.18 1.18 1.20 1.20 1.22 1.23 1.25 1.25 1.22 1.21 1.21 1.21 1.20 1.21 1.22 1.23 1.21 1.20 1.20 1.20 1.19 1.18 1.18 1.17 1.17 1.16 1.15 1.15 1.14 1.14 1.14 1.14 1.13 1.12 1.12 1.11 1.11 1.10 1.10 1.10 1.09 1.08 1.08 1.07 1.07 1.07 1.07 1.07 1.06 1.06 1.06 1.06 1.06 1.06 1.06 1.05 1.04 1.05 1.05 1.04 1.04 1.04 1.03 1.03 1.03 1.03 1.03 1.03 1.03 1.02 1.03 1.02 -4.808700 8.490420 2.981812 -4.848191 8.496784 2.981812 1218.550600 magnum 7.047262
ODOM -4.904606 8.505916 2.990412 0.504000 0.000168 0.000000 1218.682945 magnum 7.158981
ODOM -4.954604 8.513533 2.998082 0.497000 0.000112 0.000000 1218.790024 magnum 7.269107
FLASER 360 1.63 1.62 1.62 1.63 1.62 1.62 1.62 1.62 1.61 1.62 1.62 1.62 1.62 1.63 1.63 1.63 1.63 1.63 1.63 1.63 1.64 1.63 1.63 1.63 1.64 1.64 1.63 1.64 1.64 1.65 1.65 1.64 1.65 1.65 1.66 1.66 1.66 1.66 1.67 1.68 1.68 1.68 1.69 1.69 1.69 1.69 1.68 1.65 1.66 1.66 1.67 1.69 1.68 1.63 1.62 1.56 1.56 1.55 1.56 1.57 1.58 1.58 1.60 1.60 1.61 1.61 1.62 1.63 1.64 1.65 1.65 1.76 1.93 2.00 2.01 2.02 2.03 2.05 2.06 2.07 2.08 2.10 2.12 2.13 2.15 2.16 2.17 2.19 2.21 2.22 2.24 2.26 2.28 2.30 2.31 2.34 2.36 2.38 2.38 2.42 2.43 2.46 2.47 2.51 2.54 2.57 2.59 2.62 2.64 2.67 2.69 9.67 5.07 6.24 5.50 81.91 2.89 2.85 2.83 2.81 2.84 2.93 3.02 3.06 3.11 3.15 3.20 3.26 3.30 3.35 3.41 3.47 3.51 3.58 3.63 3.71 3.79 3.86 3.92 4.00 4.07 4.09 4.10 4.30 4.37 4.49 4.58 4.71 4.80 4.94 5.06 5.22 5.36 5.45 5.56 6.40 6.45 6.38 6.37 6.73 6.79 6.82 6.82 6.85 7.23 8.31 8.36 8.34 8.33 8.35 8.33 8.33 8.32 8.30 8.31 8.26 8.26 10.50 10.45 10.43 10.43 10.40 10.42 10.41 10.43 10.39 10.44 10.54 10.54 8.34 8.24 8.23 8.25 8.26 8.29 8.27 8.30 8.28 8.27 8.26 8.26 6.82 6.72 6.72 6.70 6.34 6.27 6.26 5.74 5.35 5.25 4.96 4.79 4.59 4.44 4.25 3.96 3.91 3.92 3.79 3.68 3.57 3.48 3.38 3.29 3.21 3.14 3.06 3.00 2.91 2.87 2.78 2.59 2.54 2.55 2.52 2.46 2.42 2.40 2.34 2.31 2.26 2.23 2.19 2.16 2.12 2.09 2.06 2.03 1.99 1.97 1.94 1.91 1.89 1.86 1.83 1.82 1.79 1.77 1.74 1.74 1.71 1.69 1.67 1.65 1.63 1.62 1.60 1.59 1.58 1.56 1.54 1.52 1.51 1.27 1.21 1.20 1.18 1.17 1.16 1.15 1.14 1.14 1.13 1.13 1.11 1.11 1.10 1.08 1.07 1.08 1.07 1.08 1.07 1.10 1.10 1.13 1.13 1.16 1.16 1.19 1.20 1.20 1.18 1.16 1.15 1.15 1.14 1.17 1.18 1.17 1.17 1.17 1.16 1.15 1.15 1.14 1.14 1.14 1.13 1.13 1.11 1.12 1.11 1.11 1.11 1.10 1.10 1.09 1.09 1.08 1.08 1.08 1.08 1.08 1.07 1.07 1.07 1.06 1.06 1.05 1.06 1.06 1.06 1.05 1.05 1.05 1.05 1.05 1.04 1.04 1.04 1.04 1.04 1.04 1.03 1.03 1.03 1.03 1.02 -4.910570 8.507108 2.997400 -4.950155 8.512855 2.997400 1218.770597 magnum 7.269229
ODOM -5.003990 8.520670 3.004218 0.498000 0.000123 0.000000 1218.902821 magnum 7.381282
ODOM -5.053853 8.527563 3.010354 0.498000 0.000123 0.000000 1219.022472 magnum 7.500245
FLASER 360 1.61 1.62 1.62 1.61 1.61 1.61 1.62 1.61 1.61 1.62 1.62 1.62 1.62 1.62 1.62 1.62 1.63 1.63 1.63 1.62 1.63 1.64 1.63 1.63 1.63 1.63 1.63 1.63 1.64 1.64 1.64 1.65 1.65 1.66 1.66 1.66 1.66 1.62 1.63 1.63 1.64 1.65 1.66 1.63 1.61 1.54 1.53 1.50 1.51 1.51 1.52 1.52 1.53 1.53 1.54 1.55 1.56 1.56 1.57 1.58 1.58 1.59 1.60 1.79 1.91 1.94 1.95 1.96 1.96 1.98 1.98 2.00 2.01 2.01 2.02 2.04 2.05 2.07 2.07 2.09 2.10 2.13 2.14 2.15 2.16 2.18 2.20 2.22 2.23 2.25 2.27 2.29 2.30 2.33 2.35 2.37 2.38 2.40 2.42 2.45 2.47 2.50 2.53 2.56 2.58 2.60 7.08 9.48 9.48 7.32 6.20 2.81 2.79 2.74 2.74 2.73 2.76 2.89 2.93 2.96 3.01 3.05 3.09 3.15 3.19 3.25 3.30 3.34 3.39 3.46 3.50 3.56 3.63 3.69 3.75 3.84 3.90 3.99 3.99 4.01 4.14 4.27 4.36 4.47 4.56 4.69 4.80 4.93 5.03 5.22 5.34 5.38 6.38 6.27 6.34 6.27 6.27 6.66 6.71 6.70 6.71 6.84 8.09 8.22 8.24 8.23 8.23 8.23 8.22 8.22 8.22 8.20 8.19 8.15 8.15 10.38 10.34 10.32 10.32 10.30 10.31 10.31 10.32 10.29 10.32 10.43 10.42 8.23 8.14 8.13 8.16 8.16 8.17 8.17 8.17 8.17 8.17 8.15 8.16 6.81 6.62 6.61 6.62 6.38 6.16 6.16 6.15 5.32 5.21 4.99 4.82 4.61 4.46 4.28 4.14 3.84 3.81 3.81 3.72 3.58 3.49 3.40 3.30 3.22 3.15 3.07 3.01 2.93 2.88 2.81 2.75 2.69 2.50 2.45 2.46 2.43 2.38 2.33 2.31 2.27 2.24 2.20 2.17 2.13 2.10 2.07 2.04 2.01 1.98 1.95 1.92 1.90 1.88 1.84 1.83 1.80 1.79 1.76 1.74 1.72 1.71 1.69 1.66 1.64 1.63 1.61 1.60 1.58 1.57 1.55 1.53 1.52 1.51 1.50 1.48 1.46 1.44 1.44 1.42 1.41 1.18 1.14 1.13 1.12 1.11 1.10 1.09 1.09 1.08 1.08 1.07 1.06 1.05 1.04 1.03 1.03 1.02 1.01 1.01 1.01 1.01 1.01 1.04 1.05 1.07 1.08 1.12 1.13 1.16 1.15 1.13 1.12 1.11 1.11 1.10 1.10 1.14 1.14 1.13 1.13 1.13 1.13 1.12 1.12 1.11 1.10 1.09 1.08 1.08 1.08 1.08 1.07 1.07 1.07 1.08 1.08 1.08 1.07 1.06 1.06 1.06 1.06 1.05 1.05 1.05 1.05 1.05 1.05 1.05 1.05 1.04 1.04 1.04 1.04 1.04 1.04 1.03 1.04 1.03 1.03 -5.000832 8.520414 3.008708 -5.040479 8.525714 3.008708 1218.980183 magnum 7.500354
ODOM -5.103530 8.534120 3.018024 0.489500 0.000129 0.000000 1219.142879 magnum 7.620592
ODOM -5.203404 8.546525 3.031830 0.505500 0.000140 0.000000 1219.268521 magnum 7.744184
FLASER 360 1.62 1.61 1.67 1.61 1.61 1.60 1.61 1.61 1.61 1.62 1.62 1.62 1.62 1.61 1.61 1.62 1.62 1.62 1.62 1.62 1.63 1.63 1.63 1.64 1.64 1.64 1.65 1.64 1.64 1.60 1.60 1.61 1.61 1.63 1.63 1.55 1.53 1.47 1.46 1.47 1.46 1.47 1.47 1.48 1.49 1.49 1.50 1.51 1.52 1.52 1.52 1.54 1.55 1.54 1.56 1.79 1.86 1.88 1.89 1.90 1.90 1.90 1.92 1.93 1.94 1.95 1.96 1.97 1.98 1.99 2.00 2.01 2.01 2.03 2.04 2.06 2.07 2.08 2.10 2.12 2.13 2.15 2.16 2.18 2.19 2.21 2.22 2.24 2.26 2.28 2.30 2.32 2.34 2.36 2.37 2.39 2.42 2.44 2.46 2.50 2.51 4.35 81.91 6.98 9.64 9.72 9.54 2.72 2.70 2.65 2.66 2.65 2.68 2.81 2.84 2.88 2.91 2.95 3.00 3.04 3.09 3.12 3.18 3.23 3.27 3.34 3.37 3.44 3.47 3.55 3.60 3.66 3.72 3.82 3.89 3.89 3.90 4.06 4.16 4.25 4.33 4.45 4.54 4.66 4.76 4.89 4.99 5.18 5.24 5.41 6.24 6.23 6.24 6.16 6.19 6.56 6.62 6.60 6.61 6.77 8.01 8.11 8.14 8.12 8.12 8.14 8.13 8.11 8.10 8.09 8.09 8.05 8.04 10.29 10.24 10.21 10.21 10.21 10.19 10.19 10.21 10.17 10.20 10.32 10.33 8.14 8.06 8.02 8.05 8.05 8.08 8.09 8.10 8.11 8.09 8.04 8.05 6.72 6.58 6.50 6.52 6.48 6.16 6.05 6.08 6.03 5.22 5.06 4.88 4.67 4.52 4.34 4.20 4.05 3.76 3.70 3.69 3.63 3.52 3.42 3.35 3.25 3.18 3.09 3.03 2.96 2.91 2.83 2.78 2.71 2.67 2.61 2.44 2.37 2.35 2.35 2.32 2.27 2.25 2.21 2.18 2.15 2.11 2.08 2.05 2.02 2.00 1.97 1.94 1.91 1.89 1.86 1.84 1.81 1.79 1.77 1.75 1.73 1.71 1.69 1.67 1.65 1.64 1.62 1.61 1.59 1.58 1.56 1.54 1.53 1.52 1.50 1.49 1.47 1.46 1.45 1.44 1.42 1.41 1.40 1.39 1.38 1.36 1.36 1.35 1.34 1.21 1.12 1.08 1.07 1.06 1.06 1.05 1.04 1.04 1.03 1.02 1.01 1.02 1.00 1.00 0.99 0.99 0.98 0.98 0.98 0.97 0.97 0.96 0.96 0.99 0.99 1.02 1.03 1.06 1.06 1.11 1.10 1.10 1.09 1.08 1.07 1.07 1.07 1.08 1.09 1.10 1.10 1.09 1.09 1.09 1.07 1.07 1.07 1.07 1.08 1.07 1.07 1.07 1.06 1.07 1.06 1.06 1.05 1.06 1.05 1.05 1.05 1.04 1.04 1.04 1.04 1.04 1.04 1.04 1.04 1.03 1.03 1.03 1.03 -5.117460 8.536149 3.025442 -5.157191 8.540785 3.025442 1219.200196 magnum 7.744400
ODOM -5.252779 8.551966 3.037966 0.496500 0.000151 0.000000 1219.382723 magnum 7.860364
ODOM -5.302616 8.557149 3.045636 0.498500 0.000162 0.000000 1219.502939 magnum 7.981316
FLASER 360 1.61 1.60 1.60 1.60 1.61 1.60 1.60 1.61 1.62 1.61 1.61 1.61 1.61 1.62 1.61 1.62 1.62 1.62 1.62 1.57 1.58 1.58 1.58 1.60 1.60 1.55 1.52 1.44 1.44 1.44 1.44 1.45 1.45 1.45 1.46 1.47 1.47 1.47 1.47 1.48 1.48 1.48 1.49 1.49 1.50 1.61 1.66 1.81 1.82 1.82 1.83 1.84 1.85 1.85 1.87 1.88 1.88 1.89 1.90 1.91 1.91 1.93 1.94 1.95 1.96 1.97 1.97 1.99 1.99 2.01 2.01 2.03 2.04 2.06 2.07 2.08 2.09 2.11 2.13 2.15 2.16 2.17 2.18 2.21 2.22 2.23 2.25 2.28 2.30 2.31 2.32 2.35 2.37 2.39 2.42 2.43 9.50 81.91 81.91 7.07 6.89 9.57 81.91 2.61 2.58 2.55 2.56 2.59 2.64 2.74 2.77 2.80 2.83 2.87 2.91 2.95 2.99 3.03 3.08 3.12 3.17 3.22 3.26 3.32 3.37 3.43 3.47 3.55 3.59 3.66 3.71 3.79 3.79 3.82 3.97 4.08 4.15 4.24 4.33 4.44 4.53 4.65 4.75 4.88 5.00 5.13 5.19 6.18 6.10 6.13 6.07 6.05 6.36 6.48 6.51 6.49 6.51 6.79 7.95 8.03 8.03 8.02 8.01 8.02 8.01 8.00 8.01 7.99 7.98 7.94 7.95 10.16 10.12 10.10 10.10 10.09 10.09 10.08 10.10 10.06 10.09 10.20 10.19 10.26 7.97 7.90 7.94 7.94 7.96 7.98 7.98 8.00 7.99 7.94 7.94 7.94 6.57 6.40 6.42 6.40 6.29 5.95 5.96 5.94 5.21 4.99 4.90 4.67 4.53 4.35 4.21 4.06 3.94 3.64 3.60 3.58 3.56 3.43 3.35 3.26 3.19 3.10 3.03 2.97 2.90 2.83 2.79 2.73 2.67 2.60 2.57 2.51 2.41 2.29 2.26 2.27 2.25 2.19 2.18 2.15 2.11 2.09 2.05 2.02 2.00 1.97 1.94 1.91 1.90 1.86 1.84 1.82 1.80 1.77 1.76 1.74 1.72 1.70 1.68 1.66 1.64 1.62 1.61 1.60 1.58 1.56 1.55 1.53 1.52 1.51 1.50 1.48 1.47 1.45 1.45 1.42 1.41 1.40 1.39 1.38 1.37 1.36 1.35 1.34 1.33 1.32 1.31 1.30 1.30 1.30 1.29 1.28 1.26 1.25 1.08 1.03 1.01 1.00 1.00 1.00 0.99 0.99 0.98 0.97 0.97 0.96 0.96 0.95 0.95 0.95 0.95 0.95 0.94 0.94 0.94 0.93 0.93 0.92 0.93 0.92 0.94 0.96 1.00 1.00 1.05 1.06 1.07 1.06 1.04 1.04 1.04 1.04 1.04 1.04 1.08 1.07 1.07 1.06 1.07 1.07 1.06 1.06 1.06 1.05 1.05 1.05 1.05 1.05 1.05 1.04 1.04 1.04 1.04 1.04 1.04 1.04 1.04 1.04 1.03 1.03 -5.227663 8.549445 3.040225 -5.267457 8.553493 3.040225 1219.410596 magnum 7.981436
ODOM -5.353364 8.562034 3.051772 0.500000 0.000146 0.000000 1219.629926 magnum 8.115870
FLASER 360 1.59 1.60 1.60 1.61 1.60 1.61 1.61 1.61 1.61 1.57 1.57 1.57 1.57 1.57 1.58 1.55 1.52 1.43 1.42 1.42 1.42 1.43 1.43 1.43 1.43 1.43 1.44 1.44 1.44 1.44 1.46 1.45 1.46 1.47 1.47 1.53 1.56 1.65 1.67 1.78 1.78 1.79 1.79 1.80 1.80 1.81 1.82 1.83 1.83 1.83 1.84 1.85 1.86 1.87 1.88 1.89 1.90 1.90 1.91 1.92 1.93 1.94 1.95 1.97 1.97 1.98 2.00 2.01 2.02 2.03 2.03 2.05 2.06 2.08 2.09 2.11 2.12 2.14 2.16 2.17 2.18 2.20 2.22 2.23 2.25 2.27 2.29 2.31 2.32 2.35 2.36 5.01 5.01 4.22 81.91 9.25 9.21 2.55 2.54 2.50 2.47 2.46 2.49 2.55 2.62 2.66 2.70 2.73 2.77 2.80 2.84 2.87 2.90 2.95 2.99 3.03 3.06 3.11 3.16 3.21 3.26 3.31 3.36 3.42 3.46 3.51 3.57 3.65 3.69 3.67 3.71 3.90 3.96 4.06 4.13 4.23 4.30 4.41 4.51 4.62 4.73 4.86 4.99 5.04 5.22 6.03 5.98 5.97 5.96 5.97 6.34 6.40 6.41 6.39 6.41 6.88 7.85 7.92 7.93 7.91 7.91 7.91 7.91 7.91 7.91 7.88 7.88 7.84 7.83 10.06 10.01 9.99 9.98 9.97 9.97 9.96 9.99 9.95 9.97 10.06 10.11 10.12 7.93 7.80 7.83 7.84 7.85 7.84 7.85 7.86 7.88 7.84 7.84 7.83 6.71 6.31 6.30 6.31 6.27 5.91 5.84 5.84 5.83 4.99 4.88 4.72 4.56 4.37 4.25 4.08 3.98 3.83 3.60 3.49 3.50 3.46 3.37 3.28 3.21 3.11 3.06 2.98 2.93 2.85 2.80 2.73 2.69 2.62 2.58 2.52 2.49 2.43 2.38 2.24 2.19 2.16 2.17 2.16 2.10 2.08 2.06 2.03 2.01 1.97 1.95 1.91 1.90 1.87 1.84 1.82 1.80 1.78 1.76 1.74 1.73 1.70 1.69 1.66 1.65 1.63 1.62 1.60 1.59 1.57 1.56 1.54 1.53 1.51 1.50 1.48 1.47 1.46 1.45 1.44 1.42 1.41 1.40 1.38 1.37 1.37 1.35 1.34 1.33 1.32 1.31 1.31 1.30 1.30 1.29 1.28 1.27 1.26 1.25 1.24 1.23 1.23 1.22 1.21 1.21 1.20 1.20 1.19 1.10 1.05 0.97 0.96 0.95 0.95 0.95 0.95 0.94 0.94 0.93 0.93 0.93 0.92 0.92 0.91 0.91 0.91 0.91 0.90 0.90 0.90 0.90 0.89 0.89 0.89 0.89 0.89 0.89 0.90 0.96 0.96 1.04 1.04 1.05 1.04 1.02 1.02 1.02 1.02 1.02 1.02 1.05 1.04 1.04 1.04 1.05 1.04 1.04 1.04 1.04 1.04 1.04 1.04 1.04 1.03 1.04 1.03 -5.312457 8.558338 3.051643 -5.352296 8.561931 3.051643 1219.620207 magnum 8.116002
ODOM -5.403715 8.566568 3.053306 0.499500 0.000050 0.000000 1219.743506 magnum 8.223084
ODOM -5.503776 8.575426 3.051772 0.495500 0.000006 0.000000 1219.868893 magnum 8.344749
FLASER 360 1.58 1.56 1.56 1.57 1.56 1.58 1.57 1.41 1.40 1.40 1.40 1.41 1.41 1.41 1.41 1.41 1.41 1.42 1.42 1.42 1.42 1.43 1.43 1.43 1.43 1.44 1.46 1.61 1.62 1.65 1.68 1.75 1.76 1.76 1.76 1.76 1.77 1.77 1.78 1.78 1.79 1.79 1.80 1.81 1.81 1.82 1.83 1.84 1.84 1.85 1.86 1.86 1.87 1.88 1.89 1.90 1.91 1.91 1.92 1.94 1.95 1.96 1.97 1.98 1.99 2.00 2.00 2.02 2.02 2.04 2.06 2.07 2.08 2.09 2.11 2.13 2.15 2.16 2.17 2.19 2.20 2.23 2.24 2.25 2.27 3.97 4.39 5.04 4.95 4.93 9.43 9.39 9.29 2.46 2.43 2.39 2.38 2.39 2.42 2.52 2.55 2.58 2.61 2.64 2.68 2.71 2.74 2.78 2.80 2.84 2.87 2.92 2.95 2.99 3.04 3.08 3.12 3.17 3.22 3.27 3.32 3.37 3.42 3.48 3.53 3.59 3.58 3.59 3.69 3.83 3.90 3.99 4.06 4.16 4.24 4.34 4.43 4.54 4.63 4.76 4.89 4.93 5.12 5.95 5.87 5.87 5.86 5.85 6.18 6.27 6.31 6.28 6.30 6.48 7.67 7.80 7.82 7.81 7.82 7.83 7.81 7.81 7.81 7.79 7.78 7.76 7.72 7.71 9.94 9.89 9.89 9.87 9.87 9.86 9.85 9.87 9.86 9.87 9.97 9.98 10.02 7.75 7.70 7.73 7.74 7.74 7.74 7.74 7.75 7.75 7.74 7.73 7.73 6.59 6.24 6.19 6.20 6.16 5.87 5.73 5.74 5.72 5.00 4.80 4.72 4.52 4.36 4.20 4.08 3.95 3.82 3.68 3.46 3.39 3.39 3.36 3.26 3.17 3.11 3.02 2.98 2.91 2.84 2.78 2.72 2.66 2.62 2.57 2.52 2.47 2.42 2.38 2.34 2.29 2.21 2.10 2.08 2.07 2.07 2.04 2.00 1.99 1.96 1.93 1.92 1.89 1.86 1.84 1.82 1.79 1.77 1.76 1.74 1.72 1.70 1.68 1.66 1.65 1.63 1.61 1.60 1.58 1.56 1.54 1.54 1.52 1.51 1.49 1.48 1.47 1.45 1.45 1.43 1.42 1.41 1.39 1.38 1.37 1.36 1.35 1.34 1.33 1.32 1.31 1.31 1.30 1.29 1.28 1.27 1.27 1.26 1.25 1.24 1.23 1.22 1.22 1.22 1.21 1.21 1.20 1.19 1.19 1.18 1.17 1.17 1.17 1.16 1.15 1.15 1.15 1.12 1.10 1.08 1.05 0.93 0.93 0.91 0.91 0.91 0.90 0.90 0.89 0.89 0.89 0.88 0.89 0.88 0.88 0.88 0.88 0.88 0.88 0.87 0.87 0.87 0.87 0.87 0.87 0.87 0.87 0.87 0.87 0.86 0.86 0.93 0.95 1.04 1.03 1.02 1.02 1.01 1.00 1.00 1.01 1.02 1.02 1.03 1.03 1.03 1.03 -5.438809 8.569629 3.052157 -5.478649 8.573201 3.052157 1219.830693 magnum 8.344866
ODOM -5.553473 8.579901 3.048704 0.500500 0.000062 0.000000 1219.983387 magnum 8.460910
ODOM -5.603362 8.584549 3.048704 0.505000 0.000011 0.000000 1220.102795 magnum 8.580552
FLASER 360 1.40 1.41 1.40 1.41 1.41 1.40 1.40 1.41 1.40 1.40 1.40 1.41 1.41 1.41 1.41 1.41 1.42 1.43 1.49 1.58 1.59 1.60 1.62 1.71 1.73 1.73 1.73 1.73 1.74 1.74 1.75 1.75 1.76 1.76 1.76 1.76 1.77 1.77 1.78 1.78 1.79 1.79 1.80 1.81 1.81 1.82 1.83 1.84 1.84 1.85 1.86 1.87 1.88 1.88 1.89 1.90 1.91 1.92 1.93 1.94 1.95 1.96 1.97 1.98 1.99 2.00 2.02 2.02 2.03 2.04 2.06 2.07 2.08 2.10 2.11 2.13 2.15 2.17 2.17 2.19 2.20 2.49 9.67 9.62 4.33 5.01 4.90 4.85 9.42 2.40 2.37 2.32 2.31 2.30 2.31 2.36 2.44 2.47 2.51 2.53 2.56 2.59 2.62 2.65 2.68 2.71 2.75 2.79 2.81 2.85 2.88 2.92 2.96 3.00 3.04 3.08 3.12 3.18 3.22 3.27 3.31 3.37 3.42 3.48 3.50 3.48 3.53 3.68 3.74 3.83 3.91 3.99 4.07 4.16 4.24 4.34 4.43 4.53 4.64 4.78 4.81 4.93 5.93 5.79 5.77 5.76 5.75 5.83 6.14 6.19 6.19 6.18 6.22 6.53 7.62 7.70 7.72 7.70 7.71 7.72 7.70 7.69 7.69 7.68 7.68 7.64 7.60 10.06 9.83 9.79 9.78 9.77 9.77 9.76 9.77 9.76 9.75 9.76 9.85 9.87 9.91 7.68 7.58 7.60 7.62 7.61 7.62 7.62 7.64 7.64 7.62 7.61 7.61 7.60 6.19 6.07 6.10 6.08 6.02 5.63 5.62 5.62 5.61 4.78 4.67 4.54 4.36 4.21 4.08 3.95 3.82 3.68 3.58 3.37 3.29 3.28 3.27 3.19 3.10 3.03 2.97 2.90 2.84 2.78 2.73 2.67 2.61 2.57 2.52 2.47 2.42 2.38 2.34 2.29 2.25 2.22 2.18 2.11 2.00 1.97 1.98 1.98 1.95 1.92 1.90 1.88 1.85 1.84 1.82 1.79 1.77 1.76 1.73 1.72 1.69 1.67 1.66 1.65 1.63 1.61 1.59 1.58 1.56 1.54 1.54 1.52 1.51 1.49 1.48 1.45 1.45 1.43 1.43 1.41 1.40 1.38 1.37 1.37 1.36 1.35 1.34 1.33 1.31 1.31 1.31 1.30 1.28 1.28 1.27 1.26 1.25 1.24 1.24 1.23 1.22 1.22 1.21 1.21 1.20 1.20 1.19 1.18 1.18 1.17 1.17 1.16 1.16 1.15 1.15 1.15 1.15 1.14 1.14 1.13 1.13 1.12 1.12 1.11 1.10 1.10 1.09 1.09 1.04 1.04 1.04 1.04 0.93 0.91 0.88 0.88 0.87 0.87 0.87 0.87 0.87 0.87 0.87 0.87 0.86 0.86 0.86 0.86 0.86 0.86 0.86 0.86 0.86 0.86 0.86 0.86 0.86 0.86 0.85 0.86 0.85 0.85 0.86 0.86 0.95 0.96 -5.544771 8.579091 3.048704 -5.584598 8.582801 3.048704 1220.050897 magnum 8.580698
ODOM -5.653699 8.589238 3.047170 0.502000 0.000045 0.000000 1220.222888 magnum 8.701816
ODOM -5.703151 8.593921 3.047170 0.503000 0.000034 0.000000 1220.332870 magnum 8.809226
FLASER 360 1.40 1.40 1.41 1.41 1.41 1.41 1.41 1.41 1.41 1.49 1.51 1.58 1.58 1.58 1.59 1.69 1.70 1.70 1.70 1.70 1.71 1.71 1.71 1.72 1.73 1.73 1.73 1.74 1.74 1.75 1.75 1.75 1.75 1.75 1.76 1.77 1.77 1.78 1.78 1.78 1.79 1.80 1.80 1.81 1.82 1.82 1.83 1.83 1.84 1.85 1.86 1.87 1.88 1.88 1.90 1.90 1.90 1.92 1.93 1.94 1.95 1.97 1.97 1.98 1.99 2.01 2.02 2.03 2.03 2.04 2.06 2.07 2.08 2.10 2.11 2.13 2.16 2.48 9.41 9.42 9.52 9.61 4.23 4.96 4.84 4.77 2.30 2.26 2.24 2.22 2.23 2.26 2.33 2.38 2.40 2.43 2.45 2.49 2.51 2.53 2.57 2.59 2.62 2.65 2.69 2.71 2.75 2.78 2.81 2.85 2.88 2.92 2.96 3.00 3.04 3.08 3.12 3.17 3.21 3.26 3.31 3.36 3.41 3.39 3.41 3.54 3.62 3.67 3.74 3.83 3.92 3.99 4.07 4.16 4.24 4.34 4.43 4.54 4.64 4.71 4.78 5.87 5.72 5.66 5.67 5.65 5.66 6.01 6.07 6.10 6.08 6.09 6.23 7.36 7.56 7.60 7.59 7.58 7.60 7.60 7.59 7.57 7.57 7.57 7.57 7.52 7.49 9.86 9.70 9.67 9.66 9.64 9.65 9.63 9.65 9.65 9.64 9.65 9.76 9.76 9.80 7.57 7.48 7.49 7.51 7.50 7.51 7.51 7.53 7.53 7.52 7.49 7.51 7.51 6.18 5.97 5.98 5.99 5.93 5.59 5.52 5.54 5.51 4.90 4.62 4.54 4.36 4.21 4.07 3.94 3.82 3.68 3.57 3.49 3.28 3.18 3.18 3.18 3.11 3.02 2.97 2.90 2.83 2.77 2.72 2.67 2.61 2.56 2.52 2.46 2.41 2.37 2.34 2.30 2.25 2.22 2.18 2.15 2.12 2.08 2.01 1.92 1.89 1.88 1.89 1.88 1.84 1.82 1.80 1.78 1.76 1.75 1.73 1.71 1.69 1.67 1.65 1.64 1.62 1.61 1.59 1.58 1.56 1.54 1.54 1.52 1.51 1.49 1.47 1.46 1.44 1.43 1.42 1.41 1.40 1.38 1.37 1.37 1.36 1.35 1.34 1.33 1.31 1.31 1.31 1.29 1.29 1.28 1.27 1.26 1.25 1.24 1.23 1.23 1.22 1.21 1.21 1.21 1.20 1.20 1.19 1.18 1.18 1.17 1.17 1.16 1.16 1.15 1.15 1.15 1.15 1.14 1.14 1.13 1.13 1.12 1.12 1.11 1.11 1.10 1.09 1.09 1.09 1.09 1.08 1.08 1.09 1.07 1.08 1.07 1.07 1.07 1.05 1.04 1.03 1.03 1.02 1.02 1.01 1.00 0.87 0.86 0.86 0.86 0.86 0.85 0.85 0.85 0.85 0.85 0.85 0.85 0.85 0.85 0.85 0.85 0.85 0.85 0.85 0.85 -5.633963 8.587369 3.047170 -5.673784 8.591140 3.047170 1220.260554 magnum 8.809338
ODOM -5.753907 8.598728 3.048704 0.500500 0.000006 0.000000 1220.452808 magnum 8.930870
ODOM -5.852622 8.607924 3.048704 0.505500 0.000050 0.000000 1220.572671 magnum 9.050498
FLASER 360 1.40 1.56 1.58 1.57 1.57 1.57 1.58 1.67 1.67 1.68 1.68 1.68 1.69 1.69 1.70 1.69 1.69 1.70 1.70 1.71 1.71 1.71 1.72 1.72 1.73 1.73 1.73 1.74 1.74 1.75 1.75 1.75 1.75 1.76 1.76 1.77 1.77 1.78 1.78 1.79 1.79 1.80 1.80 1.81 1.82 1.83 1.83 1.83 1.84 1.85 1.86 1.87 1.88 1.89 1.90 1.90 1.91 1.92 1.93 1.94 1.95 1.96 1.97 1.98 2.00 2.01 2.01 2.03 2.04 2.05 2.07 2.13 2.35 2.40 6.67 7.69 7.77 9.33 9.38 4.14 9.50 2.25 2.23 2.17 2.16 2.15 2.16 2.20 2.26 2.30 2.32 2.34 2.36 2.39 2.41 2.44 2.45 2.50 2.51 2.55 2.57 2.61 2.62 2.67 2.69 2.72 2.76 2.78 2.82 2.86 2.90 2.93 2.96 3.01 3.04 3.08 3.12 3.18 3.22 3.27 3.31 3.30 3.31 3.44 3.51 3.57 3.63 3.70 3.76 3.86 3.94 4.01 4.09 4.18 4.26 4.36 4.46 4.58 4.61 4.72 5.79 5.63 5.57 5.56 5.54 5.54 5.84 5.94 6.01 5.98 5.98 6.05 6.36 7.40 7.49 7.48 7.48 7.48 7.50 7.49 7.48 7.47 7.47 7.45 7.45 7.40 7.40 9.66 9.59 9.56 9.55 9.53 9.53 9.52 9.54 9.53 9.53 9.55 9.70 9.66 9.72 7.41 7.36 7.39 7.40 7.40 7.41 7.41 7.42 7.42 7.42 7.39 7.39 7.40 6.12 5.87 5.88 5.89 5.83 5.53 5.41 5.43 5.41 5.39 4.57 4.45 4.34 4.17 4.04 3.91 3.80 3.66 3.56 3.46 3.37 3.17 3.08 3.09 3.08 3.02 2.94 2.88 2.82 2.77 2.71 2.65 2.60 2.55 2.50 2.45 2.40 2.36 2.32 2.29 2.24 2.21 2.17 2.14 2.10 2.07 2.05 2.02 1.98 1.96 1.84 1.81 1.80 1.79 1.80 1.77 1.75 1.73 1.71 1.69 1.68 1.66 1.64 1.64 1.62 1.60 1.59 1.57 1.56 1.54 1.53 1.51 1.50 1.49 1.47 1.45 1.45 1.44 1.42 1.41 1.39 1.38 1.37 1.36 1.36 1.34 1.33 1.32 1.31 1.30 1.30 1.29 1.28 1.28 1.27 1.26 1.25 1.24 1.23 1.22 1.22 1.21 1.21 1.21 1.20 1.19 1.19 1.18 1.18 1.17 1.16 1.16 1.15 1.15 1.15 1.15 1.14 1.14 1.13 1.13 1.12 1.12 1.12 1.11 1.11 1.10 1.10 1.09 1.09 1.09 1.08 1.08 1.07 1.07 1.07 1.07 1.07 1.06 1.07 1.06 1.05 1.06 1.05 1.06 1.05 1.04 1.05 1.04 1.04 1.04 1.02 1.02 1.01 1.01 1.00 1.00 1.01 1.01 1.00 0.99 0.86 0.86 0.85 0.85 0.85 0.84 -5.742718 8.597686 3.048704 -5.782545 8.601396 3.048704 1220.480542 magnum 9.050594
ODOM -5.903812 8.612693 3.047170 0.518500 -0.000028 0.000000 1220.700040 magnum 9.195777
FLASER 360 1.65 1.67 1.67 1.67 1.67 1.68 1.68 1.67 1.67 1.68 1.68 1.69 1.69 1.69 1.70 1.69 1.70 1.70 1.70 1.71 1.71 1.71 1.72 1.72 1.73 1.73 1.73 1.73 1.73 1.74 1.74 1.75 1.75 1.76 1.76 1.77 1.77 1.78 1.78 1.79 1.79 1.80 1.81 1.81 1.82 1.82 1.83 1.84 1.85 1.86 1.87 1.88 1.88 1.89 1.89 1.90 1.91 1.93 1.94 1.95 1.96 1.96 1.97 1.99 2.00 2.01 2.02 2.34 2.35 2.29 8.75 6.57 6.58 8.94 7.70 9.22 4.07 2.16 2.14 2.10 2.09 2.08 2.10 2.16 2.20 2.23 2.24 2.26 2.28 2.31 2.32 2.35 2.38 2.39 2.42 2.45 2.47 2.50 2.53 2.55 2.59 2.61 2.63 2.67 2.70 2.73 2.77 2.79 2.83 2.86 2.89 2.94 2.96 3.02 3.04 3.09 3.13 3.18 3.22 3.20 3.22 3.32 3.40 3.46 3.52 3.58 3.64 3.71 3.79 3.86 3.94 4.03 4.11 4.20 4.28 4.37 4.49 4.51 4.62 5.68 5.56 5.46 5.46 5.45 5.44 5.66 5.84 5.88 5.88 5.88 5.89 6.12 7.18 7.35 7.40 7.38 7.37 7.38 7.39 7.37 7.37 7.35 7.35 7.34 7.32 7.27 7.29 9.52 9.47 9.44 9.45 9.42 9.44 9.42 9.44 9.42 9.43 9.45 9.58 9.55 9.64 7.27 7.25 7.29 7.29 7.29 7.29 7.29 7.31 7.31 7.30 7.28 7.30 7.30 6.05 5.77 5.77 5.77 5.73 5.58 5.31 5.31 5.32 5.29 4.54 4.36 4.32 4.14 4.02 3.89 3.75 3.64 3.53 3.43 3.35 3.26 3.08 2.99 2.99 2.98 2.93 2.87 2.81 2.75 2.69 2.65 2.59 2.55 2.49 2.44 2.40 2.36 2.31 2.27 2.23 2.20 2.16 2.14 2.10 2.06 2.04 2.00 1.98 1.96 1.94 1.90 1.87 1.81 1.74 1.72 1.71 1.72 1.71 1.69 1.66 1.64 1.63 1.62 1.61 1.59 1.58 1.57 1.55 1.54 1.52 1.50 1.49 1.48 1.47 1.45 1.44 1.43 1.42 1.40 1.39 1.38 1.36 1.35 1.35 1.34 1.33 1.32 1.31 1.30 1.29 1.29 1.28 1.27 1.26 1.25 1.25 1.24 1.23 1.22 1.22 1.21 1.20 1.20 1.20 1.19 1.18 1.18 1.17 1.17 1.16 1.16 1.15 1.15 1.14 1.14 1.14 1.13 1.13 1.12 1.12 1.12 1.11 1.11 1.10 1.09 1.10 1.09 1.09 1.08 1.08 1.08 1.07 1.07 1.07 1.08 1.06 1.06 1.07 1.06 1.05 1.06 1.05 1.05 1.05 1.05 1.05 1.05 1.04 1.04 1.04 1.04 1.04 1.04 1.03 1.03 1.03 1.03 1.03 1.03 1.02 1.02 1.01 1.02 1.00 1.00 -5.862676 8.608801 3.047210 -5.902498 8.612570 3.047210 1220.690254 magnum 9.195912
ODOM -5.953488 8.617397 3.044102 0.488500 -0.000050 0.000000 1220.813361 magnum 9.291080
ODOM -6.003356 8.622274 3.039500 0.493500 -0.000140 0.000000 1220.932489 magnum 9.521197
ODOM -6.053631 8.627425 3.034898 0.499000 -0.000045 0.000000 1221.040725 magnum 9.521311
FLASER 360 1.66 1.67 1.67 1.67 1.68 1.68 1.68 1.67 1.68 1.68 1.68 1.69 1.69 1.69 1.70 1.70 1.70 1.70 1.71 1.71 1.71 1.72 1.72 1.73 1.73 1.73 1.73 1.73 1.73 1.74 1.75 1.75 1.75 1.76 1.77 1.77 1.78 1.78 1.78 1.79 1.80 1.80 1.81 1.82 1.82 1.82 1.83 1.84 1.85 1.86 1.87 1.88 1.88 1.89 1.89 1.90 1.92 1.93 1.94 1.95 1.95 1.95 8.46 2.28 2.28 8.48 8.57 8.59 8.66 8.69 6.50 6.53 8.85 2.07 2.05 2.02 2.01 2.02 2.03 2.12 2.15 2.16 2.17 2.18 2.20 2.23 2.25 2.26 2.28 2.30 2.32 2.35 2.37 2.39 2.41 2.44 2.47 2.49 2.53 2.55 2.58 2.60 2.64 2.67 2.69 2.73 2.76 2.79 2.82 2.86 2.89 2.93 2.96 3.01 3.04 3.09 3.13 3.11 3.12 3.20 3.29 3.35 3.40 3.47 3.52 3.58 3.65 3.71 3.79 3.86 3.94 4.02 4.10 4.18 4.28 4.38 4.41 4.49 5.64 5.50 5.37 5.41 5.37 5.33 5.36 5.70 5.74 5.79 5.78 5.77 5.86 6.23 7.17 7.25 7.28 7.28 7.27 7.28 7.27 7.27 7.27 7.25 7.25 7.23 7.21 7.16 9.97 9.42 9.37 9.35 9.34 9.34 9.33 9.32 9.34 9.32 9.31 9.34 9.46 9.43 9.49 7.22 7.14 7.16 7.18 7.18 7.20 7.20 7.22 7.21 7.22 7.17 7.19 7.19 6.16 5.74 5.66 5.66 5.67 5.60 5.27 5.19 5.23 5.20 5.19 4.38 4.25 4.19 4.03 3.91 3.76 3.65 3.54 3.45 3.36 3.26 3.18 3.11 2.91 2.88 2.88 2.86 2.81 2.74 2.69 2.64 2.58 2.55 2.49 2.45 2.40 2.35 2.31 2.28 2.23 2.20 2.16 2.13 2.10 2.07 2.04 2.01 1.98 1.95 1.92 1.90 1.87 1.86 1.82 1.80 1.78 1.75 1.65 1.62 1.62 1.62 1.63 1.63 1.60 1.58 1.56 1.55 1.53 1.52 1.52 1.50 1.49 1.48 1.46 1.45 1.44 1.43 1.42 1.40 1.38 1.37 1.36 1.35 1.35 1.34 1.33 1.32 1.31 1.30 1.29 1.28 1.28 1.27 1.26 1.25 1.24 1.24 1.23 1.22 1.21 1.21 1.20 1.20 1.19 1.19 1.18 1.17 1.17 1.16 1.16 1.15 1.15 1.14 1.14 1.13 1.13 1.13 1.13 1.12 1.12 1.11 1.11 1.10 1.10 1.10 1.09 1.09 1.08 1.07 1.08 1.07 1.08 1.08 1.08 1.07 1.06 1.05 1.05 1.06 1.06 1.05 1.05 1.05 1.05 1.05 1.04 1.04 1.04 1.04 1.04 1.03 1.03 1.03 1.03 1.03 1.03 1.03 1.03 1.03 1.03 1.03 1.03 1.02 1.03 1.02 -5.950869 8.617003 3.040671 -5.990666 8.621033 3.040671 1220.901177 magnum 9.521403
ODOM -6.103451 8.632761 3.033364 0.504500 -0.000050 0.000000 1221.154257 magnum 9.631587
FLASER 360 1.64 1.67 1.67 1.67 1.68 1.68 1.68 1.68 1.69 1.68 1.68 1.69 1.69 1.69 1.70 1.69 1.70 1.70 1.70 1.71 1.71 1.72 1.72 1.72 1.73 1.73 1.73 1.73 1.73 1.74 1.74 1.75 1.75 1.76 1.76 1.77 1.77 1.78 1.78 1.79 1.79 1.80 1.81 1.81 1.81 1.82 1.83 1.83 1.84 1.85 1.87 1.87 1.88 1.88 1.89 1.90 1.91 6.05 6.02 2.23 2.23 4.25 4.25 7.05 8.40 8.44 8.52 8.56 8.59 2.01 1.98 1.94 1.95 1.95 1.97 2.05 2.07 2.07 2.09 2.12 2.13 2.15 2.16 2.18 2.20 2.21 2.23 2.25 2.27 2.29 2.31 2.34 2.37 2.38 2.40 2.43 2.45 2.47 2.50 2.53 2.56 2.58 2.61 2.64 2.67 2.69 2.73 2.76 2.80 2.83 2.86 2.90 2.94 2.97 3.01 3.03 3.02 3.04 3.12 3.20 3.25 3.30 3.36 3.41 3.47 3.53 3.59 3.66 3.71 3.80 3.88 3.96 4.03 4.12 4.21 4.30 4.31 4.48 5.55 5.41 5.28 5.25 5.26 5.23 5.25 5.59 5.64 5.69 5.68 5.66 5.70 5.92 6.93 7.12 7.19 7.17 7.17 7.16 7.18 7.17 7.16 7.14 7.14 7.12 7.12 7.08 7.06 9.47 9.29 9.26 9.24 9.23 9.23 9.21 9.22 9.23 9.21 9.20 9.25 9.35 9.34 9.41 7.08 7.02 7.07 7.07 7.08 7.08 7.09 7.09 7.10 7.09 7.08 7.07 7.09 7.04 5.65 5.54 5.55 5.56 5.51 5.26 5.10 5.11 5.10 5.05 4.47 4.20 4.13 4.01 3.89 3.74 3.63 3.52 3.43 3.33 3.25 3.16 3.08 3.01 2.84 2.77 2.78 2.77 2.74 2.67 2.62 2.57 2.53 2.46 2.43 2.39 2.35 2.31 2.26 2.22 2.19 2.15 2.13 2.08 2.05 2.02 2.00 1.99 1.95 1.93 1.89 1.87 1.85 1.82 1.79 1.78 1.77 1.74 1.71 1.71 1.68 1.60 1.56 1.54 1.54 1.54 1.55 1.53 1.50 1.50 1.49 1.47 1.46 1.45 1.44 1.43 1.42 1.40 1.40 1.38 1.37 1.35 1.35 1.34 1.33 1.32 1.31 1.30 1.29 1.28 1.28 1.28 1.27 1.26 1.25 1.24 1.23 1.22 1.22 1.21 1.20 1.20 1.20 1.19 1.18 1.18 1.18 1.17 1.16 1.16 1.15 1.15 1.14 1.13 1.13 1.13 1.13 1.12 1.12 1.11 1.11 1.10 1.10 1.09 1.09 1.09 1.08 1.08 1.07 1.08 1.06 1.06 1.06 1.06 1.07 1.06 1.06 1.06 1.05 1.05 1.05 1.05 1.04 1.05 1.04 1.04 1.04 1.04 1.04 1.04 1.03 1.03 1.03 1.03 1.03 1.03 1.03 1.02 1.03 1.02 1.02 1.02 1.02 1.02 -6.049257 8.626913 3.033808 -6.089025 8.631216 3.033808 1221.120575 magnum 9.631716
ODOM -6.203288 8.643608 3.033364 0.499000 -0.000011 0.000000 1221.273239 magnum 9.750959
ODOM -6.252671 8.648974 3.033364 0.490500 -0.000017 0.000000 1221.393240 magnum 9.870529
FLASER 360 1.64 1.67 1.68 1.68 1.67 1.68 1.68 1.68 1.69 1.69 1.68 1.69 1.69 1.70 1.70 1.71 1.70 1.70 1.71 1.71 1.71 1.71 1.72 1.72 1.72 1.73 1.73 1.73 1.73 1.74 1.74 1.75 1.75 1.76 1.76 1.77 1.77 1.78 1.78 1.79 1.79 1.80 1.81 1.81 1.81 1.82 1.83 1.83 1.84 1.85 1.86 7.90 7.91 7.94 2.19 2.18 2.15 6.02 8.25 4.19 4.19 7.01 8.30 1.97 1.95 1.90 1.89 1.89 1.90 1.91 1.96 2.00 2.02 2.02 2.04 2.06 2.07 2.08 2.10 2.12 2.13 2.15 2.16 2.17 2.20 2.22 2.24 2.27 2.28 2.29 2.31 2.34 2.36 2.38 2.41 2.43 2.46 2.46 2.51 2.54 2.56 2.59 2.61 2.64 2.67 2.69 2.73 2.76 2.79 2.82 2.86 2.89 2.93 2.93 2.93 2.96 3.04 3.12 3.16 3.20 3.26 3.32 3.35 3.42 3.47 3.54 3.58 3.65 3.71 3.80 3.88 3.95 4.03 4.12 4.21 4.21 4.38 5.47 5.36 5.19 5.16 5.16 5.15 5.15 5.37 5.52 5.56 5.57 5.57 5.57 5.69 6.69 6.95 7.04 7.09 7.07 7.06 7.06 7.07 7.06 7.05 7.03 7.03 7.01 7.01 6.97 6.96 9.30 9.15 9.13 9.12 9.11 9.11 9.09 9.09 9.11 9.10 9.08 9.14 9.26 9.23 9.34 6.98 6.92 6.96 6.96 6.97 6.97 6.98 6.98 6.98 6.98 6.97 6.97 6.98 6.96 5.65 5.45 5.45 5.45 5.43 5.38 4.99 4.98 4.98 4.95 4.97 4.22 4.05 4.02 3.88 3.74 3.63 3.52 3.43 3.33 3.25 3.17 3.08 3.01 2.94 2.86 2.71 2.67 2.68 2.67 2.63 2.57 2.53 2.46 2.42 2.38 2.34 2.31 2.26 2.23 2.19 2.15 2.13 2.09 2.05 2.03 1.99 1.97 1.94 1.92 1.90 1.87 1.85 1.82 1.79 1.78 1.76 1.73 1.71 1.70 1.69 1.67 1.64 1.62 1.61 1.59 1.52 1.48 1.46 1.45 1.46 1.45 1.46 1.44 1.42 1.41 1.41 1.39 1.38 1.37 1.36 1.36 1.34 1.34 1.33 1.32 1.31 1.30 1.29 1.28 1.27 1.27 1.27 1.25 1.25 1.24 1.23 1.23 1.21 1.21 1.20 1.19 1.19 1.19 1.18 1.18 1.18 1.17 1.16 1.15 1.15 1.15 1.14 1.13 1.13 1.13 1.13 1.12 1.12 1.11 1.11 1.10 1.10 1.10 1.09 1.09 1.08 1.08 1.08 1.07 1.06 1.06 1.06 1.07 1.07 1.07 1.07 1.06 1.05 1.05 1.04 1.04 1.04 1.04 1.04 1.04 1.04 1.04 1.03 1.03 1.04 1.03 1.03 1.03 1.03 1.03 1.02 1.02 1.02 1.02 1.02 1.02 1.02 1.02 -6.187335 8.641875 3.033364 -6.227101 8.646196 3.033364 1221.330232 magnum 9.870641
ODOM -6.302698 8.654410 3.033364 0.492500 0.000028 0.000000 1221.513355 magnum 9.990778
ODOM -6.352510 8.659822 3.033364 0.496500 -0.000050 0.000000 1221.632812 magnum 10.110897
FLASER 360 1.64 1.67 1.67 1.68 1.67 1.68 1.68 1.69 1.69 1.68 1.69 1.69 1.69 1.70 1.70 1.71 1.70 1.70 1.71 1.71 1.72 1.72 1.72 1.73 1.73 1.73 1.73 1.73 1.74 1.74 1.75 1.75 1.76 1.76 1.77 1.77 1.78 1.78 1.79 1.79 1.80 1.80 1.81 1.81 1.83 7.72 3.49 7.77 6.56 2.13 2.12 7.91 7.98 5.94 5.93 5.97 4.14 1.92 1.91 1.85 1.83 1.83 1.85 1.84 1.89 1.93 1.94 1.95 1.97 1.98 1.99 2.01 2.01 2.03 2.05 2.07 2.08 2.08 2.10 2.12 2.15 2.16 2.18 2.19 2.21 2.23 2.25 2.26 2.28 2.30 2.32 2.34 2.37 2.39 2.41 2.43 2.46 2.49 2.52 2.54 2.57 2.60 2.62 2.66 2.68 2.70 2.74 2.77 2.80 2.84 2.86 2.84 2.85 2.91 3.00 3.04 3.08 3.12 3.17 3.22 3.27 3.32 3.37 3.43 3.48 3.55 3.61 3.67 3.73 3.82 3.90 3.97 4.07 4.12 4.15 5.49 5.38 5.23 5.10 5.04 5.04 5.01 5.02 5.30 5.42 5.46 5.47 5.46 5.46 5.56 5.87 6.76 6.92 6.98 6.97 6.96 6.95 6.97 6.97 6.95 6.94 6.92 6.92 6.90 6.89 6.84 9.81 9.11 9.05 9.02 9.02 9.02 9.02 8.99 9.01 9.02 8.99 8.99 9.05 9.15 9.14 6.95 6.86 6.82 6.86 6.85 6.86 6.86 6.87 6.87 6.89 6.88 6.86 6.86 6.87 6.85 5.57 5.34 5.34 5.35 5.34 5.28 4.91 4.85 4.89 4.86 4.85 4.86 4.02 3.94 3.86 3.71 3.61 3.50 3.40 3.31 3.23 3.14 3.07 2.99 2.92 2.85 2.78 2.64 2.58 2.57 2.58 2.56 2.51 2.45 2.41 2.37 2.34 2.28 2.24 2.20 2.19 2.15 2.11 2.09 2.05 2.03 2.00 1.98 1.94 1.92 1.89 1.87 1.85 1.82 1.80 1.78 1.76 1.75 1.72 1.70 1.69 1.66 1.65 1.63 1.62 1.60 1.58 1.57 1.56 1.54 1.53 1.51 1.42 1.39 1.37 1.37 1.38 1.38 1.37 1.37 1.35 1.34 1.33 1.32 1.31 1.30 1.29 1.29 1.28 1.28 1.28 1.27 1.26 1.25 1.24 1.23 1.22 1.22 1.21 1.20 1.20 1.20 1.19 1.19 1.18 1.18 1.17 1.16 1.16 1.15 1.15 1.14 1.14 1.13 1.13 1.13 1.13 1.12 1.12 1.11 1.10 1.11 1.10 1.09 1.09 1.09 1.08 1.08 1.07 1.07 1.07 1.07 1.07 1.07 1.07 1.06 1.06 1.06 1.06 1.05 1.05 1.05 1.04 1.04 1.04 1.04 1.04 1.04 1.03 1.03 1.03 1.03 1.03 1.03 1.03 1.02 1.02 1.02 1.02 1.02 1.02 1.02 1.02 1.02 -6.274611 8.651358 3.033364 -6.314377 8.655679 3.033364 1221.540581 magnum 10.111025
ODOM -6.402105 8.665211 3.033364 0.490500 -0.000017 0.000000 1221.753342 magnum 10.229572
ODOM -6.501941 8.676058 3.030296 0.496000 -0.000179 0.000000 1221.873186 magnum 10.350886
FLASER 360 1.65 1.68 1.67 1.68 1.68 1.68 1.68 1.69 1.68 1.69 1.69 1.69 1.69 1.70 1.69 1.70 1.70 1.70 1.71 1.71 1.72 1.72 1.73 1.73 1.73 1.73 1.73 1.74 1.74 1.74 1.75 1.75 1.76 1.76 1.77 1.77 1.78 1.78 1.77 5.52 5.57 7.66 7.63 2.10 2.10 2.10 81.91 7.80 7.81 7.84 6.63 1.88 1.85 1.80 1.78 1.77 1.79 1.79 1.83 1.88 1.89 1.90 1.91 1.91 1.92 1.94 1.95 1.95 1.97 1.98 2.00 2.02 2.02 2.04 2.06 2.07 2.08 2.10 2.12 2.13 2.15 2.17 2.18 2.19 2.21 2.23 2.24 2.27 2.29 2.30 2.33 2.35 2.37 2.39 2.42 2.44 2.47 2.50 2.52 2.55 2.58 2.61 2.63 2.66 2.69 2.72 2.75 2.77 2.76 2.75 2.79 2.89 2.93 2.97 3.01 3.05 3.09 3.15 3.18 3.23 3.28 3.34 3.38 3.45 3.50 3.56 3.63 3.70 3.75 3.85 3.92 4.01 4.02 4.14 5.39 5.25 5.13 4.96 4.95 4.93 4.92 4.92 5.18 5.32 5.35 5.38 5.37 5.36 5.42 5.64 6.56 6.80 6.85 6.87 6.86 6.83 6.86 6.86 6.85 6.83 6.82 6.82 6.81 6.80 6.76 6.75 9.44 8.96 8.93 8.91 8.91 8.88 8.90 8.88 8.90 8.89 8.87 8.88 8.99 9.03 9.02 6.83 6.74 6.72 6.75 6.74 6.76 6.75 6.76 6.76 6.77 6.77 6.75 6.75 6.76 6.75 5.51 5.24 5.24 5.24 5.25 5.19 4.89 4.76 4.77 4.77 4.75 4.76 4.03 3.85 3.83 3.69 3.57 3.47 3.37 3.28 3.19 3.13 3.04 2.97 2.90 2.83 2.77 2.70 2.63 2.51 2.49 2.47 2.49 2.45 2.40 2.36 2.31 2.28 2.24 2.20 2.18 2.13 2.11 2.07 2.05 2.02 1.99 1.97 1.94 1.91 1.88 1.87 1.84 1.81 1.79 1.77 1.75 1.74 1.72 1.70 1.68 1.66 1.64 1.62 1.61 1.60 1.58 1.57 1.55 1.54 1.52 1.50 1.50 1.48 1.47 1.46 1.44 1.43 1.35 1.32 1.31 1.29 1.30 1.31 1.32 1.30 1.29 1.28 1.28 1.27 1.26 1.25 1.24 1.23 1.23 1.23 1.22 1.21 1.20 1.20 1.20 1.19 1.19 1.18 1.18 1.17 1.16 1.16 1.15 1.15 1.14 1.14 1.14 1.13 1.13 1.13 1.13 1.12 1.11 1.11 1.10 1.10 1.10 1.09 1.09 1.08 1.08 1.08 1.08 1.08 1.08 1.08 1.07 1.07 1.07 1.06 1.06 1.06 1.05 1.05 1.05 1.04 1.04 1.04 1.04 1.04 1.03 1.03 1.04 1.03 1.03 1.03 1.03 1.03 1.03 1.02 1.02 1.02 1.02 1.02 1.02 1.02 1.02 1.02 -6.369007 8.661606 3.033159 -6.408772 8.665935 3.033159 1221.760991 magnum 10.350994
ODOM -6.552167 8.681671 3.027228 0.508000 -0.000056 0.000000 1221.993485 magnum 10.472191
FLASER 360 1.65 1.67 1.67 1.68 1.68 1.68 1.69 1.69 1.68 1.69 1.69 1.69 1.70 1.70 1.70 1.71 1.70 1.71 1.71 1.71 1.72 1.72 1.73 1.73 1.73 1.73 1.73 1.74 1.74 1.75 1.75 1.74 2.97 2.97 7.57 7.60 7.61 5.48 2.06 2.05 2.07 3.17 7.66 7.68 6.49 1.83 1.80 1.75 1.74 1.73 1.74 1.75 1.78 1.82 1.83 1.84 1.85 1.86 1.87 1.88 1.89 1.90 1.91 1.92 1.93 1.94 1.95 1.97 1.98 1.99 2.01 2.02 2.02 2.05 2.06 2.07 2.08 2.11 2.12 2.13 2.15 2.16 2.18 2.19 2.21 2.23 2.25 2.26 2.28 2.31 2.33 2.36 2.38 2.39 2.42 2.44 2.47 2.50 2.52 2.55 2.58 2.60 2.63 2.65 2.68 2.68 2.67 2.68 2.74 2.82 2.86 2.89 2.93 2.97 3.01 3.06 3.09 3.14 3.18 3.23 3.28 3.34 3.39 3.45 3.50 3.57 3.63 3.69 3.75 3.85 3.92 3.92 4.06 5.31 5.19 5.02 4.88 4.84 4.85 4.82 4.82 4.97 5.21 5.23 5.29 5.27 5.26 5.28 5.42 6.33 6.58 6.70 6.77 6.75 6.76 6.74 6.76 6.75 6.75 6.72 6.72 6.71 6.70 6.68 6.65 6.63 9.10 8.84 8.83 8.80 8.80 8.78 8.78 8.77 8.79 8.79 8.76 8.77 8.87 8.90 8.90 6.73 6.64 6.61 6.64 6.65 6.65 6.65 6.66 6.66 6.68 6.67 6.65 6.65 6.66 6.66 5.63 5.18 5.13 5.13 5.15 5.11 5.05 4.67 4.66 4.68 4.66 4.65 4.66 3.89 3.71 3.69 3.58 3.48 3.38 3.29 3.20 3.12 3.05 2.96 2.90 2.84 2.77 2.72 2.66 2.61 2.51 2.41 2.38 2.37 2.38 2.36 2.31 2.27 2.23 2.20 2.17 2.15 2.11 2.07 2.05 2.02 1.99 1.97 1.94 1.91 1.89 1.87 1.84 1.81 1.80 1.78 1.75 1.73 1.72 1.70 1.68 1.66 1.64 1.62 1.60 1.60 1.58 1.57 1.56 1.54 1.52 1.50 1.50 1.48 1.47 1.46 1.44 1.43 1.42 1.41 1.40 1.39 1.38 1.37 1.34 1.31 1.25 1.25 1.23 1.23 1.25 1.25 1.25 1.24 1.23 1.22 1.21 1.20 1.20 1.20 1.19 1.19 1.18 1.18 1.17 1.17 1.16 1.16 1.15 1.14 1.14 1.14 1.14 1.13 1.13 1.13 1.12 1.11 1.11 1.11 1.10 1.10 1.10 1.09 1.08 1.08 1.08 1.08 1.08 1.08 1.08 1.07 1.07 1.07 1.07 1.06 1.06 1.06 1.05 1.05 1.05 1.04 1.04 1.04 1.04 1.03 1.03 1.03 1.03 1.03 1.03 1.02 1.03 1.02 1.02 1.02 1.02 1.02 1.02 1.02 1.02 1.02 1.02 1.02 -6.503032 8.676080 3.027802 -6.542773 8.680621 3.027802 1221.970266 magnum 10.472495
ODOM -6.602159 8.687414 3.025694 0.500500 -0.000129 0.000000 1222.113316 magnum 10.590975
ODOM -6.651711 8.693182 3.022626 0.491000 -0.000022 0.000000 1222.232854 magnum 10.710470
FLASER 360 1.65 1.67 1.67 1.68 1.68 1.68 1.69 1.69 1.69 1.69 1.69 1.69 1.70 1.70 1.69 1.70 1.70 1.71 1.71 1.71 1.72 1.72 1.72 1.73 1.73 4.46 7.32 3.74 2.98 3.09 7.46 7.51 7.51 2.01 2.03 4.12 3.46 7.54 3.12 1.79 1.75 1.71 1.69 1.70 1.70 1.71 1.75 1.78 1.78 1.79 1.80 1.81 1.81 1.82 1.83 1.84 1.85 1.85 1.87 1.88 1.89 1.90 1.91 1.92 1.93 1.94 1.96 1.96 1.97 1.99 2.00 2.02 2.02 2.04 2.05 2.07 2.09 2.09 2.11 2.13 2.14 2.17 2.17 2.19 2.21 2.22 2.24 2.26 2.28 2.31 2.32 2.34 2.37 2.39 2.40 2.43 2.46 2.49 2.51 2.54 2.56 2.59 2.61 2.59 2.58 2.62 2.70 2.74 2.78 2.80 2.85 2.88 2.93 2.96 2.99 3.04 3.09 3.12 3.18 3.21 3.27 3.32 3.38 3.43 3.49 3.54 3.61 3.67 3.73 3.82 3.83 3.84 5.27 5.14 5.00 4.82 4.75 4.75 4.73 4.71 4.73 4.99 5.12 5.15 5.18 5.16 5.17 5.21 5.38 6.26 6.52 6.61 6.67 6.65 6.65 6.63 6.66 6.64 6.64 6.62 6.61 6.60 6.60 6.59 6.55 6.54 9.46 8.76 8.72 8.70 8.69 8.67 8.68 8.66 8.67 8.69 8.67 8.66 8.72 8.81 8.78 8.85 6.57 6.50 6.53 6.54 6.54 6.54 6.55 6.54 6.56 6.56 6.56 6.55 6.55 6.55 6.54 5.36 5.02 5.00 5.01 5.01 4.98 4.93 4.58 4.55 4.58 4.55 4.54 4.55 3.84 3.64 3.60 3.52 3.41 3.32 3.23 3.15 3.06 3.00 2.92 2.85 2.79 2.73 2.68 2.63 2.57 2.52 2.46 2.35 2.27 2.27 2.28 2.27 2.25 2.22 2.17 2.15 2.11 2.08 2.06 2.03 2.00 1.97 1.94 1.92 1.89 1.88 1.85 1.82 1.81 1.78 1.76 1.74 1.73 1.71 1.68 1.66 1.64 1.62 1.61 1.60 1.59 1.58 1.56 1.54 1.52 1.51 1.51 1.49 1.47 1.46 1.45 1.43 1.42 1.41 1.40 1.39 1.38 1.37 1.36 1.34 1.35 1.34 1.32 1.31 1.30 1.29 1.28 1.27 1.20 1.19 1.18 1.17 1.17 1.17 1.19 1.18 1.18 1.18 1.17 1.16 1.15 1.14 1.14 1.14 1.14 1.14 1.13 1.13 1.13 1.12 1.12 1.11 1.11 1.10 1.10 1.09 1.09 1.08 1.08 1.08 1.08 1.08 1.08 1.08 1.07 1.07 1.07 1.07 1.06 1.06 1.06 1.06 1.06 1.05 1.05 1.05 1.04 1.04 1.03 1.04 1.03 1.03 1.03 1.03 1.03 1.02 1.02 1.02 1.02 1.02 1.02 1.02 1.02 1.02 1.02 1.02 1.02 1.02 -6.590606 8.685998 3.023950 -6.630330 8.690693 3.023950 1222.180579 magnum 10.710568
ODOM -6.701465 8.699129 3.019558 0.505500 0.000151 0.000000 1222.352894 magnum 10.830644
ODOM -6.800935 8.711329 3.014956 0.514000 -0.000056 0.000000 1222.473210 magnum 10.950970
FLASER 360 1.65 1.66 1.67 1.68 1.68 1.69 1.69 1.69 1.69 1.70 1.69 1.69 1.70 1.70 1.70 1.71 1.70 1.72 1.72 5.28 3.62 3.63 7.25 7.32 2.93 2.94 3.68 2.01 1.99 2.00 7.44 7.50 7.50 1.74 1.71 1.65 1.66 1.67 1.67 1.68 1.73 1.74 1.75 1.75 1.76 1.76 1.77 1.77 1.78 1.79 1.80 1.81 1.82 1.83 1.83 1.84 1.85 1.86 1.87 1.88 1.89 1.90 1.90 1.92 1.93 1.94 1.95 1.96 1.97 1.98 2.00 2.01 2.03 2.04 2.05 2.06 2.08 2.09 2.10 2.12 2.14 2.15 2.17 2.18 2.20 2.23 2.24 2.25 2.27 2.29 2.32 2.33 2.35 2.38 2.40 2.41 2.44 2.46 2.50 2.52 2.53 2.51 2.52 2.57 2.64 2.66 2.69 2.73 2.76 2.80 2.84 2.87 2.90 2.94 2.99 3.03 3.07 3.11 3.15 3.20 3.25 3.30 3.35 3.40 3.47 3.52 3.59 3.65 3.71 3.70 3.84 5.25 5.12 4.95 4.81 4.65 4.63 4.64 4.62 4.61 4.74 4.97 5.00 5.06 5.05 5.04 5.04 5.14 5.33 6.19 6.42 6.51 6.56 6.54 6.55 6.54 6.55 6.54 6.54 6.51 6.51 6.49 6.49 6.48 6.45 6.42 9.38 8.69 8.62 8.59 8.58 8.57 8.57 8.56 8.56 8.56 8.57 8.55 8.57 8.69 8.70 8.69 6.52 6.42 6.40 6.42 6.43 6.43 6.44 6.44 6.45 6.45 6.46 6.45 6.44 6.43 6.45 6.41 5.14 4.91 4.90 4.90 4.93 4.86 4.83 4.47 4.46 4.46 4.45 4.43 4.45 4.45 3.60 3.51 3.47 3.36 3.27 3.19 3.10 3.03 2.94 2.88 2.82 2.76 2.70 2.65 2.59 2.54 2.49 2.44 2.39 2.34 2.22 2.19 2.18 2.19 2.18 2.16 2.13 2.09 2.07 2.03 2.01 1.98 1.95 1.92 1.90 1.88 1.86 1.82 1.81 1.79 1.76 1.75 1.73 1.71 1.69 1.67 1.65 1.63 1.62 1.61 1.59 1.57 1.55 1.54 1.52 1.51 1.51 1.50 1.48 1.46 1.46 1.43 1.42 1.42 1.41 1.40 1.38 1.38 1.36 1.35 1.35 1.34 1.33 1.32 1.30 1.30 1.29 1.28 1.28 1.27 1.27 1.26 1.24 1.24 1.23 1.22 1.19 1.16 1.13 1.12 1.11 1.11 1.12 1.13 1.14 1.13 1.13 1.13 1.12 1.11 1.11 1.10 1.09 1.09 1.09 1.08 1.08 1.08 1.08 1.08 1.08 1.08 1.08 1.07 1.07 1.07 1.06 1.06 1.06 1.06 1.05 1.05 1.05 1.04 1.05 1.04 1.04 1.04 1.04 1.03 1.04 1.03 1.03 1.03 1.03 1.03 1.03 1.03 1.03 1.03 1.03 1.03 1.03 1.02 1.02 1.02 1.03 1.03 -6.692959 8.698028 3.018115 -6.732655 8.702955 3.018115 1222.390293 magnum 10.951066
ODOM -6.851075 8.717713 3.014956 0.500500 0.000095 0.000000 1222.592801 magnum 11.071638
ODOM -6.900993 8.724068 3.016490 0.508000 0.000045 0.000000 1222.713283 magnum 11.192789
FLASER 360 1.65 1.63 1.68 1.67 1.68 1.68 1.69 1.69 1.70 1.69 1.70 7.16 6.04 5.30 4.56 7.20 5.26 3.58 3.61 4.99 7.31 2.00 1.98 1.99 7.37 4.81 7.40 1.67 1.66 1.64 1.65 1.65 1.65 1.71 1.71 1.72 1.72 1.72 1.72 1.73 1.74 1.75 1.76 1.75 1.76 1.77 1.78 1.78 1.78 1.79 1.80 1.81 1.82 1.83 1.84 1.84 1.85 1.86 1.87 1.88 1.89 1.90 1.90 1.92 1.92 1.94 1.94 1.96 1.97 1.98 1.99 2.01 2.03 2.02 2.04 2.06 2.08 2.10 2.10 2.11 2.13 2.16 2.17 2.18 2.19 2.21 2.23 2.24 2.26 2.29 2.31 2.32 2.34 2.37 2.40 2.41 2.44 2.43 2.42 2.43 2.46 2.54 2.57 2.60 2.63 2.65 2.69 2.73 2.75 2.80 2.82 2.87 2.89 2.93 2.98 3.01 3.07 3.09 3.15 3.20 3.23 3.29 3.35 3.39 3.45 3.51 3.57 3.62 3.62 3.64 5.19 5.02 4.90 4.75 4.61 4.55 4.55 4.52 4.51 4.56 4.79 4.90 4.94 4.95 4.95 4.93 4.95 5.10 5.92 6.14 6.35 6.42 6.46 6.44 6.44 6.43 6.45 6.43 6.42 6.41 6.42 6.39 6.39 6.37 6.35 6.32 9.28 8.59 8.50 8.49 8.48 8.47 8.47 8.45 8.45 8.46 8.46 8.44 8.46 8.53 8.62 8.58 6.44 6.33 6.29 6.31 6.33 6.32 6.34 6.33 6.34 6.34 6.35 6.35 6.33 6.33 6.34 6.34 6.25 4.89 4.80 4.79 4.80 4.80 4.76 4.70 4.36 4.36 4.37 4.35 4.33 4.34 4.37 3.52 3.41 3.39 3.30 3.20 3.13 3.05 2.97 2.90 2.83 2.79 2.72 2.66 2.61 2.56 2.51 2.45 2.41 2.36 2.32 2.27 2.21 2.11 2.09 2.08 2.09 2.10 2.07 2.04 2.00 1.98 1.95 1.93 1.90 1.88 1.86 1.83 1.81 1.80 1.77 1.75 1.73 1.72 1.70 1.68 1.66 1.63 1.62 1.62 1.60 1.58 1.57 1.55 1.54 1.52 1.51 1.49 1.48 1.46 1.45 1.43 1.43 1.42 1.42 1.40 1.39 1.37 1.36 1.35 1.35 1.34 1.34 1.32 1.31 1.30 1.29 1.29 1.28 1.27 1.27 1.26 1.25 1.24 1.24 1.23 1.22 1.22 1.21 1.20 1.19 1.19 1.19 1.18 1.18 1.17 1.14 1.12 1.09 1.08 1.07 1.07 1.07 1.07 1.09 1.09 1.08 1.08 1.08 1.08 1.07 1.07 1.06 1.06 1.06 1.06 1.06 1.05 1.06 1.05 1.06 1.05 1.05 1.04 1.04 1.04 1.04 1.03 1.04 1.03 1.03 1.03 1.03 1.03 1.03 1.03 1.03 1.03 1.03 1.03 1.03 1.03 1.03 1.03 1.03 1.03 1.02 1.02 -6.818685 8.713598 3.015180 -6.858366 8.718641 3.015180 1222.610220 magnum 11.192912
ODOM -6.950067 8.730240 3.014956 0.496500 -0.000050 0.000000 1222.832737 magnum 11.324101
FLASER 360 1.64 1.65 1.68 1.70 1.65 1.65 7.23 7.24 7.15 7.17 6.10 4.67 6.01 3.57 3.56 1.96 1.94 2.05 3.69 1.68 1.72 1.62 1.61 1.62 1.62 1.64 1.68 1.68 1.69 1.69 1.70 1.70 1.70 1.70 1.70 1.72 1.72 1.72 1.73 1.74 1.75 1.75 1.75 1.76 1.76 1.76 1.77 1.78 1.79 1.80 1.80 1.81 1.82 1.84 1.84 1.84 1.85 1.86 1.87 1.88 1.89 1.90 1.91 1.91 1.93 1.94 1.95 1.96 1.98 1.98 2.00 2.01 2.03 2.04 2.04 2.07 2.08 2.09 2.10 2.12 2.13 2.15 2.17 2.17 2.19 2.21 2.23 2.24 2.27 2.29 2.31 2.32 2.35 2.35 2.34 2.34 2.35 2.42 2.46 2.50 2.52 2.54 2.57 2.60 2.64 2.66 2.69 2.73 2.76 2.80 2.83 2.87 2.90 2.93 2.98 3.02 3.07 3.11 3.15 3.20 3.25 3.29 3.35 3.40 3.46 3.53 3.53 3.61 5.20 5.04 4.91 4.77 4.64 4.47 4.45 4.44 4.43 4.41 4.48 4.69 4.80 4.83 4.86 4.84 4.84 4.84 4.96 5.32 5.99 6.18 6.29 6.36 6.36 6.34 6.33 6.34 6.34 6.32 6.32 6.31 6.29 6.28 6.28 6.26 6.22 6.20 9.16 8.44 8.41 8.39 8.37 8.35 8.36 8.34 8.36 8.36 8.35 8.34 8.36 8.46 8.48 8.46 6.31 6.21 6.18 6.21 6.22 6.22 6.24 6.23 6.24 6.23 6.24 6.24 6.23 6.22 6.23 6.23 6.17 4.86 4.71 4.69 4.71 4.71 4.66 4.64 4.28 4.24 4.26 4.27 4.23 4.23 4.25 4.27 3.40 3.30 3.30 3.20 3.11 3.04 2.97 2.89 2.83 2.77 2.71 2.65 2.61 2.55 2.50 2.44 2.40 2.35 2.31 2.26 2.23 2.19 2.16 2.07 2.00 1.99 2.00 1.99 2.01 1.97 1.95 1.93 1.90 1.88 1.86 1.83 1.81 1.78 1.77 1.74 1.73 1.71 1.69 1.67 1.65 1.64 1.62 1.61 1.59 1.58 1.57 1.55 1.54 1.52 1.51 1.50 1.48 1.47 1.45 1.44 1.43 1.42 1.40 1.39 1.38 1.37 1.36 1.35 1.34 1.34 1.34 1.33 1.31 1.31 1.29 1.28 1.28 1.27 1.27 1.26 1.25 1.25 1.23 1.22 1.22 1.21 1.21 1.20 1.20 1.19 1.19 1.19 1.17 1.18 1.17 1.16 1.16 1.15 1.15 1.14 1.14 1.13 1.13 1.14 1.11 1.08 1.04 1.03 1.03 1.04 1.03 1.03 1.05 1.06 1.05 1.05 1.05 1.04 1.03 1.04 1.04 1.03 1.03 1.03 1.03 1.03 1.03 1.03 1.03 1.03 1.03 1.03 1.03 1.03 1.03 1.03 1.03 1.03 1.02 1.02 1.02 1.02 1.02 1.02 1.02 1.02 -6.905192 8.724541 3.015119 -6.944872 8.729586 3.015119 1222.820585 magnum 11.324235
ODOM -7.000207 8.736623 3.014956 0.502000 -0.000045 0.000000 1222.952890 magnum 11.430641
ODOM -7.099620 8.749280 3.010354 0.500500 -0.000095 0.000000 1223.093579 magnum 11.571263
FLASER 360 1.63 1.63 1.65 1.63 1.67 1.70 7.15 6.24 6.02 1.93 1.92 5.22 2.84 1.61 1.60 1.60 1.60 1.61 1.62 1.65 1.66 1.66 1.67 1.66 1.67 1.67 1.67 1.69 1.69 1.69 1.70 1.70 1.71 1.71 1.72 1.71 1.73 1.73 1.73 1.74 1.74 1.74 1.75 1.76 1.76 1.77 1.77 1.78 1.79 1.80 1.80 1.81 1.82 1.83 1.84 1.84 1.85 1.86 1.87 1.88 1.89 1.90 1.90 1.92 1.93 1.94 1.95 1.96 1.97 1.98 2.00 2.01 2.02 2.03 2.05 2.07 2.08 2.09 2.09 2.12 2.14 2.15 2.17 2.17 2.20 2.21 2.23 2.25 2.27 2.28 2.28 2.26 2.28 2.31 2.37 2.39 2.42 2.43 2.47 2.50 2.52 2.54 2.58 2.60 2.63 2.66 2.70 2.73 2.76 2.81 2.83 2.87 2.91 2.94 2.98 3.03 3.07 3.11 3.15 3.20 3.25 3.29 3.35 3.41 3.43 3.43 3.48 5.09 4.96 4.80 4.68 4.50 4.38 4.35 4.35 4.33 4.31 4.39 4.59 4.70 4.72 4.77 4.74 4.72 4.74 4.84 4.97 5.80 5.99 6.17 6.23 6.25 6.24 6.23 6.22 6.24 6.24 6.21 6.21 6.19 6.19 6.17 6.18 6.15 6.12 6.13 8.60 8.33 8.29 8.28 8.27 8.27 8.27 8.25 8.25 8.26 8.24 8.22 8.25 8.34 8.39 8.35 6.21 6.13 6.07 6.10 6.11 6.11 6.13 6.12 6.15 6.14 6.16 6.15 6.13 6.12 6.12 6.13 6.11 4.97 4.65 4.58 4.60 4.60 4.60 4.54 4.50 4.15 4.14 4.14 4.16 4.12 4.14 4.14 4.17 3.33 3.21 3.19 3.12 3.04 2.96 2.89 2.82 2.77 2.71 2.65 2.60 2.55 2.50 2.44 2.40 2.35 2.31 2.26 2.23 2.19 2.16 2.12 2.09 2.05 1.97 1.92 1.91 1.89 1.91 1.91 1.89 1.87 1.85 1.82 1.81 1.78 1.77 1.75 1.73 1.71 1.69 1.67 1.65 1.63 1.62 1.61 1.59 1.57 1.56 1.55 1.53 1.52 1.51 1.50 1.48 1.47 1.46 1.44 1.43 1.42 1.40 1.40 1.39 1.37 1.36 1.35 1.35 1.34 1.33 1.31 1.31 1.30 1.29 1.29 1.28 1.26 1.27 1.26 1.25 1.25 1.23 1.23 1.22 1.21 1.21 1.20 1.20 1.20 1.19 1.18 1.18 1.17 1.17 1.17 1.16 1.15 1.15 1.14 1.14 1.14 1.13 1.13 1.13 1.12 1.12 1.11 1.11 1.11 1.10 1.10 1.09 1.09 1.09 1.09 1.04 1.03 1.01 1.01 1.00 1.00 1.00 1.00 1.03 1.02 1.03 1.03 1.03 1.03 1.03 1.02 1.02 1.02 1.02 1.02 1.02 1.02 1.02 1.02 1.02 1.02 1.02 1.02 1.02 1.02 -7.023516 8.739473 3.012041 -7.063181 8.744641 3.012041 1223.041251 magnum 11.571567
ODOM -7.149089 8.755810 3.007286 0.492500 0.000028 0.000000 1223.213311 magnum 11.692262
ODOM -7.198973 8.762550 3.004218 0.498500 0.000129 0.000000 1223.333345 magnum 11.811232
FLASER 360 1.63 1.63 1.64 1.79 1.75 1.62 1.60 1.59 1.59 1.58 1.58 1.64 1.64 1.64 1.65 1.65 1.64 1.65 1.65 1.65 1.65 1.67 1.66 1.66 1.67 1.68 1.68 1.69 1.68 1.70 1.69 1.70 1.70 1.70 1.71 1.71 1.72 1.74 1.73 1.74 1.74 1.75 1.76 1.76 1.76 1.77 1.77 1.79 1.79 1.79 1.80 1.81 1.82 1.82 1.83 1.84 1.84 1.85 1.87 1.88 1.88 1.89 1.91 1.91 1.92 1.93 1.95 1.96 1.96 1.97 1.99 2.00 2.02 2.03 2.04 2.05 2.07 2.09 2.09 2.11 2.13 2.14 2.16 2.18 2.19 2.21 2.21 2.18 2.19 2.21 2.26 2.29 2.32 2.34 2.36 2.38 2.40 2.42 2.45 2.49 2.51 2.53 2.56 2.60 2.63 2.65 2.68 2.72 2.75 2.78 2.81 2.86 2.89 2.93 2.97 3.00 3.06 3.09 3.14 3.19 3.22 3.28 3.34 3.32 3.33 5.11 5.00 4.88 4.75 4.60 4.47 4.27 4.26 4.25 4.24 4.21 4.24 4.45 4.58 4.60 4.66 4.65 4.64 4.62 4.65 4.78 5.13 5.73 5.91 6.08 6.13 6.15 6.14 6.12 6.13 6.13 6.13 6.11 6.11 6.10 6.08 6.07 6.07 6.05 6.01 5.99 8.91 8.23 8.19 8.17 8.16 8.15 8.14 8.14 8.14 8.14 8.15 8.12 8.15 8.17 8.28 8.25 8.31 6.09 5.98 5.98 6.01 6.01 6.01 6.01 6.02 6.02 6.04 6.04 6.05 6.01 6.02 6.01 6.04 5.97 4.76 4.51 4.49 4.49 4.51 4.49 4.44 4.41 4.07 4.03 4.06 4.06 4.02 4.02 4.05 4.06 3.37 3.17 3.11 3.08 2.99 2.91 2.86 2.79 2.72 2.68 2.61 2.56 2.52 2.46 2.41 2.37 2.33 2.28 2.25 2.20 2.18 2.14 2.10 2.06 2.03 2.01 1.97 1.95 1.86 1.82 1.81 1.81 1.83 1.82 1.81 1.79 1.77 1.75 1.74 1.72 1.69 1.68 1.66 1.64 1.62 1.61 1.60 1.58 1.56 1.56 1.54 1.52 1.51 1.50 1.49 1.47 1.46 1.45 1.43 1.42 1.42 1.40 1.38 1.38 1.37 1.36 1.35 1.35 1.34 1.32 1.31 1.31 1.29 1.29 1.28 1.27 1.26 1.26 1.24 1.24 1.24 1.22 1.22 1.21 1.19 1.19 1.20 1.19 1.19 1.19 1.18 1.17 1.17 1.16 1.16 1.16 1.15 1.15 1.14 1.14 1.14 1.13 1.13 1.13 1.12 1.12 1.11 1.11 1.11 1.11 1.10 1.09 1.09 1.09 1.09 1.08 1.07 1.07 1.07 1.07 1.07 1.06 1.06 1.07 1.07 1.06 1.02 1.02 0.99 0.99 0.99 0.98 0.98 0.98 1.02 1.02 1.01 1.01 1.01 1.01 1.01 1.01 1.01 1.01 -7.127559 8.752856 3.006173 -7.167193 8.758256 3.006173 1223.250260 magnum 11.811329
ODOM -7.248836 8.769444 2.998082 0.502000 -0.000022 0.000000 1223.453748 magnum 11.931048
ODOM -7.347637 8.783721 2.995014 0.496500 -0.000039 0.000000 1223.571757 magnum 12.077732
FLASER 360 1.58 1.59 1.59 1.60 1.64 1.64 1.64 1.64 1.64 1.65 1.65 1.64 1.65 1.64 1.65 1.65 1.65 1.65 1.65 1.66 1.66 1.66 1.66 1.66 1.67 1.68 1.68 1.68 1.68 1.69 1.69 1.70 1.70 1.71 1.72 1.72 1.72 1.73 1.74 1.74 1.75 1.75 1.75 1.76 1.76 1.76 1.77 1.77 1.78 1.79 1.79 1.80 1.80 1.83 1.83 1.84 1.84 1.85 1.86 1.87 1.88 1.89 1.90 1.90 1.92 1.92 1.94 1.95 1.96 1.97 1.98 1.99 2.01 2.03 2.03 2.05 2.06 2.07 2.10 2.10 2.11 2.13 2.14 2.12 2.12 2.13 2.14 2.20 2.22 2.24 2.27 2.29 2.31 2.32 2.34 2.36 2.39 2.42 2.43 2.46 2.50 2.52 2.55 2.57 2.61 2.64 2.67 2.70 2.73 2.76 2.80 2.83 2.87 2.90 2.94 2.99 3.02 3.07 3.11 3.14 3.21 3.24 3.23 3.25 6.76 5.01 4.87 4.71 4.58 4.44 4.26 4.16 4.17 4.14 4.13 4.12 4.22 4.38 4.50 4.50 4.57 4.54 4.53 4.52 4.58 4.70 5.46 5.63 5.80 5.97 6.02 6.05 6.04 6.02 6.02 6.04 6.03 6.00 6.00 5.99 5.99 5.97 5.97 5.95 5.91 5.90 8.85 8.24 8.09 8.08 8.06 8.04 8.04 8.03 8.03 8.02 8.05 8.02 8.02 8.03 8.15 8.16 8.15 8.32 5.95 5.86 5.88 5.90 5.89 5.90 5.91 5.91 5.92 5.92 5.93 5.92 5.90 5.90 5.91 5.92 5.86 4.74 4.43 4.37 4.39 4.39 4.41 4.34 4.31 4.07 3.94 3.94 3.95 3.93 3.92 3.92 3.95 3.97 3.22 3.05 3.01 2.98 2.89 2.83 2.77 2.72 2.64 2.60 2.55 2.50 2.44 2.40 2.35 2.31 2.26 2.23 2.19 2.17 2.12 2.09 2.05 2.03 2.00 1.97 1.94 1.91 1.89 1.86 1.79 1.75 1.72 1.71 1.73 1.73 1.74 1.73 1.70 1.69 1.66 1.65 1.63 1.62 1.60 1.59 1.57 1.56 1.54 1.52 1.51 1.50 1.49 1.47 1.47 1.45 1.42 1.42 1.42 1.41 1.39 1.37 1.37 1.37 1.34 1.33 1.34 1.33 1.31 1.31 1.30 1.29 1.29 1.29 1.27 1.27 1.26 1.25 1.24 1.23 1.22 1.21 1.20 1.20 1.20 1.19 1.19 1.19 1.18 1.18 1.18 1.17 1.15 1.15 1.15 1.15 1.14 1.14 1.13 1.13 1.13 1.13 1.13 1.12 1.12 1.11 1.10 1.10 1.09 1.10 1.09 1.09 1.08 1.09 1.09 1.08 1.07 1.07 1.07 1.06 1.06 1.06 1.07 1.07 1.06 1.06 1.06 1.06 1.06 1.05 1.05 1.06 1.06 1.06 1.05 1.05 1.04 1.05 1.00 0.99 0.98 0.98 -7.219617 8.765209 2.997760 -7.259204 8.770942 2.997760 1223.460728 magnum 12.078093
ODOM -7.397669 8.791108 2.993480 0.508000 -0.000011 0.000000 1223.686653 magnum 12.170644
FLASER 360 1.64 1.65 1.63 1.64 1.64 1.64 1.64 1.64 1.64 1.65 1.65 1.64 1.64 1.64 1.65 1.65 1.65 1.66 1.65 1.66 1.65 1.65 1.67 1.67 1.68 1.67 1.68 1.69 1.69 1.69 1.70 1.70 1.70 1.71 1.72 1.71 1.71 1.73 1.72 1.73 1.74 1.74 1.75 1.76 1.76 1.76 1.77 1.78 1.78 1.78 1.79 1.80 1.81 1.82 1.83 1.84 1.84 1.85 1.86 1.87 1.88 1.89 1.90 1.91 1.91 1.92 1.93 1.94 1.96 1.97 1.98 1.99 2.00 2.02 2.03 2.04 2.05 2.07 2.08 2.04 2.04 2.06 2.07 2.14 2.16 2.18 2.20 2.21 2.22 2.24 2.26 2.28 2.30 2.32 2.34 2.37 2.38 2.41 2.43 2.45 2.49 2.52 2.54 2.57 2.60 2.63 2.65 2.69 2.72 2.75 2.79 2.82 2.86 2.89 2.93 2.97 3.01 3.06 3.10 3.15 3.15 3.15 3.18 6.68 4.87 4.78 4.65 4.48 4.37 4.16 4.07 4.06 4.06 4.03 4.02 4.10 4.27 4.38 4.41 4.45 4.45 4.43 4.43 4.44 4.54 4.68 5.43 5.58 5.76 5.87 5.93 5.93 5.93 5.91 5.91 5.93 5.92 5.90 5.90 5.89 5.89 5.86 5.87 5.84 5.82 5.79 8.75 8.19 8.01 7.97 7.96 7.93 7.94 7.91 7.93 7.90 7.93 7.92 7.92 7.91 7.98 8.06 8.04 8.10 5.88 5.77 5.75 5.80 5.80 5.80 5.81 5.80 5.81 5.81 5.83 5.83 5.82 5.80 5.81 5.81 5.82 5.71 4.53 4.30 4.28 4.28 4.29 4.30 4.24 4.21 3.96 3.82 3.85 3.85 3.85 3.81 3.82 3.83 3.86 3.87 3.05 2.90 2.90 2.87 2.79 2.73 2.67 2.63 2.57 2.52 2.46 2.41 2.37 2.33 2.28 2.24 2.20 2.18 2.13 2.10 2.07 2.04 2.00 1.97 1.95 1.92 1.90 1.87 1.84 1.82 1.79 1.77 1.74 1.68 1.65 1.63 1.65 1.65 1.66 1.65 1.63 1.62 1.61 1.60 1.57 1.57 1.54 1.53 1.52 1.51 1.50 1.48 1.46 1.45 1.44 1.43 1.42 1.41 1.39 1.39 1.38 1.36 1.36 1.35 1.35 1.33 1.32 1.32 1.31 1.30 1.27 1.27 1.28 1.27 1.26 1.26 1.25 1.24 1.23 1.23 1.21 1.21 1.20 1.20 1.20 1.20 1.18 1.18 1.17 1.17 1.16 1.16 1.15 1.14 1.14 1.14 1.14 1.14 1.14 1.13 1.11 1.11 1.13 1.12 1.11 1.11 1.11 1.11 1.10 1.09 1.09 1.09 1.08 1.08 1.08 1.07 1.07 1.06 1.07 1.07 1.07 1.07 1.07 1.06 1.06 1.07 1.07 1.06 1.06 1.06 1.06 1.05 1.05 1.05 1.04 1.05 1.05 1.04 1.05 1.04 -7.357555 8.785124 2.993497 -7.397117 8.791026 2.993497 1223.680289 magnum 12.170771
ODOM -7.447254 8.798506 2.993480 0.493500 0.000118 0.000000 1223.813403 magnum 12.290937
ODOM -7.496839 8.805904 2.993480 0.492500 -0.000028 0.000000 1223.932726 magnum 12.411296
FLASER 360 1.64 1.65 1.63 1.64 1.64 1.65 1.64 1.64 1.64 1.64 1.65 1.65 1.65 1.66 1.66 1.65 1.65 1.66 1.66 1.66 1.66 1.66 1.67 1.66 1.67 1.67 1.68 1.69 1.69 1.68 1.70 1.69 1.70 1.71 1.71 1.72 1.72 1.72 1.72 1.73 1.74 1.75 1.75 1.76 1.75 1.76 1.76 1.77 1.78 1.79 1.80 1.80 1.81 1.81 1.82 1.83 1.84 1.84 1.85 1.86 1.87 1.88 1.89 1.91 1.91 1.92 1.93 1.94 1.95 1.97 1.98 1.98 1.99 2.00 2.00 1.97 1.99 2.01 2.04 2.07 2.09 2.11 2.12 2.13 2.15 2.17 2.19 2.21 2.22 2.23 2.25 2.28 2.30 2.31 2.34 2.36 2.38 2.40 2.42 2.45 2.49 2.51 2.54 2.56 2.59 2.63 2.65 2.68 2.71 2.74 2.78 2.81 2.85 2.88 2.93 2.96 3.00 3.05 3.06 3.06 3.09 6.63 6.61 4.81 4.70 4.52 4.39 4.22 4.06 3.95 3.97 3.95 3.93 3.92 4.00 4.18 4.28 4.31 4.34 4.35 4.34 4.33 4.33 4.42 4.54 5.27 5.41 5.57 5.73 5.79 5.84 5.83 5.83 5.81 5.83 5.82 5.81 5.80 5.80 5.78 5.78 5.76 5.75 5.73 5.70 5.68 8.65 8.05 7.89 7.88 7.85 7.84 7.84 7.82 7.83 7.82 7.83 7.81 7.81 7.80 7.86 7.96 7.94 7.98 5.77 5.68 5.64 5.68 5.69 5.68 5.70 5.69 5.70 5.70 5.72 5.72 5.72 5.68 5.70 5.69 5.72 5.67 5.48 4.33 4.18 4.16 4.18 4.18 4.20 4.13 4.11 3.87 3.70 3.72 3.73 3.71 3.71 3.70 3.72 3.73 3.76 3.72 2.89 2.79 2.80 2.74 2.68 2.63 2.58 2.53 2.47 2.42 2.38 2.33 2.29 2.25 2.21 2.18 2.14 2.10 2.08 2.04 2.01 1.98 1.96 1.92 1.90 1.87 1.84 1.83 1.80 1.78 1.76 1.75 1.72 1.70 1.68 1.64 1.58 1.56 1.56 1.55 1.58 1.58 1.58 1.57 1.54 1.53 1.52 1.52 1.50 1.48 1.47 1.45 1.44 1.44 1.43 1.41 1.40 1.38 1.38 1.37 1.36 1.35 1.35 1.33 1.33 1.32 1.30 1.29 1.29 1.29 1.27 1.27 1.26 1.26 1.25 1.24 1.22 1.21 1.22 1.21 1.20 1.19 1.20 1.20 1.19 1.19 1.18 1.18 1.17 1.17 1.16 1.15 1.15 1.15 1.14 1.14 1.13 1.12 1.12 1.11 1.11 1.10 1.10 1.10 1.10 1.10 1.10 1.10 1.08 1.08 1.08 1.07 1.09 1.08 1.08 1.08 1.07 1.07 1.08 1.08 1.07 1.07 1.07 1.07 1.06 1.06 1.06 1.06 1.05 1.05 1.05 1.05 1.05 1.05 1.05 1.05 1.05 1.04 -7.441720 8.797680 2.993480 -7.481282 8.803583 2.993480 1223.890256 magnum 12.411429
ODOM -7.546423 8.813302 2.990412 0.506000 0.000112 0.000000 1224.052750 magnum 12.530594
ODOM -7.645786 8.828440 2.987344 0.502500 0.000017 0.000000 1224.172618 magnum 12.651755
FLASER 360 1.64 1.65 1.64 1.64 1.64 1.64 1.64 1.64 1.65 1.65 1.65 1.65 1.65 1.66 1.66 1.66 1.65 1.66 1.66 1.67 1.67 1.66 1.66 1.67 1.67 1.67 1.67 1.68 1.69 1.69 1.69 1.69 1.70 1.70 1.71 1.71 1.72 1.72 1.72 1.72 1.73 1.74 1.75 1.76 1.76 1.76 1.77 1.77 1.77 1.78 1.79 1.79 1.81 1.81 1.82 1.83 1.84 1.85 1.85 1.86 1.87 1.88 1.89 1.90 1.91 1.92 1.92 1.94 1.94 1.92 1.92 1.92 1.94 1.99 2.00 2.02 2.03 2.05 2.06 2.07 2.09 2.11 2.12 2.13 2.15 2.17 2.19 2.21 2.22 2.24 2.25 2.28 2.30 2.32 2.35 2.35 2.38 2.42 2.43 2.45 2.49 2.51 2.54 2.56 2.59 2.62 2.66 2.68 2.71 2.74 2.78 2.82 2.85 2.88 2.93 2.97 2.97 2.96 2.99 6.46 6.51 4.76 4.68 4.55 4.40 4.24 4.09 3.89 3.86 3.86 3.86 3.82 3.83 3.96 4.09 4.20 4.21 4.25 4.27 4.23 4.24 4.22 4.30 4.44 5.11 5.26 5.40 5.56 5.69 5.72 5.73 5.72 5.71 5.70 5.73 5.71 5.71 5.69 5.69 5.67 5.67 5.65 5.65 5.61 5.59 5.59 8.53 7.89 7.77 7.76 7.74 7.73 7.72 7.72 7.72 7.71 7.71 7.71 7.70 7.70 7.75 7.85 7.83 7.86 5.65 5.58 5.54 5.56 5.58 5.57 5.59 5.58 5.59 5.59 5.61 5.61 5.62 5.58 5.58 5.58 5.61 5.60 5.49 4.43 4.15 4.06 4.07 4.07 4.08 4.08 4.02 3.99 3.71 3.60 3.62 3.62 3.63 3.59 3.60 3.61 3.64 3.64 3.67 2.90 2.70 2.70 2.69 2.64 2.58 2.54 2.47 2.42 2.38 2.34 2.29 2.26 2.21 2.18 2.14 2.10 2.08 2.05 2.01 1.98 1.96 1.93 1.91 1.88 1.85 1.83 1.80 1.78 1.76 1.74 1.72 1.70 1.68 1.66 1.65 1.63 1.61 1.60 1.54 1.51 1.48 1.47 1.48 1.47 1.50 1.49 1.50 1.48 1.47 1.46 1.44 1.44 1.42 1.41 1.40 1.39 1.38 1.37 1.36 1.36 1.35 1.33 1.32 1.31 1.30 1.30 1.30 1.29 1.27 1.27 1.27 1.26 1.25 1.25 1.23 1.23 1.22 1.21 1.20 1.19 1.20 1.20 1.19 1.17 1.17 1.16 1.17 1.17 1.16 1.15 1.15 1.14 1.14 1.14 1.14 1.13 1.13 1.12 1.12 1.11 1.11 1.12 1.10 1.10 1.09 1.09 1.09 1.08 1.08 1.08 1.08 1.08 1.08 1.08 1.08 1.08 1.08 1.08 1.05 1.05 1.06 1.06 1.06 1.06 1.06 1.06 1.06 1.07 1.06 1.06 1.04 1.05 1.05 1.05 1.05 1.04 -7.550731 8.813904 2.989058 -7.590266 8.819982 2.989058 1224.100727 magnum 12.651874
ODOM -7.695565 8.836179 2.984276 0.510500 -0.000084 0.000000 1224.292723 magnum 12.770473
ODOM -7.744882 8.844002 2.982742 0.491000 -0.000056 0.000000 1224.413340 magnum 12.892532
FLASER 360 1.64 1.64 1.64 1.63 1.64 1.64 1.64 1.64 1.65 1.64 1.65 1.65 1.65 1.65 1.66 1.66 1.66 1.65 1.66 1.66 1.66 1.67 1.67 1.67 1.67 1.67 1.68 1.68 1.68 1.69 1.69 1.70 1.70 1.70 1.70 1.71 1.71 1.72 1.72 1.73 1.73 1.75 1.75 1.75 1.75 1.76 1.77 1.77 1.77 1.78 1.79 1.79 1.80 1.81 1.81 1.82 1.82 1.84 1.85 1.85 1.86 1.87 1.88 1.88 1.86 1.85 1.86 1.88 1.90 1.94 1.95 1.96 1.98 1.99 2.00 2.01 2.02 2.04 2.06 2.06 2.08 2.10 2.12 2.12 2.14 2.16 2.18 2.19 2.21 2.23 2.25 2.28 2.28 2.31 2.33 2.36 2.36 2.39 2.42 2.44 2.46 2.50 2.53 2.55 2.58 2.61 2.65 2.66 2.70 2.73 2.76 2.80 2.83 2.88 2.88 2.88 2.90 6.51 6.34 6.40 6.42 4.58 4.47 4.29 4.15 3.96 3.76 3.74 3.76 3.73 3.71 3.71 3.85 3.97 4.06 4.11 4.14 4.16 4.14 4.13 4.13 4.16 4.27 4.40 5.05 5.20 5.36 5.50 5.58 5.63 5.62 5.61 5.61 5.60 5.62 5.61 5.61 5.58 5.57 5.56 5.56 5.55 5.55 5.50 5.48 5.46 8.43 7.87 7.68 7.66 7.62 7.62 7.61 7.59 7.60 7.60 7.59 7.61 7.58 7.57 7.61 7.75 7.72 7.72 8.00 5.54 5.43 5.44 5.48 5.47 5.48 5.48 5.49 5.48 5.50 5.50 5.51 5.50 5.49 5.49 5.50 5.50 5.48 5.35 4.27 4.05 3.96 3.96 3.97 3.98 3.99 3.92 3.90 3.74 3.51 3.49 3.52 3.53 3.50 3.49 3.51 3.52 3.55 3.55 3.57 2.82 2.62 2.60 2.61 2.55 2.50 2.44 2.40 2.35 2.31 2.27 2.23 2.19 2.16 2.12 2.09 2.05 2.03 2.00 1.97 1.94 1.92 1.89 1.86 1.84 1.81 1.79 1.77 1.76 1.73 1.71 1.69 1.67 1.66 1.64 1.61 1.61 1.58 1.56 1.55 1.54 1.53 1.51 1.47 1.43 1.40 1.40 1.39 1.40 1.41 1.42 1.43 1.42 1.40 1.39 1.38 1.37 1.36 1.35 1.35 1.35 1.33 1.32 1.31 1.30 1.29 1.30 1.28 1.27 1.26 1.25 1.25 1.24 1.23 1.22 1.22 1.21 1.20 1.19 1.20 1.20 1.20 1.19 1.19 1.18 1.18 1.16 1.15 1.15 1.16 1.15 1.14 1.12 1.12 1.12 1.14 1.13 1.13 1.12 1.12 1.11 1.11 1.11 1.10 1.10 1.10 1.09 1.09 1.09 1.09 1.09 1.08 1.08 1.08 1.08 1.07 1.07 1.07 1.06 1.06 1.06 1.06 1.05 1.06 1.05 1.06 1.06 1.05 1.06 1.06 1.06 1.06 1.06 1.06 1.06 -7.665245 8.831358 2.983991 -7.704749 8.837636 2.983991 1224.310302 magnum 12.892652
ODOM -7.794187 8.851901 2.978140 0.502500 -0.000017 0.000000 1224.540195 magnum 13.028848
FLASER 360 1.64 1.64 1.63 1.64 1.64 1.64 1.64 1.65 1.64 1.64 1.65 1.65 1.65 1.65 1.65 1.65 1.65 1.66 1.66 1.66 1.66 1.66 1.66 1.67 1.67 1.66 1.66 1.67 1.68 1.68 1.68 1.69 1.70 1.70 1.70 1.71 1.71 1.71 1.71 1.72 1.73 1.73 1.74 1.74 1.75 1.75 1.76 1.77 1.77 1.77 1.78 1.79 1.79 1.80 1.81 1.81 1.82 1.83 1.83 1.79 1.80 1.81 1.82 1.86 1.87 1.89 1.90 1.91 1.92 1.94 1.94 1.95 1.96 1.98 2.00 2.00 2.02 2.03 2.05 2.06 2.07 2.09 2.11 2.12 2.13 2.15 2.17 2.19 2.21 2.22 2.24 2.26 2.28 2.29 2.31 2.34 2.36 2.38 2.41 2.43 2.45 2.49 2.51 2.54 2.56 2.60 2.63 2.66 2.68 2.72 2.75 2.79 2.80 2.79 2.81 6.49 6.46 6.31 6.31 6.33 4.52 4.39 4.21 4.03 3.87 3.67 3.66 3.65 3.64 3.61 3.62 3.74 3.87 3.94 4.01 4.01 4.08 4.04 4.04 4.03 4.04 4.12 4.25 4.87 5.00 5.15 5.29 5.44 5.49 5.54 5.52 5.51 5.50 5.50 5.52 5.50 5.50 5.48 5.47 5.46 5.46 5.44 5.44 5.41 5.38 5.36 8.32 8.27 7.58 7.55 7.53 7.51 7.50 7.49 7.49 7.48 7.48 7.50 7.49 7.47 7.48 7.55 7.63 7.60 7.68 5.45 5.37 5.32 5.35 5.36 5.37 5.37 5.38 5.37 5.38 5.39 5.40 5.40 5.39 5.37 5.39 5.39 5.40 5.36 5.21 4.21 3.95 3.85 3.86 3.86 3.87 3.87 3.82 3.80 3.69 3.45 3.40 3.41 3.43 3.43 3.40 3.40 3.41 3.42 3.45 3.46 3.48 2.93 2.59 2.50 2.51 2.47 2.42 2.38 2.33 2.29 2.25 2.21 2.18 2.14 2.11 2.08 2.04 2.01 1.98 1.95 1.92 1.90 1.88 1.85 1.83 1.81 1.78 1.77 1.74 1.72 1.70 1.68 1.65 1.65 1.63 1.61 1.59 1.58 1.55 1.54 1.53 1.51 1.50 1.48 1.46 1.46 1.44 1.43 1.42 1.39 1.34 1.33 1.32 1.32 1.33 1.34 1.36 1.36 1.36 1.34 1.33 1.32 1.32 1.31 1.30 1.29 1.29 1.28 1.27 1.26 1.25 1.25 1.24 1.23 1.23 1.22 1.21 1.21 1.20 1.20 1.19 1.19 1.18 1.18 1.17 1.15 1.16 1.15 1.15 1.15 1.15 1.13 1.14 1.13 1.14 1.14 1.12 1.11 1.11 1.12 1.12 1.11 1.10 1.09 1.09 1.10 1.09 1.09 1.08 1.08 1.09 1.09 1.08 1.08 1.08 1.08 1.07 1.07 1.07 1.07 1.07 1.07 1.07 1.07 1.06 1.05 1.05 1.05 1.05 1.04 1.05 1.04 1.04 1.04 -7.752538 8.845051 2.978344 -7.792006 8.851552 2.978344 1224.530264 magnum 13.028980
ODOM -7.844141 8.860140 2.975072 0.504500 -0.000017 0.000000 1224.653321 magnum 13.131126
ODOM -7.942679 8.876702 2.972004 0.505500 -0.000050 0.000000 1224.772773 magnum 13.249770
FLASER 360 1.65 1.64 1.64 1.63 1.64 1.64 1.64 1.64 1.64 1.64 1.64 1.65 1.65 1.65 1.65 1.66 1.65 1.66 1.66 1.66 1.66 1.66 1.66 1.66 1.66 1.67 1.67 1.67 1.68 1.68 1.68 1.69 1.69 1.69 1.69 1.70 1.70 1.70 1.72 1.71 1.72 1.73 1.73 1.73 1.75 1.75 1.76 1.76 1.77 1.77 1.77 1.78 1.78 1.77 1.75 1.75 1.76 1.78 1.81 1.82 1.83 1.84 1.85 1.87 1.87 1.88 1.89 1.90 1.91 1.92 1.94 1.94 1.96 1.97 1.99 2.00 2.00 2.02 2.04 2.06 2.06 2.08 2.10 2.11 2.12 2.14 2.16 2.18 2.20 2.21 2.22 2.25 2.27 2.28 2.30 2.33 2.36 2.37 2.40 2.42 2.43 2.47 2.50 2.53 2.55 2.57 2.60 2.64 2.66 2.70 2.71 2.70 2.71 6.44 6.43 6.38 6.34 6.17 6.24 4.38 4.33 4.13 3.98 3.74 3.58 3.55 3.56 3.54 3.53 3.52 3.61 3.73 3.81 3.90 3.92 3.96 3.97 3.93 3.94 3.91 3.97 4.05 4.20 4.79 4.92 5.05 5.19 5.34 5.38 5.43 5.42 5.41 5.40 5.39 5.42 5.40 5.40 5.38 5.37 5.35 5.35 5.33 5.33 5.32 5.28 5.27 8.23 8.18 7.54 7.43 7.43 7.40 7.41 7.39 7.38 7.37 7.37 7.37 7.40 7.36 7.37 7.39 7.53 7.50 7.48 7.62 5.35 5.24 5.22 5.25 5.26 5.26 5.27 5.26 5.27 5.28 5.29 5.29 5.30 5.28 5.28 5.28 5.28 5.29 5.26 5.15 4.36 3.93 3.75 3.72 3.74 3.74 3.75 3.74 3.70 3.66 3.55 3.32 3.31 3.31 3.33 3.33 3.30 3.30 3.33 3.32 3.36 3.36 3.39 3.41 2.58 2.45 2.41 2.40 2.36 2.33 2.28 2.24 2.20 2.17 2.13 2.10 2.07 2.04 2.01 1.98 1.95 1.92 1.90 1.86 1.85 1.82 1.80 1.78 1.76 1.74 1.72 1.69 1.67 1.66 1.65 1.63 1.62 1.59 1.58 1.56 1.54 1.54 1.52 1.50 1.48 1.46 1.45 1.44 1.43 1.41 1.40 1.39 1.38 1.37 1.37 1.36 1.33 1.31 1.27 1.26 1.25 1.25 1.28 1.28 1.30 1.29 1.29 1.28 1.27 1.27 1.26 1.26 1.25 1.24 1.23 1.22 1.22 1.21 1.21 1.20 1.20 1.20 1.19 1.19 1.17 1.18 1.16 1.16 1.15 1.15 1.15 1.14 1.14 1.14 1.14 1.14 1.12 1.11 1.13 1.13 1.12 1.12 1.11 1.10 1.11 1.11 1.09 1.09 1.08 1.08 1.09 1.09 1.08 1.08 1.06 1.06 1.07 1.07 1.07 1.07 1.07 1.08 1.07 1.07 1.07 1.06 1.07 1.07 1.06 1.05 1.05 1.05 1.05 1.05 -7.888222 8.867443 2.972472 -7.927651 8.874176 2.972472 1224.750259 magnum 13.249899
ODOM -7.992581 8.885247 2.970470 0.494000 -0.000011 0.000000 1224.892969 magnum 13.370412
ODOM -8.042031 8.893792 2.968936 0.505000 0.000022 0.000000 1225.012440 magnum 13.490253
FLASER 360 1.64 1.63 1.63 1.64 1.63 1.64 1.64 1.64 1.64 1.64 1.64 1.64 1.65 1.65 1.64 1.64 1.65 1.65 1.64 1.65 1.65 1.65 1.65 1.65 1.65 1.66 1.66 1.66 1.67 1.67 1.67 1.68 1.69 1.69 1.69 1.69 1.69 1.71 1.71 1.71 1.71 1.72 1.72 1.72 1.73 1.74 1.74 1.70 1.70 1.71 1.71 1.74 1.77 1.78 1.78 1.79 1.80 1.80 1.81 1.82 1.83 1.83 1.85 1.86 1.86 1.87 1.88 1.90 1.90 1.92 1.93 1.93 1.95 1.96 1.98 1.99 2.00 2.01 2.03 2.05 2.05 2.07 2.09 2.11 2.12 2.13 2.15 2.16 2.18 2.19 2.22 2.23 2.25 2.27 2.29 2.31 2.34 2.36 2.39 2.41 2.42 2.45 2.49 2.51 2.53 2.57 2.61 2.62 2.62 2.61 2.64 5.79 5.82 5.90 6.03 6.23 6.07 4.39 4.33 4.17 3.99 3.79 3.58 3.47 3.47 3.45 3.43 3.42 3.44 3.57 3.65 3.71 3.80 3.80 3.86 3.85 3.84 3.83 3.83 3.85 3.94 4.08 4.65 4.77 4.89 5.01 5.16 5.26 5.31 5.32 5.30 5.29 5.29 5.29 5.30 5.29 5.29 5.26 5.26 5.24 5.24 5.22 5.22 5.19 5.17 5.16 8.13 8.09 7.42 7.31 7.30 7.27 7.30 7.28 7.28 7.26 7.27 7.25 7.28 7.25 7.25 7.27 7.38 7.43 7.39 7.52 5.23 5.15 5.11 5.13 5.15 5.15 5.16 5.16 5.17 5.16 5.18 5.18 5.19 5.19 5.17 5.17 5.17 5.18 5.20 5.13 4.93 4.17 3.83 3.64 3.63 3.63 3.64 3.64 3.64 3.58 3.58 3.48 3.27 3.19 3.20 3.20 3.23 3.19 3.19 3.19 3.22 3.23 3.26 3.27 3.31 3.30 2.62 2.42 2.30 2.30 2.30 2.25 2.22 2.18 2.15 2.10 2.08 2.04 2.02 1.98 1.96 1.93 1.91 1.88 1.85 1.83 1.81 1.78 1.76 1.75 1.73 1.70 1.68 1.66 1.65 1.63 1.61 1.60 1.58 1.57 1.55 1.53 1.52 1.50 1.48 1.48 1.46 1.44 1.44 1.43 1.41 1.40 1.38 1.38 1.36 1.36 1.35 1.34 1.33 1.31 1.30 1.30 1.30 1.29 1.28 1.25 1.22 1.20 1.19 1.19 1.21 1.21 1.22 1.23 1.24 1.23 1.22 1.21 1.20 1.20 1.20 1.20 1.19 1.19 1.18 1.18 1.17 1.17 1.16 1.16 1.15 1.15 1.14 1.14 1.13 1.13 1.13 1.12 1.12 1.12 1.11 1.12 1.11 1.11 1.10 1.10 1.09 1.09 1.09 1.09 1.09 1.08 1.08 1.09 1.07 1.07 1.07 1.07 1.07 1.06 1.05 1.05 1.07 1.06 1.06 1.06 1.06 1.06 1.06 1.06 1.06 1.06 1.06 1.06 -7.983027 8.883558 2.969544 -8.022436 8.890406 2.969544 1224.961095 magnum 13.490377
ODOM -8.091280 8.902381 2.968936 0.483000 -0.000101 0.000000 1225.133162 magnum 13.610483
ODOM -8.141156 8.911079 2.967402 0.507000 0.000034 0.000000 1225.253330 magnum 13.730784
FLASER 360 1.63 1.64 1.63 1.64 1.63 1.63 1.63 1.64 1.64 1.63 1.64 1.64 1.64 1.64 1.64 1.64 1.64 1.65 1.64 1.64 1.64 1.64 1.65 1.65 1.65 1.65 1.65 1.66 1.66 1.67 1.67 1.68 1.68 1.68 1.68 1.68 1.69 1.70 1.70 1.70 1.69 1.67 1.67 1.67 1.66 1.71 1.72 1.73 1.74 1.74 1.75 1.76 1.77 1.77 1.77 1.78 1.79 1.80 1.81 1.81 1.82 1.84 1.84 1.86 1.86 1.87 1.87 1.89 1.90 1.91 1.93 1.93 1.95 1.96 1.98 1.99 2.00 2.01 2.03 2.04 2.05 2.06 2.08 2.10 2.11 2.12 2.15 2.15 2.18 2.20 2.21 2.24 2.24 2.26 2.29 2.31 2.33 2.34 2.38 2.40 2.41 2.44 2.47 2.52 2.54 2.53 2.53 2.54 5.78 5.70 5.70 5.73 5.82 5.97 6.17 5.98 4.27 4.15 4.01 3.76 3.58 3.37 3.37 3.37 3.36 3.33 3.32 3.39 3.50 3.57 3.64 3.70 3.69 3.75 3.74 3.71 3.71 3.69 3.74 3.83 3.97 4.53 4.63 4.75 4.86 4.99 5.14 5.18 5.23 5.20 5.19 5.18 5.18 5.20 5.19 5.18 5.18 5.15 5.15 5.13 5.13 5.12 5.12 5.06 5.04 5.04 8.01 7.98 7.29 7.19 7.19 7.17 7.18 7.18 7.17 7.16 7.16 7.15 7.18 7.14 7.15 7.16 7.23 7.33 7.29 7.35 5.15 5.06 5.00 5.00 5.02 5.02 5.02 5.02 5.03 5.03 5.04 5.04 5.06 5.06 5.06 5.03 5.05 5.04 5.06 5.05 4.97 4.76 3.96 3.70 3.54 3.52 3.53 3.53 3.54 3.54 3.50 3.48 3.39 3.28 3.10 3.10 3.09 3.12 3.11 3.08 3.09 3.10 3.12 3.14 3.16 3.17 3.19 3.20 3.23 2.37 2.21 2.21 2.21 2.20 2.16 2.12 2.09 2.05 2.03 1.99 1.97 1.94 1.91 1.89 1.86 1.84 1.81 1.79 1.77 1.75 1.73 1.71 1.69 1.67 1.65 1.64 1.62 1.61 1.59 1.57 1.56 1.54 1.53 1.52 1.50 1.48 1.46 1.45 1.44 1.43 1.41 1.40 1.39 1.38 1.37 1.36 1.36 1.34 1.33 1.32 1.31 1.30 1.29 1.29 1.28 1.27 1.26 1.24 1.25 1.23 1.23 1.22 1.22 1.21 1.18 1.16 1.14 1.14 1.14 1.13 1.16 1.17 1.18 1.17 1.19 1.18 1.17 1.16 1.16 1.16 1.16 1.15 1.15 1.14 1.14 1.14 1.13 1.13 1.13 1.12 1.12 1.12 1.12 1.12 1.11 1.10 1.11 1.10 1.09 1.08 1.08 1.08 1.08 1.07 1.08 1.08 1.07 1.07 1.06 1.06 1.06 1.05 1.07 1.06 1.07 1.07 1.07 1.07 1.06 1.07 1.07 1.07 1.06 1.06 -8.069256 8.898518 2.968402 -8.108657 8.905411 2.968402 1225.170223 magnum 13.730897
ODOM -8.240254 8.928518 2.965868 0.504500 -0.000017 0.000000 1225.372564 magnum 13.850844
ODOM -8.289477 8.937257 2.962800 0.510000 -0.000101 0.000000 1225.493182 magnum 13.971315
FLASER 360 1.63 1.63 1.63 1.64 1.62 1.63 1.63 1.62 1.62 1.63 1.62 1.63 1.62 1.62 1.62 1.62 1.63 1.63 1.63 1.64 1.64 1.64 1.64 1.65 1.64 1.65 1.65 1.65 1.66 1.66 1.67 1.67 1.67 1.63 1.63 1.63 1.64 1.64 1.65 1.68 1.68 1.69 1.70 1.70 1.71 1.72 1.72 1.73 1.74 1.74 1.74 1.75 1.76 1.76 1.76 1.78 1.79 1.80 1.80 1.81 1.82 1.83 1.84 1.85 1.85 1.86 1.88 1.89 1.90 1.91 1.92 1.93 1.94 1.95 1.97 1.98 1.99 2.00 2.02 2.04 2.04 2.06 2.08 2.10 2.11 2.12 2.14 2.16 2.18 2.18 2.20 2.23 2.25 2.26 2.28 2.30 2.32 2.33 2.37 2.40 2.42 2.43 2.43 2.42 2.45 5.26 5.42 5.62 5.59 5.57 5.62 5.67 5.83 6.06 5.88 4.13 4.03 3.74 3.56 3.28 3.28 3.27 3.26 3.22 3.23 3.27 3.37 3.44 3.50 3.57 3.60 3.60 3.65 3.62 3.61 3.61 3.60 3.65 3.72 3.87 4.41 4.51 4.61 4.73 4.85 4.98 5.04 5.12 5.12 5.09 5.09 5.06 5.06 5.06 5.06 5.05 5.04 5.02 5.01 5.00 4.99 4.99 4.99 4.93 4.93 7.91 7.90 7.87 7.18 7.09 7.09 7.07 7.09 7.08 7.08 7.05 7.05 7.04 7.07 7.03 7.04 7.05 7.10 7.23 7.18 7.25 7.83 4.98 4.89 4.87 4.91 4.91 4.92 4.92 4.92 4.93 4.93 4.93 4.94 4.94 4.96 4.92 4.93 4.93 4.94 4.94 4.92 4.82 4.61 3.80 3.56 3.43 3.41 3.41 3.42 3.43 3.45 3.40 3.39 3.34 3.23 3.05 3.00 2.99 3.01 3.03 3.00 2.99 3.00 3.00 3.03 3.05 3.07 3.08 3.11 3.11 3.14 3.14 2.25 2.11 2.12 2.12 2.10 2.07 2.03 2.01 1.97 1.95 1.91 1.90 1.87 1.84 1.82 1.80 1.77 1.75 1.74 1.72 1.70 1.68 1.66 1.63 1.62 1.61 1.60 1.58 1.56 1.55 1.53 1.52 1.51 1.48 1.46 1.45 1.43 1.43 1.42 1.41 1.40 1.38 1.37 1.36 1.35 1.35 1.34 1.32 1.31 1.30 1.29 1.28 1.28 1.28 1.27 1.26 1.25 1.24 1.23 1.23 1.22 1.21 1.20 1.20 1.20 1.19 1.19 1.19 1.18 1.17 1.17 1.16 1.12 1.10 1.08 1.09 1.09 1.08 1.13 1.13 1.13 1.13 1.12 1.13 1.12 1.12 1.12 1.12 1.12 1.12 1.11 1.11 1.11 1.11 1.10 1.10 1.10 1.09 1.09 1.08 1.09 1.08 1.08 1.08 1.08 1.07 1.07 1.07 1.07 1.07 1.07 1.07 1.07 1.07 1.07 1.07 1.06 1.06 1.06 1.06 1.06 1.06 -8.206032 8.922428 2.965547 -8.245413 8.929434 2.965547 1225.380423 magnum 13.971435
ODOM -8.339113 8.946228 2.959732 0.503000 -0.000179 0.000000 1225.612492 magnum 14.099743
FLASER 360 1.62 1.62 1.62 1.63 1.61 1.62 1.62 1.62 1.62 1.62 1.62 1.62 1.62 1.62 1.62 1.63 1.62 1.63 1.63 1.63 1.63 1.63 1.63 1.64 1.64 1.64 1.61 1.61 1.61 1.60 1.61 1.64 1.65 1.65 1.66 1.66 1.67 1.67 1.67 1.68 1.68 1.69 1.69 1.70 1.70 1.71 1.72 1.72 1.73 1.74 1.75 1.75 1.76 1.76 1.76 1.77 1.78 1.79 1.80 1.81 1.82 1.83 1.84 1.84 1.85 1.86 1.87 1.88 1.90 1.91 1.92 1.92 1.93 1.95 1.96 1.98 1.99 2.00 2.02 2.03 2.04 2.06 2.08 2.09 2.10 2.12 2.12 2.15 2.17 2.18 2.21 2.22 2.24 2.26 2.27 2.29 2.32 2.34 2.36 2.33 2.34 2.37 6.40 5.30 5.17 5.45 5.51 5.48 5.48 5.49 5.56 5.79 5.96 4.03 3.97 3.71 3.54 3.20 3.18 3.19 3.17 3.15 3.13 3.15 3.24 3.32 3.37 3.44 3.51 3.49 3.53 3.54 3.52 3.51 3.51 3.50 3.57 3.63 3.79 4.30 4.40 4.50 4.60 4.72 4.83 4.92 4.97 4.99 4.98 4.96 4.96 4.94 4.97 4.96 4.95 4.93 4.92 4.91 4.91 4.89 4.89 4.88 4.86 4.82 4.82 7.80 7.80 7.77 7.08 6.97 6.97 6.97 6.97 6.96 6.96 6.94 6.94 6.93 6.96 6.93 6.93 6.93 6.98 7.08 7.11 7.31 7.72 4.88 4.79 4.76 4.79 4.80 4.81 4.81 4.82 4.81 4.83 4.82 4.83 4.83 4.85 4.83 4.82 4.83 4.84 4.84 4.84 4.78 4.64 4.46 3.64 3.46 3.33 3.30 3.32 3.32 3.33 3.34 3.30 3.28 3.26 3.16 3.03 2.89 2.89 2.89 2.91 2.92 2.89 2.88 2.90 2.91 2.94 2.94 2.98 2.99 3.00 3.01 3.04 3.05 3.04 2.17 2.03 2.01 2.03 2.01 1.98 1.96 1.93 1.90 1.87 1.85 1.82 1.81 1.78 1.76 1.74 1.72 1.70 1.68 1.66 1.64 1.62 1.61 1.60 1.58 1.57 1.55 1.53 1.52 1.50 1.49 1.47 1.46 1.44 1.43 1.42 1.41 1.40 1.39 1.37 1.36 1.35 1.35 1.34 1.33 1.32 1.31 1.30 1.29 1.28 1.28 1.27 1.26 1.25 1.24 1.23 1.23 1.22 1.21 1.21 1.20 1.20 1.20 1.19 1.19 1.18 1.17 1.17 1.16 1.15 1.15 1.15 1.14 1.14 1.13 1.13 1.13 1.13 1.12 1.09 1.08 1.06 1.06 1.05 1.05 1.06 1.06 1.08 1.08 1.11 1.11 1.10 1.10 1.09 1.09 1.09 1.09 1.09 1.09 1.08 1.08 1.08 1.08 1.09 1.08 1.07 1.07 1.06 1.06 1.07 1.06 1.06 1.06 1.07 1.07 1.06 1.06 1.05 1.05 -8.296648 8.938436 2.959925 -8.335989 8.945663 2.959925 1225.600601 magnum 14.099881
ODOM -8.388721 8.955350 2.956664 0.503500 -0.000062 0.000000 1225.733102 magnum 14.210841
ODOM -8.486636 8.973667 2.953596 0.506500 -0.000062 0.000000 1225.892512 magnum 14.371878
FLASER 360 1.62 1.62 1.63 1.62 1.62 1.62 1.61 1.62 1.62 1.62 1.61 1.61 1.61 1.61 1.61 1.62 1.62 1.62 1.62 1.58 1.59 1.59 1.59 1.61 1.62 1.63 1.63 1.63 1.63 1.64 1.64 1.64 1.64 1.65 1.65 1.66 1.65 1.67 1.67 1.67 1.67 1.68 1.68 1.69 1.70 1.71 1.71 1.72 1.72 1.73 1.73 1.74 1.75 1.75 1.76 1.77 1.78 1.79 1.79 1.81 1.81 1.82 1.83 1.84 1.84 1.85 1.86 1.87 1.89 1.90 1.91 1.91 1.93 1.94 1.96 1.97 1.98 1.99 2.01 2.02 2.04 2.05 2.07 2.08 2.10 2.10 2.12 2.14 2.17 2.18 2.19 2.20 2.22 2.25 2.27 2.27 2.26 2.27 2.29 6.40 6.37 6.31 5.21 5.09 5.40 5.42 5.40 5.38 5.42 5.46 5.64 5.88 3.98 3.82 3.55 3.22 3.09 3.09 3.08 3.06 3.05 3.04 3.10 3.20 3.25 3.29 3.36 3.39 3.39 3.45 3.46 3.41 3.42 3.40 3.41 3.48 3.53 3.64 4.17 4.26 4.36 4.45 4.56 4.66 4.78 4.83 4.90 4.88 4.87 4.86 4.85 4.84 4.86 4.85 4.84 4.82 4.82 4.80 4.80 4.79 4.79 4.77 4.76 4.71 4.71 7.69 7.69 7.67 7.00 6.87 6.87 6.86 6.86 6.85 6.85 6.83 6.83 6.81 6.84 6.83 6.82 6.81 6.85 7.00 6.97 7.06 7.61 4.83 4.76 4.66 4.66 4.69 4.70 4.70 4.70 4.70 4.72 4.71 4.72 4.72 4.73 4.73 4.73 4.71 4.72 4.72 4.74 4.74 4.69 4.57 4.37 4.23 3.42 3.27 3.22 3.20 3.22 3.22 3.23 3.23 3.18 3.17 3.13 3.04 2.91 2.80 2.79 2.79 2.81 2.82 2.80 2.79 2.81 2.81 2.84 2.85 2.87 2.88 2.91 2.91 2.93 2.94 2.98 2.98 2.13 2.04 1.93 1.92 1.94 1.92 1.89 1.87 1.84 1.82 1.79 1.78 1.75 1.73 1.71 1.69 1.68 1.65 1.63 1.61 1.61 1.59 1.58 1.55 1.54 1.53 1.50 1.50 1.48 1.46 1.45 1.43 1.42 1.42 1.41 1.40 1.38 1.38 1.36 1.35 1.34 1.34 1.32 1.31 1.31 1.30 1.29 1.28 1.27 1.27 1.26 1.25 1.24 1.24 1.23 1.22 1.21 1.20 1.20 1.19 1.19 1.19 1.18 1.18 1.17 1.17 1.16 1.15 1.15 1.14 1.14 1.13 1.13 1.13 1.13 1.13 1.12 1.11 1.11 1.11 1.11 1.10 1.10 1.09 1.09 1.08 1.08 1.08 1.05 1.04 1.02 1.01 1.02 1.02 1.02 1.03 1.05 1.05 1.09 1.09 1.07 1.08 1.06 1.06 1.06 1.06 1.07 1.07 1.07 1.07 1.07 1.07 1.07 1.06 1.06 1.06 -8.399634 8.957327 2.955091 -8.438940 8.964744 2.955091 1225.810211 magnum 14.372197
ODOM -8.535565 8.982975 2.953596 0.489000 -0.000034 0.000000 1226.013148 magnum 14.491016
ODOM -8.584494 8.992283 2.950528 0.509500 -0.000039 0.000000 1226.133137 magnum 14.612689
FLASER 360 1.62 1.62 1.62 1.61 1.62 1.61 1.62 1.62 1.61 1.62 1.62 1.59 1.57 1.57 1.57 1.57 1.58 1.61 1.61 1.62 1.62 1.62 1.62 1.62 1.63 1.63 1.63 1.63 1.63 1.63 1.63 1.63 1.64 1.64 1.65 1.65 1.65 1.66 1.66 1.67 1.67 1.68 1.68 1.69 1.69 1.70 1.71 1.72 1.72 1.73 1.74 1.74 1.75 1.76 1.76 1.77 1.77 1.78 1.79 1.80 1.81 1.82 1.83 1.83 1.84 1.85 1.86 1.87 1.88 1.90 1.91 1.91 1.92 1.93 1.95 1.96 1.98 1.98 2.00 2.01 2.03 2.04 2.05 2.07 2.09 2.10 2.11 2.13 2.15 2.18 2.19 2.20 2.19 2.18 2.20 2.22 6.45 6.38 6.34 6.27 6.24 5.09 5.13 5.48 5.41 5.38 5.36 5.46 5.51 5.81 3.90 3.79 3.57 3.15 3.01 2.99 3.02 2.98 2.96 2.94 2.99 3.09 3.15 3.19 3.24 3.29 3.31 3.31 3.37 3.35 3.33 3.32 3.31 3.32 3.38 3.45 3.55 4.06 4.15 4.24 4.34 4.43 4.54 4.64 4.73 4.75 4.80 4.77 4.76 4.76 4.74 4.76 4.76 4.74 4.74 4.72 4.71 4.70 4.70 4.68 4.68 4.66 4.64 4.61 4.60 7.59 7.58 7.54 6.88 6.77 6.77 6.76 6.75 6.74 6.75 6.72 6.72 6.72 6.72 6.73 6.72 6.71 6.74 6.82 6.89 6.86 6.93 7.50 4.66 4.57 4.55 4.58 4.59 4.59 4.60 4.60 4.62 4.61 4.62 4.62 4.63 4.63 4.64 4.62 4.62 4.63 4.63 4.64 4.65 4.57 4.44 4.27 4.13 3.36 3.20 3.11 3.11 3.11 3.12 3.12 3.15 3.11 3.08 3.07 3.00 2.93 2.80 2.71 2.70 2.69 2.71 2.73 2.72 2.70 2.71 2.72 2.74 2.75 2.79 2.80 2.81 2.82 2.85 2.86 2.88 2.89 2.92 2.93 1.99 1.85 1.84 1.84 1.84 1.83 1.81 1.79 1.76 1.74 1.73 1.71 1.68 1.66 1.64 1.63 1.61 1.60 1.59 1.56 1.55 1.53 1.52 1.51 1.50 1.48 1.46 1.45 1.43 1.42 1.41 1.40 1.39 1.38 1.37 1.36 1.35 1.34 1.33 1.32 1.31 1.30 1.29 1.28 1.28 1.28 1.26 1.26 1.25 1.24 1.23 1.22 1.22 1.21 1.20 1.20 1.20 1.19 1.19 1.18 1.18 1.17 1.17 1.16 1.15 1.15 1.14 1.14 1.13 1.13 1.13 1.13 1.13 1.12 1.12 1.11 1.11 1.10 1.10 1.10 1.09 1.09 1.08 1.08 1.08 1.07 1.07 1.07 1.07 1.07 1.07 1.07 1.07 1.06 1.06 1.05 1.02 1.01 1.01 1.01 1.01 1.01 1.02 1.01 1.09 1.06 1.07 1.07 1.06 1.06 1.06 1.07 -8.501909 8.976558 2.953243 -8.541202 8.984047 2.953243 1226.020701 magnum 14.612810
ODOM -8.633215 9.001707 2.948994 0.512500 -0.000028 0.000000 1226.252595 magnum 14.736626
FLASER 360 1.62 1.62 1.62 1.61 1.60 1.56 1.55 1.56 1.56 1.59 1.60 1.60 1.60 1.60 1.61 1.60 1.61 1.61 1.61 1.61 1.61 1.62 1.62 1.62 1.62 1.63 1.63 1.63 1.63 1.64 1.64 1.64 1.64 1.64 1.65 1.65 1.65 1.65 1.66 1.66 1.67 1.68 1.68 1.69 1.70 1.70 1.70 1.71 1.72 1.72 1.73 1.74 1.74 1.75 1.76 1.76 1.77 1.78 1.78 1.79 1.80 1.81 1.82 1.83 1.84 1.85 1.85 1.86 1.88 1.89 1.90 1.91 1.92 1.93 1.94 1.95 1.97 1.98 1.99 2.01 2.02 2.04 2.05 2.07 2.08 2.10 2.11 2.13 2.13 2.11 2.12 2.14 6.53 6.48 6.41 6.35 6.31 6.24 6.20 5.11 4.92 5.12 5.71 5.46 5.50 5.62 5.85 5.80 5.77 3.75 3.56 3.01 2.92 2.91 2.91 2.89 2.88 2.85 2.89 2.98 3.04 3.08 3.14 3.18 3.22 3.22 3.26 3.26 3.23 3.23 3.23 3.22 3.24 3.30 3.37 3.49 3.96 4.04 4.13 4.22 4.31 4.40 4.51 4.62 4.64 4.70 4.69 4.67 4.66 4.65 4.65 4.65 4.65 4.64 4.64 4.62 4.61 4.59 4.59 4.58 4.58 4.56 4.53 4.50 4.51 7.49 7.48 7.43 6.75 6.66 6.66 6.64 6.65 6.63 6.63 6.62 6.62 6.60 6.62 6.64 6.62 6.61 6.63 6.68 6.76 6.75 6.76 7.28 4.59 4.51 4.45 4.46 4.50 4.49 4.50 4.50 4.51 4.51 4.51 4.51 4.52 4.52 4.53 4.53 4.50 4.51 4.52 4.52 4.54 4.53 4.46 4.32 4.17 4.03 3.28 3.12 3.04 3.00 3.01 3.01 3.03 3.03 3.05 3.00 2.99 2.96 2.89 2.83 2.70 2.60 2.61 2.60 2.63 2.65 2.63 2.60 2.62 2.63 2.65 2.65 2.69 2.70 2.72 2.73 2.75 2.76 2.79 2.80 2.82 2.84 2.87 2.87 1.89 1.77 1.76 1.76 1.76 1.76 1.74 1.72 1.69 1.68 1.65 1.64 1.62 1.61 1.59 1.58 1.56 1.54 1.53 1.51 1.50 1.48 1.46 1.45 1.43 1.43 1.42 1.41 1.40 1.39 1.38 1.37 1.35 1.35 1.33 1.33 1.31 1.31 1.30 1.29 1.28 1.28 1.28 1.27 1.25 1.25 1.24 1.23 1.22 1.22 1.21 1.20 1.20 1.20 1.19 1.18 1.18 1.18 1.17 1.17 1.16 1.15 1.15 1.14 1.14 1.13 1.13 1.13 1.13 1.12 1.12 1.11 1.11 1.11 1.10 1.10 1.10 1.09 1.09 1.09 1.08 1.08 1.08 1.08 1.08 1.08 1.07 1.07 1.07 1.06 1.06 1.06 1.06 1.05 1.05 1.05 1.05 1.05 1.05 1.05 1.05 1.04 1.04 1.04 1.01 1.02 1.00 0.99 -8.591484 8.993576 2.949072 -8.630745 9.001230 2.949072 1226.240579 magnum 14.736744
ODOM -8.731247 9.020825 2.945926 0.502000 -0.000011 0.000000 1226.373177 magnum 14.852192
ODOM -8.781427 9.030771 2.942858 0.503000 -0.000078 0.000000 1226.492840 magnum 14.971316
FLASER 360 1.55 1.59 1.59 1.58 1.59 1.59 1.59 1.59 1.59 1.59 1.59 1.59 1.59 1.60 1.60 1.60 1.60 1.61 1.61 1.61 1.61 1.61 1.61 1.62 1.62 1.62 1.63 1.63 1.63 1.63 1.63 1.64 1.64 1.64 1.64 1.64 1.65 1.65 1.65 1.66 1.66 1.67 1.67 1.68 1.69 1.69 1.70 1.71 1.71 1.72 1.72 1.73 1.74 1.75 1.76 1.76 1.76 1.77 1.78 1.79 1.80 1.81 1.82 1.83 1.83 1.84 1.85 1.85 1.87 1.88 1.89 1.91 1.92 1.92 1.94 1.95 1.96 1.98 1.98 2.00 2.02 2.03 2.04 2.06 2.05 2.05 2.05 2.06 2.07 6.55 6.51 6.44 6.39 6.32 6.28 6.22 6.18 6.11 4.93 4.92 4.87 5.46 5.35 5.40 5.44 5.76 5.72 3.68 3.54 2.85 2.84 2.83 2.82 2.79 2.79 2.76 2.80 2.90 2.95 2.98 3.03 3.07 3.13 3.11 3.13 3.17 3.17 3.13 3.14 3.12 3.12 3.17 3.22 3.30 3.43 3.86 3.94 4.02 4.10 4.19 4.28 4.38 4.49 4.52 4.58 4.59 4.58 4.56 4.56 4.53 4.56 4.55 4.55 4.53 4.52 4.50 4.50 4.49 4.49 4.47 4.47 4.45 4.42 4.39 4.41 7.38 7.37 7.32 6.65 6.56 6.56 6.55 6.54 6.52 6.51 6.51 6.51 6.50 6.51 6.53 6.52 6.50 6.53 6.55 6.66 6.65 6.64 6.77 7.28 4.45 4.36 4.34 4.38 4.39 4.39 4.39 4.40 4.40 4.41 4.40 4.41 4.41 4.42 4.42 4.42 4.40 4.42 4.41 4.43 4.43 4.42 4.34 4.20 4.06 3.93 3.28 3.08 2.97 2.92 2.90 2.91 2.92 2.93 2.94 2.94 2.88 2.89 2.86 2.78 2.72 2.62 2.51 2.51 2.50 2.51 2.54 2.54 2.51 2.52 2.53 2.54 2.55 2.58 2.60 2.63 2.63 2.64 2.66 2.69 2.70 2.73 2.73 2.76 2.78 2.80 2.82 1.83 1.75 1.67 1.67 1.68 1.68 1.66 1.64 1.63 1.62 1.60 1.58 1.57 1.55 1.53 1.52 1.51 1.50 1.48 1.47 1.45 1.43 1.43 1.42 1.40 1.39 1.38 1.37 1.36 1.35 1.35 1.34 1.33 1.31 1.30 1.29 1.28 1.28 1.28 1.27 1.26 1.25 1.24 1.23 1.23 1.22 1.21 1.20 1.20 1.20 1.20 1.19 1.19 1.18 1.18 1.17 1.16 1.16 1.16 1.15 1.14 1.14 1.13 1.13 1.13 1.13 1.12 1.12 1.11 1.11 1.11 1.11 1.10 1.10 1.09 1.09 1.09 1.08 1.08 1.08 1.08 1.08 1.08 1.08 1.07 1.07 1.07 1.07 1.06 1.06 1.06 1.06 1.05 1.05 1.05 1.05 1.05 1.05 1.05 1.04 1.04 1.04 1.04 1.04 -8.726837 9.019864 2.943798 -8.766057 9.027725 2.943798 1226.450262 magnum 14.971453
ODOM -8.830516 9.040657 2.939790 0.488500 0.000084 0.000000 1226.613175 magnum 15.091007
ODOM -8.879402 9.050658 2.935188 0.497500 0.000095 0.000000 1226.733094 magnum 15.213437
FLASER 360 1.59 1.59 1.60 1.59 1.59 1.60 1.59 1.59 1.58 1.58 1.59 1.59 1.59 1.59 1.59 1.60 1.60 1.60 1.60 1.61 1.61 1.61 1.61 1.61 1.61 1.62 1.62 1.62 1.63 1.63 1.64 1.64 1.64 1.64 1.64 1.65 1.65 1.65 1.65 1.65 1.66 1.66 1.67 1.67 1.68 1.68 1.69 1.70 1.71 1.71 1.72 1.72 1.73 1.74 1.75 1.76 1.76 1.76 1.77 1.78 1.79 1.80 1.81 1.82 1.82 1.83 1.84 1.85 1.86 1.87 1.88 1.90 1.91 1.92 1.93 1.94 1.95 1.97 1.98 2.00 1.98 1.97 1.99 1.99 6.76 6.45 6.43 6.43 6.49 6.42 6.36 6.30 6.26 6.20 6.15 6.08 6.03 4.75 4.88 5.87 5.55 5.32 5.69 5.67 5.68 3.56 3.55 2.77 2.75 2.74 2.74 2.71 2.69 2.67 2.72 2.81 2.84 2.88 2.93 2.96 3.00 3.04 3.03 3.08 3.09 3.04 3.04 3.03 3.02 3.03 3.09 3.14 3.21 3.38 3.73 3.82 3.90 3.97 4.07 4.14 4.24 4.33 4.43 4.43 4.50 4.48 4.48 4.46 4.45 4.43 4.46 4.44 4.44 4.42 4.41 4.41 4.41 4.38 4.38 4.37 4.36 4.35 4.32 4.29 4.30 7.28 7.27 7.25 6.61 6.46 6.46 6.44 6.44 6.42 6.41 6.40 6.40 6.39 6.39 6.41 6.42 6.41 6.41 6.42 6.52 6.54 6.55 6.57 7.18 4.37 4.32 4.24 4.25 4.29 4.29 4.29 4.29 4.29 4.30 4.29 4.31 4.31 4.32 4.32 4.34 4.33 4.30 4.31 4.32 4.31 4.33 4.33 4.26 4.15 4.00 3.88 3.74 3.11 2.94 2.86 2.82 2.81 2.83 2.83 2.84 2.84 2.84 2.80 2.79 2.77 2.70 2.65 2.60 2.47 2.40 2.40 2.42 2.42 2.45 2.44 2.42 2.41 2.43 2.43 2.46 2.49 2.52 2.53 2.54 2.55 2.58 2.59 2.62 2.63 2.65 2.66 2.70 2.71 2.74 2.75 2.79 1.83 1.64 1.60 1.60 1.60 1.61 1.61 1.58 1.57 1.55 1.54 1.52 1.52 1.50 1.48 1.46 1.45 1.45 1.43 1.42 1.41 1.40 1.38 1.37 1.36 1.35 1.35 1.33 1.32 1.31 1.30 1.29 1.29 1.29 1.28 1.27 1.26 1.25 1.23 1.23 1.23 1.22 1.21 1.20 1.20 1.20 1.20 1.19 1.19 1.18 1.18 1.18 1.17 1.16 1.16 1.15 1.15 1.14 1.14 1.14 1.14 1.13 1.13 1.12 1.12 1.11 1.11 1.11 1.10 1.10 1.10 1.09 1.09 1.08 1.08 1.08 1.08 1.08 1.08 1.08 1.07 1.07 1.07 1.06 1.06 1.06 1.06 1.06 1.06 1.05 1.06 1.05 1.05 1.05 1.05 1.05 1.04 1.04 1.04 -8.813300 9.037050 2.937723 -8.852472 9.045149 2.937723 1226.661157 magnum 15.213558
ODOM -8.928856 9.061013 2.930586 0.492000 0.000258 0.000000 1226.853223 magnum 15.330986
ODOM -9.027157 9.082069 2.927518 0.505000 -0.000022 0.000000 1226.972856 magnum 15.452510
FLASER 360 1.59 1.59 1.59 1.59 1.59 1.58 1.59 1.59 1.58 1.58 1.58 1.59 1.59 1.59 1.59 1.59 1.59 1.59 1.60 1.60 1.60 1.61 1.61 1.61 1.61 1.61 1.61 1.62 1.62 1.62 1.63 1.63 1.63 1.64 1.64 1.64 1.64 1.65 1.65 1.66 1.66 1.66 1.66 1.66 1.67 1.67 1.68 1.69 1.70 1.70 1.71 1.72 1.72 1.73 1.74 1.74 1.76 1.76 1.77 1.77 1.77 1.78 1.79 1.80 1.81 1.82 1.83 1.84 1.85 1.86 1.87 1.88 1.90 1.91 1.93 1.93 1.92 1.91 1.92 1.92 1.91 6.82 6.79 6.71 6.45 6.40 6.37 6.39 6.39 6.32 6.26 6.20 6.15 6.09 6.04 5.97 4.75 4.76 4.71 5.63 5.30 5.60 5.65 5.62 3.47 2.77 2.67 2.66 2.66 2.63 2.62 2.58 2.61 2.68 2.73 2.77 2.80 2.84 2.88 2.93 2.95 2.94 2.99 2.99 2.95 2.95 2.94 2.92 2.95 2.98 3.04 3.08 3.20 3.60 3.67 3.74 3.82 3.90 3.98 4.06 4.15 4.23 4.33 4.33 4.40 4.38 4.38 4.36 4.35 4.33 4.36 4.34 4.34 4.32 4.31 4.30 4.30 4.29 4.28 4.27 4.27 4.25 4.22 4.19 4.19 7.18 7.17 7.15 7.11 6.42 6.37 6.34 6.33 6.33 6.32 6.30 6.30 6.29 6.29 6.28 6.32 6.30 6.30 6.30 6.33 6.42 6.44 6.44 6.47 7.06 4.26 4.24 4.14 4.13 4.17 4.17 4.18 4.18 4.19 4.19 4.20 4.20 4.21 4.21 4.22 4.22 4.24 4.21 4.22 4.21 4.21 4.21 4.24 4.21 4.12 4.01 3.88 3.75 3.63 3.06 2.86 2.79 2.72 2.71 2.72 2.72 2.74 2.74 2.76 2.74 2.70 2.69 2.66 2.60 2.54 2.50 2.39 2.31 2.30 2.30 2.33 2.35 2.35 2.33 2.32 2.33 2.35 2.35 2.39 2.40 2.42 2.43 2.46 2.47 2.51 2.51 2.53 2.55 2.58 2.59 2.63 2.64 2.67 2.68 2.72 2.73 2.75 1.76 1.56 1.53 1.51 1.51 1.54 1.53 1.51 1.50 1.49 1.48 1.46 1.44 1.43 1.42 1.41 1.39 1.39 1.38 1.37 1.36 1.36 1.35 1.33 1.32 1.31 1.30 1.29 1.29 1.28 1.27 1.26 1.25 1.25 1.24 1.23 1.23 1.22 1.21 1.21 1.21 1.20 1.20 1.19 1.18 1.18 1.18 1.17 1.16 1.16 1.16 1.15 1.15 1.14 1.14 1.14 1.13 1.13 1.13 1.12 1.12 1.11 1.11 1.11 1.11 1.10 1.10 1.09 1.09 1.08 1.08 1.08 1.08 1.08 1.08 1.08 1.08 1.07 1.07 1.07 1.07 1.07 1.06 1.06 1.06 1.06 1.05 1.05 1.05 1.05 1.05 1.05 1.05 -8.917708 9.058590 2.929714 -8.956813 9.067002 2.929714 1226.880841 magnum 15.452641
ODOM -9.075916 9.092670 2.925984 0.500500 -0.000196 0.000000 1227.100018 magnum 15.589208
FLASER 360 1.58 1.58 1.59 1.59 1.59 1.59 1.59 1.57 1.59 1.58 1.58 1.58 1.58 1.58 1.59 1.59 1.58 1.59 1.59 1.59 1.60 1.60 1.60 1.61 1.61 1.61 1.61 1.61 1.61 1.61 1.62 1.62 1.62 1.63 1.63 1.64 1.64 1.64 1.64 1.65 1.65 1.66 1.66 1.66 1.66 1.67 1.67 1.68 1.69 1.69 1.70 1.71 1.71 1.72 1.73 1.73 1.74 1.75 1.76 1.77 1.77 1.77 1.78 1.79 1.80 1.81 1.82 1.84 1.84 1.86 1.87 1.84 1.84 1.85 1.86 1.84 6.02 6.07 6.11 6.86 6.61 6.71 6.64 6.30 6.32 6.28 6.32 6.31 6.25 6.18 6.13 6.07 6.02 5.97 4.62 4.59 4.73 5.36 5.00 5.00 4.97 4.96 3.39 2.59 2.59 2.58 2.56 2.53 2.52 2.50 2.53 2.63 2.66 2.69 2.72 2.75 2.79 2.83 2.86 2.84 2.87 2.90 2.89 2.85 2.86 2.83 2.83 2.87 2.91 2.95 3.01 3.21 3.50 3.57 3.64 3.70 3.76 3.87 3.94 4.02 4.09 4.20 4.24 4.28 4.30 4.27 4.27 4.25 4.24 4.24 4.26 4.24 4.23 4.21 4.21 4.20 4.20 4.18 4.18 4.16 4.16 4.14 4.12 4.08 4.09 7.07 7.07 7.04 7.04 6.35 6.25 6.24 6.24 6.21 6.22 6.21 6.21 6.19 6.19 6.18 6.20 6.20 6.20 6.19 6.21 6.24 6.35 6.35 6.34 6.46 6.98 4.14 4.10 4.03 4.04 4.07 4.07 4.07 4.08 4.07 4.09 4.08 4.09 4.10 4.11 4.11 4.12 4.12 4.11 4.10 4.11 4.10 4.12 4.13 4.12 4.05 3.96 3.83 3.70 3.59 3.49 2.91 2.76 2.68 2.62 2.61 2.62 2.62 2.65 2.64 2.66 2.65 2.61 2.59 2.60 2.53 2.49 2.43 2.39 2.29 2.22 2.21 2.22 2.22 2.27 2.26 2.25 2.22 2.24 2.25 2.27 2.27 2.30 2.32 2.34 2.35 2.38 2.40 2.42 2.42 2.46 2.47 2.51 2.53 2.55 2.56 2.59 2.62 2.65 2.65 2.69 2.71 2.73 1.49 1.54 1.46 1.45 1.44 1.47 1.46 1.45 1.44 1.43 1.40 1.41 1.39 1.38 1.37 1.36 1.35 1.34 1.34 1.33 1.32 1.30 1.30 1.30 1.29 1.28 1.27 1.26 1.25 1.24 1.23 1.23 1.22 1.21 1.21 1.21 1.21 1.20 1.19 1.19 1.18 1.18 1.17 1.17 1.16 1.16 1.15 1.15 1.14 1.14 1.14 1.14 1.13 1.13 1.13 1.12 1.12 1.12 1.11 1.11 1.11 1.10 1.10 1.09 1.09 1.09 1.08 1.08 1.08 1.08 1.08 1.08 1.08 1.08 1.07 1.07 1.07 1.07 1.07 1.06 1.06 1.06 1.06 1.06 1.06 1.05 1.05 -9.035307 9.083780 2.926032 -9.074381 9.092336 2.926032 1227.090170 magnum 15.589316
ODOM -9.124491 9.103308 2.924450 0.506000 0.000034 0.000000 1227.213041 magnum 15.690990
ODOM -9.173493 9.114119 2.924450 0.508500 -0.000017 0.000000 1227.321275 magnum 15.805536
FLASER 360 1.58 1.58 1.58 1.58 1.58 1.58 1.57 1.57 1.57 1.57 1.58 1.57 1.58 1.58 1.58 1.58 1.58 1.59 1.59 1.59 1.59 1.59 1.59 1.60 1.60 1.60 1.60 1.61 1.61 1.61 1.61 1.62 1.62 1.62 1.63 1.63 1.63 1.64 1.64 1.64 1.65 1.65 1.66 1.66 1.66 1.66 1.67 1.67 1.68 1.68 1.69 1.70 1.71 1.72 1.72 1.73 1.74 1.75 1.76 1.76 1.77 1.77 1.78 1.79 1.80 1.79 1.77 1.78 1.79 1.81 1.78 5.81 5.75 5.91 5.95 5.99 6.01 6.21 6.62 6.69 6.62 6.54 6.24 6.17 6.22 6.25 6.21 6.14 6.09 6.02 5.98 5.92 4.54 4.51 4.62 5.70 4.95 4.91 4.91 2.51 2.49 2.50 2.50 2.46 2.44 2.42 2.41 2.43 2.51 2.56 2.60 2.62 2.64 2.68 2.71 2.75 2.76 2.74 2.81 2.82 2.77 2.76 2.75 2.74 2.75 2.77 2.81 2.85 2.90 3.02 3.38 3.44 3.50 3.56 3.63 3.69 3.75 3.84 3.93 4.00 4.10 4.13 4.17 4.19 4.18 4.15 4.15 4.13 4.13 4.15 4.14 4.13 4.12 4.10 4.10 4.08 4.08 4.07 4.07 4.05 4.05 4.03 3.99 3.97 3.99 6.96 6.96 6.94 6.92 6.23 6.14 6.13 6.13 6.11 6.12 6.11 6.11 6.09 6.08 6.08 6.09 6.09 6.09 6.08 6.10 6.11 6.24 6.25 6.24 6.33 6.86 4.05 4.02 3.93 3.92 3.94 3.97 3.97 3.98 3.98 3.98 3.98 3.98 3.98 4.00 4.00 4.01 4.01 4.03 3.99 4.00 4.00 4.01 4.01 4.03 4.01 3.95 3.85 3.71 3.61 3.51 3.40 3.24 2.75 2.64 2.57 2.52 2.51 2.53 2.53 2.55 2.55 2.55 2.55 2.51 2.50 2.50 2.45 2.40 2.35 2.32 2.27 2.18 2.12 2.12 2.12 2.14 2.17 2.18 2.16 2.14 2.15 2.17 2.18 2.20 2.20 2.24 2.25 2.27 2.28 2.31 2.32 2.35 2.36 2.40 2.41 2.44 2.45 2.49 2.50 2.53 2.54 2.58 2.60 2.63 2.64 2.68 2.69 2.72 2.74 1.50 1.41 1.38 1.38 1.37 1.38 1.39 1.39 1.37 1.37 1.35 1.34 1.33 1.32 1.31 1.30 1.29 1.29 1.28 1.28 1.27 1.25 1.25 1.23 1.23 1.22 1.22 1.21 1.21 1.21 1.21 1.21 1.19 1.19 1.18 1.18 1.17 1.17 1.16 1.16 1.15 1.15 1.14 1.14 1.14 1.14 1.14 1.13 1.13 1.13 1.12 1.11 1.11 1.11 1.11 1.10 1.10 1.10 1.09 1.09 1.09 1.08 1.08 1.08 1.08 1.08 1.08 1.08 1.08 1.08 1.07 1.07 1.07 1.07 1.07 1.07 1.06 1.06 1.06 1.06 -9.131747 9.104909 2.924450 -9.170807 9.113526 2.924450 1227.310231 magnum 15.805659
ODOM -9.222495 9.124930 2.924450 0.500000 0.000000 0.000000 1227.433186 magnum 15.911343
ODOM -9.271222 9.135680 2.922916 0.492500 -0.000028 0.000000 1227.553506 magnum 16.030184
FLASER 360 1.58 1.58 1.57 1.57 1.57 1.57 1.56 1.57 1.57 1.57 1.57 1.57 1.57 1.57 1.57 1.58 1.58 1.58 1.58 1.58 1.59 1.59 1.59 1.59 1.60 1.60 1.60 1.60 1.61 1.61 1.61 1.61 1.61 1.62 1.62 1.63 1.63 1.63 1.63 1.64 1.64 1.65 1.65 1.66 1.66 1.66 1.66 1.67 1.67 1.68 1.69 1.69 1.70 1.71 1.72 1.73 1.73 1.74 1.75 1.74 1.73 1.73 1.74 1.74 1.74 5.76 5.75 5.74 5.76 5.77 5.69 5.83 5.88 5.91 5.94 6.05 6.77 6.60 6.60 6.51 6.19 6.16 6.14 6.17 6.18 6.09 6.05 5.98 5.93 5.86 4.46 4.43 4.53 5.64 4.97 4.81 2.44 2.41 2.41 2.41 2.39 2.34 2.34 2.33 2.35 2.43 2.47 2.51 2.53 2.56 2.59 2.61 2.65 2.66 2.67 2.67 2.72 2.71 2.67 2.66 2.66 2.64 2.66 2.68 2.72 2.75 2.81 2.92 3.27 3.31 3.38 3.43 3.49 3.55 3.62 3.68 3.75 3.84 3.92 4.01 4.03 4.07 4.09 4.07 4.07 4.05 4.04 4.02 4.05 4.04 4.04 4.01 4.01 3.99 3.99 3.98 3.98 3.96 3.96 3.94 3.94 3.90 3.88 3.87 6.87 6.85 6.85 6.83 6.78 6.08 6.03 6.02 6.02 6.00 6.01 5.99 6.00 5.97 5.98 5.98 5.99 5.99 5.99 5.97 5.99 6.01 6.13 6.14 6.13 6.19 6.75 3.99 3.93 3.84 3.81 3.82 3.85 3.85 3.86 3.85 3.87 3.87 3.88 3.88 3.89 3.90 3.91 3.91 3.91 3.91 3.89 3.90 3.91 3.90 3.91 3.92 3.91 3.83 3.73 3.62 3.51 3.42 3.33 3.24 2.76 2.62 2.53 2.45 2.42 2.41 2.43 2.43 2.44 2.44 2.45 2.46 2.42 2.39 2.41 2.38 2.32 2.28 2.24 2.21 2.18 2.10 2.04 2.03 2.04 2.05 2.09 2.08 2.08 2.05 2.05 2.06 2.08 2.09 2.12 2.14 2.18 2.19 2.20 2.22 2.24 2.26 2.28 2.30 2.33 2.33 2.37 2.38 2.41 2.43 2.46 2.49 2.52 2.53 2.58 2.60 2.63 2.63 2.68 2.70 2.73 5.93 1.35 1.35 1.32 1.31 1.30 1.30 1.33 1.32 1.32 1.31 1.30 1.29 1.29 1.28 1.27 1.26 1.26 1.25 1.24 1.24 1.23 1.22 1.21 1.21 1.21 1.20 1.20 1.19 1.18 1.18 1.18 1.17 1.17 1.17 1.16 1.15 1.15 1.14 1.14 1.14 1.14 1.14 1.13 1.13 1.13 1.12 1.12 1.11 1.11 1.11 1.11 1.11 1.10 1.10 1.09 1.09 1.08 1.08 1.08 1.08 1.08 1.08 1.08 1.08 1.08 1.08 1.07 1.07 1.07 1.07 1.07 1.07 1.07 1.06 -9.220846 9.124518 2.923273 -9.259896 9.133181 2.923273 1227.520778 magnum 16.030319
ODOM -9.369637 9.157551 2.918314 0.501000 -0.000067 0.000000 1227.672866 magnum 16.150890
ODOM -9.418409 9.168625 2.915246 0.503500 0.000039 0.000000 1227.793190 magnum 16.275466
FLASER 360 1.57 1.57 1.57 1.56 1.57 1.56 1.56 1.56 1.56 1.56 1.56 1.57 1.57 1.57 1.57 1.57 1.57 1.57 1.58 1.58 1.58 1.58 1.58 1.59 1.59 1.59 1.59 1.60 1.60 1.61 1.60 1.61 1.61 1.61 1.61 1.62 1.62 1.62 1.63 1.63 1.64 1.64 1.64 1.65 1.65 1.66 1.66 1.66 1.67 1.67 1.68 1.69 1.70 1.68 1.67 1.67 1.68 1.69 1.69 6.17 6.06 5.95 5.85 5.75 5.71 5.69 5.69 5.71 5.66 5.68 5.80 5.82 5.86 5.89 6.03 6.58 6.56 6.51 6.45 6.10 6.06 6.08 6.12 6.08 6.02 5.96 5.90 5.83 5.79 4.36 4.37 4.39 5.57 2.42 2.34 2.33 2.31 2.30 2.27 2.24 2.24 2.27 2.33 2.37 2.40 2.42 2.45 2.49 2.52 2.54 2.57 2.58 2.57 2.60 2.64 2.62 2.58 2.58 2.57 2.54 2.56 2.59 2.63 2.65 2.70 2.79 3.11 3.19 3.23 3.29 3.35 3.40 3.46 3.52 3.59 3.66 3.72 3.81 3.89 3.93 3.96 3.99 3.98 3.96 3.95 3.94 3.93 3.94 3.95 3.93 3.92 3.90 3.91 3.89 3.88 3.86 3.86 3.84 3.84 3.83 3.83 3.76 3.75 3.74 6.76 6.75 6.74 6.72 6.69 5.98 5.93 5.91 5.90 5.89 5.89 5.88 5.88 5.87 5.86 5.87 5.87 5.89 5.88 5.87 5.88 5.89 6.02 6.03 6.02 6.04 6.54 6.65 3.84 3.80 3.71 3.69 3.71 3.72 3.74 3.73 3.75 3.74 3.75 3.75 3.76 3.76 3.79 3.79 3.80 3.80 3.82 3.79 3.80 3.80 3.79 3.81 3.82 3.82 3.74 3.69 3.56 3.47 3.38 3.29 3.21 3.13 2.70 2.54 2.43 2.38 2.33 2.30 2.31 2.31 2.34 2.33 2.35 2.36 2.35 2.31 2.31 2.31 2.28 2.24 2.20 2.17 2.13 2.09 2.04 1.98 1.95 1.94 1.96 1.95 2.01 2.00 1.99 1.97 1.97 1.98 2.00 2.01 2.04 2.06 2.09 2.09 2.12 2.13 2.17 2.17 2.19 2.21 2.24 2.25 2.29 2.30 2.33 2.35 2.39 2.41 2.44 2.46 2.51 2.52 2.55 2.56 2.61 2.64 2.67 8.54 6.19 6.09 4.74 4.69 1.28 1.30 1.26 1.26 1.24 1.23 1.26 1.27 1.27 1.27 1.25 1.24 1.23 1.23 1.22 1.22 1.21 1.21 1.21 1.21 1.20 1.19 1.18 1.18 1.17 1.17 1.16 1.16 1.15 1.15 1.14 1.14 1.14 1.14 1.14 1.14 1.14 1.13 1.13 1.12 1.12 1.11 1.11 1.11 1.10 1.10 1.10 1.09 1.09 1.09 1.09 1.09 1.08 1.08 1.08 1.08 1.08 1.08 1.08 1.08 1.08 1.08 1.08 1.07 1.07 1.06 -9.355722 9.154326 2.916737 -9.394715 9.163245 2.916737 1227.730196 magnum 16.275581
ODOM -9.467310 9.179887 2.913712 0.499500 -0.000118 0.000000 1227.912959 magnum 16.392240
ODOM -9.516031 9.191185 2.909110 0.499000 -0.000011 0.000000 1228.032887 magnum 16.511054
FLASER 360 1.56 1.56 1.56 1.56 1.55 1.55 1.55 1.55 1.56 1.56 1.55 1.56 1.56 1.56 1.56 1.57 1.57 1.57 1.57 1.57 1.57 1.58 1.58 1.58 1.58 1.59 1.58 1.59 1.59 1.59 1.60 1.60 1.60 1.61 1.61 1.61 1.61 1.62 1.62 1.62 1.63 1.63 1.64 1.64 1.65 1.65 1.66 1.62 1.62 1.63 1.64 1.64 1.63 6.68 6.58 6.44 6.33 6.20 6.10 5.97 5.86 5.77 5.68 5.63 5.63 5.64 5.66 5.56 5.69 5.75 5.78 5.80 5.84 6.17 6.30 6.51 6.44 6.36 6.04 5.96 6.02 6.06 6.00 5.93 5.88 5.82 5.76 4.30 4.29 4.42 2.26 2.25 2.24 2.22 2.22 2.18 2.17 2.17 2.21 2.26 2.29 2.31 2.34 2.36 2.39 2.42 2.43 2.46 2.50 2.49 2.50 2.53 2.55 2.52 2.49 2.49 2.47 2.45 2.46 2.50 2.53 2.56 2.60 2.67 2.80 3.07 3.12 3.16 3.22 3.26 3.31 3.37 3.42 3.49 3.55 3.61 3.68 3.74 3.83 3.83 3.89 3.88 3.87 3.84 3.84 3.82 3.83 3.84 3.84 3.82 3.81 3.80 3.79 3.76 3.75 3.74 3.74 3.72 3.72 3.70 3.70 3.65 3.64 3.64 6.66 6.64 6.63 6.62 6.60 5.92 5.82 5.80 5.80 5.79 5.79 5.78 5.78 5.77 5.76 5.76 5.77 5.77 5.78 5.76 5.76 5.77 5.80 5.91 5.93 5.90 5.98 6.54 6.54 3.69 3.67 3.58 3.59 3.61 3.63 3.63 3.63 3.63 3.64 3.63 3.65 3.65 3.66 3.66 3.67 3.68 3.69 3.69 3.68 3.66 3.69 3.67 3.68 3.69 3.71 3.67 3.62 3.52 3.43 3.34 3.25 3.17 3.09 3.02 2.95 2.49 2.36 2.31 2.26 2.21 2.21 2.21 2.22 2.22 2.24 2.25 2.27 2.26 2.22 2.21 2.22 2.20 2.16 2.12 2.09 2.06 2.03 2.00 1.96 1.90 1.85 1.85 1.86 1.87 1.91 1.92 1.91 1.90 1.89 1.89 1.92 1.92 1.95 1.96 2.00 2.01 2.04 2.04 2.07 2.08 2.11 2.12 2.16 2.18 2.21 2.22 2.25 2.27 2.31 2.33 2.37 2.39 2.42 2.44 2.49 2.49 2.53 2.55 2.59 6.03 5.83 4.83 4.71 4.33 4.83 4.84 4.92 5.49 5.45 5.44 1.23 1.21 1.20 1.20 1.20 1.19 1.22 1.23 1.22 1.21 1.21 1.20 1.19 1.19 1.18 1.18 1.18 1.17 1.17 1.17 1.16 1.16 1.15 1.14 1.14 1.14 1.14 1.13 1.13 1.13 1.12 1.12 1.11 1.11 1.11 1.11 1.11 1.10 1.10 1.10 1.09 1.09 1.09 1.09 1.08 1.09 1.08 1.08 1.08 1.08 1.08 1.08 1.08 1.08 1.08 1.08 -9.445540 9.174771 2.912089 -9.484491 9.183871 2.912089 1227.950291 magnum 16.511174
ODOM -9.564986 9.202776 2.907576 0.494000 0.000146 0.000000 1228.153266 magnum 16.631078
ODOM -9.662573 9.226040 2.901440 0.507500 -0.000050 0.000000 1228.272681 magnum 16.755544
FLASER 360 1.56 1.56 1.56 1.56 1.55 1.56 1.55 1.55 1.55 1.55 1.56 1.55 1.55 1.55 1.56 1.56 1.56 1.56 1.56 1.56 1.57 1.57 1.57 1.57 1.58 1.58 1.58 1.58 1.58 1.59 1.59 1.59 1.60 1.60 1.60 1.61 1.61 1.61 1.62 1.62 1.63 1.59 1.59 1.60 1.60 1.61 7.47 7.48 7.33 7.10 6.95 6.80 6.71 6.56 6.43 6.31 6.16 6.05 5.96 5.83 5.74 5.62 5.59 5.58 5.60 5.54 5.52 5.67 5.71 5.72 5.75 5.80 6.60 6.41 6.46 6.36 6.07 5.96 5.92 5.95 5.99 5.91 5.84 5.79 5.75 4.23 2.21 2.18 2.18 2.15 2.16 2.11 2.10 2.08 2.11 2.15 2.20 2.21 2.23 2.26 2.27 2.30 2.32 2.35 2.37 2.40 2.42 2.39 2.41 2.45 2.45 2.39 2.40 2.38 2.38 2.36 2.38 2.40 2.43 2.46 2.51 2.57 2.69 2.96 2.99 3.04 3.09 3.14 3.19 3.23 3.29 3.34 3.39 3.45 3.51 3.58 3.64 3.71 3.72 3.76 3.79 3.75 3.74 3.72 3.72 3.70 3.72 3.71 3.71 3.70 3.70 3.67 3.67 3.65 3.65 3.63 3.63 3.62 3.62 3.60 3.59 3.54 3.54 3.56 6.56 6.55 6.54 6.51 6.51 5.84 5.71 5.71 5.70 5.68 5.68 5.67 5.68 5.66 5.66 5.65 5.65 5.66 5.67 5.66 5.66 5.67 5.69 5.79 5.82 5.81 5.82 5.98 6.44 6.44 3.59 3.54 3.48 3.48 3.52 3.52 3.53 3.53 3.54 3.54 3.55 3.55 3.56 3.54 3.56 3.56 3.57 3.58 3.59 3.57 3.56 3.57 3.57 3.58 3.59 3.60 3.61 3.54 3.49 3.40 3.30 3.22 3.14 3.07 2.99 2.93 2.87 2.54 2.33 2.25 2.21 2.17 2.13 2.11 2.13 2.13 2.14 2.14 2.16 2.17 2.18 2.15 2.13 2.13 2.13 2.10 2.06 2.04 2.01 1.97 1.94 1.92 1.89 1.85 1.79 1.77 1.78 1.78 1.80 1.84 1.84 1.82 1.81 1.81 1.83 1.83 1.86 1.87 1.90 1.92 1.95 1.95 1.98 1.99 2.03 2.04 2.07 2.09 2.12 2.14 2.18 2.19 2.23 2.25 2.29 2.30 2.34 2.36 2.41 2.43 2.45 2.47 2.52 2.55 4.67 4.70 4.73 4.77 4.82 4.92 5.41 5.38 5.37 3.50 5.53 5.55 5.58 7.33 3.73 3.72 1.17 1.16 1.16 1.16 1.15 1.15 1.18 1.19 1.18 1.17 1.17 1.16 1.16 1.15 1.15 1.15 1.15 1.15 1.14 1.14 1.14 1.13 1.13 1.13 1.12 1.11 1.11 1.11 1.10 1.10 1.10 1.10 1.09 1.09 1.08 1.09 1.09 1.09 1.09 1.08 1.08 1.08 1.08 1.08 1.08 1.08 -9.536113 9.195867 2.906946 -9.575017 9.205167 2.906946 1228.160355 magnum 16.755670
ODOM -9.710994 9.237897 2.902974 0.488000 0.000022 0.000000 1228.380364 magnum 16.875601
FLASER 360 1.55 1.56 1.56 1.55 1.55 1.55 1.55 1.55 1.56 1.55 1.56 1.56 1.56 1.56 1.56 1.56 1.56 1.56 1.56 1.56 1.56 1.56 1.56 1.57 1.57 1.57 1.57 1.58 1.58 1.58 1.58 1.58 1.60 1.58 1.56 1.56 1.57 1.56 1.64 2.97 3.00 7.46 7.38 7.39 7.41 7.43 7.41 7.19 7.00 6.84 6.69 6.57 6.46 6.29 6.16 6.03 5.92 5.77 5.71 5.57 5.54 5.52 5.53 5.54 5.44 5.58 5.63 5.65 5.68 5.71 5.82 6.58 6.41 6.37 6.30 5.91 5.89 5.86 5.89 5.92 5.83 5.75 2.14 2.11 2.10 2.10 2.07 2.04 2.03 2.00 2.02 2.07 2.11 2.12 2.14 2.16 2.19 2.21 2.22 2.24 2.26 2.27 2.30 2.31 2.31 2.31 2.35 2.36 2.34 2.29 2.31 2.28 2.28 2.28 2.29 2.32 2.36 2.38 2.42 2.49 2.61 2.85 2.89 2.93 2.97 3.01 3.07 3.11 3.15 3.21 3.25 3.30 3.36 3.41 3.48 3.53 3.61 3.61 3.66 3.67 3.66 3.63 3.63 3.61 3.61 3.61 3.63 3.61 3.60 3.59 3.58 3.56 3.55 3.54 3.54 3.53 3.53 3.51 3.51 3.50 3.47 3.43 3.43 3.46 6.45 6.43 6.43 6.41 6.42 5.86 5.63 5.59 5.59 5.58 5.59 5.59 5.58 5.57 5.56 5.54 5.55 5.54 5.58 5.55 5.55 5.54 5.57 5.60 5.71 5.72 5.71 5.79 6.33 6.33 3.50 3.48 3.42 3.36 3.38 3.41 3.42 3.42 3.43 3.43 3.43 3.43 3.45 3.44 3.45 3.45 3.46 3.46 3.48 3.48 3.49 3.46 3.47 3.47 3.48 3.48 3.50 3.50 3.48 3.43 3.36 3.28 3.19 3.11 3.04 2.97 2.90 2.84 2.79 2.73 2.32 2.22 2.15 2.11 2.07 2.04 2.02 2.02 2.04 2.04 2.06 2.07 2.08 2.08 2.08 2.04 2.04 2.05 2.03 2.00 1.98 1.95 1.92 1.90 1.87 1.84 1.82 1.80 1.73 1.70 1.69 1.68 1.71 1.71 1.77 1.75 1.76 1.76 1.73 1.73 1.76 1.77 1.79 1.81 1.85 1.86 1.90 1.90 1.93 1.95 1.99 1.99 2.03 2.05 2.08 2.09 2.13 2.15 2.19 2.20 2.25 2.27 2.32 2.34 2.37 2.39 2.44 2.46 4.72 4.71 4.74 4.80 5.38 5.35 5.33 5.37 5.45 5.52 5.53 7.29 7.39 3.70 3.68 7.23 3.40 3.44 3.45 3.46 3.44 3.44 1.14 1.14 1.12 1.12 1.12 1.12 1.15 1.15 1.15 1.15 1.14 1.14 1.14 1.13 1.13 1.13 1.12 1.12 1.12 1.11 1.11 1.11 1.11 1.10 1.10 1.10 1.09 1.09 1.10 1.10 1.09 1.10 1.10 1.09 1.10 1.09 -9.669692 9.227843 2.902897 -9.708558 9.237300 2.902897 1228.370247 magnum 16.875719
ODOM -9.759878 9.249788 2.901440 0.498000 -0.000034 0.000000 1228.493057 magnum 16.970813
ODOM -9.808298 9.261645 2.902974 0.498500 -0.000095 0.000000 1228.600289 magnum 17.077576
FLASER 360 1.54 1.56 1.56 1.56 1.55 1.55 1.56 1.55 1.55 1.55 1.55 1.55 1.55 1.55 1.55 1.55 1.56 1.56 1.56 1.56 1.56 1.56 1.56 1.56 1.56 1.56 1.55 1.54 1.54 1.54 1.60 3.75 7.29 7.31 2.93 2.93 2.94 7.37 7.40 7.42 7.43 7.33 7.36 7.38 7.40 7.17 7.03 6.79 6.68 6.49 6.45 6.23 6.17 5.96 5.91 5.70 5.66 5.51 5.50 5.46 5.47 5.48 5.39 5.52 5.57 5.59 5.61 5.65 5.71 6.56 6.32 6.33 6.25 5.89 5.83 5.79 5.82 5.86 2.05 2.03 2.03 2.01 2.02 1.94 1.94 1.95 1.96 2.00 2.04 2.05 2.06 2.08 2.10 2.12 2.14 2.16 2.18 2.20 2.21 2.23 2.23 2.22 2.24 2.28 2.28 2.22 2.22 2.22 2.21 2.18 2.20 2.21 2.23 2.26 2.28 2.31 2.34 2.46 2.73 2.76 2.81 2.84 2.88 2.92 2.96 3.00 3.06 3.09 3.15 3.20 3.24 3.30 3.35 3.40 3.48 3.52 3.52 3.56 3.57 3.55 3.55 3.52 3.52 3.50 3.52 3.52 3.52 3.50 3.50 3.48 3.47 3.45 3.45 3.43 3.43 3.42 3.42 3.41 3.40 3.38 3.34 3.33 3.34 6.35 6.35 6.33 6.32 6.31 6.29 5.62 5.50 5.49 5.48 5.47 5.48 5.48 5.47 5.46 5.46 5.44 5.44 5.44 5.47 5.45 5.44 5.43 5.46 5.50 5.62 5.60 5.58 5.63 6.19 6.23 6.24 3.38 3.37 3.28 3.27 3.28 3.32 3.31 3.33 3.32 3.33 3.33 3.34 3.34 3.35 3.34 3.36 3.36 3.37 3.37 3.38 3.38 3.36 3.35 3.38 3.36 3.39 3.39 3.41 3.41 3.34 3.30 3.20 3.13 3.06 2.99 2.92 2.86 2.80 2.74 2.68 2.64 2.44 2.18 2.08 2.04 2.00 1.97 1.94 1.94 1.94 1.95 1.96 1.96 1.98 1.98 2.01 2.00 1.97 1.94 1.95 1.95 1.93 1.91 1.89 1.86 1.85 1.81 1.79 1.77 1.76 1.74 1.69 1.66 1.63 1.61 1.62 1.63 1.64 1.69 1.69 1.67 1.69 1.67 1.67 1.67 1.70 1.72 1.75 1.77 1.80 1.81 1.85 1.85 1.89 1.90 1.94 1.95 1.99 2.01 2.05 2.07 2.11 2.13 2.18 2.20 2.25 2.27 2.31 2.32 2.38 2.52 4.44 4.81 4.98 5.30 5.30 5.31 5.44 5.45 7.23 7.24 7.38 7.35 3.66 3.65 7.16 6.51 3.45 3.41 3.46 3.46 3.46 3.48 3.47 3.46 4.05 6.91 3.10 3.04 1.12 1.13 1.10 1.10 1.10 1.09 1.10 1.10 1.12 1.12 1.12 1.11 1.11 1.11 1.11 1.11 1.11 1.11 1.10 1.10 1.10 1.10 1.10 1.09 1.09 1.09 -9.762855 9.250571 2.902766 -9.801719 9.260034 2.902766 1228.580581 magnum 17.077706
ODOM -9.856737 9.273428 2.899906 0.491500 0.000263 0.000000 1228.712392 magnum 17.190509
ODOM -9.905139 9.285359 2.898372 0.502000 -0.000045 0.000000 1228.820330 magnum 17.298279
FLASER 360 1.55 1.55 1.55 1.54 1.54 1.54 1.54 1.54 1.54 1.54 1.54 1.54 1.54 1.54 1.55 1.55 1.55 1.55 1.53 1.51 1.51 1.52 1.51 7.13 3.58 3.60 3.59 3.69 3.72 7.15 2.92 2.91 2.93 7.32 7.32 7.32 7.36 7.38 7.39 7.31 7.31 7.33 7.36 7.31 7.15 6.93 6.80 6.64 6.52 6.36 6.25 6.04 5.96 5.82 5.72 5.59 5.52 5.45 5.45 5.44 5.33 5.44 5.52 5.54 5.56 5.58 5.61 5.95 6.36 6.33 6.23 6.17 5.77 1.98 1.97 1.96 1.97 1.93 1.90 1.87 1.88 1.88 1.91 1.96 1.97 1.99 2.00 2.01 2.03 2.05 2.06 2.07 2.09 2.12 2.13 2.15 2.16 2.14 2.15 2.18 2.21 2.19 2.14 2.14 2.14 2.11 2.10 2.10 2.13 2.15 2.19 2.20 2.22 2.24 2.32 2.61 2.66 2.68 2.72 2.75 2.80 2.83 2.88 2.91 2.95 3.00 3.04 3.09 3.14 3.18 3.24 3.29 3.35 3.40 3.44 3.43 3.49 3.46 3.45 3.44 3.44 3.42 3.41 3.42 3.43 3.41 3.41 3.39 3.38 3.36 3.36 3.34 3.34 3.33 3.33 3.32 3.31 3.30 3.29 3.25 3.24 3.22 6.24 6.25 6.24 6.22 6.22 6.20 6.18 5.46 5.40 5.40 5.39 5.37 5.37 5.35 5.35 5.34 5.34 5.33 5.35 5.33 5.38 5.35 5.35 5.33 5.36 5.38 5.51 5.48 5.47 5.48 5.63 6.12 6.13 3.29 3.28 3.21 3.16 3.16 3.20 3.20 3.22 3.21 3.22 3.22 3.24 3.24 3.25 3.24 3.26 3.25 3.26 3.26 3.28 3.28 3.28 3.26 3.27 3.27 3.28 3.28 3.30 3.30 3.32 3.26 3.23 3.15 3.08 3.01 2.94 2.88 2.82 2.76 2.70 2.65 2.60 2.55 2.50 2.31 2.07 1.99 1.95 1.93 1.89 1.86 1.84 1.84 1.86 1.85 1.88 1.88 1.90 1.90 1.92 1.92 1.87 1.86 1.88 1.88 1.86 1.84 1.81 1.78 1.78 1.75 1.73 1.71 1.69 1.67 1.66 1.64 1.58 1.56 1.55 1.54 1.56 1.56 1.63 1.61 1.61 1.61 1.60 1.59 1.61 1.61 1.65 1.66 1.70 1.72 1.76 1.77 1.80 1.81 1.85 1.86 1.91 1.92 1.98 1.98 2.03 2.05 2.10 2.12 2.18 2.20 2.25 2.25 2.30 2.33 2.39 5.27 5.25 5.25 5.38 5.41 5.44 7.23 7.33 7.29 7.17 7.14 3.61 6.38 6.37 3.45 3.38 3.41 3.44 3.44 3.45 3.46 3.45 4.02 4.09 4.06 3.05 3.03 3.27 3.93 3.93 3.93 3.38 3.29 3.34 3.29 1.08 1.08 1.07 1.07 1.07 1.09 1.11 1.12 1.11 1.11 1.10 1.10 1.10 1.10 -9.859790 9.274126 2.898579 -9.898614 9.283751 2.898579 1228.800559 magnum 17.298406
ODOM -9.954413 9.297586 2.893770 0.496500 0.000207 0.000000 1228.933184 magnum 17.411595
ODOM -10.003033 9.309888 2.890702 0.507000 0.000000 0.000000 1229.052302 magnum 17.530905
FLASER 360 1.53 1.53 1.53 1.53 1.53 1.53 1.53 1.53 1.53 1.53 1.53 1.50 1.50 1.50 1.50 1.52 3.98 7.05 3.02 3.01 7.07 3.54 7.12 3.56 3.62 3.68 3.06 2.87 2.97 7.24 7.25 7.27 7.29 7.30 7.29 7.32 7.34 7.35 7.29 7.28 7.30 7.32 7.30 7.04 6.90 6.70 6.59 6.39 6.32 6.11 5.98 5.82 5.73 5.58 5.50 5.39 5.39 5.38 5.36 5.29 5.44 5.48 5.49 5.50 5.53 5.59 6.47 6.27 1.94 1.90 1.91 1.90 1.90 1.83 1.82 1.81 1.81 1.83 1.87 1.89 1.91 1.92 1.93 1.94 1.95 1.97 1.99 2.01 2.01 2.03 2.05 2.07 2.08 2.08 2.07 2.07 2.10 2.12 2.11 2.04 2.06 2.05 2.02 2.02 2.02 2.04 2.08 2.08 2.11 2.13 2.15 2.21 2.29 2.52 2.56 2.59 2.62 2.66 2.69 2.72 2.76 2.80 2.84 2.88 2.92 2.95 3.01 3.05 3.09 3.14 3.19 3.24 3.30 3.32 3.33 3.37 3.38 3.35 3.34 3.33 3.34 3.31 3.31 3.33 3.32 3.31 3.30 3.28 3.27 3.26 3.25 3.23 3.23 3.21 3.21 3.20 3.19 3.18 3.18 3.14 3.13 3.11 6.10 6.15 6.14 6.12 6.12 6.10 6.10 5.45 5.30 5.28 5.28 5.27 5.26 5.25 5.25 5.24 5.24 5.23 5.23 5.22 5.23 5.25 5.23 5.22 5.23 5.25 5.32 5.39 5.38 5.36 5.39 5.63 6.02 6.02 3.25 3.16 3.12 3.06 3.06 3.07 3.11 3.10 3.11 3.11 3.12 3.11 3.13 3.13 3.14 3.14 3.15 3.15 3.16 3.16 3.18 3.17 3.18 3.15 3.16 3.17 3.18 3.18 3.19 3.19 3.21 3.17 3.13 3.08 3.00 2.94 2.87 2.82 2.75 2.70 2.65 2.60 2.55 2.50 2.45 2.41 2.36 2.10 1.95 1.90 1.87 1.84 1.80 1.79 1.77 1.75 1.76 1.77 1.79 1.79 1.80 1.80 1.83 1.83 1.82 1.80 1.79 1.78 1.80 1.79 1.76 1.73 1.72 1.70 1.67 1.66 1.65 1.63 1.61 1.60 1.59 1.57 1.54 1.51 1.48 1.48 1.48 1.48 1.50 1.52 1.55 1.54 1.59 1.56 1.53 1.53 1.56 1.57 1.61 1.62 1.67 1.68 1.73 1.75 1.77 1.80 1.85 1.86 1.91 1.92 1.98 1.99 2.04 2.07 2.12 2.15 2.22 2.22 2.27 2.30 5.27 5.35 5.39 5.41 7.30 7.29 7.13 7.11 7.08 7.06 3.57 6.34 6.32 3.38 3.36 3.34 3.40 3.40 3.41 3.42 3.41 3.36 4.04 4.01 3.26 3.02 3.02 3.35 3.90 3.91 3.49 3.32 3.24 3.26 3.18 3.14 3.20 3.27 3.32 3.33 5.81 5.98 1.07 1.07 -9.949263 9.296195 2.891650 -9.988020 9.306089 2.891650 1229.010230 magnum 17.531067
ODOM -10.100048 9.334752 2.884566 0.508000 -0.000045 0.000000 1229.172640 magnum 17.651697
ODOM -10.148553 9.347501 2.883032 0.501000 -0.000067 0.000000 1229.292849 magnum 17.880554
ODOM -10.197337 9.360403 2.883032 0.502500 0.000050 0.000000 1229.399927 magnum 17.880731
FLASER 360 1.54 1.54 1.53 1.51 1.50 1.50 1.50 1.50 1.57 6.09 4.96 3.18 3.20 7.01 7.08 3.01 4.71 5.40 3.52 5.26 3.52 3.60 3.66 2.86 2.86 7.16 7.10 7.12 7.23 7.24 7.25 7.25 7.27 7.27 7.30 7.31 7.32 7.24 7.25 7.28 7.29 7.16 6.92 6.71 6.57 6.39 6.25 6.06 5.91 5.77 5.62 5.50 5.39 5.34 5.32 5.32 5.34 5.22 5.33 5.40 5.42 5.43 5.46 1.86 1.86 1.85 1.84 1.81 1.78 1.74 1.74 1.75 1.77 1.81 1.83 1.84 1.85 1.87 1.88 1.89 1.90 1.91 1.92 1.93 1.95 1.95 1.97 1.99 2.01 2.01 2.00 2.00 2.02 2.05 2.04 1.96 1.98 1.97 1.96 1.94 1.94 1.96 1.97 1.99 2.02 2.03 2.05 2.08 2.09 2.22 2.42 2.45 2.49 2.51 2.55 2.57 2.61 2.64 2.68 2.70 2.73 2.77 2.81 2.84 2.89 2.93 2.97 3.01 3.06 3.10 3.16 3.20 3.24 3.22 3.29 3.28 3.27 3.25 3.24 3.23 3.22 3.20 3.23 3.22 3.21 3.18 3.18 3.17 3.16 3.15 3.15 3.13 3.13 3.11 3.12 3.11 3.11 3.09 3.07 3.03 3.03 3.01 5.98 6.04 6.03 6.02 6.01 6.00 6.00 5.89 5.24 5.19 5.18 5.16 5.16 5.17 5.17 5.15 5.16 5.14 5.14 5.13 5.13 5.15 5.15 5.12 5.13 5.13 5.16 5.25 5.29 5.26 5.28 5.36 5.91 5.91 5.92 5.92 3.07 3.04 2.96 2.96 2.98 3.00 3.01 3.01 3.02 3.02 3.03 3.03 3.04 3.04 3.04 3.04 3.05 3.06 3.07 3.07 3.09 3.08 3.08 3.06 3.06 3.07 3.08 3.09 3.10 3.11 3.13 3.09 3.03 2.99 2.92 2.86 2.80 2.75 2.68 2.64 2.59 2.54 2.50 2.44 2.40 2.36 2.32 2.28 2.24 1.99 1.85 1.81 1.79 1.76 1.73 1.71 1.68 1.68 1.67 1.67 1.69 1.69 1.71 1.71 1.73 1.75 1.76 1.76 1.71 1.70 1.71 1.71 1.71 1.69 1.68 1.66 1.64 1.63 1.61 1.60 1.58 1.56 1.55 1.54 1.52 1.51 1.49 1.48 1.43 1.41 1.41 1.40 1.41 1.42 1.48 1.48 1.48 1.49 1.50 1.47 1.48 1.49 1.53 1.54 1.59 1.62 1.66 1.66 1.71 1.73 1.77 1.79 1.85 1.87 1.92 1.94 2.01 2.04 2.10 2.12 2.18 2.19 2.26 2.29 7.26 7.24 7.11 7.07 7.06 7.04 6.23 3.55 3.55 6.29 6.59 3.33 3.33 3.31 3.36 3.35 3.36 3.38 3.38 3.26 3.94 3.95 3.93 3.14 2.99 3.17 3.90 3.90 3.64 3.30 3.22 3.24 3.17 3.15 3.17 3.23 3.31 3.33 -10.080665 9.329632 2.883956 -10.119344 9.339824 2.883956 1229.220630 magnum 17.880845
ODOM -10.245229 9.373070 2.883032 0.495500 -0.000095 0.000000 1229.513167 magnum 17.991618
FLASER 360 7.00 6.09 6.09 6.09 6.07 6.00 6.03 3.19 3.19 81.91 3.93 2.99 5.03 7.04 5.17 3.51 6.28 3.51 3.58 2.82 2.89 3.05 3.02 7.06 7.07 7.09 7.13 7.20 7.21 7.22 7.24 7.22 7.26 7.27 7.29 7.25 7.20 7.23 7.24 7.21 6.97 6.71 6.55 6.33 6.19 6.02 5.87 5.70 5.59 5.44 5.33 5.28 5.27 5.28 5.29 5.17 5.22 5.35 1.80 1.79 1.80 1.78 1.76 1.68 1.68 1.69 1.69 1.73 1.76 1.77 1.78 1.79 1.79 1.80 1.81 1.82 1.83 1.85 1.86 1.87 1.88 1.89 1.91 1.92 1.94 1.92 1.92 1.92 1.95 1.96 1.96 1.89 1.89 1.87 1.87 1.85 1.86 1.87 1.87 1.90 1.92 1.93 1.95 1.96 1.98 2.04 2.16 2.32 2.34 2.37 2.40 2.44 2.46 2.49 2.52 2.55 2.58 2.61 2.65 2.67 2.71 2.74 2.79 2.82 2.86 2.90 2.94 2.99 3.03 3.08 3.13 3.12 3.14 3.18 3.18 3.15 3.14 3.12 3.13 3.10 3.09 3.12 3.11 3.10 3.10 3.08 3.08 3.05 3.05 3.03 3.03 3.02 3.02 3.00 3.00 2.98 2.98 2.97 2.94 2.91 2.91 2.94 5.88 5.93 5.92 5.91 5.91 5.89 5.89 5.70 5.14 5.06 5.05 5.03 5.03 5.03 5.03 5.02 5.02 5.00 4.99 5.00 5.00 5.00 5.03 5.00 5.01 5.00 5.02 5.09 5.19 5.18 5.18 5.19 5.39 5.80 5.81 5.81 2.97 2.95 2.93 2.85 2.85 2.85 2.90 2.90 2.91 2.90 2.91 2.91 2.91 2.92 2.93 2.93 2.94 2.94 2.95 2.94 2.96 2.96 2.97 2.97 2.96 2.95 2.97 2.97 2.98 2.98 3.00 3.01 3.02 2.97 2.94 2.88 2.82 2.77 2.72 2.66 2.62 2.56 2.52 2.47 2.43 2.39 2.35 2.31 2.27 2.24 2.20 2.17 2.13 1.89 1.77 1.73 1.71 1.68 1.66 1.65 1.62 1.61 1.60 1.58 1.61 1.61 1.62 1.63 1.65 1.65 1.67 1.68 1.67 1.65 1.63 1.62 1.65 1.64 1.63 1.61 1.59 1.58 1.56 1.55 1.54 1.53 1.51 1.50 1.49 1.47 1.46 1.45 1.44 1.43 1.41 1.38 1.36 1.35 1.34 1.33 1.36 1.37 1.43 1.41 1.44 1.47 1.42 1.40 1.44 1.45 1.50 1.51 1.59 1.60 1.65 1.66 1.72 1.74 1.79 1.81 1.88 1.90 1.97 2.01 2.08 2.11 2.14 2.18 2.26 7.04 7.02 7.01 6.25 6.25 6.26 3.52 6.49 6.88 4.28 3.39 3.31 3.31 3.36 3.35 3.37 3.38 3.37 3.94 3.93 3.92 3.92 3.88 2.97 2.97 3.89 3.89 3.85 3.31 3.22 3.23 3.18 3.16 -10.175920 9.354739 2.883032 -10.214590 9.364966 2.883032 1229.440544 magnum 17.991807
ODOM -10.293567 9.385854 2.881498 0.502000 0.000045 0.000000 1229.633338 magnum 18.110065
ODOM -10.341885 9.398713 2.881498 0.508500 0.000017 0.000000 1229.753629 magnum 18.229939
FLASER 360 7.09 7.10 7.09 3.18 3.20 7.11 7.10 3.12 7.08 5.34 4.70 3.49 4.54 3.49 3.41 2.81 2.83 3.21 7.06 7.03 7.04 7.05 7.05 7.05 7.09 7.17 7.18 7.19 7.20 7.19 7.23 7.23 7.25 7.26 7.18 7.18 7.22 7.18 6.94 6.68 6.48 6.27 6.13 5.94 5.79 5.62 5.50 5.35 5.27 5.23 5.21 1.78 1.75 1.74 1.75 1.71 1.67 1.63 1.63 1.64 1.65 1.68 1.70 1.71 1.72 1.72 1.73 1.74 1.75 1.76 1.77 1.78 1.78 1.79 1.81 1.81 1.83 1.84 1.85 1.87 1.87 1.84 1.85 1.87 1.90 1.88 1.84 1.83 1.82 1.80 1.78 1.78 1.78 1.79 1.81 1.82 1.84 1.86 1.87 1.88 1.91 1.96 2.05 2.22 2.25 2.26 2.28 2.32 2.35 2.37 2.39 2.42 2.44 2.47 2.51 2.54 2.57 2.60 2.64 2.66 2.70 2.74 2.77 2.81 2.85 2.89 2.94 2.98 3.02 3.03 3.04 3.08 3.09 3.07 3.05 3.03 3.03 3.03 3.01 3.01 3.02 3.01 3.01 2.98 2.98 2.96 2.96 2.94 2.94 2.92 2.92 2.90 2.90 2.89 2.89 2.88 2.87 2.84 2.83 2.80 2.82 5.75 5.82 5.82 5.82 5.80 5.80 5.78 5.78 5.12 4.97 4.94 4.94 4.93 4.93 4.92 4.92 4.91 4.91 4.89 4.90 4.89 4.90 4.90 4.92 4.89 4.90 4.89 4.91 4.98 5.04 5.02 5.05 5.04 5.17 5.69 5.70 5.70 5.71 2.85 2.84 2.78 2.74 2.75 2.77 2.79 2.80 2.79 2.81 2.81 2.81 2.81 2.83 2.83 2.84 2.84 2.83 2.84 2.85 2.85 2.86 2.87 2.88 2.88 2.86 2.86 2.88 2.87 2.88 2.90 2.91 2.91 2.91 2.85 2.84 2.79 2.73 2.67 2.63 2.58 2.53 2.49 2.43 2.40 2.35 2.32 2.28 2.25 2.21 2.19 2.15 2.11 2.09 2.06 2.03 1.85 1.68 1.66 1.63 1.62 1.60 1.57 1.55 1.55 1.53 1.51 1.51 1.51 1.53 1.53 1.55 1.55 1.58 1.59 1.61 1.60 1.58 1.56 1.55 1.55 1.57 1.56 1.54 1.54 1.53 1.51 1.50 1.48 1.47 1.46 1.46 1.44 1.43 1.42 1.41 1.40 1.39 1.38 1.38 1.37 1.34 1.32 1.30 1.30 1.29 1.29 1.31 1.33 1.37 1.38 1.40 1.42 1.37 1.37 1.40 1.42 1.48 1.51 1.58 1.60 1.65 1.67 1.74 1.77 1.83 1.88 1.96 1.99 2.08 2.10 2.17 2.20 6.25 3.28 6.24 6.25 3.51 3.52 4.37 4.24 3.52 3.32 3.27 3.31 3.36 3.37 3.39 3.39 3.97 3.95 3.91 3.91 3.88 3.85 2.96 2.97 3.90 3.92 3.52 3.31 -10.261944 9.377438 2.881498 -10.300598 9.387725 2.881498 1229.650180 magnum 18.230114
ODOM -10.438521 9.424430 2.879964 0.499000 -0.000045 0.000000 1229.880104 magnum 18.365661
FLASER 360 3.18 7.10 7.10 7.08 3.93 5.87 7.07 3.48 3.49 3.47 2.84 2.81 3.01 3.01 2.98 4.33 7.01 7.04 7.03 7.03 7.04 7.03 7.04 7.14 7.15 7.16 7.18 7.18 7.17 7.20 7.21 7.23 7.16 7.15 7.16 7.18 7.01 6.70 6.48 6.27 6.12 5.91 5.76 5.57 5.45 1.71 1.70 1.71 1.69 1.64 1.61 1.58 1.58 1.59 1.60 1.65 1.65 1.66 1.66 1.66 1.67 1.68 1.68 1.69 1.70 1.71 1.72 1.73 1.74 1.75 1.76 1.77 1.78 1.78 1.80 1.78 1.78 1.79 1.79 1.83 1.82 1.74 1.75 1.74 1.74 1.70 1.71 1.70 1.72 1.73 1.75 1.76 1.77 1.78 1.80 1.81 1.83 1.88 1.98 2.13 2.15 2.17 2.19 2.20 2.24 2.26 2.28 2.31 2.33 2.35 2.38 2.41 2.42 2.45 2.50 2.52 2.55 2.58 2.62 2.65 2.69 2.72 2.75 2.80 2.83 2.87 2.92 2.93 2.93 2.98 2.99 2.97 2.96 2.94 2.93 2.92 2.91 2.89 2.92 2.91 2.91 2.89 2.89 2.87 2.87 2.84 2.84 2.83 2.83 2.82 2.81 2.79 2.79 2.78 2.78 2.76 2.75 2.71 2.70 2.70 5.65 5.65 5.73 5.71 5.71 5.69 5.68 5.67 5.66 4.94 4.85 4.84 4.84 4.82 4.82 4.80 4.80 4.80 4.80 4.79 4.79 4.79 4.79 4.78 4.82 4.79 4.79 4.78 4.80 4.83 4.95 4.93 4.92 4.94 4.97 5.57 5.59 5.59 5.61 5.60 2.75 2.74 2.68 2.63 2.65 2.66 2.69 2.69 2.70 2.70 2.71 2.69 2.71 2.72 2.73 2.72 2.73 2.74 2.74 2.74 2.76 2.76 2.77 2.77 2.79 2.77 2.77 2.76 2.78 2.77 2.79 2.80 2.82 2.82 2.83 2.76 2.75 2.70 2.65 2.60 2.55 2.51 2.46 2.42 2.38 2.34 2.30 2.26 2.23 2.19 2.17 2.13 2.11 2.08 2.04 2.02 1.99 1.97 1.94 1.92 1.68 1.61 1.57 1.55 1.54 1.52 1.50 1.48 1.47 1.46 1.44 1.43 1.43 1.43 1.46 1.46 1.47 1.48 1.50 1.51 1.54 1.54 1.51 1.50 1.49 1.48 1.51 1.50 1.50 1.48 1.46 1.45 1.44 1.43 1.42 1.40 1.40 1.40 1.39 1.38 1.37 1.37 1.36 1.35 1.34 1.33 1.31 1.30 1.30 1.29 1.26 1.25 1.24 1.23 1.25 1.27 1.33 1.32 1.33 1.36 1.34 1.32 1.34 1.37 1.44 1.47 1.56 1.59 1.65 1.69 1.78 1.82 1.92 1.96 2.06 2.08 2.16 2.21 6.64 6.85 3.54 4.37 4.21 4.19 3.37 3.29 3.27 3.33 3.36 3.37 3.38 3.37 3.95 3.91 3.90 3.87 3.86 3.87 2.96 2.96 -10.392515 9.412128 2.880081 -10.431155 9.422470 2.880081 1229.870244 magnum 18.365868
ODOM -10.487265 9.437482 2.876896 0.499000 -0.000078 0.000000 1229.995199 magnum 18.474218
ODOM -10.535523 9.450562 2.873828 0.496500 -0.000106 0.000000 1230.112760 magnum 18.590772
FLASER 360 4.98 3.93 7.09 5.85 3.50 3.47 2.78 2.85 3.52 3.05 2.99 7.00 4.33 7.00 7.01 7.00 7.00 7.02 7.02 7.01 7.03 7.10 7.13 7.13 7.14 7.15 7.13 7.18 7.18 7.19 7.20 7.11 7.12 7.15 7.07 6.71 6.52 6.27 6.10 1.67 1.67 1.63 1.63 1.54 1.53 1.55 1.55 1.56 1.58 1.60 1.61 1.61 1.62 1.62 1.63 1.63 1.64 1.65 1.65 1.65 1.66 1.67 1.68 1.68 1.69 1.70 1.71 1.72 1.74 1.73 1.72 1.72 1.72 1.74 1.77 1.72 1.68 1.68 1.68 1.64 1.64 1.63 1.64 1.65 1.65 1.66 1.68 1.69 1.71 1.72 1.73 1.75 1.76 1.85 2.02 2.05 2.06 2.08 2.11 2.12 2.14 2.16 2.19 2.20 2.22 2.25 2.27 2.29 2.32 2.33 2.36 2.39 2.41 2.44 2.47 2.51 2.53 2.57 2.60 2.64 2.66 2.70 2.73 2.77 2.81 2.83 2.84 2.88 2.90 2.88 2.87 2.85 2.84 2.83 2.82 2.80 2.82 2.82 2.82 2.80 2.80 2.78 2.77 2.75 2.75 2.73 2.73 2.71 2.71 2.69 2.70 2.68 2.68 2.66 2.66 2.64 2.62 2.60 2.59 5.54 5.54 5.55 5.61 5.61 5.60 5.58 5.58 5.56 5.55 4.82 4.75 4.73 4.73 4.70 4.70 4.69 4.69 4.69 4.70 4.69 4.68 4.68 4.68 4.67 4.72 4.69 4.68 4.67 4.68 4.70 4.81 4.82 4.81 4.84 4.81 4.95 5.48 5.48 5.49 5.49 5.50 2.64 2.64 2.57 2.54 2.53 2.55 2.58 2.59 2.59 2.60 2.59 2.61 2.61 2.62 2.62 2.63 2.63 2.64 2.63 2.64 2.64 2.66 2.66 2.67 2.67 2.69 2.67 2.67 2.67 2.69 2.67 2.69 2.70 2.72 2.72 2.73 2.68 2.66 2.63 2.58 2.53 2.49 2.44 2.40 2.36 2.32 2.28 2.25 2.21 2.18 2.15 2.12 2.10 2.06 2.04 2.01 1.98 1.96 1.93 1.91 1.89 1.87 1.84 1.83 1.68 1.54 1.50 1.49 1.47 1.46 1.43 1.42 1.40 1.39 1.37 1.36 1.36 1.36 1.35 1.37 1.37 1.39 1.40 1.43 1.43 1.46 1.47 1.47 1.45 1.43 1.42 1.43 1.43 1.44 1.44 1.42 1.41 1.40 1.39 1.38 1.37 1.36 1.36 1.35 1.34 1.33 1.32 1.32 1.31 1.30 1.30 1.30 1.29 1.29 1.27 1.26 1.26 1.23 1.21 1.22 1.20 1.19 1.20 1.23 1.26 1.30 1.29 1.32 1.32 1.28 1.30 1.38 1.41 1.55 1.58 1.68 1.73 1.86 1.91 2.05 2.05 2.16 3.45 4.31 4.20 4.19 4.21 3.30 3.27 3.27 3.33 3.35 3.36 3.37 3.38 3.91 3.90 3.87 3.86 -10.483743 9.436435 2.874667 -10.522326 9.446985 2.874667 1230.080587 magnum 18.590944
ODOM -10.584491 9.463997 2.870760 0.509000 -0.000067 0.000000 1230.232861 magnum 18.711213
ODOM -10.632525 9.477334 2.866158 0.514500 -0.000050 0.000000 1230.352660 magnum 18.831244
FLASER 360 7.08 3.42 2.79 2.85 3.43 3.04 3.20 5.92 5.24 5.35 4.30 6.99 7.00 6.98 6.99 7.00 7.00 7.01 7.01 7.01 7.10 7.11 7.12 7.12 7.13 7.12 7.15 7.15 7.17 7.15 7.08 7.10 1.64 1.66 1.64 1.58 1.53 1.50 1.50 1.51 1.52 1.55 1.56 1.56 1.57 1.57 1.57 1.58 1.58 1.59 1.60 1.60 1.61 1.61 1.62 1.63 1.63 1.64 1.64 1.64 1.65 1.65 1.66 1.66 1.66 1.65 1.65 1.66 1.68 1.68 1.64 1.62 1.62 1.59 1.57 1.56 1.56 1.58 1.59 1.60 1.61 1.61 1.63 1.64 1.64 1.65 1.66 1.67 1.70 1.89 1.95 1.97 1.98 1.99 2.01 2.03 2.05 2.07 2.09 2.11 2.12 2.14 2.17 2.19 2.20 2.22 2.24 2.26 2.28 2.31 2.33 2.36 2.39 2.41 2.44 2.47 2.51 2.53 2.57 2.60 2.63 2.66 2.70 2.74 2.75 2.74 2.80 2.79 2.78 2.75 2.75 2.73 2.74 2.71 2.70 2.72 2.72 2.70 2.70 2.69 2.68 2.66 2.66 2.64 2.64 2.62 2.62 2.61 2.61 2.59 2.58 2.57 2.57 2.56 2.55 2.52 2.51 2.49 2.49 5.44 5.43 5.43 5.51 5.50 5.49 5.47 5.47 5.46 5.45 4.79 4.65 4.62 4.62 4.60 4.60 4.61 4.62 4.61 4.60 4.59 4.58 4.57 4.57 4.57 4.59 4.59 4.58 4.57 4.57 4.58 4.64 4.73 4.71 4.72 4.74 4.76 5.30 5.37 5.38 5.38 5.39 5.39 2.54 2.54 2.52 2.42 2.42 2.42 2.45 2.47 2.49 2.49 2.50 2.49 2.50 2.49 2.51 2.51 2.53 2.52 2.54 2.53 2.53 2.53 2.55 2.55 2.57 2.57 2.58 2.58 2.56 2.56 2.58 2.59 2.59 2.59 2.61 2.61 2.64 2.63 2.58 2.55 2.52 2.49 2.43 2.40 2.36 2.32 2.28 2.25 2.21 2.18 2.15 2.12 2.10 2.06 2.03 2.01 1.98 1.96 1.94 1.91 1.89 1.87 1.84 1.83 1.81 1.79 1.77 1.75 1.73 1.71 1.46 1.42 1.41 1.39 1.38 1.36 1.36 1.34 1.33 1.32 1.31 1.30 1.29 1.29 1.29 1.29 1.31 1.31 1.34 1.34 1.36 1.36 1.41 1.41 1.40 1.38 1.37 1.37 1.36 1.37 1.38 1.38 1.36 1.36 1.35 1.34 1.33 1.32 1.31 1.31 1.30 1.29 1.29 1.29 1.29 1.28 1.27 1.27 1.26 1.26 1.25 1.24 1.23 1.23 1.22 1.22 1.21 1.20 1.19 1.18 1.17 1.16 1.17 1.20 1.25 1.28 1.29 1.27 1.25 1.26 1.43 1.49 1.68 1.74 1.96 2.03 2.10 4.16 4.19 4.21 3.30 3.27 3.24 3.27 3.32 3.33 3.36 3.36 -10.568984 9.459600 2.868555 -10.607503 9.470386 2.868555 1230.290192 magnum 18.831398
ODOM -10.729221 9.504662 2.864624 0.496500 -0.000039 0.000000 1230.473030 magnum 18.950860
ODOM -10.777034 9.518254 2.863090 0.494500 -0.000062 0.000000 1230.593431 magnum 19.071301
FLASER 360 3.43 3.26 3.06 3.57 3.75 5.93 5.23 4.49 6.96 6.99 6.99 6.96 6.98 6.99 6.98 6.99 7.00 6.98 7.00 7.10 7.09 7.10 7.11 7.11 7.10 1.61 1.61 1.58 1.52 1.48 1.47 1.48 1.48 1.51 1.53 1.53 1.54 1.53 1.54 1.54 1.54 1.54 1.54 1.55 1.55 1.56 1.56 1.57 1.57 1.58 1.58 1.59 1.60 1.60 1.61 1.61 1.62 1.62 1.61 1.60 1.61 1.61 1.63 1.63 1.57 1.56 1.56 1.53 1.51 1.50 1.50 1.51 1.52 1.53 1.54 1.54 1.55 1.56 1.57 1.58 1.59 1.60 1.61 1.66 1.76 1.87 1.88 1.89 1.91 1.92 1.93 1.95 1.97 1.99 2.00 2.01 2.03 2.05 2.07 2.09 2.11 2.12 2.14 2.17 2.19 2.20 2.22 2.25 2.27 2.29 2.31 2.33 2.36 2.40 2.42 2.44 2.47 2.51 2.54 2.57 2.61 2.65 2.67 2.65 2.69 2.70 2.69 2.67 2.66 2.64 2.64 2.62 2.61 2.60 2.63 2.62 2.61 2.59 2.59 2.57 2.57 2.54 2.54 2.53 2.53 2.51 2.51 2.50 2.50 2.47 2.47 2.45 2.45 2.44 2.42 2.39 2.39 2.37 2.40 5.33 5.33 5.33 5.40 5.39 5.39 5.37 5.37 5.35 5.35 4.80 4.59 4.52 4.53 4.51 4.51 4.51 4.56 4.54 4.55 4.54 4.52 4.52 4.51 4.51 4.48 4.49 4.48 4.46 4.46 4.46 4.48 4.54 4.63 4.62 4.62 4.64 4.74 5.27 5.27 5.27 5.28 5.28 5.29 5.29 2.42 2.41 2.36 2.31 2.31 2.32 2.36 2.36 2.37 2.36 2.38 2.37 2.39 2.39 2.39 2.40 2.42 2.42 2.43 2.42 2.43 2.43 2.44 2.44 2.46 2.46 2.49 2.49 2.47 2.45 2.47 2.49 2.49 2.49 2.51 2.52 2.54 2.54 2.54 2.49 2.46 2.44 2.40 2.35 2.32 2.28 2.25 2.21 2.18 2.15 2.12 2.10 2.06 2.04 2.01 1.99 1.96 1.94 1.91 1.90 1.87 1.85 1.83 1.81 1.79 1.77 1.75 1.74 1.72 1.70 1.69 1.67 1.65 1.64 1.52 1.43 1.36 1.34 1.33 1.32 1.31 1.30 1.29 1.29 1.27 1.26 1.25 1.24 1.23 1.22 1.21 1.21 1.23 1.24 1.27 1.28 1.29 1.31 1.34 1.36 1.35 1.33 1.32 1.31 1.30 1.30 1.33 1.33 1.32 1.32 1.31 1.30 1.30 1.29 1.29 1.28 1.27 1.27 1.26 1.26 1.25 1.25 1.24 1.24 1.23 1.23 1.22 1.22 1.22 1.21 1.20 1.20 1.20 1.20 1.19 1.18 1.16 1.16 1.16 1.16 1.15 1.15 1.22 1.24 1.24 1.24 1.25 1.24 1.63 1.88 2.04 2.13 6.05 3.27 3.25 3.26 -10.701817 9.496857 2.864269 -10.740289 9.507808 2.864269 1230.500582 magnum 19.071481
ODOM -10.825272 9.532047 2.863090 0.496500 -0.000084 0.000000 1230.713317 magnum 19.191485
ODOM -10.873510 9.545839 2.861556 0.503500 -0.000006 0.000000 1230.832761 magnum 19.310774
FLASER 360 3.58 4.58 4.79 5.90 4.51 6.99 6.99 6.96 6.97 6.99 6.97 6.97 6.97 6.96 6.97 6.97 6.98 1.61 1.60 1.57 1.51 1.45 1.45 1.46 1.46 1.48 1.50 1.50 1.50 1.50 1.51 1.51 1.51 1.51 1.52 1.52 1.52 1.53 1.53 1.53 1.53 1.54 1.54 1.55 1.55 1.55 1.56 1.56 1.57 1.57 1.58 1.54 1.56 1.56 1.56 1.57 1.59 1.49 1.50 1.50 1.48 1.44 1.44 1.44 1.45 1.46 1.47 1.47 1.47 1.48 1.49 1.50 1.51 1.52 1.53 1.54 1.55 1.58 1.67 1.79 1.80 1.81 1.82 1.83 1.85 1.86 1.87 1.88 1.90 1.91 1.93 1.94 1.96 1.97 1.99 2.00 2.02 2.04 2.05 2.07 2.10 2.11 2.13 2.15 2.17 2.20 2.21 2.23 2.25 2.27 2.30 2.34 2.35 2.38 2.41 2.43 2.46 2.51 2.53 2.55 2.55 2.55 2.61 2.61 2.60 2.57 2.56 2.54 2.54 2.53 2.52 2.50 2.54 2.52 2.52 2.50 2.50 2.46 2.46 2.44 2.44 2.43 2.43 2.41 2.41 2.39 2.39 2.37 2.37 2.35 2.35 2.34 2.34 2.29 2.28 2.28 2.27 5.25 5.23 5.22 5.22 5.24 5.29 5.28 5.28 5.26 5.26 5.24 5.24 4.59 4.43 4.41 4.42 4.40 4.40 4.41 4.44 4.44 4.43 4.44 4.43 4.42 4.42 4.41 4.38 4.38 4.38 4.35 4.36 4.35 4.37 4.42 4.54 4.52 4.52 4.52 4.61 5.14 5.17 5.16 5.18 5.18 5.18 5.18 5.19 2.31 2.32 2.28 2.21 2.21 2.22 2.22 2.27 2.25 2.27 2.26 2.27 2.27 2.28 2.28 2.28 2.29 2.31 2.30 2.31 2.31 2.33 2.33 2.35 2.34 2.35 2.36 2.37 2.37 2.38 2.35 2.37 2.37 2.39 2.38 2.40 2.41 2.43 2.43 2.45 2.43 2.38 2.37 2.33 2.30 2.26 2.23 2.20 2.17 2.14 2.11 2.08 2.05 2.03 2.00 1.98 1.95 1.92 1.91 1.89 1.86 1.85 1.83 1.80 1.79 1.77 1.75 1.73 1.72 1.70 1.69 1.67 1.65 1.65 1.63 1.61 1.59 1.58 1.56 1.55 1.53 1.32 1.30 1.29 1.28 1.26 1.25 1.24 1.23 1.22 1.21 1.22 1.21 1.19 1.18 1.18 1.17 1.16 1.16 1.17 1.19 1.21 1.21 1.24 1.25 1.29 1.30 1.31 1.30 1.29 1.27 1.27 1.26 1.30 1.30 1.29 1.28 1.28 1.28 1.27 1.26 1.25 1.25 1.24 1.24 1.23 1.23 1.23 1.22 1.22 1.22 1.22 1.21 1.21 1.21 1.21 1.20 1.20 1.20 1.19 1.19 1.18 1.18 1.18 1.18 1.16 1.15 1.14 1.14 1.14 1.14 1.20 1.24 1.26 1.25 -10.790201 9.522014 2.862983 -10.828658 9.533015 2.862983 1230.720547 magnum 19.310962
ODOM -10.921419 9.559618 2.863090 0.497000 0.000011 0.000000 1230.952466 magnum 19.436831
FLASER 360 6.96 4.48 4.76 6.96 6.96 6.97 6.95 6.97 6.97 6.95 1.59 1.55 1.43 1.43 1.44 1.44 1.44 1.47 1.47 1.47 1.48 1.48 1.48 1.48 1.49 1.48 1.48 1.49 1.49 1.49 1.50 1.50 1.50 1.50 1.51 1.51 1.51 1.52 1.52 1.53 1.53 1.53 1.53 1.53 1.51 1.51 1.51 1.51 1.52 1.53 1.47 1.46 1.45 1.40 1.39 1.38 1.38 1.39 1.40 1.41 1.42 1.42 1.43 1.44 1.44 1.45 1.45 1.46 1.47 1.47 1.48 1.56 1.64 1.72 1.74 1.74 1.75 1.76 1.77 1.77 1.79 1.80 1.81 1.83 1.84 1.85 1.86 1.87 1.89 1.91 1.92 1.93 1.95 1.96 1.98 1.99 2.01 2.03 2.05 2.06 2.08 2.10 2.11 2.14 2.15 2.19 2.19 2.21 2.24 2.26 2.28 2.31 2.34 2.36 2.40 2.42 2.44 2.46 2.46 2.47 2.53 2.52 2.50 2.47 2.46 2.44 2.44 2.42 2.41 2.40 2.43 2.42 2.41 2.39 2.39 2.36 2.35 2.35 2.34 2.32 2.32 2.30 2.30 2.28 2.29 2.27 2.27 2.26 2.26 2.24 2.24 2.21 2.20 2.18 2.17 2.18 5.17 5.13 5.12 5.11 5.12 5.18 5.19 5.18 5.17 5.16 5.15 5.13 5.13 4.42 4.32 4.31 4.30 4.29 4.29 4.28 4.30 4.29 4.29 4.28 4.27 4.25 4.26 4.24 4.25 4.26 4.28 4.25 4.25 4.24 4.26 4.29 4.38 4.40 4.42 4.43 4.43 4.51 5.04 5.04 5.05 5.04 5.06 5.05 5.09 5.03 2.30 2.22 2.21 2.12 2.11 2.11 2.12 2.14 2.16 2.15 2.17 2.17 2.18 2.18 2.19 2.19 2.20 2.20 2.21 2.21 2.21 2.22 2.23 2.23 2.25 2.25 2.26 2.27 2.27 2.28 2.29 2.26 2.28 2.28 2.29 2.28 2.30 2.31 2.32 2.33 2.36 2.36 2.32 2.29 2.28 2.24 2.21 2.19 2.15 2.12 2.10 2.07 2.04 2.02 1.99 1.97 1.94 1.92 1.90 1.88 1.85 1.84 1.82 1.80 1.78 1.76 1.75 1.73 1.71 1.70 1.68 1.66 1.65 1.64 1.63 1.60 1.59 1.58 1.57 1.55 1.54 1.53 1.52 1.51 1.50 1.49 1.47 1.43 1.25 1.23 1.22 1.21 1.20 1.20 1.19 1.18 1.17 1.16 1.15 1.15 1.14 1.14 1.14 1.13 1.13 1.12 1.12 1.11 1.14 1.14 1.18 1.19 1.22 1.23 1.27 1.27 1.25 1.24 1.23 1.23 1.22 1.22 1.26 1.25 1.25 1.24 1.23 1.24 1.23 1.22 1.22 1.22 1.22 1.22 1.22 1.21 1.21 1.21 1.20 1.20 1.20 1.20 1.19 1.19 1.19 1.19 1.18 1.18 1.18 1.18 1.18 1.17 1.17 1.17 -10.874502 9.546177 2.862819 -10.912957 9.557184 2.862819 1230.930174 magnum 19.436963
ODOM -11.017314 9.587037 2.860022 0.505500 -0.000106 0.000000 1231.072742 magnum 19.551560
ODOM -11.065647 9.601018 2.860022 0.501000 -0.000067 0.000000 1231.193469 magnum 19.671129
FLASER 360 5.45 6.97 6.95 1.43 1.42 1.42 1.42 1.43 1.44 1.46 1.47 1.47 1.47 1.47 1.47 1.47 1.47 1.47 1.47 1.47 1.47 1.47 1.47 1.47 1.47 1.48 1.48 1.48 1.48 1.48 1.49 1.49 1.50 1.50 1.50 1.51 1.50 1.46 1.47 1.48 1.48 1.49 1.42 1.42 1.42 1.36 1.35 1.34 1.34 1.34 1.35 1.36 1.36 1.37 1.37 1.38 1.38 1.38 1.40 1.40 1.41 1.41 1.42 1.43 1.44 1.60 1.62 1.66 1.66 1.67 1.68 1.69 1.70 1.71 1.72 1.73 1.74 1.75 1.77 1.78 1.78 1.79 1.81 1.82 1.83 1.84 1.86 1.86 1.88 1.89 1.91 1.93 1.94 1.95 1.97 1.99 2.00 2.02 2.04 2.05 2.07 2.09 2.11 2.13 2.15 2.17 2.20 2.20 2.23 2.26 2.28 2.30 2.33 2.35 2.37 2.36 2.37 2.42 2.43 2.41 2.39 2.36 2.36 2.34 2.35 2.32 2.31 2.31 2.33 2.32 2.31 2.29 2.29 2.27 2.26 2.25 2.25 2.23 2.23 2.21 2.21 2.20 2.20 2.18 2.18 2.17 2.16 2.14 2.15 2.13 2.10 2.08 2.08 2.06 2.11 5.04 5.03 5.00 5.00 4.99 5.01 5.09 5.09 5.04 5.04 5.02 5.02 5.00 4.89 4.25 4.22 4.20 4.20 4.19 4.19 4.17 4.18 4.17 4.17 4.15 4.16 4.14 4.14 4.14 4.14 4.16 4.18 4.13 4.14 4.13 4.15 4.17 4.27 4.29 4.30 4.36 4.33 4.32 4.69 4.93 4.94 4.94 4.95 4.95 4.96 4.96 4.81 2.20 2.11 2.10 2.07 2.00 2.01 2.01 2.03 2.05 2.06 2.06 2.06 2.06 2.07 2.07 2.09 2.09 2.10 2.10 2.11 2.11 2.12 2.13 2.13 2.14 2.15 2.15 2.17 2.17 2.19 2.19 2.21 2.20 2.18 2.17 2.21 2.21 2.21 2.21 2.23 2.23 2.25 2.26 2.27 2.23 2.21 2.21 2.17 2.14 2.11 2.09 2.05 2.03 2.00 1.98 1.95 1.93 1.92 1.89 1.87 1.85 1.83 1.81 1.79 1.77 1.76 1.74 1.72 1.71 1.69 1.67 1.66 1.65 1.63 1.61 1.61 1.60 1.58 1.56 1.55 1.54 1.53 1.52 1.51 1.50 1.49 1.47 1.46 1.45 1.45 1.44 1.43 1.42 1.41 1.39 1.23 1.18 1.17 1.16 1.15 1.15 1.15 1.15 1.14 1.13 1.12 1.12 1.11 1.11 1.10 1.10 1.09 1.08 1.08 1.08 1.08 1.08 1.11 1.12 1.16 1.17 1.21 1.22 1.24 1.24 1.22 1.21 1.21 1.21 1.21 1.21 1.24 1.23 1.22 1.22 1.22 1.22 1.21 1.21 1.20 1.20 1.20 1.20 1.20 1.19 1.19 1.19 1.19 1.19 1.19 1.18 1.19 1.19 -11.006600 9.583939 2.860022 -11.045025 9.595053 2.860022 1231.140831 magnum 19.671376
ODOM -11.113709 9.614920 2.856954 0.496000 -0.000078 0.000000 1231.312506 magnum 19.791084
ODOM -11.161861 9.629009 2.852352 0.498000 -0.000101 0.000000 1231.432897 magnum 19.911443
FLASER 360 1.45 1.46 1.46 1.46 1.46 1.45 1.46 1.45 1.45 1.45 1.45 1.46 1.46 1.46 1.46 1.46 1.46 1.46 1.46 1.46 1.47 1.47 1.47 1.48 1.47 1.48 1.48 1.48 1.47 1.45 1.45 1.45 1.45 1.44 1.39 1.39 1.37 1.31 1.31 1.31 1.31 1.31 1.32 1.32 1.32 1.33 1.33 1.33 1.33 1.33 1.34 1.34 1.35 1.35 1.37 1.37 1.37 1.48 1.54 1.57 1.60 1.61 1.62 1.62 1.63 1.63 1.64 1.65 1.66 1.66 1.67 1.68 1.69 1.70 1.71 1.72 1.73 1.74 1.76 1.77 1.78 1.78 1.79 1.81 1.82 1.83 1.84 1.86 1.87 1.88 1.90 1.91 1.93 1.94 1.96 1.97 1.99 2.00 2.03 2.04 2.06 2.07 2.10 2.11 2.12 2.16 2.19 2.20 2.22 2.24 2.26 2.28 2.28 2.27 2.31 2.33 2.33 2.29 2.28 2.27 2.26 2.25 2.24 2.22 2.22 2.22 2.23 2.21 2.21 2.20 2.19 2.17 2.17 2.14 2.15 2.13 2.13 2.11 2.11 2.10 2.10 2.08 2.08 2.07 2.07 2.05 2.05 2.04 2.02 1.98 1.97 1.96 1.97 2.01 4.95 4.93 4.91 4.89 4.89 4.88 4.94 4.96 4.95 4.94 4.93 4.92 4.91 4.90 4.30 4.12 4.11 4.09 4.09 4.07 4.07 4.06 4.08 4.06 4.06 4.06 4.05 4.04 4.04 4.03 4.04 4.04 4.07 4.04 4.04 4.04 4.03 4.06 4.13 4.17 4.18 4.23 4.24 4.16 4.31 4.83 4.84 4.83 4.85 4.84 4.85 4.85 4.86 4.63 2.07 2.07 2.01 2.00 1.92 1.89 1.91 1.90 1.94 1.94 1.95 1.95 1.97 1.96 1.98 1.97 1.99 1.99 2.00 2.00 2.01 2.01 2.01 2.02 2.04 2.04 2.06 2.06 2.06 2.06 2.07 2.08 2.11 2.10 2.10 2.07 2.09 2.09 2.12 2.11 2.13 2.13 2.15 2.15 2.17 2.19 2.16 2.12 2.12 2.10 2.07 2.05 2.02 2.00 1.97 1.95 1.92 1.91 1.89 1.86 1.85 1.83 1.81 1.79 1.77 1.76 1.74 1.73 1.70 1.69 1.67 1.66 1.65 1.64 1.61 1.60 1.60 1.58 1.56 1.55 1.54 1.53 1.52 1.51 1.50 1.49 1.47 1.46 1.46 1.45 1.44 1.43 1.42 1.41 1.40 1.39 1.39 1.38 1.38 1.37 1.36 1.35 1.34 1.29 1.15 1.13 1.13 1.12 1.11 1.11 1.10 1.09 1.09 1.09 1.09 1.09 1.08 1.08 1.07 1.07 1.07 1.06 1.06 1.06 1.05 1.05 1.06 1.05 1.11 1.12 1.18 1.19 1.22 1.21 1.19 1.19 1.19 1.19 1.18 1.19 1.21 1.21 1.21 1.21 1.20 1.20 1.20 1.19 1.20 1.20 1.20 1.20 -11.095248 9.609440 2.855052 -11.133617 9.620745 2.855052 1231.361145 magnum 19.911589
ODOM -11.210262 9.643412 2.847750 0.506000 0.000034 0.000000 1231.553655 magnum 20.035800
ODOM -11.305909 9.672355 2.846216 0.505500 -0.000050 0.000000 1231.672996 magnum 20.150969
FLASER 360 1.45 1.44 1.45 1.44 1.45 1.44 1.44 1.44 1.44 1.44 1.45 1.45 1.45 1.45 1.46 1.45 1.45 1.45 1.45 1.46 1.46 1.42 1.41 1.42 1.42 1.41 1.35 1.36 1.35 1.28 1.28 1.28 1.28 1.28 1.29 1.29 1.29 1.29 1.29 1.30 1.30 1.30 1.30 1.31 1.31 1.32 1.32 1.32 1.33 1.35 1.39 1.49 1.50 1.54 1.55 1.55 1.55 1.56 1.56 1.58 1.59 1.58 1.60 1.60 1.60 1.60 1.62 1.63 1.64 1.65 1.66 1.67 1.67 1.68 1.70 1.71 1.71 1.72 1.74 1.74 1.76 1.76 1.77 1.78 1.79 1.80 1.83 1.83 1.85 1.85 1.87 1.88 1.90 1.92 1.92 1.94 1.96 1.98 1.99 2.01 2.03 2.05 2.06 2.08 2.11 2.12 2.14 2.16 2.19 2.20 2.19 2.20 2.23 2.23 2.22 2.21 2.20 2.18 2.17 2.15 2.14 2.13 2.12 2.13 2.13 2.12 2.11 2.09 2.09 2.07 2.06 2.05 2.05 2.03 2.03 2.01 2.01 2.00 1.99 1.98 1.97 1.96 1.96 1.94 1.95 1.93 1.93 1.90 1.87 1.87 1.87 1.85 1.91 4.93 4.86 4.82 4.80 4.78 4.79 4.77 4.81 4.85 4.85 4.83 4.83 4.81 4.81 4.79 4.78 4.09 4.00 3.98 3.99 3.97 3.97 3.97 4.00 3.97 3.99 3.96 3.98 3.94 3.95 3.93 3.94 3.92 3.94 3.95 3.93 3.92 3.93 3.92 3.95 3.99 4.09 4.09 4.12 4.07 4.16 4.28 4.72 4.72 4.72 4.72 4.74 4.74 4.75 4.75 4.59 4.40 4.20 1.99 1.90 1.90 1.88 1.81 1.79 1.79 1.80 1.82 1.85 1.84 1.87 1.86 1.86 1.86 1.87 1.87 1.88 1.88 1.91 1.91 1.92 1.92 1.94 1.93 1.93 1.93 1.95 1.95 1.97 1.97 1.99 1.99 2.00 2.01 2.00 1.99 2.01 2.01 2.03 2.01 2.03 2.04 2.06 2.06 2.09 2.09 2.08 2.05 2.03 2.02 2.00 1.99 1.95 1.94 1.92 1.90 1.87 1.85 1.83 1.82 1.80 1.78 1.77 1.75 1.73 1.72 1.70 1.67 1.65 1.65 1.63 1.62 1.61 1.59 1.58 1.57 1.55 1.55 1.54 1.53 1.52 1.51 1.49 1.48 1.47 1.46 1.46 1.45 1.44 1.43 1.42 1.41 1.40 1.39 1.38 1.37 1.37 1.37 1.36 1.35 1.35 1.33 1.32 1.32 1.31 1.31 1.31 1.30 1.29 1.28 1.17 1.14 1.09 1.09 1.09 1.09 1.08 1.08 1.07 1.07 1.06 1.06 1.05 1.05 1.05 1.04 1.04 1.03 1.03 1.03 1.03 1.03 1.03 1.03 1.03 1.02 1.09 1.10 1.19 1.20 1.19 1.19 1.17 1.17 1.17 1.17 1.19 1.21 -11.190705 9.637482 2.847450 -11.228987 9.649078 2.847450 1231.570541 magnum 20.151097
ODOM -11.354220 9.687055 2.846216 0.489500 0.000062 0.000000 1231.799981 magnum 20.286469
FLASER 360 1.44 1.44 1.44 1.44 1.44 1.44 1.44 1.43 1.43 1.43 1.44 1.44 1.41 1.40 1.40 1.40 1.40 1.33 1.35 1.27 1.25 1.25 1.25 1.25 1.25 1.25 1.25 1.26 1.27 1.26 1.27 1.27 1.27 1.27 1.27 1.27 1.28 1.28 1.28 1.29 1.29 1.34 1.38 1.45 1.45 1.48 1.48 1.50 1.51 1.51 1.52 1.52 1.53 1.53 1.53 1.54 1.55 1.55 1.55 1.56 1.57 1.57 1.58 1.60 1.60 1.60 1.61 1.62 1.63 1.63 1.65 1.65 1.66 1.66 1.67 1.68 1.69 1.70 1.72 1.73 1.74 1.75 1.76 1.77 1.78 1.79 1.80 1.82 1.83 1.84 1.85 1.87 1.88 1.90 1.92 1.92 1.94 1.96 1.97 1.99 2.01 2.03 2.05 2.06 2.09 2.11 2.11 2.10 2.12 2.15 2.15 2.13 2.12 2.09 2.08 2.06 2.07 2.04 2.03 2.01 2.03 2.04 2.03 2.01 2.01 2.00 1.99 1.97 1.97 1.95 1.94 1.93 1.93 1.91 1.91 1.89 1.89 1.87 1.87 1.86 1.86 1.84 1.84 1.83 1.83 1.79 1.79 1.77 1.77 1.75 1.81 4.84 4.85 4.78 4.73 4.71 4.68 4.68 4.68 4.67 4.74 4.74 4.74 4.72 4.72 4.71 4.70 4.68 4.33 3.96 3.89 3.88 3.90 3.88 3.88 3.88 3.93 3.90 3.93 3.90 3.92 3.88 3.89 3.87 3.89 3.86 3.83 3.86 3.83 3.82 3.82 3.81 3.84 3.84 3.94 3.98 4.02 3.96 4.01 4.11 4.60 4.61 4.62 4.62 4.63 4.63 4.64 4.64 4.65 4.45 4.26 4.06 3.91 1.87 1.81 1.80 1.79 1.73 1.69 1.68 1.69 1.70 1.75 1.74 1.76 1.76 1.77 1.77 1.78 1.78 1.78 1.78 1.80 1.80 1.81 1.81 1.82 1.82 1.83 1.84 1.86 1.86 1.86 1.87 1.88 1.89 1.90 1.91 1.93 1.92 1.90 1.89 1.90 1.92 1.93 1.93 1.95 1.95 1.97 1.98 2.01 2.01 2.00 1.96 1.95 1.94 1.92 1.91 1.89 1.87 1.85 1.83 1.81 1.79 1.77 1.77 1.75 1.72 1.71 1.69 1.67 1.66 1.65 1.64 1.62 1.61 1.59 1.58 1.57 1.56 1.54 1.54 1.53 1.52 1.51 1.49 1.48 1.47 1.46 1.46 1.45 1.45 1.43 1.42 1.41 1.41 1.40 1.39 1.38 1.38 1.38 1.37 1.36 1.35 1.34 1.33 1.32 1.32 1.31 1.31 1.31 1.30 1.30 1.29 1.29 1.28 1.28 1.27 1.27 1.26 1.24 1.23 1.21 1.19 1.07 1.06 1.06 1.06 1.05 1.05 1.04 1.04 1.04 1.04 1.04 1.03 1.03 1.03 1.03 1.03 1.03 1.03 1.03 1.03 1.03 1.02 1.02 1.01 1.03 1.02 -11.314658 9.675017 2.846216 -11.352926 9.686661 2.846216 1231.790325 magnum 20.286592
ODOM -11.401511 9.701445 2.844682 0.490500 -0.000140 0.000000 1231.912896 magnum 20.391614
ODOM -11.449226 9.716043 2.843148 0.494000 0.000011 0.000000 1232.053007 magnum 20.530715
FLASER 360 1.43 1.43 1.43 1.41 1.40 1.39 1.39 1.37 1.32 1.32 1.28 1.23 1.23 1.23 1.23 1.23 1.23 1.23 1.23 1.23 1.24 1.24 1.24 1.24 1.24 1.24 1.24 1.24 1.24 1.25 1.26 1.25 1.27 1.34 1.36 1.41 1.41 1.43 1.45 1.46 1.46 1.47 1.47 1.47 1.47 1.47 1.48 1.48 1.49 1.49 1.50 1.51 1.51 1.52 1.52 1.53 1.54 1.54 1.55 1.55 1.56 1.56 1.57 1.58 1.59 1.59 1.60 1.61 1.62 1.62 1.63 1.64 1.65 1.66 1.66 1.67 1.68 1.69 1.70 1.71 1.73 1.74 1.75 1.76 1.77 1.78 1.79 1.80 1.82 1.83 1.85 1.85 1.87 1.88 1.90 1.92 1.93 1.94 1.97 1.98 1.99 2.01 2.03 2.01 2.02 2.05 2.07 2.06 2.05 2.01 2.01 1.99 1.98 1.96 1.95 1.93 1.93 1.94 1.95 1.93 1.93 1.92 1.91 1.89 1.89 1.86 1.86 1.85 1.84 1.83 1.82 1.81 1.81 1.79 1.79 1.78 1.78 1.76 1.76 1.75 1.75 1.73 1.73 1.69 1.68 1.66 1.67 1.65 1.69 1.72 4.75 4.73 4.72 4.64 4.62 4.60 4.58 4.58 4.58 4.59 4.65 4.64 4.63 4.61 4.62 4.60 4.60 4.58 3.96 3.79 3.76 3.75 3.75 3.73 3.73 3.73 3.74 3.73 3.73 3.72 3.72 3.70 3.70 3.69 3.69 3.69 3.70 3.74 3.70 3.70 3.70 3.69 3.71 3.71 3.82 3.87 3.87 3.93 3.91 3.86 3.97 4.50 4.52 4.52 4.52 4.52 4.53 4.53 4.55 4.50 4.28 4.11 3.94 3.76 3.62 1.78 1.70 1.70 1.69 1.66 1.60 1.58 1.59 1.60 1.63 1.65 1.66 1.66 1.67 1.67 1.67 1.67 1.68 1.69 1.70 1.70 1.71 1.71 1.72 1.73 1.74 1.74 1.76 1.76 1.78 1.77 1.78 1.78 1.80 1.80 1.82 1.82 1.84 1.84 1.81 1.81 1.83 1.83 1.86 1.86 1.87 1.87 1.89 1.90 1.92 1.93 1.94 1.89 1.88 1.86 1.86 1.84 1.82 1.81 1.79 1.77 1.76 1.75 1.73 1.71 1.69 1.67 1.65 1.65 1.63 1.62 1.61 1.59 1.58 1.57 1.56 1.55 1.54 1.53 1.52 1.51 1.50 1.49 1.47 1.46 1.46 1.45 1.44 1.43 1.42 1.42 1.41 1.40 1.39 1.38 1.38 1.38 1.36 1.37 1.35 1.34 1.34 1.32 1.32 1.32 1.31 1.31 1.31 1.31 1.30 1.29 1.29 1.28 1.28 1.28 1.27 1.27 1.26 1.26 1.25 1.25 1.24 1.24 1.23 1.23 1.22 1.22 1.21 1.21 1.12 1.09 1.04 1.04 1.04 1.04 1.03 1.03 1.03 1.03 1.03 1.03 1.03 1.03 1.03 1.02 -11.395278 9.699495 2.843653 -11.433516 9.711237 2.843653 1232.000671 magnum 20.530857
ODOM -11.545185 9.745563 2.840080 0.504500 0.000017 0.000000 1232.172993 magnum 20.650856
ODOM -11.593278 9.760520 2.838546 0.498000 -0.000034 0.000000 1232.292487 magnum 20.771532
FLASER 360 1.30 1.23 1.23 1.23 1.23 1.23 1.23 1.23 1.23 1.22 1.22 1.23 1.22 1.22 1.22 1.22 1.22 1.23 1.22 1.23 1.23 1.23 1.23 1.30 1.33 1.36 1.39 1.39 1.40 1.41 1.43 1.43 1.43 1.43 1.44 1.44 1.44 1.44 1.44 1.45 1.45 1.45 1.46 1.46 1.47 1.47 1.47 1.47 1.48 1.49 1.49 1.50 1.50 1.51 1.52 1.52 1.53 1.53 1.54 1.55 1.55 1.55 1.56 1.57 1.57 1.58 1.59 1.60 1.60 1.62 1.62 1.63 1.63 1.65 1.65 1.66 1.67 1.68 1.69 1.70 1.71 1.72 1.74 1.75 1.76 1.77 1.78 1.79 1.80 1.82 1.83 1.85 1.85 1.87 1.88 1.90 1.93 1.93 1.95 1.93 1.93 1.94 1.98 1.98 1.97 1.94 1.93 1.91 1.91 1.88 1.88 1.86 1.86 1.84 1.87 1.86 1.85 1.83 1.83 1.80 1.80 1.78 1.78 1.77 1.76 1.74 1.75 1.72 1.73 1.71 1.71 1.68 1.69 1.66 1.67 1.66 1.67 1.65 1.65 1.63 1.64 1.58 1.57 1.56 1.56 1.55 1.59 1.62 4.59 4.68 4.64 4.65 4.60 4.52 4.52 4.48 4.48 4.47 4.46 4.51 4.55 4.52 4.52 4.51 4.51 4.49 4.49 4.47 3.81 3.67 3.66 3.65 3.64 3.63 3.63 3.61 3.62 3.61 3.61 3.61 3.61 3.59 3.60 3.59 3.59 3.58 3.60 3.62 3.62 3.59 3.60 3.59 3.60 3.60 3.63 3.73 3.75 3.76 3.86 3.81 3.73 3.85 4.41 4.41 4.42 4.42 4.43 4.43 4.44 4.43 4.35 4.18 4.00 3.84 3.66 3.53 3.40 1.74 1.61 1.62 1.62 1.59 1.52 1.48 1.49 1.49 1.50 1.52 1.56 1.55 1.57 1.56 1.57 1.57 1.58 1.58 1.59 1.60 1.60 1.61 1.63 1.63 1.64 1.64 1.66 1.66 1.66 1.66 1.67 1.67 1.69 1.70 1.71 1.71 1.73 1.73 1.76 1.76 1.74 1.73 1.74 1.75 1.78 1.77 1.79 1.78 1.81 1.81 1.84 1.84 1.87 1.84 1.80 1.79 1.80 1.79 1.77 1.75 1.75 1.72 1.70 1.69 1.67 1.65 1.65 1.64 1.62 1.61 1.60 1.59 1.57 1.56 1.55 1.55 1.53 1.52 1.51 1.50 1.49 1.48 1.47 1.46 1.45 1.45 1.44 1.43 1.42 1.41 1.40 1.40 1.39 1.38 1.38 1.37 1.37 1.36 1.35 1.34 1.33 1.33 1.32 1.32 1.31 1.31 1.31 1.30 1.30 1.29 1.29 1.28 1.28 1.28 1.27 1.27 1.26 1.26 1.25 1.25 1.25 1.24 1.24 1.24 1.23 1.23 1.23 1.22 1.22 1.22 1.21 1.21 1.21 1.20 1.20 1.20 1.20 1.20 1.06 1.04 1.03 1.03 -11.524584 9.739133 2.839519 -11.562773 9.751033 2.839519 1232.210259 magnum 20.771686
ODOM -11.640779 9.775372 2.835478 0.497000 -0.000011 0.000000 1232.413466 magnum 20.891819
ODOM -11.688803 9.790550 2.832410 0.500500 0.000095 0.000000 1232.532757 magnum 21.011166
FLASER 360 1.22 1.22 1.22 1.22 1.22 1.21 1.22 1.21 1.22 1.22 1.21 1.22 1.22 1.29 1.32 1.29 1.32 1.37 1.37 1.37 1.37 1.40 1.40 1.41 1.41 1.41 1.41 1.41 1.41 1.41 1.42 1.41 1.42 1.42 1.41 1.42 1.42 1.43 1.43 1.44 1.44 1.44 1.45 1.45 1.45 1.46 1.47 1.47 1.47 1.47 1.48 1.48 1.49 1.50 1.50 1.51 1.51 1.52 1.53 1.53 1.54 1.55 1.55 1.55 1.56 1.57 1.57 1.58 1.59 1.60 1.61 1.62 1.63 1.64 1.64 1.65 1.66 1.66 1.68 1.69 1.70 1.71 1.72 1.73 1.74 1.76 1.77 1.77 1.79 1.80 1.81 1.82 1.84 1.86 1.87 1.85 1.86 1.86 1.89 1.90 1.88 1.86 1.86 1.83 1.82 1.80 1.80 1.78 1.77 1.76 1.77 1.77 1.77 1.74 1.74 1.72 1.72 1.70 1.69 1.67 1.67 1.66 1.65 1.64 1.63 1.63 1.62 1.60 1.60 1.58 1.58 1.57 1.56 1.55 1.55 1.54 1.54 1.53 1.52 1.47 1.47 1.45 1.45 1.45 1.50 1.51 4.49 4.46 4.53 4.54 4.52 4.51 4.45 4.41 4.41 4.37 4.38 4.36 4.36 4.43 4.43 4.42 4.42 4.40 4.40 4.38 4.38 4.36 3.68 3.55 3.55 3.53 3.53 3.52 3.52 3.52 3.52 3.52 3.52 3.51 3.52 3.49 3.49 3.48 3.49 3.48 3.49 3.49 3.52 3.49 3.50 3.49 3.49 3.48 3.51 3.56 3.66 3.64 3.69 3.72 3.63 3.66 3.82 4.30 4.30 4.30 4.31 4.31 4.33 4.32 4.34 4.26 4.07 3.91 3.73 3.59 3.47 3.35 3.23 3.13 1.62 1.52 1.51 1.50 1.49 1.45 1.39 1.39 1.40 1.40 1.41 1.42 1.46 1.46 1.47 1.47 1.48 1.47 1.49 1.49 1.51 1.50 1.52 1.52 1.53 1.53 1.55 1.55 1.55 1.55 1.57 1.57 1.59 1.60 1.61 1.61 1.63 1.63 1.64 1.65 1.66 1.67 1.67 1.66 1.66 1.66 1.67 1.68 1.69 1.69 1.71 1.72 1.74 1.75 1.78 1.79 1.78 1.75 1.74 1.72 1.73 1.71 1.70 1.68 1.66 1.65 1.64 1.63 1.61 1.60 1.59 1.58 1.57 1.56 1.54 1.54 1.53 1.52 1.51 1.50 1.49 1.48 1.46 1.46 1.45 1.44 1.44 1.42 1.42 1.41 1.40 1.40 1.39 1.38 1.38 1.38 1.36 1.35 1.34 1.34 1.33 1.33 1.32 1.32 1.31 1.31 1.31 1.30 1.30 1.29 1.29 1.29 1.28 1.28 1.27 1.27 1.27 1.26 1.26 1.25 1.25 1.25 1.24 1.24 1.24 1.23 1.23 1.23 1.22 1.22 1.22 1.22 1.21 1.21 1.21 1.21 1.21 1.21 1.22 1.22 -11.611846 9.766204 2.834890 -11.649979 9.778280 2.834890 1232.430263 magnum 21.011311
ODOM -11.737103 9.805979 2.830876 0.503500 -0.000028 0.000000 1232.652622 magnum 21.137675
FLASER 360 1.22 1.22 1.22 1.22 1.23 1.34 1.28 1.35 1.36 1.35 1.35 1.35 1.36 1.40 1.40 1.39 1.39 1.39 1.39 1.39 1.39 1.39 1.39 1.40 1.40 1.40 1.40 1.40 1.40 1.40 1.41 1.41 1.41 1.42 1.42 1.41 1.43 1.42 1.42 1.43 1.43 1.43 1.44 1.44 1.44 1.45 1.45 1.46 1.46 1.47 1.47 1.47 1.48 1.48 1.49 1.50 1.50 1.50 1.51 1.52 1.53 1.53 1.55 1.55 1.56 1.55 1.57 1.57 1.59 1.59 1.61 1.60 1.62 1.63 1.64 1.65 1.66 1.66 1.67 1.68 1.69 1.70 1.71 1.71 1.73 1.74 1.76 1.77 1.78 1.79 1.80 1.78 1.79 1.79 1.83 1.82 1.82 1.79 1.78 1.76 1.75 1.72 1.73 1.69 1.69 1.68 1.68 1.69 1.69 1.67 1.66 1.64 1.65 1.62 1.62 1.60 1.59 1.57 1.57 1.55 1.55 1.53 1.53 1.51 1.51 1.50 1.50 1.48 1.48 1.47 1.47 1.45 1.45 1.43 1.44 1.42 1.39 1.37 1.37 1.35 1.35 1.37 1.41 4.42 4.41 4.39 4.37 4.37 4.46 4.44 4.44 4.41 4.34 4.32 4.30 4.26 4.28 4.26 4.26 4.33 4.34 4.32 4.32 4.31 4.30 4.29 4.28 4.27 3.60 3.45 3.45 3.43 3.43 3.41 3.41 3.41 3.43 3.42 3.42 3.41 3.41 3.41 3.39 3.38 3.39 3.38 3.39 3.37 3.39 3.41 3.39 3.38 3.39 3.38 3.39 3.41 3.46 3.56 3.55 3.57 3.55 3.52 3.61 3.74 4.21 4.21 4.22 4.22 4.23 4.23 4.24 4.24 4.24 4.04 3.87 3.71 3.57 3.45 3.33 3.22 3.11 3.02 2.92 2.50 1.47 1.41 1.41 1.39 1.39 1.36 1.30 1.30 1.30 1.30 1.31 1.31 1.36 1.37 1.38 1.38 1.39 1.39 1.40 1.40 1.41 1.41 1.42 1.42 1.44 1.44 1.45 1.45 1.47 1.46 1.47 1.47 1.50 1.50 1.52 1.52 1.54 1.53 1.55 1.55 1.57 1.57 1.59 1.59 1.59 1.58 1.58 1.59 1.61 1.62 1.62 1.63 1.65 1.65 1.67 1.67 1.71 1.72 1.71 1.67 1.67 1.65 1.67 1.66 1.64 1.63 1.62 1.60 1.59 1.57 1.56 1.55 1.55 1.54 1.53 1.51 1.50 1.49 1.48 1.47 1.46 1.46 1.45 1.44 1.44 1.43 1.42 1.41 1.40 1.40 1.39 1.39 1.38 1.38 1.37 1.37 1.36 1.36 1.35 1.33 1.32 1.32 1.33 1.31 1.31 1.31 1.31 1.30 1.29 1.29 1.29 1.28 1.28 1.28 1.27 1.27 1.26 1.26 1.26 1.25 1.25 1.25 1.24 1.24 1.24 1.23 1.24 1.23 1.24 1.22 1.22 1.22 1.22 1.22 1.23 1.23 -11.696331 9.792894 2.830962 -11.734416 9.805121 2.830962 1232.640597 magnum 21.137792
ODOM -11.831874 9.836412 2.827808 0.508000 0.000045 0.000000 1232.772945 magnum 21.250676
ODOM -11.879658 9.851918 2.826274 0.510000 -0.000034 0.000000 1232.892986 magnum 21.371211
FLASER 360 1.34 1.35 1.34 1.37 1.39 1.38 1.38 1.38 1.38 1.38 1.38 1.39 1.39 1.37 1.38 1.38 1.38 1.39 1.39 1.39 1.39 1.39 1.39 1.39 1.39 1.39 1.39 1.39 1.40 1.40 1.40 1.40 1.40 1.40 1.41 1.41 1.41 1.41 1.41 1.42 1.42 1.42 1.43 1.43 1.43 1.44 1.44 1.45 1.45 1.46 1.46 1.47 1.47 1.47 1.48 1.48 1.49 1.50 1.50 1.51 1.52 1.52 1.53 1.54 1.54 1.55 1.55 1.56 1.57 1.58 1.58 1.61 1.61 1.62 1.61 1.63 1.63 1.65 1.66 1.67 1.68 1.69 1.70 1.71 1.72 1.71 1.70 1.70 1.71 1.75 1.76 1.73 1.71 1.68 1.67 1.66 1.65 1.64 1.63 1.60 1.59 1.59 1.61 1.60 1.59 1.57 1.57 1.55 1.55 1.53 1.52 1.50 1.49 1.48 1.47 1.46 1.46 1.44 1.44 1.42 1.42 1.39 1.39 1.38 1.38 1.37 1.37 1.35 1.35 1.33 1.33 1.32 1.30 1.26 1.27 1.25 1.25 1.26 1.29 1.33 4.36 4.33 4.33 4.30 4.28 4.26 4.28 4.35 4.34 4.32 4.32 4.23 4.21 4.19 4.16 4.15 4.15 4.14 4.21 4.23 4.23 4.21 4.20 4.20 4.18 4.16 4.16 3.60 3.42 3.34 3.34 3.32 3.32 3.31 3.31 3.30 3.31 3.31 3.31 3.31 3.31 3.30 3.28 3.27 3.27 3.27 3.28 3.27 3.28 3.32 3.29 3.27 3.28 3.27 3.28 3.29 3.31 3.38 3.43 3.45 3.52 3.43 3.42 3.52 3.87 4.10 4.11 4.11 4.12 4.12 4.13 4.13 4.15 4.08 3.88 3.72 3.59 3.47 3.35 3.24 3.13 3.04 2.93 2.83 2.79 2.30 2.09 1.40 1.30 1.30 1.30 1.29 1.28 1.24 1.21 1.20 1.20 1.21 1.22 1.22 1.25 1.26 1.28 1.28 1.29 1.29 1.30 1.30 1.32 1.32 1.32 1.32 1.34 1.34 1.35 1.35 1.37 1.37 1.38 1.38 1.39 1.40 1.42 1.42 1.44 1.44 1.46 1.46 1.47 1.48 1.50 1.50 1.53 1.52 1.51 1.50 1.51 1.51 1.55 1.56 1.56 1.56 1.59 1.60 1.62 1.62 1.65 1.66 1.63 1.61 1.61 1.59 1.61 1.59 1.57 1.56 1.55 1.54 1.54 1.53 1.51 1.51 1.49 1.49 1.47 1.46 1.46 1.45 1.45 1.44 1.43 1.42 1.41 1.41 1.40 1.40 1.39 1.38 1.38 1.37 1.37 1.36 1.35 1.35 1.34 1.33 1.32 1.32 1.31 1.31 1.31 1.31 1.31 1.30 1.30 1.29 1.29 1.29 1.28 1.28 1.27 1.27 1.27 1.27 1.26 1.26 1.26 1.25 1.25 1.25 1.25 1.24 1.24 1.24 1.23 1.23 1.23 1.23 1.23 1.23 -11.826896 9.834751 2.826747 -11.864929 9.847138 2.826747 1232.850600 magnum 21.371340
ODOM -11.926854 9.867313 2.824740 0.490500 0.000106 0.000000 1233.015218 magnum 21.491962
ODOM -11.974590 9.882966 2.821672 0.511500 0.000084 0.000000 1233.133393 magnum 21.611290
FLASER 360 1.37 1.38 1.37 1.37 1.37 1.37 1.37 1.37 1.37 1.37 1.37 1.37 1.37 1.37 1.37 1.37 1.37 1.38 1.38 1.38 1.38 1.39 1.39 1.39 1.39 1.39 1.39 1.39 1.39 1.40 1.40 1.40 1.40 1.40 1.40 1.40 1.40 1.40 1.40 1.40 1.41 1.41 1.42 1.42 1.42 1.43 1.43 1.43 1.44 1.44 1.45 1.46 1.46 1.47 1.47 1.47 1.47 1.48 1.49 1.50 1.50 1.51 1.52 1.52 1.53 1.54 1.55 1.55 1.56 1.56 1.58 1.58 1.58 1.60 1.60 1.61 1.62 1.63 1.64 1.64 1.65 1.63 1.64 1.64 1.67 1.69 1.67 1.63 1.63 1.60 1.59 1.56 1.57 1.54 1.53 1.50 1.50 1.52 1.54 1.51 1.50 1.48 1.47 1.46 1.45 1.43 1.42 1.40 1.40 1.39 1.38 1.36 1.36 1.34 1.34 1.32 1.32 1.31 1.31 1.29 1.29 1.27 1.27 1.26 1.26 1.24 1.24 1.23 1.21 1.16 1.17 1.16 1.16 1.15 1.17 1.20 1.25 4.23 4.26 4.25 4.23 4.22 4.21 4.18 4.18 4.15 4.22 4.27 4.23 4.24 4.18 4.10 4.09 4.07 4.05 4.05 4.05 4.04 4.13 4.12 4.12 4.10 4.09 4.08 4.08 4.07 4.06 3.43 3.29 3.24 3.23 3.22 3.22 3.20 3.20 3.19 3.21 3.21 3.21 3.20 3.20 3.19 3.17 3.16 3.16 3.17 3.17 3.17 3.17 3.21 3.19 3.17 3.17 3.17 3.17 3.17 3.19 3.22 3.34 3.32 3.37 3.38 3.32 3.35 3.45 3.87 4.00 4.00 4.01 4.01 4.02 4.02 4.02 4.03 4.01 3.81 3.67 3.54 3.41 3.31 3.19 3.09 3.00 2.92 2.83 2.74 2.69 2.62 2.15 2.05 1.72 1.30 1.20 1.21 1.20 1.19 1.18 1.18 1.16 1.13 1.10 1.11 1.11 1.11 1.12 1.12 1.18 1.18 1.19 1.19 1.20 1.20 1.22 1.21 1.22 1.22 1.24 1.23 1.25 1.25 1.27 1.27 1.29 1.29 1.30 1.30 1.32 1.32 1.33 1.33 1.35 1.35 1.38 1.38 1.39 1.39 1.42 1.42 1.45 1.45 1.44 1.43 1.43 1.43 1.46 1.47 1.47 1.48 1.51 1.52 1.54 1.55 1.58 1.59 1.59 1.57 1.55 1.54 1.54 1.54 1.54 1.52 1.51 1.50 1.49 1.48 1.47 1.46 1.46 1.45 1.44 1.43 1.43 1.42 1.42 1.41 1.40 1.39 1.39 1.39 1.38 1.38 1.37 1.37 1.35 1.35 1.34 1.33 1.33 1.32 1.32 1.31 1.31 1.31 1.31 1.30 1.30 1.30 1.29 1.29 1.28 1.28 1.28 1.28 1.27 1.27 1.26 1.26 1.26 1.26 1.25 1.26 1.25 1.25 1.25 1.24 1.24 1.25 1.24 1.24 -11.909504 9.861568 2.823413 -11.947497 9.874082 2.823413 1233.060840 magnum 21.611419
ODOM -12.023051 9.899021 2.821672 0.507500 0.000050 0.000000 1233.253806 magnum 21.731835
ODOM -12.117746 9.930393 2.815536 0.505000 -0.000056 0.000000 1233.372606 magnum 21.850991
FLASER 360 1.36 1.36 1.36 1.35 1.35 1.36 1.35 1.36 1.36 1.35 1.36 1.36 1.36 1.36 1.36 1.36 1.37 1.37 1.37 1.37 1.37 1.37 1.37 1.38 1.37 1.38 1.38 1.38 1.38 1.38 1.38 1.39 1.39 1.39 1.39 1.39 1.40 1.40 1.40 1.40 1.40 1.40 1.40 1.41 1.41 1.41 1.42 1.42 1.43 1.43 1.44 1.44 1.45 1.45 1.46 1.47 1.47 1.47 1.48 1.48 1.49 1.49 1.50 1.51 1.52 1.52 1.53 1.54 1.54 1.55 1.57 1.57 1.57 1.57 1.59 1.57 1.57 1.58 1.58 1.61 1.61 1.58 1.56 1.54 1.53 1.49 1.49 1.48 1.46 1.43 1.43 1.43 1.45 1.43 1.43 1.40 1.40 1.39 1.39 1.36 1.35 1.32 1.32 1.30 1.31 1.29 1.28 1.25 1.26 1.24 1.24 1.22 1.22 1.20 1.21 1.19 1.19 1.17 1.17 1.16 1.16 1.15 1.15 1.10 1.09 1.06 1.06 1.04 1.05 1.06 1.08 1.11 1.14 3.84 3.81 3.90 3.90 4.14 4.16 4.14 4.13 4.11 4.10 4.07 4.05 4.07 4.16 4.12 4.12 4.10 4.03 4.00 3.99 3.95 3.96 3.95 3.94 3.94 4.02 4.01 4.01 4.00 3.99 3.98 3.97 3.96 3.96 3.30 3.18 3.13 3.12 3.11 3.12 3.11 3.09 3.12 3.10 3.14 3.12 3.14 3.11 3.14 3.10 3.13 3.10 3.13 3.11 3.13 3.08 3.08 3.10 3.07 3.06 3.05 3.07 3.05 3.07 3.09 3.12 3.17 3.26 3.26 3.20 3.19 3.32 3.42 3.89 3.89 3.90 3.90 3.91 3.91 3.92 3.92 3.93 3.93 3.75 3.62 3.49 3.38 3.28 3.17 3.07 2.98 2.89 2.81 2.73 2.66 2.60 2.59 2.17 2.04 1.95 1.76 1.58 1.43 1.17 1.12 1.10 1.09 1.10 1.10 1.10 1.09 1.07 1.06 1.03 1.02 1.02 1.02 1.03 1.03 1.07 1.08 1.10 1.09 1.12 1.12 1.13 1.13 1.15 1.14 1.16 1.16 1.17 1.17 1.18 1.18 1.20 1.20 1.21 1.22 1.23 1.22 1.24 1.25 1.27 1.27 1.29 1.29 1.32 1.32 1.33 1.34 1.36 1.36 1.39 1.38 1.37 1.35 1.38 1.38 1.41 1.41 1.43 1.42 1.47 1.47 1.50 1.50 1.54 1.54 1.51 1.49 1.49 1.48 1.49 1.48 1.47 1.47 1.46 1.45 1.44 1.44 1.43 1.42 1.42 1.41 1.40 1.40 1.39 1.39 1.39 1.38 1.38 1.36 1.36 1.35 1.35 1.33 1.33 1.32 1.32 1.32 1.32 1.32 1.31 1.31 1.31 1.30 1.30 1.29 1.29 1.29 1.28 1.28 1.28 1.28 1.27 1.28 1.27 1.26 1.27 1.27 1.26 1.25 1.26 1.25 1.26 1.26 -12.011078 9.894983 2.819989 -12.049027 9.907627 2.819989 1233.280610 magnum 21.851155
ODOM -12.165663 9.946595 2.814002 0.503000 -0.000078 0.000000 1233.499928 magnum 21.990303
FLASER 360 1.36 1.36 1.35 1.35 1.35 1.35 1.35 1.35 1.35 1.35 1.35 1.35 1.35 1.35 1.35 1.35 1.36 1.36 1.36 1.35 1.36 1.34 1.35 1.35 1.37 1.37 1.38 1.37 1.36 1.37 1.37 1.37 1.38 1.38 1.38 1.38 1.39 1.39 1.39 1.39 1.40 1.40 1.40 1.41 1.41 1.41 1.41 1.41 1.42 1.42 1.42 1.43 1.43 1.44 1.44 1.45 1.45 1.46 1.47 1.47 1.48 1.48 1.48 1.49 1.50 1.50 1.52 1.52 1.52 1.50 1.50 1.51 1.52 1.56 1.56 1.52 1.50 1.47 1.46 1.43 1.42 1.41 1.39 1.36 1.34 1.36 1.37 1.37 1.37 1.33 1.32 1.31 1.31 1.28 1.28 1.25 1.25 1.23 1.23 1.20 1.20 1.18 1.18 1.16 1.16 1.15 1.15 1.13 1.13 1.11 1.11 1.10 1.10 1.09 1.09 1.07 1.06 1.03 1.02 0.98 0.98 0.98 0.98 0.97 0.97 0.99 1.01 1.04 1.05 3.90 3.84 3.75 3.79 3.76 3.86 3.91 4.03 4.07 4.06 4.03 4.03 4.00 3.99 3.96 3.95 4.00 4.07 4.02 4.04 3.99 3.93 3.89 3.88 3.85 3.85 3.85 3.84 3.86 3.93 3.91 3.91 3.89 3.88 3.87 3.87 3.85 3.85 3.21 3.07 3.03 3.02 3.01 3.04 3.02 3.02 3.02 3.04 3.05 3.06 3.05 3.06 3.06 3.07 3.03 3.03 3.04 3.04 3.03 3.01 2.98 2.98 2.99 2.97 2.96 2.96 2.96 2.96 2.96 2.98 2.98 3.05 3.14 3.16 3.11 3.10 3.15 3.27 3.72 3.79 3.79 3.80 3.80 3.81 3.81 3.82 3.82 3.83 3.79 3.56 3.48 3.35 3.26 3.14 3.06 2.96 2.88 2.80 2.73 2.66 2.60 2.51 2.49 2.51 2.26 1.91 1.88 1.75 1.62 1.50 1.43 1.27 1.20 1.06 1.03 1.01 1.00 1.02 1.01 1.01 1.00 1.02 1.00 0.96 0.95 0.94 0.93 0.94 0.94 0.96 0.95 0.99 1.01 1.03 1.03 1.04 1.03 1.05 1.05 1.07 1.06 1.08 1.08 1.09 1.09 1.11 1.11 1.12 1.12 1.15 1.14 1.16 1.16 1.17 1.18 1.20 1.20 1.22 1.22 1.24 1.25 1.27 1.27 1.31 1.30 1.33 1.31 1.31 1.30 1.31 1.32 1.35 1.35 1.37 1.38 1.41 1.41 1.46 1.46 1.49 1.49 1.45 1.44 1.43 1.43 1.44 1.44 1.43 1.42 1.42 1.41 1.40 1.40 1.40 1.40 1.39 1.37 1.37 1.37 1.36 1.36 1.35 1.34 1.34 1.33 1.32 1.32 1.32 1.32 1.32 1.31 1.31 1.31 1.30 1.30 1.29 1.29 1.29 1.29 1.28 1.29 1.29 1.29 1.28 1.28 1.28 1.28 1.27 1.27 1.27 1.27 -12.126226 9.933198 2.814052 -12.164100 9.946067 2.814052 1233.490208 magnum 21.990428
ODOM -12.212551 9.962530 2.812468 0.482000 0.000011 0.000000 1233.612819 magnum 22.090875
ODOM -12.259861 9.978688 2.807866 0.494500 -0.000095 0.000000 1233.720100 magnum 22.201348
FLASER 360 1.35 1.35 1.34 1.34 1.34 1.34 1.34 1.34 1.34 1.34 1.34 1.34 1.34 1.34 1.34 1.34 1.34 1.34 1.34 1.35 1.35 1.35 1.35 1.35 1.35 1.35 1.35 1.35 1.36 1.36 1.36 1.36 1.37 1.37 1.37 1.37 1.37 1.37 1.38 1.38 1.38 1.38 1.39 1.40 1.39 1.40 1.41 1.41 1.41 1.41 1.41 1.42 1.42 1.42 1.43 1.43 1.44 1.44 1.45 1.46 1.46 1.46 1.45 1.45 1.45 1.46 1.47 1.49 1.49 1.44 1.43 1.40 1.39 1.35 1.34 1.32 1.31 1.28 1.29 1.30 1.31 1.29 1.28 1.25 1.25 1.22 1.23 1.20 1.20 1.17 1.16 1.15 1.15 1.13 1.12 1.10 1.10 1.08 1.08 1.06 1.06 1.04 1.04 1.03 1.03 1.01 1.01 0.99 0.99 0.98 0.98 0.91 0.91 0.89 0.89 0.88 0.88 0.88 0.89 0.89 0.91 0.95 0.96 4.25 4.24 4.21 4.18 4.07 4.02 3.91 3.86 3.80 3.85 3.90 3.94 3.97 3.98 3.96 3.95 3.92 3.91 3.89 3.87 3.86 3.89 3.97 3.93 3.93 3.91 3.82 3.81 3.76 3.74 3.72 3.73 3.72 3.71 3.80 3.81 3.80 3.80 3.76 3.75 3.74 3.74 3.73 3.73 3.04 2.93 2.91 2.91 2.89 2.89 2.89 2.89 2.88 2.90 2.89 2.89 2.89 2.89 2.88 2.88 2.86 2.86 2.85 2.85 2.84 2.85 2.84 2.86 2.89 2.88 2.86 2.86 2.86 2.86 2.86 2.86 2.89 2.89 2.94 3.03 3.05 3.10 2.99 2.99 3.09 3.22 3.65 3.68 3.67 3.68 3.68 3.70 3.69 3.71 3.71 3.71 3.53 3.43 3.31 3.20 3.10 3.01 2.93 2.85 2.78 2.70 2.64 2.56 2.51 2.43 2.39 2.40 2.41 2.10 1.86 1.81 1.76 1.61 1.53 1.45 1.39 1.31 1.25 1.17 1.12 1.01 0.98 0.95 0.92 0.94 0.94 0.95 0.94 0.92 0.92 0.94 0.91 0.88 0.88 0.87 0.87 0.86 0.86 0.87 0.87 0.88 0.89 0.95 0.95 0.96 0.96 0.97 0.97 0.99 0.99 1.01 1.01 1.02 1.02 1.03 1.03 1.05 1.05 1.07 1.07 1.09 1.09 1.11 1.11 1.14 1.14 1.15 1.15 1.18 1.18 1.21 1.22 1.24 1.25 1.26 1.26 1.25 1.25 1.24 1.25 1.30 1.30 1.31 1.32 1.36 1.37 1.40 1.42 1.44 1.44 1.41 1.41 1.40 1.40 1.41 1.40 1.40 1.40 1.40 1.39 1.38 1.38 1.37 1.37 1.36 1.36 1.34 1.34 1.34 1.34 1.33 1.33 1.32 1.32 1.32 1.32 1.31 1.31 1.31 1.31 1.30 1.30 1.29 1.30 1.29 1.29 1.29 1.29 1.29 1.29 1.28 1.28 -12.220141 9.964935 2.808053 -12.257937 9.978031 2.808053 1233.710314 magnum 22.201469
ODOM -12.307540 9.995218 2.804798 0.511000 -0.000056 0.000000 1233.832767 magnum 22.310613
ODOM -12.355060 10.011856 2.804798 0.488000 0.000022 0.000000 1233.940353 magnum 22.417007
FLASER 360 1.33 1.33 1.33 1.33 1.33 1.33 1.33 1.33 1.33 1.33 1.33 1.33 1.33 1.33 1.33 1.33 1.33 1.33 1.33 1.33 1.33 1.32 1.33 1.34 1.34 1.33 1.33 1.34 1.34 1.34 1.34 1.35 1.35 1.35 1.35 1.35 1.36 1.36 1.36 1.36 1.37 1.37 1.37 1.38 1.38 1.38 1.39 1.39 1.40 1.40 1.40 1.40 1.40 1.41 1.41 1.39 1.40 1.39 1.40 1.42 1.43 1.40 1.41 1.36 1.35 1.31 1.30 1.27 1.26 1.22 1.23 1.23 1.23 1.23 1.23 1.20 1.19 1.17 1.17 1.13 1.13 1.11 1.10 1.08 1.08 1.05 1.05 1.02 1.02 1.01 1.00 0.99 0.99 0.97 0.97 0.95 0.95 0.93 0.93 0.91 0.92 0.90 0.90 0.82 0.82 0.80 0.80 0.79 0.79 0.78 0.79 0.80 0.81 0.83 0.85 0.86 0.87 4.48 4.46 4.41 4.35 4.20 4.17 4.14 4.12 4.02 3.75 3.64 3.60 3.53 3.52 3.54 3.60 3.66 3.75 3.86 3.87 3.83 3.83 3.81 3.80 3.75 3.73 3.73 3.81 3.86 3.81 3.83 3.79 3.69 3.68 3.65 3.62 3.62 3.63 3.61 3.61 3.67 3.69 3.67 3.67 3.65 3.65 3.64 3.64 3.62 3.62 2.96 2.83 2.82 2.81 2.80 2.83 2.82 2.81 2.79 2.82 2.81 2.85 2.84 2.84 2.83 2.83 2.83 2.82 2.82 2.83 2.83 2.83 2.83 2.80 2.76 2.80 2.78 2.75 2.75 2.75 2.74 2.75 2.74 2.76 2.76 2.81 2.92 2.97 2.94 2.89 2.87 3.01 3.11 3.56 3.56 3.56 3.56 3.58 3.57 3.59 3.59 3.60 3.60 3.58 3.40 3.30 3.21 3.11 3.02 2.93 2.86 2.78 2.71 2.64 2.58 2.52 2.45 2.40 2.33 2.30 2.30 2.31 2.31 1.97 1.76 1.71 1.69 1.59 1.51 1.44 1.39 1.33 1.28 1.23 1.17 1.11 1.08 1.04 1.01 0.93 0.91 0.88 0.87 0.85 0.84 0.86 0.86 0.87 0.87 0.83 0.82 0.86 0.85 0.82 0.81 0.79 0.78 0.78 0.77 0.78 0.78 0.79 0.79 0.81 0.82 0.89 0.89 0.90 0.90 0.92 0.92 0.94 0.94 0.95 0.95 0.96 0.97 0.99 0.98 1.01 1.01 1.02 1.02 1.05 1.05 1.07 1.07 1.10 1.10 1.12 1.13 1.16 1.16 1.20 1.20 1.22 1.22 1.21 1.20 1.21 1.21 1.25 1.25 1.29 1.29 1.35 1.36 1.39 1.41 1.40 1.40 1.37 1.36 1.36 1.37 1.38 1.38 1.37 1.36 1.36 1.36 1.35 1.35 1.32 1.33 1.32 1.33 1.32 1.32 1.32 1.31 1.32 1.32 1.31 1.31 1.31 1.31 1.30 1.30 1.30 1.30 1.29 1.29 -12.311274 9.996525 2.804798 -12.349026 10.009744 2.804798 1233.920977 magnum 22.417322
ODOM -12.401690 10.028183 2.803264 0.508000 -0.000045 0.000000 1234.053844 magnum 22.532192
ODOM -12.496786 10.061644 2.801730 0.489000 -0.000034 0.000000 1234.172714 magnum 22.651557
FLASER 360 1.33 1.32 1.33 1.32 1.32 1.32 1.32 1.32 1.32 1.32 1.32 1.32 1.33 1.32 1.33 1.32 1.32 1.33 1.33 1.32 1.32 1.32 1.32 1.33 1.32 1.32 1.32 1.33 1.32 1.33 1.33 1.33 1.34 1.34 1.34 1.34 1.34 1.34 1.34 1.35 1.35 1.35 1.36 1.36 1.36 1.36 1.37 1.34 1.33 1.34 1.34 1.35 1.37 1.38 1.37 1.31 1.30 1.25 1.23 1.20 1.20 1.15 1.17 1.17 1.18 1.16 1.16 1.13 1.13 1.10 1.10 1.06 1.06 1.02 1.01 1.00 1.00 0.97 0.97 0.94 0.94 0.93 0.93 0.91 0.91 0.88 0.88 0.86 0.86 0.85 0.85 0.83 0.82 0.74 0.74 0.73 0.73 0.71 0.72 0.70 0.71 0.72 0.73 0.73 0.74 0.76 0.76 0.77 0.76 4.65 7.93 7.87 7.82 7.77 7.71 7.66 4.38 4.33 4.31 4.12 4.08 4.05 4.03 3.99 3.79 3.51 3.44 3.41 3.38 3.38 3.41 3.44 3.50 3.75 3.76 3.73 3.72 3.70 3.70 3.66 3.65 3.63 3.65 3.70 3.75 3.69 3.71 3.65 3.60 3.56 3.56 3.52 3.53 3.52 3.52 3.50 3.55 3.58 3.57 3.55 3.55 3.55 3.54 3.53 3.53 3.51 3.48 2.81 2.71 2.70 2.70 2.68 2.69 2.68 2.67 2.67 2.67 2.67 2.70 2.69 2.69 2.68 2.69 2.68 2.68 2.67 2.68 2.67 2.68 2.67 2.66 2.64 2.66 2.70 2.65 2.64 2.65 2.64 2.65 2.64 2.65 2.67 2.67 2.68 2.86 2.88 2.79 2.78 2.85 2.92 3.35 3.44 3.46 3.46 3.47 3.47 3.48 3.48 3.50 3.50 3.51 3.51 3.33 3.22 3.13 3.06 2.96 2.89 2.80 2.73 2.66 2.60 2.54 2.47 2.42 2.37 2.31 2.27 2.21 2.21 2.22 2.22 2.24 2.14 1.74 1.63 1.62 1.60 1.51 1.47 1.39 1.35 1.30 1.26 1.22 1.18 1.14 1.11 1.06 1.03 0.99 0.98 0.96 0.95 0.88 0.86 0.83 0.82 0.80 0.78 0.76 0.76 0.77 0.78 0.81 0.79 0.77 0.77 0.77 0.78 0.78 0.78 0.74 0.74 0.73 0.73 0.72 0.72 0.72 0.71 0.73 0.73 0.75 0.74 0.82 0.81 0.83 0.83 0.85 0.86 0.88 0.88 0.89 0.91 0.91 0.92 0.94 0.94 0.97 0.97 1.00 1.00 1.02 1.02 1.05 1.05 1.08 1.09 1.13 1.13 1.17 1.17 1.18 1.18 1.17 1.16 1.18 1.20 1.23 1.22 1.29 1.30 1.36 1.37 1.38 1.37 1.34 1.34 1.33 1.33 1.34 1.35 1.34 1.34 1.34 1.33 1.33 1.33 1.32 1.32 1.32 1.32 1.32 1.32 1.32 1.31 1.32 1.32 1.31 1.31 -12.429960 10.038085 2.802200 -12.467678 10.051401 2.802200 1234.130242 magnum 22.651693
ODOM -12.543366 10.078113 2.798662 0.498000 -0.000034 0.000000 1234.292732 magnum 22.770461
ODOM -12.590680 10.095006 2.797128 0.503500 0.000062 0.000000 1234.413259 magnum 22.892828
FLASER 360 1.31 1.31 1.31 1.31 1.31 1.31 1.31 1.31 1.31 1.31 1.31 1.31 1.31 1.31 1.31 1.31 1.31 1.32 1.31 1.31 1.31 1.31 1.31 1.31 1.31 1.31 1.31 1.31 1.31 1.32 1.32 1.32 1.32 1.32 1.32 1.32 1.32 1.33 1.33 1.30 1.31 1.30 1.31 1.33 1.33 1.33 1.31 1.25 1.25 1.17 1.17 1.12 1.11 1.11 1.11 1.11 1.12 1.09 1.09 1.04 1.05 1.01 1.00 0.97 0.96 0.93 0.93 0.91 0.91 0.88 0.88 0.85 0.84 0.82 0.82 0.80 0.80 0.78 0.77 0.72 0.72 0.67 0.66 0.65 0.65 0.62 0.63 0.63 0.63 0.64 0.65 0.65 0.65 0.68 0.68 0.68 0.69 0.68 0.67 8.31 8.42 8.47 8.49 4.72 4.69 4.63 4.58 4.55 4.57 7.84 7.80 7.73 7.69 7.63 4.33 4.28 4.24 4.14 4.02 3.98 3.96 3.92 3.84 3.53 3.46 3.40 3.39 3.37 3.37 3.40 3.47 3.54 3.67 3.66 3.64 3.62 3.60 3.58 3.57 3.54 3.54 3.53 3.60 3.64 3.59 3.61 3.56 3.50 3.47 3.46 3.43 3.41 3.42 3.41 3.41 3.41 3.48 3.47 3.47 3.45 3.45 3.43 3.43 3.42 3.42 3.41 2.77 2.61 2.62 2.59 2.59 2.59 2.62 2.59 2.59 2.59 2.62 2.62 2.66 2.64 2.64 2.62 2.64 2.63 2.62 2.60 2.61 2.61 2.61 2.60 2.60 2.54 2.53 2.61 2.60 2.55 2.54 2.54 2.55 2.53 2.54 2.54 2.56 2.56 2.59 2.73 2.78 2.77 2.69 2.67 2.76 2.83 3.32 3.35 3.36 3.36 3.37 3.37 3.39 3.38 3.40 3.40 3.42 3.33 3.16 3.10 3.01 2.93 2.85 2.78 2.70 2.64 2.58 2.51 2.46 2.41 2.35 2.30 2.25 2.20 2.17 2.12 2.12 2.12 2.14 2.14 2.16 2.06 1.66 1.55 1.54 1.53 1.49 1.44 1.37 1.33 1.29 1.26 1.22 1.19 1.16 1.13 1.09 1.07 1.03 1.00 0.98 0.96 0.94 0.92 0.90 0.89 0.87 0.86 0.82 0.80 0.77 0.77 0.74 0.74 0.72 0.71 0.71 0.70 0.71 0.71 0.73 0.73 0.73 0.73 0.69 0.69 0.72 0.71 0.71 0.71 0.68 0.68 0.67 0.66 0.65 0.65 0.65 0.65 0.66 0.66 0.69 0.69 0.71 0.70 0.79 0.79 0.82 0.81 0.84 0.84 0.86 0.88 0.91 0.91 0.93 0.93 0.95 0.96 1.00 1.01 1.02 1.04 1.07 1.09 1.13 1.13 1.15 1.14 1.14 1.13 1.14 1.14 1.20 1.20 1.28 1.29 1.35 1.36 1.34 1.33 1.32 1.32 1.32 1.32 1.34 1.33 1.32 1.32 1.32 1.32 1.31 1.31 1.31 1.31 -12.530670 10.073546 2.797853 -12.568330 10.087026 2.797853 1234.350256 magnum 22.892953
ODOM -12.637627 10.111849 2.798662 0.506000 0.000034 0.000000 1234.532882 magnum 23.011281
ODOM -12.685045 10.128779 2.795594 0.505000 0.000078 0.000000 1234.652784 magnum 23.129640
FLASER 360 1.30 1.30 1.30 1.30 1.30 1.30 1.30 1.30 1.30 1.30 1.30 1.30 1.30 1.30 1.29 1.29 1.29 1.29 1.29 1.29 1.29 1.29 1.29 1.29 1.30 1.30 1.30 1.31 1.30 1.29 1.28 1.27 1.27 1.27 1.27 1.30 1.31 1.28 1.25 1.14 1.13 1.06 1.07 1.07 1.07 1.06 1.08 1.05 1.04 0.99 0.99 0.92 0.92 0.89 0.88 0.85 0.84 0.81 0.81 0.76 0.78 0.74 0.75 0.68 0.70 0.61 0.60 0.58 0.58 0.56 0.57 0.55 0.56 0.56 0.57 0.57 0.57 0.60 0.59 0.61 0.61 0.62 0.62 0.61 0.62 7.69 7.86 7.83 5.35 5.27 5.23 5.16 5.15 5.13 8.01 8.05 8.10 8.15 8.21 8.31 8.38 8.40 4.63 4.57 4.52 4.47 4.48 4.50 7.80 7.72 7.67 7.61 7.55 4.20 4.18 4.12 3.96 3.89 3.89 3.84 3.82 3.49 3.37 3.31 3.28 3.24 3.25 3.27 3.31 3.37 3.46 3.55 3.56 3.54 3.53 3.50 3.50 3.47 3.46 3.43 3.43 3.50 3.55 3.48 3.51 3.47 3.41 3.37 3.36 3.32 3.32 3.32 3.32 3.30 3.30 3.36 3.38 3.36 3.36 3.34 3.34 3.32 3.32 3.31 3.31 3.30 2.62 2.51 2.51 2.47 2.49 2.49 2.51 2.47 2.47 2.49 2.51 2.51 2.55 2.53 2.53 2.53 2.52 2.52 2.51 2.50 2.46 2.50 2.46 2.49 2.44 2.45 2.42 2.42 2.55 2.44 2.43 2.42 2.43 2.43 2.43 2.42 2.42 2.44 2.45 2.47 2.62 2.66 2.69 2.61 2.58 2.57 2.71 2.84 3.24 3.25 3.26 3.26 3.28 3.28 3.29 3.29 3.31 3.31 3.32 3.15 3.05 2.97 2.90 2.82 2.75 2.68 2.62 2.57 2.51 2.44 2.40 2.34 2.29 2.24 2.20 2.17 2.11 2.10 2.04 2.02 2.04 2.04 2.05 2.06 2.08 2.08 1.70 1.56 1.46 1.45 1.45 1.42 1.37 1.33 1.29 1.25 1.22 1.19 1.17 1.15 1.11 1.09 1.06 1.04 1.02 1.00 0.98 0.95 0.94 0.93 0.89 0.88 0.87 0.86 0.84 0.83 0.82 0.81 0.80 0.79 0.76 0.75 0.72 0.71 0.70 0.70 0.68 0.69 0.67 0.67 0.66 0.65 0.64 0.64 0.66 0.65 0.67 0.67 0.66 0.67 0.64 0.64 0.67 0.67 0.65 0.64 0.62 0.63 0.62 0.62 0.61 0.61 0.61 0.61 0.61 0.61 0.61 0.61 0.64 0.63 0.68 0.67 0.78 0.78 0.81 0.82 0.87 0.87 0.91 0.91 0.95 0.95 0.99 0.99 1.08 1.08 1.11 1.12 1.12 1.12 1.11 1.10 1.19 1.19 1.29 1.32 1.34 1.34 1.32 1.31 1.32 1.32 1.31 1.31 -12.613390 10.103159 2.797794 -12.651049 10.116642 2.797794 1234.560664 magnum 23.129772
ODOM -12.779671 10.162892 2.792526 0.502500 -0.000017 0.000000 1234.780253 magnum 23.269175
FLASER 360 1.29 1.29 1.29 1.29 1.29 1.29 1.29 1.28 1.29 1.29 1.29 1.28 1.29 1.29 1.28 1.28 1.28 1.28 1.28 1.28 1.28 1.25 1.24 1.24 1.25 1.26 1.27 1.28 1.27 1.14 1.10 1.04 1.03 1.03 1.04 1.03 1.04 0.97 0.97 0.88 0.87 0.81 0.81 0.75 0.75 0.57 0.57 0.52 0.53 0.51 0.52 0.50 0.50 0.51 0.50 0.51 0.52 0.52 0.52 0.54 0.54 0.54 0.55 0.55 0.55 0.54 0.54 0.55 0.73 1.43 6.49 6.43 6.38 6.33 6.40 6.69 6.09 5.90 5.87 5.81 5.83 7.44 7.49 7.55 7.59 7.73 5.30 5.23 5.17 5.11 5.04 5.04 7.89 7.91 7.96 8.03 8.07 8.11 8.21 8.29 4.56 4.51 4.47 4.40 4.39 4.39 7.77 7.71 7.67 7.60 7.52 4.13 4.09 4.05 4.01 3.82 3.80 3.75 3.72 3.50 3.32 3.24 3.20 3.15 3.14 3.16 3.21 3.25 3.31 3.45 3.47 3.45 3.44 3.41 3.40 3.38 3.37 3.34 3.34 3.33 3.40 3.44 3.38 3.40 3.39 3.30 3.27 3.25 3.23 3.21 3.22 3.20 3.20 3.18 3.23 3.27 3.27 3.25 3.24 3.23 3.23 3.21 3.21 3.20 3.20 2.58 2.44 2.39 2.39 2.37 2.37 2.38 2.40 2.37 2.37 2.37 2.40 2.41 2.42 2.42 2.41 2.41 2.42 2.41 2.42 2.39 2.39 2.39 2.39 2.38 2.39 2.38 2.34 2.30 2.41 2.42 2.33 2.31 2.32 2.31 2.32 2.31 2.32 2.30 2.34 2.34 2.36 2.50 2.56 2.58 2.54 2.47 2.46 2.54 2.66 3.05 3.15 3.15 3.16 3.16 3.17 3.17 3.18 3.19 3.20 3.21 3.17 3.01 2.95 2.87 2.79 2.73 2.66 2.61 2.54 2.50 2.43 2.38 2.32 2.28 2.24 2.20 2.16 2.11 2.08 2.04 2.03 1.99 1.92 1.92 1.95 1.95 1.97 1.97 1.98 1.99 1.99 1.69 1.45 1.41 1.36 1.37 1.36 1.33 1.29 1.26 1.24 1.20 1.16 1.16 1.12 1.11 1.08 1.06 1.04 1.03 1.00 0.99 0.96 0.96 0.94 0.93 0.91 0.90 0.88 0.87 0.84 0.84 0.81 0.80 0.80 0.80 0.77 0.78 0.76 0.75 0.74 0.74 0.73 0.73 0.72 0.71 0.68 0.67 0.67 0.65 0.64 0.64 0.63 0.63 0.61 0.62 0.61 0.61 0.60 0.60 0.60 0.59 0.61 0.59 0.61 0.61 0.62 0.60 0.60 0.58 0.63 0.62 0.62 0.61 0.59 0.59 0.60 0.61 0.58 0.59 0.58 0.58 0.57 0.57 0.57 0.56 0.58 0.57 0.62 0.60 0.81 0.75 0.89 0.89 0.96 0.96 1.08 1.08 1.10 1.11 1.10 1.10 1.10 1.11 -12.738857 10.148053 2.792631 -12.776446 10.161729 2.792631 1234.770277 magnum 23.269333
ODOM -12.826436 10.179913 2.792526 0.494000 0.000078 0.000000 1234.893279 magnum 23.370904
ODOM -12.873645 10.197096 2.789458 0.498500 -0.000028 0.000000 1235.000124 magnum 23.485845
FLASER 360 1.27 1.27 1.27 1.27 1.27 1.27 1.27 1.27 1.27 1.26 1.27 1.23 1.23 1.23 1.23 1.24 1.24 1.24 1.23 1.01 1.02 1.00 1.01 0.58 0.71 0.47 0.48 0.47 0.47 0.47 0.47 0.47 0.48 0.48 0.47 0.49 0.48 0.49 0.49 0.49 0.49 0.50 0.50 0.49 0.50 0.62 0.53 1.87 0.47 6.72 6.75 6.76 6.78 6.83 6.85 6.87 6.89 6.91 6.94 6.97 6.99 1.37 1.37 6.83 81.91 6.50 6.44 6.46 6.51 6.40 6.33 6.26 6.27 6.61 6.64 5.87 5.82 5.75 5.77 7.33 7.37 7.44 7.48 7.53 7.66 5.17 5.13 5.04 4.99 4.97 4.98 7.81 7.85 7.89 7.94 7.98 8.03 8.11 8.20 4.43 4.41 4.34 4.31 4.30 4.33 7.97 7.63 7.56 7.53 7.44 4.02 3.98 3.96 3.73 3.70 3.66 3.64 3.41 3.18 3.06 3.06 3.00 3.01 3.00 3.03 3.05 3.12 3.30 3.39 3.36 3.35 3.32 3.33 3.30 3.28 3.25 3.26 3.23 3.25 3.32 3.35 3.27 3.31 3.25 3.20 3.16 3.16 3.13 3.11 3.11 3.11 3.09 3.09 3.12 3.17 3.16 3.15 3.14 3.13 3.12 3.12 3.10 3.10 3.08 3.09 2.38 2.28 2.26 2.26 2.25 2.25 2.25 2.26 2.24 2.24 2.23 2.25 2.24 2.28 2.25 2.27 2.25 2.28 2.25 2.28 2.24 2.28 2.25 2.29 2.26 2.29 2.26 2.29 2.25 2.21 2.32 2.31 2.22 2.21 2.21 2.21 2.21 2.21 2.21 2.22 2.22 2.25 2.24 2.29 2.45 2.49 2.45 2.38 2.35 2.37 2.53 2.71 3.04 3.06 3.05 3.07 3.07 3.08 3.08 3.10 3.10 3.11 3.11 3.02 2.88 2.84 2.78 2.71 2.64 2.59 2.52 2.47 2.41 2.36 2.31 2.26 2.22 2.18 2.15 2.10 2.07 2.03 2.00 1.97 1.94 1.95 1.88 1.84 1.84 1.86 1.86 1.88 1.89 1.91 1.91 1.92 1.93 1.67 1.51 1.36 1.33 1.29 1.28 1.29 1.28 1.23 1.21 1.18 1.17 1.14 1.11 1.10 1.09 1.06 1.05 1.03 1.01 0.99 0.98 0.97 0.96 0.94 0.93 0.91 0.90 0.89 0.88 0.86 0.86 0.84 0.83 0.82 0.82 0.80 0.79 0.77 0.77 0.75 0.75 0.73 0.73 0.71 0.71 0.72 0.71 0.71 0.69 0.69 0.68 0.68 0.68 0.67 0.67 0.66 0.66 0.62 0.62 0.61 0.61 0.61 0.60 0.60 0.59 0.59 0.59 0.58 0.57 0.56 0.57 0.57 0.57 0.57 0.56 0.57 0.56 0.56 0.57 0.57 0.58 0.58 0.58 0.61 0.60 0.59 0.59 0.58 0.59 0.60 0.60 0.58 0.58 0.57 0.56 0.56 0.56 -12.834258 10.182634 2.789578 -12.871805 10.196426 2.789578 1234.990329 magnum 23.486015
ODOM -12.920801 10.214423 2.789458 0.495500 0.000006 0.000000 1235.113289 magnum 23.591394
ODOM -12.967957 10.231751 2.787924 0.504500 0.000017 0.000000 1235.252606 magnum 23.730873
FLASER 360 0.47 0.46 0.45 0.47 0.47 0.47 0.47 0.46 0.46 0.47 0.46 0.48 0.47 0.49 0.48 0.48 0.48 0.48 0.48 0.47 0.47 0.66 0.63 1.78 1.77 1.78 1.78 1.28 1.38 1.77 1.80 1.80 1.80 1.81 1.81 1.81 1.82 1.82 1.82 1.83 1.82 1.83 1.84 6.62 6.63 1.80 1.80 6.68 6.69 6.72 6.73 6.78 6.81 1.32 1.31 6.87 6.88 6.90 6.93 6.95 6.93 6.79 6.83 6.41 6.39 6.41 6.44 6.36 6.29 6.22 6.21 6.38 6.56 5.83 5.77 5.69 5.69 7.25 7.28 7.35 7.39 7.43 7.50 5.10 5.04 4.98 4.92 4.90 4.92 7.84 7.73 7.78 7.82 7.88 7.90 7.98 8.04 4.36 4.32 4.26 4.23 4.23 4.26 7.98 7.88 7.54 7.49 7.41 3.94 3.90 3.87 3.64 3.61 3.57 3.55 3.26 3.07 3.02 2.98 2.95 2.92 2.98 2.95 3.02 3.02 3.20 3.30 3.27 3.25 3.25 3.23 3.19 3.19 3.18 3.15 3.13 3.13 3.18 3.25 3.19 3.18 3.21 3.15 3.08 3.06 3.04 3.02 3.00 3.01 3.00 3.00 2.98 3.01 3.06 3.06 3.05 3.04 3.02 3.02 3.01 3.01 3.00 2.99 2.98 2.29 2.17 2.18 2.16 2.15 2.15 2.15 2.18 2.15 2.15 2.13 2.18 2.14 2.18 2.18 2.22 2.17 2.21 2.17 2.20 2.18 2.20 2.18 2.18 2.18 2.18 2.18 2.18 2.18 2.17 2.15 2.16 2.27 2.15 2.12 2.10 2.11 2.10 2.11 2.10 2.10 2.10 2.12 2.14 2.14 2.16 2.33 2.36 2.39 2.29 2.26 2.24 2.37 2.44 2.90 2.95 2.95 2.95 2.97 2.97 2.99 2.99 3.01 3.01 3.01 3.01 2.89 2.78 2.73 2.67 2.61 2.55 2.50 2.43 2.39 2.33 2.29 2.24 2.20 2.17 2.12 2.09 2.05 2.02 1.98 1.95 1.92 1.89 1.86 1.85 1.88 1.81 1.76 1.76 1.78 1.78 1.80 1.81 1.82 1.83 1.85 1.85 1.87 1.87 1.58 1.42 1.29 1.27 1.23 1.21 1.22 1.21 1.19 1.18 1.15 1.14 1.12 1.11 1.07 1.05 1.05 1.03 1.01 1.00 0.99 0.98 0.96 0.95 0.93 0.94 0.90 0.90 0.88 0.88 0.87 0.86 0.85 0.84 0.82 0.83 0.82 0.81 0.80 0.79 0.78 0.78 0.76 0.75 0.74 0.74 0.73 0.73 0.72 0.71 0.70 0.70 0.69 0.69 0.69 0.68 0.68 0.67 0.66 0.66 0.66 0.66 0.65 0.64 0.64 0.63 0.63 0.63 0.62 0.62 0.61 0.61 0.60 0.59 0.59 0.59 0.58 0.58 0.57 0.57 0.57 0.57 0.56 0.56 0.55 0.55 0.54 0.55 0.54 0.54 0.54 0.54 -12.914478 10.212057 2.788443 -12.952010 10.225891 2.788443 1235.200220 magnum 23.731022
ODOM -13.053727 10.263416 2.786390 0.332000 -0.000045 0.000000 1235.372523 magnum 23.850672
ODOM -13.077109 10.272089 2.800196 0.097000 -0.000011 0.000000 1235.492775 magnum 23.971990
FLASER 360 0.99 0.99 0.99 0.99 0.99 1.02 1.03 1.58 1.72 2.37 2.39 1.78 1.78 1.78 1.78 1.78 1.78 1.71 1.32 1.41 1.66 1.76 1.77 1.77 1.77 1.77 1.78 1.78 1.78 1.78 1.79 1.79 1.79 1.80 1.80 1.80 1.82 6.95 6.85 1.74 1.75 6.57 6.59 6.62 1.31 1.27 1.28 6.66 6.68 6.72 6.74 6.76 6.78 6.80 6.82 6.84 6.87 6.88 6.89 6.78 6.73 81.91 6.37 6.34 6.36 6.33 6.27 6.19 6.15 6.19 6.50 5.82 5.71 5.66 5.62 5.63 7.19 7.24 7.30 7.34 7.37 5.03 4.97 4.92 4.86 4.83 4.85 7.74 7.77 7.68 7.71 7.74 7.81 7.83 7.90 4.28 4.25 4.19 4.14 4.14 4.15 7.96 7.86 7.80 7.47 7.39 3.86 3.82 3.76 3.55 3.52 3.48 3.43 3.06 3.02 2.93 2.90 2.86 2.85 2.85 2.92 2.95 3.01 3.09 3.18 3.18 3.18 3.15 3.13 3.11 3.11 3.08 3.08 3.05 3.03 3.07 3.11 3.15 3.08 3.09 3.11 3.01 2.97 2.95 2.95 2.91 2.90 2.91 2.90 2.89 2.89 2.92 2.96 2.95 2.95 2.93 2.93 2.91 2.91 2.90 2.89 2.89 2.89 2.20 2.09 2.06 2.07 2.05 2.04 2.03 2.07 2.07 2.05 2.04 2.05 2.08 2.09 2.07 2.12 2.12 2.09 2.10 2.10 2.11 2.10 2.10 2.06 2.08 2.07 2.07 2.06 2.07 2.03 2.07 2.00 2.01 2.11 2.12 2.02 2.00 2.01 2.00 2.00 2.00 2.00 1.99 2.00 2.01 2.04 2.03 2.05 2.17 2.24 2.29 2.28 2.17 2.16 2.16 2.28 2.38 2.82 2.85 2.86 2.86 2.88 2.88 2.89 2.89 2.91 2.91 2.92 2.92 2.75 2.68 2.63 2.58 2.51 2.46 2.40 2.36 2.32 2.27 2.23 2.19 2.15 2.11 2.08 2.04 2.00 1.97 1.94 1.91 1.89 1.85 1.83 1.80 1.78 1.76 1.81 1.76 1.68 1.68 1.70 1.70 1.72 1.73 1.75 1.75 1.76 1.77 1.79 1.80 1.82 1.82 1.84 1.59 1.26 1.22 1.20 1.19 1.16 1.14 1.15 1.15 1.13 1.11 1.09 1.08 1.06 1.05 1.04 1.03 1.00 0.99 0.98 0.96 0.95 0.94 0.93 0.92 0.91 0.90 0.89 0.89 0.86 0.87 0.85 0.85 0.83 0.83 0.83 0.82 0.81 0.81 0.79 0.79 0.78 0.78 0.77 0.76 0.75 0.75 0.74 0.73 0.72 0.72 0.73 0.73 0.70 0.70 0.69 0.70 0.69 0.69 0.68 0.67 0.67 0.67 0.66 0.66 0.65 0.65 0.64 0.64 0.63 0.63 0.64 0.63 0.63 0.63 0.63 0.63 0.63 0.63 0.62 0.62 0.62 0.62 0.60 0.61 -13.024490 10.252781 2.791311 -13.062061 10.266508 2.791311 1235.410251 magnum 23.972149
ODOM -13.084204 10.274610 2.806332 0.000000 0.000000 0.000000 1235.612301 magnum 24.091121
ODOM -13.084204 10.274610 2.806332 0.000000 0.000000 0.000000 1235.732290 magnum 24.210638
FLASER 360 2.13 2.34 2.36 1.83 1.77 1.77 1.77 1.76 1.75 1.36 1.63 1.76 1.77 1.75 1.76 1.76 1.76 1.77 1.77 1.77 1.77 1.77 1.77 1.77 1.78 1.78 1.77 1.78 1.78 1.79 6.89 1.75 1.74 1.71 6.92 1.28 1.26 1.23 1.24 6.56 6.57 6.58 6.60 6.62 6.63 6.65 6.67 6.70 6.72 6.73 6.76 6.78 6.80 6.82 6.84 6.85 6.80 6.67 81.91 6.31 6.29 6.32 6.33 6.22 6.16 6.09 6.13 6.45 5.88 5.65 5.62 5.57 5.62 7.13 7.18 7.23 7.26 7.29 4.98 4.91 4.87 4.78 4.77 4.78 7.64 7.70 7.64 7.64 7.67 7.71 7.74 7.79 4.23 4.17 4.12 4.07 4.08 7.94 7.90 7.83 7.79 7.43 7.39 3.75 3.74 3.63 3.49 3.43 3.42 3.14 2.86 2.78 2.76 2.73 2.75 2.75 2.74 2.76 2.78 2.81 3.08 3.13 3.10 3.10 3.08 3.04 3.04 3.02 3.01 2.98 2.98 2.96 2.96 3.02 3.08 3.01 3.01 3.03 2.97 2.89 2.88 2.86 2.85 2.82 2.83 2.82 2.82 2.80 2.80 2.87 2.88 2.87 2.86 2.84 2.84 2.83 2.83 2.82 2.82 2.80 2.79 2.09 1.98 1.98 1.98 1.96 1.97 1.95 1.95 1.95 1.94 1.93 1.93 1.93 1.93 1.93 1.95 1.94 1.94 1.94 1.94 1.94 1.95 1.94 1.94 1.94 1.95 1.94 1.95 1.95 1.97 1.95 1.96 1.94 1.91 2.00 2.11 1.94 1.93 1.92 1.91 1.92 1.92 1.92 1.92 1.92 1.93 1.93 1.95 1.95 1.96 2.17 2.24 2.16 2.09 2.07 2.08 2.19 2.26 2.72 2.76 2.77 2.78 2.79 2.79 2.80 2.81 2.82 2.83 2.83 2.84 2.83 2.71 2.61 2.57 2.51 2.46 2.40 2.36 2.30 2.27 2.22 2.18 2.14 2.11 2.07 2.04 2.00 1.97 1.94 1.91 1.88 1.86 1.83 1.81 1.77 1.76 1.74 1.72 1.70 1.73 1.71 1.61 1.61 1.63 1.64 1.65 1.65 1.67 1.67 1.70 1.70 1.73 1.74 1.76 1.76 1.77 1.78 1.81 1.80 1.33 1.18 1.16 1.15 1.13 1.12 1.10 1.08 1.10 1.09 1.07 1.05 1.05 1.03 1.02 1.00 0.99 0.99 0.98 0.96 0.95 0.93 0.93 0.92 0.91 0.90 0.89 0.88 0.87 0.87 0.86 0.84 0.84 0.83 0.83 0.82 0.81 0.81 0.81 0.80 0.79 0.78 0.78 0.77 0.76 0.76 0.76 0.75 0.74 0.74 0.74 0.73 0.73 0.73 0.72 0.71 0.71 0.70 0.70 0.69 0.69 0.68 0.68 0.68 0.67 0.67 0.66 0.66 0.66 0.65 0.65 0.65 0.65 0.65 0.64 0.64 0.64 0.64 0.63 0.63 -13.046431 10.261450 2.806332 -13.084204 10.274610 2.806332 1235.630269 magnum 24.210778
ODOM -13.084204 10.274610 2.804798 0.000000 0.000000 0.000000 1235.871351 magnum 24.349947
FLASER 360 2.34 2.35 1.83 1.77 1.77 1.77 1.76 1.44 1.39 1.74 1.76 1.76 1.76 1.76 1.76 1.76 1.76 1.77 1.77 1.77 1.77 1.77 1.78 1.78 1.77 1.77 1.78 1.78 1.79 6.89 1.74 1.73 1.71 6.92 1.26 1.24 1.24 6.55 6.56 6.57 6.58 6.60 6.61 6.63 6.65 6.67 6.70 6.72 6.74 6.76 6.78 6.80 6.82 6.84 6.85 6.77 6.69 81.91 6.32 6.29 6.32 6.30 6.23 6.15 6.09 6.13 6.45 5.81 5.66 5.61 5.56 5.59 7.13 7.18 7.23 7.27 7.30 4.96 4.91 4.85 4.78 4.77 4.78 7.66 7.70 7.63 7.62 7.67 7.71 7.76 7.80 4.22 4.16 4.11 4.07 4.07 4.10 7.89 7.82 7.77 7.43 7.36 3.75 3.73 3.66 3.47 3.43 3.41 3.16 2.96 2.89 2.87 2.82 2.80 2.84 2.83 2.86 2.92 2.96 3.06 3.11 3.11 3.10 3.07 3.04 3.03 3.03 3.00 2.99 2.97 2.94 2.97 3.02 3.07 3.00 3.00 3.03 2.97 2.90 2.88 2.86 2.83 2.82 2.83 2.82 2.81 2.79 2.80 2.86 2.88 2.86 2.86 2.84 2.83 2.83 2.83 2.82 2.81 2.80 2.77 2.09 1.99 1.98 1.97 1.97 1.95 1.94 1.94 1.94 1.93 1.93 1.92 1.92 1.94 1.95 1.94 1.94 1.94 1.94 1.93 1.93 1.93 1.92 1.92 1.90 1.89 1.90 1.90 1.89 1.90 1.90 1.90 1.90 1.90 2.00 2.11 1.96 1.93 1.91 1.91 1.91 1.92 1.91 1.91 1.92 1.92 1.92 1.94 1.95 1.97 2.13 2.14 2.20 2.24 2.12 2.07 2.08 2.09 2.26 2.46 2.77 2.78 2.78 2.79 2.80 2.81 2.82 2.83 2.83 2.84 2.84 2.71 2.62 2.57 2.52 2.46 2.41 2.36 2.31 2.26 2.23 2.19 2.15 2.11 2.08 2.04 2.01 1.98 1.94 1.91 1.89 1.86 1.84 1.81 1.78 1.76 1.74 1.72 1.69 1.71 1.74 1.64 1.62 1.62 1.63 1.64 1.65 1.67 1.68 1.69 1.71 1.71 1.73 1.75 1.75 1.76 1.78 1.79 1.80 1.42 1.21 1.17 1.15 1.13 1.13 1.10 1.09 1.09 1.10 1.08 1.06 1.05 1.04 1.02 1.01 1.00 0.99 0.98 0.97 0.95 0.95 0.93 0.92 0.91 0.90 0.89 0.89 0.88 0.87 0.86 0.86 0.85 0.85 0.84 0.83 0.82 0.81 0.81 0.80 0.79 0.78 0.78 0.77 0.77 0.76 0.76 0.76 0.75 0.74 0.74 0.74 0.73 0.73 0.72 0.72 0.71 0.71 0.69 0.70 0.69 0.69 0.68 0.68 0.67 0.67 0.66 0.66 0.66 0.66 0.65 0.65 0.64 0.64 0.64 0.64 0.64 0.64 0.64 0.64 0.64 -13.046448 10.261402 2.805074 -13.084204 10.274610 2.805074 1235.840648 magnum 24.350085
ODOM -13.084204 10.274610 2.804798 0.000000 0.000000 0.000000 1235.993298 magnum 24.471253
ODOM -13.084204 10.274610 2.804798 0.000000 0.000000 0.000000 1236.112712 magnum 24.591676
FLASER 360 2.34 2.35 1.83 1.77 1.78 1.77 1.77 1.44 1.42 1.75 1.77 1.77 1.76 1.76 1.77 1.77 1.78 1.77 1.77 1.77 1.78 1.77 1.77 1.78 1.78 1.78 1.77 1.78 1.79 6.89 1.74 1.73 1.71 6.92 1.27 1.25 1.24 6.55 6.56 6.58 6.58 6.60 6.62 6.63 6.65 6.67 6.70 6.72 6.74 6.76 6.78 6.80 6.82 6.85 6.85 6.76 6.70 81.91 6.32 6.29 6.32 6.28 6.22 6.15 6.10 6.13 6.45 5.78 5.65 5.60 5.56 5.60 7.14 7.18 7.23 7.27 7.30 4.97 4.91 4.84 4.78 4.77 4.79 7.67 7.71 7.62 7.64 7.66 7.72 7.76 7.79 4.22 4.17 4.11 4.07 4.08 4.10 7.89 7.83 7.77 7.42 7.37 3.75 3.72 3.65 3.47 3.44 3.40 3.16 2.96 2.89 2.85 2.83 2.79 2.82 2.82 2.85 2.91 2.96 3.07 3.12 3.11 3.10 3.08 3.06 3.04 3.03 3.00 2.99 2.98 2.96 2.98 3.03 3.07 3.01 3.01 3.03 2.97 2.90 2.88 2.86 2.83 2.83 2.83 2.82 2.81 2.81 2.81 2.87 2.88 2.87 2.85 2.85 2.83 2.84 2.83 2.83 2.82 2.81 2.55 2.08 1.99 1.98 1.98 1.97 1.95 1.96 1.96 1.94 1.94 1.93 1.92 1.93 1.96 1.95 1.95 1.94 1.94 1.94 1.94 1.93 1.93 1.93 1.92 1.91 1.90 1.90 1.90 1.90 1.90 1.90 1.90 1.90 1.90 2.00 2.11 1.95 1.92 1.92 1.92 1.91 1.91 1.92 1.91 1.92 1.92 1.93 1.94 1.95 1.97 2.13 2.16 2.21 2.21 2.12 2.07 2.08 2.15 2.26 2.59 2.78 2.77 2.79 2.79 2.81 2.81 2.82 2.83 2.84 2.84 2.84 2.71 2.61 2.58 2.52 2.45 2.41 2.36 2.31 2.26 2.23 2.19 2.15 2.11 2.08 2.04 2.01 1.98 1.94 1.91 1.89 1.85 1.84 1.81 1.78 1.76 1.74 1.71 1.70 1.72 1.74 1.63 1.62 1.63 1.64 1.65 1.66 1.67 1.68 1.70 1.71 1.72 1.73 1.75 1.76 1.77 1.79 1.80 1.81 1.43 1.21 1.17 1.15 1.14 1.13 1.10 1.09 1.09 1.10 1.08 1.06 1.05 1.03 1.02 1.01 0.99 0.99 0.98 0.97 0.95 0.94 0.93 0.92 0.91 0.90 0.90 0.89 0.88 0.87 0.86 0.86 0.85 0.85 0.83 0.83 0.83 0.82 0.81 0.80 0.79 0.79 0.78 0.78 0.77 0.76 0.76 0.75 0.74 0.74 0.74 0.74 0.73 0.73 0.72 0.72 0.71 0.70 0.70 0.69 0.69 0.69 0.68 0.68 0.67 0.67 0.67 0.66 0.66 0.65 0.65 0.64 0.65 0.65 0.65 0.64 0.64 0.64 0.64 0.64 0.64 -13.046451 10.261392 2.804798 -13.084204 10.274610 2.804798 1236.061650 magnum 24.591821
ODOM -13.084204 10.274610 2.804798 0.000000 0.000000 0.000000 1236.232239 magnum 24.710450
ODOM -13.084204 10.274610 2.804798 0.000000 0.000000 0.000000 1236.340305 magnum 25.072902
ODOM -13.084204 10.274610 2.804798 0.000000 0.000000 0.000000 1236.452801 magnum 25.073035
ODOM -13.084204 10.274610 2.804798 0.000000 0.000000 0.000000 1236.571642 magnum 25.078109
FLASER 360 2.34 2.35 1.83 1.77 1.77 1.77 1.76 1.43 1.41 1.75 1.76 1.77 1.75 1.76 1.76 1.76 1.76 1.77 1.77 1.76 1.77 1.77 1.77 1.78 1.78 1.77 1.77 1.79 1.78 6.89 1.75 1.72 1.71 6.92 1.27 1.25 1.24 6.55 6.56 6.58 6.58 6.60 6.61 6.63 6.65 6.67 6.70 6.73 6.74 6.76 6.78 6.80 6.82 6.84 6.85 6.76 6.69 81.91 6.32 6.29 6.31 6.28 6.23 6.15 6.09 6.14 6.45 5.75 5.65 5.60 5.56 5.59 7.13 7.19 7.23 7.27 7.30 4.97 4.90 4.84 4.78 4.77 4.78 7.67 7.70 7.62 7.63 7.66 7.71 7.75 7.80 4.22 4.17 4.11 4.07 4.07 4.11 7.90 7.83 7.76 7.42 7.37 3.75 3.72 3.64 3.47 3.43 3.40 3.16 2.96 2.89 2.85 2.83 2.79 2.82 2.81 2.85 2.91 2.96 3.06 3.11 3.11 3.09 3.07 3.05 3.03 3.03 3.00 2.98 2.98 2.94 2.97 3.02 3.07 3.01 3.00 3.03 2.96 2.90 2.88 2.86 2.83 2.82 2.83 2.82 2.81 2.80 2.81 2.87 2.87 2.87 2.86 2.84 2.83 2.83 2.83 2.82 2.81 2.80 2.56 2.09 1.98 1.98 1.97 1.97 1.95 1.94 1.96 1.95 1.94 1.94 1.93 1.93 1.97 1.95 1.95 1.94 1.94 1.93 1.93 1.93 1.93 1.93 1.92 1.90 1.90 1.90 1.90 1.90 1.90 1.90 1.90 1.90 1.90 2.00 2.11 1.95 1.92 1.91 1.91 1.91 1.92 1.92 1.91 1.92 1.92 1.92 1.95 1.95 1.97 2.13 2.15 2.21 2.21 2.11 2.07 2.08 2.15 2.26 2.61 2.77 2.77 2.78 2.79 2.80 2.81 2.82 2.83 2.83 2.84 2.84 2.70 2.61 2.56 2.52 2.45 2.41 2.36 2.31 2.26 2.22 2.19 2.15 2.11 2.08 2.04 2.01 1.98 1.94 1.91 1.89 1.86 1.84 1.81 1.78 1.76 1.74 1.72 1.69 1.72 1.74 1.62 1.61 1.62 1.64 1.65 1.66 1.66 1.68 1.69 1.71 1.72 1.73 1.75 1.75 1.77 1.78 1.80 1.80 1.42 1.21 1.17 1.16 1.13 1.11 1.10 1.09 1.09 1.10 1.08 1.06 1.05 1.03 1.02 1.01 0.99 0.99 0.98 0.97 0.96 0.94 0.93 0.92 0.91 0.91 0.89 0.89 0.88 0.87 0.87 0.86 0.85 0.85 0.83 0.84 0.82 0.82 0.81 0.80 0.79 0.79 0.78 0.78 0.77 0.76 0.76 0.75 0.75 0.74 0.74 0.74 0.73 0.73 0.72 0.72 0.71 0.71 0.70 0.70 0.69 0.68 0.68 0.68 0.67 0.67 0.67 0.66 0.66 0.66 0.65 0.65 0.65 0.65 0.65 0.64 0.64 0.64 0.64 0.64 0.63 -13.046451 10.261392 2.804798 -13.084204 10.274610 2.804798 1236.270371 magnum 25.078224
ODOM -13.084204 10.274610 2.804798 0.000000 0.000000 0.000000 1236.680081 magnum 25.156010
ODOM -13.084204 10.274610 2.804798 0.000000 0.000000 0.000000 1236.793373 magnum 25.271298
FLASER 360 2.34 2.35 1.83 1.77 1.77 1.77 1.76 1.43 1.42 1.75 1.76 1.77 1.76 1.76 1.77 1.76 1.76 1.77 1.77 1.76 1.77 1.77 1.77 1.78 1.78 1.77 1.78 1.77 1.78 6.89 1.74 1.72 1.71 6.92 1.27 1.24 1.25 6.55 6.56 6.58 6.58 6.59 6.61 6.63 6.65 6.67 6.70 6.72 6.74 6.76 6.78 6.80 6.82 6.85 6.85 6.76 6.70 81.91 6.32 6.29 6.32 6.28 6.22 6.15 6.09 6.13 6.45 5.76 5.65 5.60 5.56 5.59 7.13 7.18 7.23 7.27 7.30 4.97 4.90 4.84 4.78 4.77 4.79 7.67 7.71 7.62 7.64 7.67 7.72 7.76 7.80 4.21 4.17 4.11 4.06 4.08 4.10 7.90 7.82 7.77 7.42 7.36 3.75 3.72 3.65 3.47 3.43 3.40 3.15 2.96 2.89 2.85 2.82 2.79 2.81 2.80 2.85 2.91 2.96 3.06 3.11 3.11 3.09 3.07 3.05 3.03 3.03 3.00 2.98 2.98 2.95 2.97 3.03 3.07 3.01 3.00 3.03 2.96 2.90 2.88 2.86 2.83 2.82 2.83 2.82 2.81 2.80 2.80 2.86 2.87 2.86 2.85 2.84 2.83 2.83 2.83 2.82 2.81 2.79 2.66 2.09 1.98 1.98 1.98 1.96 1.95 1.95 1.96 1.95 1.94 1.93 1.93 1.93 1.97 1.95 1.94 1.94 1.94 1.94 1.93 1.93 1.93 1.92 1.91 1.90 1.90 1.90 1.90 1.90 1.90 1.90 1.90 1.91 1.90 2.00 2.12 1.95 1.92 1.91 1.91 1.91 1.92 1.91 1.91 1.92 1.92 1.92 1.95 1.95 1.97 2.13 2.16 2.22 2.21 2.11 2.07 2.08 2.15 2.26 2.64 2.77 2.77 2.78 2.79 2.80 2.81 2.82 2.83 2.83 2.84 2.84 2.71 2.61 2.57 2.52 2.45 2.41 2.36 2.31 2.27 2.23 2.19 2.15 2.10 2.08 2.04 2.01 1.98 1.94 1.91 1.89 1.86 1.83 1.81 1.78 1.76 1.73 1.71 1.69 1.72 1.74 1.63 1.61 1.62 1.63 1.64 1.66 1.66 1.68 1.68 1.71 1.72 1.72 1.74 1.76 1.76 1.78 1.79 1.80 1.41 1.21 1.17 1.15 1.14 1.13 1.10 1.09 1.09 1.10 1.08 1.06 1.05 1.03 1.02 1.00 1.00 1.00 0.97 0.97 0.95 0.95 0.93 0.92 0.91 0.90 0.89 0.89 0.88 0.87 0.86 0.86 0.85 0.84 0.83 0.83 0.82 0.82 0.81 0.80 0.79 0.79 0.78 0.77 0.77 0.76 0.76 0.75 0.75 0.74 0.73 0.74 0.73 0.72 0.72 0.71 0.71 0.70 0.70 0.70 0.69 0.68 0.68 0.68 0.67 0.67 0.67 0.66 0.66 0.66 0.65 0.65 0.64 0.65 0.64 0.64 0.64 0.64 0.64 0.64 0.64 -13.046451 10.261392 2.804798 -13.084204 10.274610 2.804798 1236.690677 magnum 25.271419
ODOM -13.084204 10.274610 2.804798 0.000000 0.000000 0.000000 1236.901097 magnum 25.494471
ODOM -13.084204 10.274610 2.803264 0.000000 0.000000 0.000000 1237.012317 magnum 25.494578
FLASER 360 2.34 2.35 1.83 1.77 1.77 1.77 1.76 1.44 1.42 1.75 1.76 1.77 1.75 1.76 1.77 1.76 1.76 1.77 1.77 1.76 1.77 1.77 1.77 1.78 1.78 1.77 1.77 1.78 1.77 6.89 1.75 1.72 1.71 6.92 1.27 1.24 1.24 6.55 6.56 6.57 6.58 6.60 6.62 6.63 6.65 6.67 6.70 6.72 6.74 6.76 6.78 6.80 6.82 6.84 6.85 6.76 6.69 81.91 6.32 6.29 6.32 6.28 6.22 6.15 6.09 6.14 6.45 5.78 5.65 5.60 5.56 5.59 7.13 7.18 7.23 7.27 7.30 4.97 4.90 4.84 4.78 4.77 4.78 7.68 7.71 7.61 7.63 7.66 7.72 7.76 7.79 4.21 4.17 4.11 4.07 4.08 4.11 7.89 7.82 7.77 7.42 7.36 3.75 3.72 3.64 3.47 3.43 3.40 3.15 2.96 2.88 2.85 2.82 2.79 2.82 2.82 2.85 2.91 2.95 3.06 3.11 3.10 3.09 3.07 3.05 3.03 3.03 3.00 2.98 2.98 2.94 2.97 3.02 3.07 3.01 3.00 3.03 2.96 2.90 2.88 2.86 2.83 2.82 2.83 2.82 2.81 2.80 2.80 2.87 2.87 2.87 2.85 2.85 2.83 2.83 2.83 2.82 2.81 2.80 2.50 2.09 1.98 1.98 1.97 1.97 1.95 1.95 1.96 1.94 1.94 1.93 1.93 1.93 1.97 1.95 1.95 1.94 1.94 1.94 1.93 1.93 1.93 1.92 1.91 1.91 1.90 1.90 1.90 1.90 1.90 1.90 1.90 1.90 1.90 2.00 2.11 1.95 1.93 1.91 1.91 1.91 1.92 1.92 1.92 1.92 1.92 1.92 1.95 1.95 1.97 2.12 2.16 2.22 2.21 2.11 2.07 2.08 2.14 2.26 2.57 2.76 2.77 2.78 2.79 2.80 2.81 2.82 2.82 2.83 2.84 2.84 2.70 2.61 2.57 2.52 2.45 2.41 2.36 2.31 2.26 2.22 2.19 2.15 2.11 2.08 2.04 2.01 1.98 1.94 1.91 1.89 1.85 1.84 1.81 1.78 1.76 1.73 1.71 1.69 1.71 1.74 1.62 1.61 1.63 1.64 1.65 1.66 1.66 1.68 1.69 1.71 1.72 1.73 1.75 1.76 1.76 1.78 1.79 1.80 1.43 1.21 1.16 1.15 1.13 1.13 1.10 1.09 1.09 1.10 1.08 1.06 1.05 1.04 1.02 1.01 1.00 0.99 0.97 0.96 0.95 0.94 0.93 0.92 0.91 0.90 0.90 0.88 0.87 0.87 0.86 0.86 0.85 0.84 0.83 0.82 0.82 0.81 0.81 0.80 0.79 0.78 0.78 0.78 0.77 0.76 0.76 0.75 0.75 0.74 0.74 0.74 0.73 0.72 0.72 0.72 0.71 0.71 0.70 0.69 0.69 0.68 0.68 0.68 0.68 0.67 0.67 0.66 0.66 0.66 0.65 0.66 0.65 0.65 0.64 0.64 0.64 0.64 0.64 0.64 0.64 -13.046456 10.261379 2.804466 -13.084204 10.274610 2.804466 1236.910238 magnum 25.494966
ODOM -13.084661 10.274771 2.794060 0.000000 0.000000 0.000000 1237.132786 magnum 25.620612
ODOM -13.084661 10.274771 2.774118 0.034500 -0.000386 0.000000 1237.253822 magnum 25.731610
FLASER 360 2.34 2.36 1.83 1.78 1.77 1.78 1.76 1.44 1.42 1.75 1.77 1.76 1.76 1.77 1.77 1.77 1.78 1.78 1.77 1.77 1.78 1.78 1.78 1.78 1.78 1.78 1.77 1.78 1.79 6.89 1.74 1.72 1.72 6.92 1.27 1.26 1.25 6.55 6.56 6.57 6.58 6.60 6.62 6.63 6.65 6.67 6.70 6.73 6.74 6.76 6.78 6.80 6.82 6.85 6.85 6.76 6.70 81.91 6.32 6.29 6.32 6.28 6.23 6.15 6.10 6.14 6.45 5.79 5.65 5.60 5.56 5.60 7.14 7.18 7.23 7.27 7.29 4.97 4.90 4.85 4.78 4.77 4.80 7.67 7.71 7.62 7.64 7.66 7.71 7.76 7.80 4.22 4.17 4.11 4.07 4.08 4.10 7.90 7.82 7.77 7.43 7.36 3.76 3.74 3.64 3.48 3.44 3.42 3.16 2.95 2.89 2.85 2.82 2.79 2.82 2.81 2.85 2.91 2.96 3.08 3.12 3.12 3.10 3.08 3.05 3.04 3.03 3.01 2.99 2.98 2.95 2.98 3.03 3.07 3.01 3.01 3.03 2.97 2.90 2.88 2.86 2.84 2.83 2.83 2.83 2.82 2.81 2.82 2.86 2.88 2.87 2.86 2.85 2.84 2.84 2.84 2.83 2.82 2.81 2.67 2.09 1.99 1.98 1.98 1.97 1.96 1.95 1.96 1.96 1.94 1.93 1.93 1.93 1.97 1.95 1.94 1.94 1.94 1.94 1.93 1.93 1.93 1.92 1.93 1.91 1.90 1.90 1.90 1.90 1.90 1.90 1.90 1.90 1.91 2.00 2.12 1.95 1.94 1.92 1.92 1.91 1.91 1.92 1.91 1.92 1.92 1.93 1.94 1.95 1.97 2.13 2.16 2.22 2.21 2.12 2.07 2.08 2.15 2.26 2.58 2.78 2.79 2.79 2.80 2.81 2.82 2.82 2.84 2.83 2.85 2.84 2.70 2.61 2.58 2.52 2.45 2.41 2.36 2.31 2.26 2.22 2.19 2.15 2.11 2.08 2.04 2.01 1.98 1.94 1.91 1.89 1.86 1.83 1.81 1.78 1.76 1.74 1.71 1.69 1.72 1.74 1.63 1.62 1.63 1.64 1.65 1.66 1.67 1.68 1.69 1.71 1.72 1.73 1.75 1.76 1.77 1.79 1.80 1.81 1.42 1.21 1.17 1.16 1.14 1.12 1.10 1.09 1.09 1.10 1.08 1.06 1.05 1.04 1.02 1.01 1.00 0.99 0.97 0.97 0.96 0.94 0.93 0.92 0.91 0.91 0.90 0.88 0.88 0.87 0.86 0.86 0.84 0.84 0.83 0.83 0.82 0.82 0.81 0.80 0.79 0.79 0.78 0.77 0.77 0.76 0.76 0.75 0.75 0.74 0.74 0.74 0.73 0.73 0.72 0.72 0.71 0.71 0.70 0.69 0.69 0.69 0.68 0.68 0.67 0.67 0.67 0.66 0.66 0.66 0.65 0.66 0.65 0.65 0.65 0.64 0.64 0.64 0.64 0.64 0.63 -13.047060 10.261129 2.793555 -13.084661 10.274771 2.793555 1237.120887 magnum 25.731850
ODOM -13.095160 10.278813 2.698952 0.090500 -0.001014 0.000000 1237.392895 magnum 25.870686
FLASER 360 1.51 2.04 2.30 2.35 1.86 1.83 1.77 1.77 1.77 1.76 1.42 1.43 1.76 1.76 1.77 1.76 1.76 1.77 1.76 1.77 1.77 1.77 1.77 1.77 1.77 1.77 1.78 1.78 1.77 1.78 1.79 1.78 6.89 1.74 1.72 1.72 1.27 1.26 1.24 1.24 6.55 6.56 6.58 6.59 6.61 6.61 6.64 6.65 6.69 6.70 6.73 6.75 6.76 6.78 6.82 6.82 6.85 6.85 6.71 6.69 81.91 6.31 6.29 6.32 6.26 6.23 6.11 6.09 6.25 6.45 5.71 5.66 5.57 5.56 7.12 7.14 7.19 7.24 7.29 7.30 4.94 4.91 4.82 4.78 4.76 4.78 7.68 7.70 7.63 7.63 7.68 7.72 7.77 7.79 4.20 4.17 4.09 4.07 4.09 4.10 7.88 7.83 7.75 7.43 3.80 3.75 3.70 3.64 3.45 3.43 3.34 3.16 2.94 2.91 2.84 2.83 2.81 2.83 2.84 2.86 2.91 2.96 3.09 3.11 3.11 3.10 3.06 3.05 3.02 3.03 3.01 2.98 2.97 2.94 2.99 3.02 3.07 3.01 3.02 3.03 2.92 2.90 2.87 2.86 2.82 2.82 2.82 2.82 2.80 2.80 2.83 2.86 2.87 2.87 2.85 2.85 2.84 2.83 2.82 2.82 2.81 2.80 2.14 2.08 1.99 1.98 1.97 1.96 1.96 1.95 1.94 1.94 1.93 1.93 1.93 1.93 1.95 1.95 1.94 1.94 1.94 1.93 1.93 1.93 1.93 1.93 1.91 1.90 1.90 1.90 1.90 1.90 1.90 1.90 1.90 1.90 1.90 2.00 2.02 1.97 1.92 1.91 1.91 1.91 1.92 1.92 1.91 1.92 1.92 1.93 1.95 1.95 1.98 2.12 2.17 2.20 2.18 2.14 2.07 2.07 2.19 2.24 2.73 2.77 2.78 2.78 2.80 2.80 2.82 2.82 2.83 2.84 2.84 2.84 2.65 2.61 2.55 2.52 2.44 2.42 2.34 2.32 2.26 2.23 2.18 2.15 2.10 2.08 2.03 2.01 1.97 1.95 1.91 1.89 1.85 1.84 1.79 1.78 1.76 1.74 1.71 1.69 1.75 1.74 1.61 1.62 1.63 1.64 1.65 1.66 1.67 1.68 1.70 1.71 1.71 1.72 1.74 1.76 1.77 1.77 1.79 1.80 1.31 1.22 1.16 1.16 1.12 1.12 1.09 1.09 1.10 1.10 1.07 1.06 1.05 1.04 1.02 1.01 1.00 0.99 0.98 0.97 0.94 0.94 0.93 0.92 0.90 0.90 0.89 0.89 0.87 0.87 0.86 0.86 0.84 0.85 0.84 0.82 0.81 0.82 0.80 0.80 0.79 0.79 0.78 0.78 0.77 0.76 0.76 0.75 0.75 0.75 0.74 0.73 0.73 0.73 0.72 0.71 0.71 0.70 0.70 0.70 0.69 0.69 0.68 0.68 0.67 0.67 0.67 0.66 0.66 0.65 0.66 0.66 0.65 0.65 0.64 0.64 0.64 0.64 -13.055009 10.261234 2.724577 -13.091581 10.277435 2.724577 1237.330540 magnum 25.870805
ODOM -13.106195 10.284043 2.649864 0.114000 -0.001277 0.000000 1237.512093 magnum 25.989347
ODOM -13.119028 10.290917 2.593106 0.131500 -0.001473 0.000000 1237.620120 magnum 26.096674
FLASER 360 0.99 1.00 1.00 1.00 1.08 1.10 1.21 1.23 1.37 1.43 2.16 2.24 2.36 2.36 1.77 1.77 1.76 1.76 1.50 1.46 1.74 1.76 1.76 1.77 1.76 1.76 1.76 1.76 1.76 1.77 1.77 1.77 1.76 1.76 1.77 1.77 1.78 1.78 1.78 1.78 6.79 6.83 1.74 1.73 6.91 1.29 1.25 1.23 6.53 6.53 6.55 6.56 6.59 6.60 6.61 6.62 6.65 6.66 6.70 6.71 6.75 6.75 6.78 6.79 6.83 6.83 6.84 6.81 6.67 6.75 6.29 6.29 6.33 6.35 6.19 6.18 6.10 6.10 6.46 6.46 5.65 5.63 5.57 5.61 7.14 7.14 7.23 7.25 7.29 4.99 4.88 4.87 4.77 4.77 4.79 7.63 7.69 7.70 7.63 7.63 7.72 7.72 4.23 4.24 4.14 4.13 4.07 4.07 7.94 7.92 7.81 7.80 7.42 7.40 3.74 3.73 3.57 3.49 3.43 3.41 3.06 2.99 2.86 2.88 2.80 2.80 2.81 2.83 2.86 2.87 2.99 3.00 3.12 3.12 3.07 3.07 3.04 3.04 3.02 3.00 2.98 2.97 2.94 2.95 3.02 3.04 2.99 2.98 3.02 2.99 2.88 2.87 2.85 2.84 2.82 2.81 2.81 2.80 2.79 2.78 2.85 2.86 2.85 2.84 2.84 2.83 2.82 2.82 2.81 2.80 2.79 2.78 2.07 2.04 1.97 1.96 1.95 1.95 1.94 1.93 1.93 1.93 1.92 1.92 1.92 1.92 1.94 1.93 1.93 1.93 1.93 1.93 1.93 1.93 1.92 1.92 1.89 1.88 1.89 1.89 1.89 1.88 1.89 1.89 1.89 1.89 1.97 2.00 1.98 1.93 1.90 1.90 1.90 1.90 1.89 1.89 1.90 1.91 1.91 1.91 1.93 1.93 2.08 2.12 2.18 2.20 2.13 2.12 2.06 2.06 2.22 2.23 2.76 2.77 2.77 2.77 2.79 2.79 2.81 2.81 2.83 2.83 2.84 2.84 2.60 2.60 2.53 2.52 2.42 2.40 2.32 2.30 2.23 2.21 2.15 2.15 2.08 2.06 2.02 2.00 1.95 1.94 1.90 1.89 1.83 1.82 1.78 1.78 1.74 1.73 1.69 1.69 1.74 1.75 1.60 1.60 1.62 1.62 1.64 1.64 1.66 1.66 1.68 1.68 1.71 1.71 1.73 1.74 1.77 1.77 1.79 1.79 1.40 1.34 1.16 1.15 1.12 1.13 1.09 1.09 1.09 1.09 1.08 1.08 1.04 1.04 1.01 1.02 0.99 0.99 0.97 0.97 0.95 0.95 0.93 0.93 0.91 0.90 0.89 0.89 0.87 0.87 0.86 0.86 0.84 0.84 0.83 0.83 0.83 0.81 0.80 0.80 0.79 0.79 0.77 0.77 0.76 0.76 0.76 0.75 0.75 0.75 0.73 0.73 0.73 0.72 0.72 0.72 0.71 0.71 0.70 0.70 0.69 0.69 0.68 0.68 0.67 0.67 0.66 0.66 -13.077832 10.267577 2.621767 -13.112548 10.287446 2.621767 1237.550100 magnum 26.096828
ODOM -13.131864 10.298760 2.528678 0.138500 -0.001551 0.000000 1237.732810 magnum 26.211690
ODOM -13.144980 10.307984 2.456580 0.143000 -0.001602 0.000000 1237.853800 magnum 26.332509
FLASER 360 0.83 0.84 1.06 1.06 0.98 0.99 1.02 1.02 1.00 1.00 1.00 1.01 1.01 1.01 1.08 1.10 1.17 1.19 1.31 1.34 1.97 1.99 2.24 2.27 1.87 1.85 1.77 1.77 1.75 1.47 1.50 1.71 1.76 1.76 1.77 1.75 1.75 1.76 1.75 1.75 1.75 1.75 1.75 1.76 1.75 1.75 1.76 1.76 1.77 1.76 1.77 1.78 6.72 1.72 1.70 1.70 1.24 1.23 6.89 6.88 6.51 6.52 6.54 6.54 6.56 6.57 6.60 6.60 6.62 6.63 6.68 6.68 6.72 6.71 6.76 6.76 6.80 6.79 6.84 6.84 6.70 6.70 6.30 6.29 6.28 6.29 6.25 6.24 6.09 6.08 6.24 6.25 5.68 5.66 5.54 5.55 7.07 7.07 7.15 7.16 7.24 7.24 4.92 4.91 4.78 4.77 4.74 4.74 7.62 7.62 7.58 7.57 7.64 7.65 7.75 7.74 4.16 4.15 4.05 4.05 4.06 4.05 7.89 7.89 7.77 7.77 3.75 3.75 3.67 3.66 3.41 3.41 3.25 3.19 2.90 2.87 2.79 2.80 2.76 2.77 2.83 2.83 2.89 2.91 3.06 3.06 3.07 3.06 3.03 3.03 2.99 2.98 2.97 2.97 2.93 2.92 2.95 2.95 3.03 3.03 2.97 2.98 2.90 2.89 2.84 2.84 2.79 2.79 2.78 2.78 2.77 2.77 2.77 2.77 2.85 2.84 2.83 2.83 2.81 2.81 2.78 2.77 2.77 2.77 2.74 2.72 1.93 1.94 1.93 1.92 1.92 1.92 1.91 1.91 1.90 1.90 1.89 1.89 1.91 1.91 1.91 1.91 1.92 1.91 1.90 1.91 1.90 1.91 1.90 1.90 1.88 1.88 1.88 1.88 1.87 1.86 1.87 1.86 1.86 1.85 1.98 1.98 1.90 1.89 1.87 1.87 1.87 1.87 1.87 1.87 1.87 1.87 1.89 1.89 1.91 1.91 2.10 2.09 2.18 2.18 2.09 2.09 2.04 2.04 2.19 2.19 2.74 2.74 2.75 2.75 2.77 2.77 2.78 2.78 2.80 2.80 2.82 2.82 2.57 2.57 2.50 2.49 2.39 2.39 2.29 2.29 2.21 2.20 2.13 2.13 2.06 2.07 1.99 1.99 1.93 1.93 1.87 1.87 1.82 1.82 1.77 1.77 1.73 1.72 1.68 1.68 1.68 1.68 1.64 1.65 1.59 1.59 1.61 1.61 1.63 1.63 1.65 1.65 1.68 1.67 1.70 1.70 1.73 1.73 1.77 1.76 1.79 1.79 1.30 1.32 1.14 1.14 1.10 1.11 1.08 1.08 1.07 1.07 1.07 1.07 1.03 1.03 1.00 1.01 0.99 0.98 0.97 0.96 0.95 0.95 0.93 0.93 0.90 0.90 0.89 0.89 0.87 0.87 0.86 0.86 0.84 0.84 0.82 0.83 0.82 0.82 0.80 0.81 0.79 0.79 0.77 0.78 0.76 0.76 0.76 0.76 0.75 0.75 0.74 0.74 -13.104392 10.278190 2.503129 -13.136512 10.302029 2.503129 1237.760292 magnum 26.332766
ODOM -13.173636 10.331396 2.315452 0.197500 -0.001350 0.000000 1237.980316 magnum 26.465623
ODOM -13.187678 10.346631 2.246422 0.207500 -0.001316 0.000000 1238.091642 magnum 26.570558
FLASER 360 0.64 0.64 0.68 0.68 0.71 0.71 0.72 0.73 0.76 0.76 0.79 0.81 0.84 0.85 0.88 0.88 0.95 0.96 1.01 1.02 1.00 1.00 1.01 0.99 1.00 1.00 1.03 1.05 1.10 1.11 1.22 1.23 1.32 1.33 1.87 1.90 2.11 2.11 2.32 2.32 1.75 1.75 1.47 1.60 1.65 1.69 1.74 1.74 1.74 1.75 1.73 1.73 1.74 1.74 1.74 1.74 1.74 1.74 1.74 1.74 1.75 1.75 1.75 1.74 1.76 1.76 6.05 6.05 1.69 1.69 1.23 1.23 6.88 6.87 6.89 6.90 6.49 6.49 6.52 6.51 6.54 6.54 6.57 6.57 6.60 6.60 6.65 6.65 6.69 6.69 6.73 6.73 6.76 6.76 6.81 6.80 6.72 6.72 81.91 81.91 6.25 6.25 6.24 6.25 6.10 6.10 6.10 6.09 5.72 5.73 5.54 5.54 5.53 5.54 7.08 7.07 7.16 7.16 4.91 4.91 4.77 4.79 4.72 4.71 7.56 7.56 7.58 7.59 7.59 7.58 7.69 7.67 4.15 4.15 4.04 4.04 4.02 4.02 7.92 7.91 7.80 7.81 7.33 7.34 3.66 3.66 3.40 3.41 3.28 3.30 2.85 2.85 2.75 2.76 2.71 2.71 2.74 2.73 2.80 2.80 3.03 3.01 3.05 3.04 3.01 3.00 2.97 2.98 2.93 2.93 2.91 2.91 2.89 2.88 3.00 2.99 2.93 2.92 2.92 2.93 2.81 2.81 2.78 2.78 2.74 2.74 2.74 2.74 2.72 2.72 2.80 2.79 2.80 2.80 2.78 2.78 2.76 2.75 2.74 2.74 2.72 2.72 2.02 2.03 1.91 1.90 1.89 1.90 1.88 1.88 1.90 1.89 1.88 1.87 1.87 1.87 1.89 1.89 1.93 1.93 1.92 1.91 1.91 1.91 1.91 1.91 1.91 1.91 1.90 1.89 1.90 1.90 1.91 1.91 1.91 1.91 1.84 1.84 2.01 1.98 1.86 1.86 1.83 1.83 1.84 1.84 1.84 1.83 1.85 1.85 1.86 1.86 1.89 1.88 2.07 2.06 2.18 2.19 2.04 2.05 2.02 2.01 2.21 2.19 2.71 2.71 2.73 2.72 2.74 2.74 2.76 2.76 2.77 2.77 2.79 2.79 2.54 2.55 2.45 2.46 2.36 2.37 2.27 2.27 2.19 2.19 2.11 2.12 2.04 2.04 1.98 1.98 1.92 1.93 1.86 1.86 1.81 1.81 1.77 1.77 1.71 1.72 1.67 1.67 1.64 1.64 1.71 1.71 1.55 1.55 1.59 1.58 1.60 1.60 1.62 1.62 1.65 1.65 1.67 1.67 1.70 1.69 1.73 1.72 1.76 1.76 1.79 1.79 1.28 1.33 1.13 1.13 1.10 1.10 1.07 1.07 1.06 1.05 1.06 1.06 1.01 1.02 1.01 1.01 0.98 0.98 0.96 0.96 0.94 0.94 0.93 0.93 0.90 0.90 0.89 0.89 0.87 0.87 0.86 0.86 -13.147249 10.302583 2.312353 -13.174266 10.332079 2.312353 1237.970221 magnum 26.570712
ODOM -13.201878 10.364349 2.175858 0.234500 -0.001406 0.000000 1238.199235 magnum 26.686694
ODOM -13.214961 10.383267 2.106828 0.233000 -0.001344 0.000000 1238.312378 magnum 26.901640
ODOM -13.226823 10.403234 2.037798 0.233500 -0.001316 0.000000 1238.419638 magnum 26.901807
FLASER 360 0.52 0.52 0.53 0.53 0.52 0.52 0.52 0.52 0.52 0.52 0.54 0.54 0.55 0.56 0.60 0.63 0.64 0.66 0.66 0.66 0.67 0.68 0.69 0.69 0.71 0.72 0.74 0.74 0.75 0.75 0.78 0.79 0.81 0.81 0.84 0.84 0.87 0.88 0.89 0.91 0.96 0.96 1.00 1.00 0.98 0.98 0.98 0.97 0.97 0.97 1.00 1.02 1.06 1.07 1.12 1.13 1.19 1.21 1.28 1.28 1.44 1.52 1.80 1.82 1.98 1.99 2.13 2.14 1.70 1.60 1.57 1.68 1.71 1.71 1.70 1.70 1.70 1.70 1.70 1.70 1.70 1.69 1.70 1.69 1.70 1.70 1.70 1.70 1.70 1.70 1.69 1.70 1.70 1.69 1.72 1.70 5.91 1.21 1.16 1.15 6.10 6.10 6.75 6.74 6.81 6.81 6.83 6.83 6.46 6.46 6.46 6.45 6.47 6.47 6.50 6.49 6.53 6.53 6.55 6.55 6.60 6.60 6.65 6.64 6.68 6.68 6.72 6.72 6.74 6.73 6.57 6.56 6.17 6.17 6.21 6.21 6.08 6.08 5.98 5.98 6.27 6.26 5.53 5.53 5.45 5.44 6.93 6.93 7.00 7.00 7.07 4.91 4.76 4.75 4.64 4.64 4.66 4.67 7.46 7.45 7.44 7.44 7.54 7.52 4.11 4.12 4.01 4.00 3.92 3.92 7.87 7.87 7.84 7.83 7.72 7.72 3.60 3.60 3.53 3.52 3.29 3.28 2.86 2.87 2.68 2.66 2.61 2.61 2.58 2.58 2.63 2.62 2.69 2.67 2.95 2.95 2.95 2.95 2.92 2.92 2.87 2.87 2.85 2.85 2.82 2.82 2.81 2.80 2.91 2.91 2.85 2.85 2.84 2.84 2.72 2.72 2.69 2.69 2.66 2.65 2.66 2.65 2.64 2.64 2.69 2.68 2.70 2.70 2.69 2.69 2.68 2.68 2.66 2.66 2.65 2.65 2.63 2.63 1.83 1.86 1.82 1.82 1.80 1.80 1.80 1.79 1.82 1.81 1.79 1.78 1.79 1.78 1.80 1.79 1.84 1.83 1.82 1.82 1.82 1.83 1.83 1.82 1.82 1.82 1.82 1.82 1.84 1.83 1.84 1.84 1.85 1.85 1.80 1.80 1.79 1.77 1.82 1.84 1.78 1.78 1.77 1.77 1.78 1.78 1.77 1.77 1.78 1.77 1.81 1.80 1.83 1.82 2.05 2.04 2.10 2.11 1.95 1.95 1.96 1.95 2.29 2.24 2.67 2.66 2.68 2.68 2.69 2.69 2.71 2.71 2.73 2.72 2.58 2.60 2.46 2.46 2.37 2.37 2.28 2.28 2.20 2.21 2.14 2.14 2.07 2.07 2.00 2.01 1.95 1.95 1.89 1.90 1.84 1.85 1.79 1.80 1.76 1.76 1.71 1.71 1.66 1.67 1.63 1.64 1.60 1.60 1.70 1.82 1.53 1.53 1.55 1.55 1.57 1.57 1.60 1.59 1.63 1.62 1.66 1.66 -13.207447 10.365731 2.044386 -13.225691 10.401328 2.044386 1238.400186 magnum 26.902112
ODOM -13.237424 10.424259 1.968768 0.231500 -0.001428 0.000000 1238.532639 magnum 27.011008
ODOM -13.255360 10.466923 1.827640 0.225500 -0.001305 0.000000 1238.671852 magnum 27.150158
FLASER 360 0.54 0.54 0.53 0.53 0.52 0.52 0.53 0.53 0.53 0.53 0.52 0.52 0.52 0.51 0.52 0.53 0.53 0.53 0.54 0.56 0.59 0.61 0.63 0.63 0.65 0.65 0.66 0.66 0.66 0.67 0.69 0.70 0.70 0.70 0.72 0.72 0.73 0.74 0.75 0.75 0.77 0.78 0.80 0.80 0.82 0.83 0.84 0.84 0.86 0.87 0.92 0.92 0.96 0.97 0.96 0.96 0.96 0.96 0.96 0.95 0.95 0.96 1.02 1.01 1.05 1.06 1.11 1.11 1.17 1.18 1.24 1.25 1.31 1.31 1.65 1.65 1.78 1.80 1.95 1.96 2.09 2.09 1.21 1.44 1.68 1.68 1.67 1.67 1.68 1.68 1.67 1.67 1.67 1.67 1.67 1.67 1.67 1.67 1.67 1.67 1.68 1.67 1.68 1.67 1.68 1.66 1.67 1.67 1.66 1.66 1.15 1.16 1.56 1.58 5.96 5.96 6.09 6.09 6.72 6.72 6.78 6.78 6.79 6.79 6.42 6.42 6.41 6.41 6.43 6.43 6.46 6.46 6.48 6.48 6.52 6.51 6.57 6.56 6.59 6.59 6.64 6.63 6.68 6.67 6.69 6.70 6.54 6.53 6.14 6.13 6.17 6.16 6.06 6.06 5.93 5.93 6.17 6.16 5.49 5.49 5.39 5.39 6.86 6.85 6.93 6.93 7.02 7.00 4.72 4.72 4.60 4.60 4.59 4.58 7.40 7.39 7.39 7.39 7.46 7.45 7.56 7.56 3.98 3.99 3.88 3.88 3.91 3.89 7.78 7.79 7.70 7.70 3.62 3.64 3.52 3.52 3.25 3.25 3.09 3.10 2.74 2.75 2.68 2.67 2.65 2.64 2.68 2.68 2.74 2.73 2.83 2.82 2.91 2.91 2.88 2.88 2.85 2.84 2.82 2.81 2.78 2.78 2.75 2.74 2.80 2.79 2.84 2.85 2.82 2.81 2.73 2.73 2.67 2.67 2.63 2.64 2.61 2.61 2.61 2.60 2.58 2.59 2.67 2.67 2.66 2.66 2.65 2.65 2.63 2.63 2.62 2.62 2.60 2.60 2.59 2.58 1.78 1.80 1.77 1.77 1.76 1.76 1.77 1.76 1.76 1.75 1.75 1.74 1.75 1.75 1.76 1.76 1.78 1.79 1.76 1.76 1.76 1.76 1.77 1.75 1.76 1.75 1.74 1.72 1.75 1.73 1.74 1.72 1.72 1.71 1.72 1.71 1.72 1.72 1.89 1.82 1.76 1.76 1.74 1.73 1.74 1.73 1.74 1.74 1.75 1.75 1.76 1.76 1.78 1.78 1.90 1.84 2.09 2.06 2.03 2.09 1.93 1.93 2.04 1.97 2.62 2.55 2.66 2.65 2.67 2.67 2.68 2.69 2.71 2.70 2.63 2.68 2.45 2.45 2.38 2.39 2.29 2.30 2.22 2.22 2.15 2.16 2.08 2.09 2.02 2.03 1.96 1.97 1.91 1.92 1.85 1.86 1.82 1.82 1.77 1.77 1.73 1.74 1.69 1.69 -13.236461 10.412864 1.880438 -13.248650 10.450962 1.880438 1238.610178 magnum 27.150346
ODOM -13.260935 10.488151 1.758610 0.182500 -0.001417 0.000000 1238.792784 magnum 27.270995
ODOM -13.263500 10.501645 1.689580 0.129500 -0.001450 0.000000 1238.913322 magnum 27.391589
FLASER 360 2.03 2.04 0.59 0.56 0.57 0.56 0.55 0.56 0.53 0.53 0.52 0.52 0.53 0.53 0.54 0.54 0.53 0.52 0.53 0.51 0.52 0.52 0.53 0.53 0.52 0.55 0.57 0.60 0.61 0.61 0.62 0.63 0.64 0.64 0.64 0.65 0.66 0.66 0.66 0.67 0.68 0.67 0.72 0.74 0.70 0.71 0.72 0.73 0.73 0.74 0.75 0.76 0.77 0.78 0.79 0.81 0.83 0.83 0.84 0.84 0.86 0.87 0.91 0.92 0.96 0.96 0.94 0.94 0.93 0.94 0.93 0.92 0.94 0.94 0.99 1.00 1.02 1.01 1.07 1.07 1.12 1.12 1.17 1.17 1.23 1.23 1.32 1.35 1.60 1.60 1.70 1.70 1.83 1.82 1.96 1.92 1.63 1.63 1.65 1.65 1.65 1.65 1.64 1.64 1.64 1.64 1.64 1.64 1.63 1.63 1.63 1.63 1.63 1.63 1.63 1.63 1.63 1.62 1.62 1.62 1.63 1.62 1.63 1.63 1.10 1.11 1.56 1.56 5.85 5.84 5.91 5.90 5.95 5.95 6.62 6.62 6.73 6.72 6.74 6.74 6.58 6.57 6.36 6.36 6.39 6.38 6.39 6.39 6.42 6.42 6.45 6.45 6.50 6.50 6.53 6.53 6.57 6.57 6.60 6.60 6.65 6.64 6.54 6.54 6.11 6.11 6.08 6.08 6.07 6.07 5.91 5.91 5.98 5.97 5.51 5.51 5.38 5.37 5.35 5.36 6.85 6.85 6.93 6.91 4.74 4.73 4.62 4.61 4.53 4.52 7.32 7.31 7.39 7.39 7.38 7.36 7.45 7.46 3.98 3.98 3.89 3.88 3.83 3.83 7.76 7.75 7.69 7.67 7.53 7.55 3.51 3.51 3.34 3.34 3.18 3.17 2.88 2.88 2.66 2.65 2.60 2.58 2.59 2.56 2.62 2.59 2.67 2.66 2.83 2.82 2.85 2.85 2.83 2.82 2.80 2.79 2.76 2.77 2.73 2.73 2.69 2.70 2.77 2.76 2.79 2.80 2.78 2.77 2.68 2.69 2.62 2.63 2.58 2.59 2.57 2.57 2.56 2.56 2.54 2.54 2.63 2.63 2.62 2.62 2.61 2.61 2.59 2.59 2.57 2.57 2.56 2.56 2.55 2.55 1.90 1.92 1.74 1.74 1.73 1.73 1.72 1.72 1.74 1.72 1.71 1.70 1.70 1.70 1.70 1.70 1.74 1.74 1.74 1.74 1.74 1.74 1.74 1.74 1.75 1.74 1.75 1.75 1.71 1.71 1.72 1.72 1.70 1.70 1.69 1.70 1.69 1.69 1.69 1.68 1.76 1.77 1.72 1.73 1.71 1.71 1.71 1.71 1.71 1.71 1.72 1.72 1.74 1.74 1.76 1.76 1.93 1.85 2.08 2.07 2.00 2.03 1.91 1.90 2.06 2.03 2.63 2.62 2.65 2.64 2.66 2.66 2.67 2.67 2.70 2.69 2.49 2.52 2.42 2.43 2.33 2.34 2.26 2.26 2.18 2.20 -13.255902 10.454856 1.726798 -13.262117 10.494370 1.726798 1238.830213 magnum 27.391773
ODOM -13.264649 10.511277 1.625152 0.092000 -0.001030 0.000000 1239.035043 magnum 27.513608
ODOM -13.265256 10.522426 1.556122 0.126500 -0.001417 0.000000 1239.153394 magnum 27.631235
FLASER 360 6.38 6.35 2.69 2.70 2.21 2.21 2.11 2.11 2.03 2.03 0.56 0.57 0.56 0.55 0.55 0.54 0.53 0.52 0.53 0.52 0.53 0.53 0.51 0.51 0.50 0.52 0.51 0.51 0.51 0.51 0.52 0.52 0.56 0.56 0.58 0.59 0.60 0.60 0.60 0.60 0.61 0.62 0.62 0.62 0.63 0.64 0.64 0.64 0.66 0.67 0.66 0.67 0.68 0.68 0.69 0.70 0.73 0.74 0.72 0.72 0.73 0.74 0.76 0.76 0.77 0.77 0.79 0.79 0.82 0.81 0.82 0.82 0.85 0.85 0.89 0.89 0.94 0.93 0.92 0.91 0.92 0.91 0.90 0.90 0.91 0.91 0.95 0.95 0.97 0.98 1.02 1.02 1.06 1.06 1.11 1.11 1.17 1.16 1.21 1.21 1.37 1.38 1.55 1.54 1.63 1.63 1.75 1.75 1.18 1.18 1.63 1.63 1.62 1.62 1.61 1.61 1.61 1.61 1.61 1.60 1.60 1.61 1.59 1.60 1.60 1.60 1.59 1.59 1.59 1.59 1.59 1.59 1.59 1.59 1.59 1.58 1.59 1.59 1.49 1.46 1.08 1.09 1.52 1.52 5.77 5.77 5.84 5.84 5.89 5.88 6.55 6.55 6.68 6.68 6.69 6.69 6.67 6.67 6.31 6.32 6.33 6.33 6.36 6.35 6.38 6.38 6.39 6.40 6.44 6.44 6.48 6.48 6.51 6.51 6.55 6.55 6.58 6.58 6.55 6.55 81.91 81.91 6.05 6.05 6.07 6.08 5.93 5.92 5.84 5.84 5.87 5.82 5.38 5.38 5.31 5.31 6.77 6.77 6.86 6.86 4.74 4.75 4.60 4.61 4.50 4.49 4.52 4.51 7.32 7.32 7.30 7.31 7.37 7.38 7.45 7.46 3.90 3.89 3.76 3.76 3.79 3.76 7.65 7.64 7.55 7.55 7.10 7.11 3.43 3.43 3.19 3.19 3.11 3.11 2.56 2.63 2.49 2.51 2.44 2.45 2.44 2.45 2.47 2.50 2.51 2.55 2.83 2.81 2.81 2.81 2.78 2.77 2.75 2.75 2.71 2.72 2.68 2.68 2.66 2.66 2.75 2.75 2.72 2.72 2.74 2.74 2.63 2.63 2.58 2.58 2.54 2.54 2.53 2.53 2.53 2.53 2.51 2.51 2.60 2.59 2.58 2.58 2.57 2.57 2.55 2.55 2.54 2.54 2.53 2.53 2.52 2.52 2.49 2.50 1.71 1.71 1.70 1.71 1.69 1.69 1.69 1.69 1.68 1.68 1.67 1.67 1.68 1.68 1.69 1.68 1.71 1.71 1.73 1.73 1.73 1.73 1.74 1.73 1.75 1.73 1.72 1.71 1.69 1.68 1.70 1.68 1.68 1.68 1.68 1.67 1.67 1.67 1.68 1.68 1.73 1.73 1.71 1.71 1.70 1.69 1.70 1.70 1.70 1.70 1.71 1.71 1.74 1.74 1.75 1.75 1.94 1.94 2.15 2.15 1.95 1.96 1.89 1.89 2.09 2.08 -13.263150 10.473542 1.611328 -13.264771 10.513509 1.611328 1239.040736 magnum 27.631435
ODOM -13.264766 10.555831 1.410392 0.176000 -0.001310 0.000000 1239.272824 magnum 27.757393
ODOM -13.261917 10.573435 1.342896 0.186000 -0.001422 0.000000 1239.393260 magnum 27.871835
FLASER 360 4.41 4.41 4.10 4.11 3.85 3.87 3.59 3.59 3.63 3.63 8.37 8.36 8.42 8.42 8.48 8.48 2.73 2.73 2.71 2.70 2.15 2.16 0.59 0.55 0.56 0.55 0.54 0.54 0.53 0.52 0.53 0.52 0.53 0.53 0.53 0.50 0.51 0.51 0.50 0.50 0.50 0.51 0.51 0.51 0.55 0.56 0.59 0.58 0.59 0.59 0.59 0.59 0.60 0.60 0.61 0.62 0.62 0.62 0.64 0.65 0.64 0.64 0.66 0.65 0.67 0.67 0.67 0.67 0.69 0.70 0.75 0.74 0.72 0.72 0.74 0.74 0.76 0.76 0.77 0.77 0.78 0.79 0.80 0.80 0.81 0.81 0.84 0.84 0.88 0.88 0.92 0.92 0.91 0.90 0.90 0.90 0.89 0.89 0.90 0.89 0.92 0.93 0.95 0.95 1.00 1.00 1.04 1.04 1.08 1.08 1.13 1.13 1.20 1.20 1.25 1.25 1.49 1.49 1.57 1.56 1.65 1.65 1.74 1.73 1.17 1.89 1.61 1.62 1.61 1.60 1.60 1.60 1.60 1.60 1.59 1.59 1.60 1.60 1.59 1.58 1.58 1.58 1.57 1.57 1.58 1.57 1.57 1.57 1.57 1.57 1.58 1.57 1.57 1.56 1.05 1.04 5.92 5.93 1.50 1.50 5.80 5.79 5.85 5.85 5.88 5.87 6.54 6.54 6.67 6.66 6.67 6.67 6.63 6.65 6.30 6.29 6.32 6.32 6.34 6.33 6.37 6.37 6.38 6.38 6.43 6.42 6.46 6.46 6.50 6.50 6.54 6.53 6.57 6.56 6.52 6.53 81.91 81.91 6.02 6.02 6.05 6.06 5.90 5.90 5.82 5.81 5.63 6.01 5.36 5.37 5.35 5.30 6.79 6.77 6.86 6.85 4.71 6.93 4.59 4.59 4.48 4.48 4.57 4.49 7.33 7.31 7.29 7.30 7.36 7.35 7.47 7.46 3.87 3.88 3.75 3.75 3.79 3.76 7.61 7.60 7.51 7.51 7.08 7.10 3.42 3.42 3.18 3.18 3.11 3.11 2.72 2.74 2.61 2.60 2.55 2.54 2.53 2.51 2.60 2.61 2.67 2.65 2.80 2.78 2.80 2.80 2.75 2.76 2.74 2.75 2.71 2.71 2.67 2.67 2.64 2.64 2.73 2.70 2.74 2.75 2.73 2.72 2.64 2.65 2.56 2.57 2.55 2.55 2.52 2.52 2.53 2.53 2.50 2.51 2.56 2.55 2.58 2.58 2.56 2.56 2.54 2.54 2.53 2.53 2.53 2.53 2.52 2.52 2.50 2.51 1.80 1.84 1.69 1.69 1.69 1.69 1.69 1.68 1.67 1.67 1.66 1.66 1.66 1.66 1.66 1.65 1.70 1.69 1.69 1.69 1.69 1.69 1.68 1.69 1.69 1.68 1.67 1.67 1.65 1.65 1.65 1.65 1.65 1.65 1.66 1.65 1.66 1.66 1.66 1.66 1.75 1.69 1.71 1.70 1.69 1.68 1.69 1.69 1.70 1.70 -13.271136 10.518101 1.403823 -13.264489 10.557544 1.403823 1239.260895 magnum 27.872007
ODOM -13.257551 10.592262 1.270798 0.190500 -0.001394 0.000000 1239.513428 magnum 27.991636
FLASER 360 11.06 11.05 7.89 7.89 7.90 7.89 7.90 7.89 6.42 6.42 5.94 5.93 5.24 5.12 4.88 4.88 4.51 4.50 4.18 4.18 3.92 3.91 3.60 3.60 3.62 3.61 8.35 8.35 8.40 8.39 6.64 6.65 0.55 0.55 0.55 0.54 0.53 0.53 0.51 0.51 0.52 0.52 0.52 0.51 0.50 0.48 0.49 0.48 0.49 0.49 0.49 0.49 0.50 0.51 0.55 0.57 0.56 0.57 0.56 0.57 0.58 0.58 0.59 0.58 0.59 0.59 0.60 0.61 0.61 0.62 0.62 0.63 0.64 0.64 0.65 0.65 0.66 0.66 0.65 0.66 0.68 0.67 0.69 0.69 0.69 0.70 0.72 0.72 0.72 0.72 0.75 0.75 0.76 0.77 0.78 0.78 0.79 0.79 0.80 0.80 0.82 0.82 0.85 0.85 0.90 0.90 0.88 0.88 0.88 0.89 0.87 0.87 0.86 0.86 0.89 0.89 0.93 0.93 0.96 0.96 0.99 0.99 1.03 1.04 1.07 1.07 1.12 1.12 1.16 1.16 1.25 1.26 1.45 1.45 1.53 1.53 1.61 1.61 1.59 1.33 1.84 1.84 1.58 1.58 1.58 1.58 1.57 1.57 1.56 1.56 1.56 1.55 1.57 1.56 1.55 1.55 1.54 1.54 1.55 1.54 1.55 1.55 1.55 1.54 1.55 1.55 1.55 1.55 1.55 1.54 1.22 1.20 6.42 6.42 1.47 1.47 5.75 5.74 5.73 5.72 5.82 5.81 5.95 5.94 6.54 6.54 6.63 6.63 6.65 6.64 6.32 6.32 6.26 6.26 6.28 6.28 6.31 6.31 6.33 6.33 6.35 6.35 6.40 6.40 6.44 6.44 6.47 6.47 6.50 6.50 6.55 6.54 6.45 6.44 81.91 81.91 5.97 5.97 5.99 5.99 5.83 5.84 5.79 5.78 5.50 5.50 5.30 5.30 5.26 5.26 6.77 6.77 6.84 6.85 4.66 4.66 4.56 4.56 4.45 4.44 7.25 4.48 7.32 7.31 7.27 7.27 7.34 7.33 7.43 7.42 3.85 3.85 3.73 3.73 3.73 3.72 7.57 7.57 7.45 7.45 7.05 7.04 3.40 3.39 3.16 3.16 3.09 3.08 2.75 2.74 2.57 2.57 2.50 2.50 2.44 2.43 2.52 2.51 2.60 2.58 2.72 2.69 2.79 2.79 2.75 2.75 2.71 2.71 2.69 2.69 2.68 2.68 2.65 2.65 2.67 2.66 2.75 2.74 2.67 2.66 2.66 2.67 2.56 2.56 2.54 2.54 2.49 2.50 2.51 2.50 2.49 2.49 2.49 2.47 2.57 2.55 2.54 2.54 2.54 2.54 2.52 2.53 2.52 2.52 2.50 2.50 2.49 2.49 2.47 2.47 1.70 1.72 1.68 1.68 1.67 1.67 1.66 1.66 1.66 1.65 1.65 1.64 1.65 1.65 1.65 1.65 1.68 1.68 1.67 1.67 1.68 1.68 1.67 1.67 1.68 1.68 1.68 1.67 1.63 1.64 -13.269626 10.550932 1.282226 -13.258243 10.589278 1.282226 1239.470241 magnum 27.991788
ODOM -13.252093 10.609906 1.201768 0.182500 -0.001316 0.000000 1239.632551 magnum 28.110823
ODOM -13.246772 10.623664 1.131204 0.130000 -0.001456 0.000000 1239.752407 magnum 28.231034
FLASER 360 17.01 17.01 30.89 30.84 34.84 34.83 34.82 34.83 34.82 34.83 16.98 16.99 16.99 16.98 13.89 13.90 12.50 12.50 10.42 10.42 7.90 7.89 7.83 7.82 6.45 6.44 6.21 6.21 5.50 5.49 4.94 4.93 4.54 4.54 4.19 4.18 3.92 3.91 3.58 3.58 3.61 3.61 0.53 0.52 0.51 0.51 0.50 0.49 0.51 0.51 0.50 0.49 0.48 0.48 0.47 0.47 0.48 0.47 0.48 0.47 0.48 0.48 0.52 0.53 0.55 0.56 0.56 0.56 0.56 0.55 0.55 0.57 0.56 0.56 0.57 0.58 0.58 0.58 0.59 0.60 0.61 0.60 0.61 0.62 0.61 0.63 0.63 0.63 0.64 0.63 0.65 0.64 0.65 0.65 0.67 0.67 0.68 0.68 0.68 0.68 0.71 0.72 0.71 0.71 0.72 0.72 0.73 0.74 0.75 0.75 0.76 0.76 0.77 0.77 0.79 0.79 0.83 0.83 0.86 0.87 0.85 0.84 0.85 0.84 0.84 0.84 0.83 0.83 0.86 0.85 0.89 0.89 0.91 0.91 0.94 0.94 0.98 0.98 1.01 1.00 1.06 1.06 1.09 1.10 1.14 1.13 1.25 1.26 1.42 1.41 1.49 1.48 1.56 1.57 1.10 1.12 1.77 1.77 1.55 1.55 1.53 1.53 1.54 1.54 1.53 1.53 1.52 1.52 1.51 1.51 1.51 1.51 1.51 1.51 1.50 1.50 1.50 1.49 1.50 1.50 1.49 1.49 1.49 1.49 1.50 1.49 1.48 1.48 0.97 0.95 1.48 6.25 1.39 1.41 5.69 5.69 5.73 5.71 5.78 5.77 6.43 6.39 6.58 6.58 6.60 6.60 6.61 6.61 6.23 6.23 6.23 6.23 6.25 6.25 6.28 6.27 6.29 6.29 6.32 6.32 6.37 6.37 6.40 6.40 6.44 6.43 6.47 6.47 6.51 6.51 6.37 6.38 6.00 6.00 5.96 5.95 5.91 5.92 5.77 5.77 5.86 5.84 5.37 5.39 5.23 5.24 5.22 5.23 6.76 6.76 6.85 6.86 4.62 4.63 4.50 4.50 4.41 4.40 7.25 7.25 7.32 7.32 7.25 7.25 7.32 7.31 7.40 7.41 3.81 3.81 3.69 3.69 3.70 3.69 7.50 7.50 7.38 7.38 6.99 7.00 3.37 3.37 3.15 3.15 3.07 3.07 2.88 2.92 2.59 2.59 2.51 2.50 2.49 2.45 2.44 2.43 2.53 2.54 2.63 2.61 2.76 2.76 2.75 2.75 2.70 2.71 2.67 2.67 2.65 2.64 2.63 2.62 2.60 2.59 2.71 2.71 2.65 2.66 2.68 2.68 2.57 2.58 2.53 2.53 2.51 2.51 2.47 2.47 2.47 2.47 2.45 2.45 2.53 2.53 2.54 2.54 2.53 2.53 2.52 2.52 2.50 2.51 2.49 2.49 2.47 2.47 2.46 2.46 2.43 2.43 1.67 1.68 1.67 1.67 1.66 1.66 1.65 1.65 1.65 1.64 -13.264891 10.581520 1.159323 -13.248893 10.618181 1.159323 1239.680561 magnum 28.231180
ODOM -13.240344 10.637333 0.999280 0.043500 -0.001238 0.000000 1239.872621 magnum 28.351358
ODOM -13.238508 10.640188 0.931863 0.028500 -0.001406 0.000000 1239.992869 magnum 28.471274
FLASER 360 7.97 7.99 7.98 7.98 9.68 9.68 11.10 11.10 12.06 12.06 13.27 13.28 14.11 14.12 17.00 17.01 17.03 17.02 16.98 16.99 34.84 34.85 34.80 34.81 34.80 34.80 16.97 16.97 16.99 16.99 14.04 14.00 13.40 12.74 10.45 10.44 7.87 7.87 7.81 7.80 6.44 6.44 6.29 6.25 5.40 5.21 4.91 4.90 4.50 4.49 4.17 4.19 0.50 0.50 0.49 0.49 0.48 0.49 0.49 0.49 0.48 0.46 0.46 0.46 0.47 0.47 0.47 0.47 0.47 0.46 0.49 0.48 0.52 0.54 0.54 0.54 0.54 0.54 0.54 0.54 0.54 0.53 0.56 0.55 0.56 0.55 0.55 0.55 0.56 0.57 0.57 0.58 0.59 0.57 0.59 0.59 0.60 0.60 0.60 0.60 0.61 0.61 0.63 0.61 0.64 0.63 0.64 0.65 0.65 0.65 0.66 0.67 0.68 0.67 0.70 0.70 0.69 0.69 0.70 0.70 0.71 0.71 0.72 0.72 0.74 0.74 0.75 0.76 0.76 0.76 0.79 0.80 0.82 0.83 0.83 0.82 0.82 0.81 0.81 0.81 0.80 0.79 0.83 0.82 0.85 0.86 0.85 0.86 0.90 0.90 0.93 0.93 0.96 0.97 1.00 1.00 1.04 1.04 1.08 1.09 1.12 1.13 1.31 1.32 1.39 1.39 1.46 1.46 1.53 1.52 1.06 1.04 1.71 1.72 1.53 1.53 1.50 1.50 1.49 1.49 1.50 1.49 1.49 1.49 1.48 1.49 1.47 1.47 1.46 1.46 1.47 1.47 1.47 1.46 1.46 1.46 1.47 1.47 1.46 1.47 1.46 1.46 1.46 1.46 1.05 1.03 6.36 6.36 1.38 1.40 5.67 5.68 5.64 5.65 5.74 5.73 5.82 5.83 6.44 6.44 6.55 6.55 6.57 6.57 6.44 6.38 6.18 6.18 6.21 6.21 6.23 6.23 6.25 6.24 6.27 6.27 6.32 6.32 6.36 6.36 6.39 6.39 6.43 6.43 6.46 6.46 6.43 6.43 81.91 81.91 5.91 5.91 5.96 5.96 5.81 5.81 5.72 5.72 6.05 6.05 5.28 5.27 5.19 5.19 6.70 6.72 6.79 6.79 6.89 6.89 4.55 4.54 4.43 4.42 4.38 4.38 7.26 7.27 7.22 7.22 7.25 7.25 7.35 7.36 3.84 3.84 3.73 3.73 3.65 3.65 7.52 7.53 7.42 7.41 7.05 7.04 6.93 6.92 3.33 3.33 3.11 3.11 3.03 3.03 2.89 2.88 2.56 2.57 2.50 2.49 2.43 2.43 2.47 2.51 2.52 2.53 2.62 2.62 2.75 2.75 2.72 2.73 2.68 2.68 2.64 2.64 2.62 2.62 2.60 2.60 2.58 2.58 2.71 2.71 2.64 2.64 2.67 2.67 2.56 2.56 2.52 2.52 2.50 2.50 2.47 2.47 2.46 2.46 2.44 2.44 2.51 2.51 2.53 2.53 2.52 2.52 2.51 2.51 2.49 2.50 -13.262124 10.605192 0.975942 -13.239708 10.638321 0.975942 1239.890320 magnum 28.471459
ODOM -13.237062 10.642135 0.861299 0.028500 -0.001372 0.000000 1240.119961 magnum 28.605894
ODOM -13.235451 10.644011 0.790735 0.024000 -0.001355 0.000000 1240.233307 magnum 28.710541
FLASER 360 5.13 5.13 5.26 5.26 5.70 5.69 6.03 6.04 6.41 6.39 6.64 6.59 7.25 7.24 7.82 7.81 8.00 8.00 8.19 8.18 10.18 9.97 11.13 11.11 12.50 12.49 13.58 13.56 16.68 16.65 17.03 17.03 17.01 17.00 24.23 24.10 34.81 34.81 34.80 34.79 16.93 16.93 16.96 16.97 16.86 16.89 13.86 13.86 12.42 12.42 7.88 7.89 7.87 7.88 7.86 7.86 6.38 6.39 5.79 5.80 4.97 4.97 4.70 4.70 0.55 0.54 0.49 0.49 0.49 0.49 0.49 0.49 0.48 0.49 0.46 0.46 0.47 0.47 0.47 0.47 0.47 0.47 0.46 0.46 0.49 0.50 0.53 0.53 0.53 0.53 0.54 0.53 0.53 0.53 0.54 0.54 0.55 0.55 0.55 0.55 0.56 0.56 0.57 0.57 0.57 0.58 0.58 0.58 0.58 0.58 0.59 0.59 0.60 0.60 0.60 0.61 0.62 0.62 0.62 0.62 0.63 0.63 0.65 0.65 0.65 0.65 0.66 0.66 0.68 0.68 0.70 0.70 0.69 0.69 0.71 0.71 0.72 0.71 0.72 0.72 0.74 0.74 0.76 0.76 0.78 0.77 0.80 0.81 0.83 0.83 0.83 0.83 0.79 0.79 0.79 0.79 0.81 0.80 0.83 0.83 0.86 0.86 0.88 0.88 0.91 0.91 0.93 0.93 0.98 0.97 1.01 1.01 1.04 1.04 1.09 1.09 1.14 1.14 1.33 1.33 1.40 1.40 1.48 1.48 1.51 1.50 0.98 1.00 1.74 1.74 1.49 1.49 1.49 1.49 1.48 1.48 1.47 1.47 1.47 1.47 1.50 1.48 1.46 1.46 1.46 1.46 1.47 1.46 1.46 1.46 1.45 1.45 1.45 1.45 1.45 1.45 1.45 1.45 1.44 1.43 0.93 0.92 6.18 6.20 1.37 1.37 5.68 5.67 5.68 5.68 5.73 5.73 6.01 5.98 6.53 6.53 6.55 6.55 6.56 6.57 6.20 6.21 6.19 6.19 6.21 6.21 6.23 6.23 6.25 6.25 6.27 6.27 6.33 6.33 6.36 6.36 6.39 6.39 6.44 6.43 6.47 6.47 6.36 6.36 81.91 81.91 5.90 5.90 5.90 5.91 5.76 5.77 5.73 5.72 5.47 5.50 5.25 5.25 5.18 5.19 6.74 6.74 6.82 6.82 6.89 6.89 4.49 4.50 4.38 4.38 4.39 4.39 7.26 7.26 7.21 7.22 7.26 7.27 7.38 7.37 3.81 3.81 3.69 3.70 3.65 3.65 7.50 7.52 7.38 7.39 7.00 6.99 3.39 3.40 3.31 3.31 3.07 3.07 3.02 3.01 2.77 2.79 2.61 2.63 2.55 2.55 2.50 2.50 2.52 2.52 2.58 2.60 2.66 2.65 2.74 2.74 2.71 2.71 2.66 2.66 2.64 2.64 2.63 2.62 2.60 2.60 2.59 2.59 2.70 2.70 2.62 2.63 2.66 2.67 2.55 2.55 2.51 2.51 2.50 2.49 -13.263184 10.612245 0.852626 -13.236864 10.642365 0.852626 1240.110238 magnum 28.710711
ODOM -13.232638 10.646854 0.651141 0.024000 -0.001389 0.000000 1240.393320 magnum 28.872473
FLASER 360 4.51 4.52 3.95 3.96 3.86 3.86 4.06 4.06 4.22 4.21 4.38 4.38 4.57 4.57 4.76 4.75 4.97 4.97 5.20 5.20 5.54 5.54 5.87 5.86 6.22 6.20 6.56 6.55 7.01 6.99 7.49 7.49 7.95 7.93 7.98 7.98 9.65 9.63 11.06 11.05 12.05 12.05 13.25 13.24 13.96 13.94 17.01 17.01 17.02 17.01 16.98 16.98 34.67 34.67 34.81 34.81 34.80 34.80 16.97 16.96 16.97 16.98 14.19 14.31 13.43 13.44 10.47 10.50 7.87 7.87 7.82 7.82 6.47 6.49 6.33 6.34 5.21 5.36 4.93 4.94 0.51 0.52 0.49 0.49 0.48 0.48 0.50 0.49 0.48 0.47 0.46 0.46 0.47 0.47 0.47 0.47 0.47 0.47 0.46 0.46 0.51 0.51 0.52 0.53 0.53 0.53 0.53 0.54 0.54 0.54 0.54 0.54 0.54 0.54 0.55 0.55 0.55 0.55 0.57 0.56 0.57 0.57 0.58 0.59 0.59 0.59 0.60 0.60 0.59 0.60 0.60 0.60 0.61 0.61 0.62 0.62 0.63 0.64 0.64 0.64 0.64 0.64 0.65 0.66 0.67 0.67 0.68 0.69 0.70 0.70 0.70 0.70 0.71 0.71 0.72 0.71 0.73 0.73 0.75 0.74 0.77 0.77 0.80 0.80 0.82 0.82 0.82 0.82 0.79 0.80 0.79 0.79 0.79 0.79 0.82 0.82 0.86 0.85 0.87 0.86 0.89 0.89 0.92 0.92 0.95 0.95 1.00 0.99 1.02 1.02 1.08 1.07 1.11 1.11 1.27 1.28 1.37 1.37 1.44 1.44 1.51 1.49 1.02 1.02 1.70 1.71 1.52 1.52 1.49 1.49 1.48 1.48 1.47 1.47 1.46 1.46 1.47 1.47 1.46 1.46 1.45 1.46 1.45 1.45 1.45 1.44 1.45 1.44 1.44 1.44 1.44 1.44 1.44 1.44 1.43 1.44 1.21 1.20 0.89 0.90 1.38 1.37 1.39 1.38 5.64 5.64 5.72 5.72 5.74 5.73 6.41 6.40 6.54 6.54 6.55 6.55 6.56 6.57 6.17 6.17 6.19 6.19 6.21 6.21 6.23 6.24 6.26 6.26 6.29 6.29 6.34 6.34 6.38 6.37 6.41 6.40 6.45 6.45 6.47 6.46 6.28 6.28 5.91 5.92 5.92 5.92 5.85 5.84 5.70 5.71 5.88 5.87 5.28 5.30 5.16 5.17 6.67 6.68 6.75 6.74 6.85 6.85 4.57 4.56 4.45 4.46 4.36 4.36 7.22 7.22 7.28 7.27 7.23 7.22 7.29 7.30 7.39 7.39 3.75 3.76 3.66 3.67 3.67 3.67 7.52 7.52 7.35 7.36 6.95 6.94 3.35 3.35 3.28 3.28 3.04 3.04 3.00 3.00 2.64 2.64 2.54 2.58 2.51 2.52 2.49 2.47 2.50 2.50 2.60 2.61 2.68 2.66 2.70 2.71 2.68 2.67 2.67 2.67 2.66 2.65 -13.264251 10.620411 0.693712 -13.233495 10.645987 0.693712 1240.320555 magnum 28.872653
ODOM -13.231047 10.648066 0.582111 0.017000 -0.001243 0.000000 1240.513287 magnum 28.994092
ODOM -13.229586 10.649027 0.514615 0.018500 -0.001294 0.000000 1240.633229 magnum 29.111612
FLASER 360 2.82 2.68 2.95 2.95 3.03 3.03 3.05 3.05 6.41 9.44 9.32 9.32 9.23 9.23 9.13 9.13 4.56 4.57 4.48 4.48 3.88 3.90 3.96 3.96 4.16 4.15 4.32 4.32 4.49 4.49 4.69 4.69 4.91 4.91 5.18 5.19 5.35 5.33 5.76 5.75 6.08 6.07 6.51 6.50 6.73 6.68 7.30 7.29 7.89 7.88 7.99 7.99 8.32 8.29 10.45 10.36 11.21 11.18 12.61 12.56 13.77 13.67 16.93 16.80 17.03 17.04 17.02 17.02 32.49 30.87 34.81 34.82 34.81 34.80 16.93 16.94 16.98 16.98 16.81 16.82 13.87 13.87 10.91 10.97 7.88 7.88 7.85 7.87 7.88 7.88 6.39 6.39 5.72 5.73 4.97 4.97 0.51 0.50 0.50 0.50 0.48 0.48 0.49 0.49 0.46 0.47 0.46 0.46 0.46 0.46 0.46 0.46 0.47 0.47 0.47 0.47 0.52 0.52 0.53 0.52 0.53 0.53 0.54 0.53 0.53 0.53 0.54 0.53 0.55 0.54 0.55 0.55 0.56 0.55 0.56 0.56 0.57 0.57 0.58 0.58 0.59 0.59 0.59 0.59 0.59 0.59 0.61 0.61 0.61 0.61 0.62 0.63 0.62 0.64 0.63 0.63 0.65 0.65 0.65 0.67 0.66 0.66 0.68 0.68 0.70 0.70 0.70 0.70 0.71 0.71 0.72 0.72 0.72 0.72 0.74 0.74 0.76 0.76 0.79 0.79 0.82 0.82 0.81 0.81 0.79 0.79 0.79 0.79 0.78 0.78 0.80 0.81 0.84 0.83 0.85 0.85 0.88 0.88 0.91 0.92 0.94 0.94 0.98 0.97 1.01 1.01 1.05 1.05 1.09 1.09 1.17 1.17 1.35 1.35 1.41 1.40 1.47 1.48 1.45 1.47 1.65 1.63 1.66 1.70 1.49 1.49 1.48 1.48 1.47 1.47 1.46 1.46 1.46 1.46 1.48 1.48 1.46 1.46 1.45 1.45 1.45 1.45 1.45 1.44 1.45 1.44 1.44 1.44 1.44 1.44 1.44 1.44 1.42 1.43 0.92 0.93 6.16 6.16 1.37 1.37 5.65 5.67 5.66 5.65 5.71 5.72 6.24 6.10 6.53 6.53 6.55 6.55 6.56 6.56 6.18 6.19 6.18 6.17 6.19 6.20 6.22 6.22 6.25 6.24 6.26 6.27 6.33 6.32 6.36 6.35 6.39 6.39 6.42 6.42 6.46 6.46 6.35 6.36 81.91 81.91 5.90 5.90 5.89 5.89 5.77 5.77 5.72 5.71 5.53 5.62 5.23 5.24 5.19 5.20 6.71 6.70 6.79 6.79 6.85 6.85 4.50 4.50 4.38 4.39 4.37 4.38 7.24 7.23 7.18 7.19 7.24 7.25 7.35 7.35 3.81 3.81 3.69 3.69 3.64 3.64 7.55 7.57 7.41 7.43 6.99 7.01 6.88 6.87 3.32 3.32 3.08 3.09 3.03 3.03 2.87 2.91 2.56 2.58 2.53 2.50 -13.264461 10.626758 0.567818 -13.230738 10.648270 0.567818 1240.530230 magnum 29.111805
ODOM -13.226542 10.650749 0.378089 0.019500 -0.001271 0.000000 1240.761109 magnum 29.244042
FLASER 360 2.43 2.43 2.43 2.44 2.47 2.47 2.43 2.43 2.38 2.38 2.39 2.39 2.44 2.45 2.51 2.50 2.61 2.61 2.95 2.95 3.01 3.01 3.03 3.03 6.01 6.02 6.26 6.29 9.24 9.24 9.14 9.14 4.58 4.58 4.50 4.50 3.90 3.90 3.90 3.90 4.12 4.12 4.28 4.28 4.45 4.45 4.64 4.64 4.85 4.85 5.12 5.11 5.21 5.21 5.69 5.68 6.01 6.01 6.40 6.40 6.55 6.55 7.20 7.19 7.75 7.74 7.99 8.00 8.08 8.07 9.71 9.71 11.09 11.10 12.20 12.19 13.44 13.44 16.56 16.56 17.01 17.01 17.02 17.02 17.01 17.01 34.82 34.83 34.81 34.81 16.94 16.95 16.97 16.97 16.94 16.94 13.89 13.89 12.45 12.45 7.91 7.92 7.88 7.88 7.82 7.82 6.40 6.40 5.86 5.88 4.97 4.98 0.50 0.49 0.50 0.49 0.48 0.48 0.48 0.48 0.46 0.46 0.46 0.46 0.46 0.46 0.46 0.46 0.46 0.47 0.47 0.46 0.52 0.51 0.52 0.53 0.52 0.53 0.53 0.52 0.53 0.53 0.54 0.54 0.54 0.54 0.54 0.55 0.56 0.55 0.55 0.56 0.57 0.57 0.58 0.57 0.59 0.58 0.59 0.59 0.60 0.60 0.59 0.59 0.61 0.60 0.62 0.62 0.62 0.62 0.64 0.63 0.64 0.64 0.65 0.65 0.67 0.66 0.68 0.66 0.69 0.69 0.70 0.69 0.70 0.71 0.72 0.70 0.71 0.71 0.73 0.74 0.75 0.75 0.78 0.78 0.82 0.81 0.81 0.81 0.80 0.80 0.79 0.79 0.77 0.77 0.80 0.80 0.83 0.83 0.84 0.84 0.86 0.86 0.90 0.90 0.93 0.93 0.96 0.96 1.00 1.00 1.03 1.03 1.07 1.07 1.13 1.12 1.34 1.32 1.40 1.39 1.46 1.46 1.49 1.50 0.98 0.99 1.72 1.72 1.49 1.49 1.47 1.48 1.47 1.47 1.46 1.46 1.46 1.46 1.47 1.45 1.45 1.45 1.45 1.44 1.45 1.45 1.44 1.44 1.43 1.43 1.44 1.44 1.44 1.44 1.43 1.43 1.43 1.43 0.98 0.99 6.30 6.31 1.37 1.37 5.66 5.66 5.63 5.63 5.72 5.72 5.83 5.84 6.44 6.44 6.54 6.54 6.55 6.55 6.38 6.42 6.17 6.17 6.18 6.18 6.21 6.21 6.23 6.23 6.25 6.25 6.31 6.31 6.34 6.34 6.38 6.38 6.41 6.40 6.45 6.45 6.42 6.42 81.91 81.91 5.90 5.89 5.98 5.97 5.79 5.79 5.69 5.69 6.02 6.02 5.24 5.24 5.16 5.16 6.66 6.66 6.73 6.73 6.80 6.80 4.53 4.53 4.40 4.41 4.36 4.36 7.17 7.18 7.15 7.14 7.22 7.23 7.32 7.31 7.41 7.41 3.73 3.73 3.63 3.64 3.71 3.70 7.48 7.48 -13.263736 10.635854 0.380693 -13.226600 10.650716 0.380693 1240.750285 magnum 29.244195
ODOM -13.225117 10.651315 0.312127 0.017500 -0.001305 0.000000 1240.883292 magnum 29.361708
ODOM -13.223452 10.651852 0.243097 0.019500 -0.001338 0.000000 1241.009771 magnum 29.486149
FLASER 360 2.13 2.13 2.17 2.17 2.19 2.19 2.21 2.22 2.25 2.26 2.28 2.29 2.32 2.32 2.37 2.36 2.41 2.41 2.43 2.43 2.49 2.47 2.44 2.44 2.40 2.40 2.39 2.39 2.43 2.43 2.49 2.49 2.59 2.59 2.94 2.94 3.00 3.00 3.01 3.02 7.29 7.30 7.23 7.23 9.27 9.27 9.16 9.16 4.61 4.60 4.50 4.51 3.92 3.91 3.87 3.87 4.10 4.10 4.26 4.26 4.41 4.42 4.61 4.62 4.82 4.82 5.04 5.04 5.19 5.19 5.63 5.64 5.95 5.96 6.31 6.31 6.55 6.54 7.09 7.10 7.60 7.61 7.98 7.98 8.00 7.99 9.68 9.68 11.09 11.09 12.08 12.08 13.30 13.30 13.99 14.00 17.02 17.01 17.01 17.01 16.98 16.99 34.76 34.75 34.81 34.80 34.80 34.81 16.97 16.97 16.97 16.97 13.99 13.97 12.59 12.57 8.03 8.01 7.88 7.88 7.82 7.82 6.43 6.42 6.19 6.15 5.06 5.05 0.49 0.49 0.48 0.48 0.48 0.48 0.47 0.47 0.46 0.46 0.45 0.45 0.46 0.45 0.46 0.46 0.46 0.46 0.46 0.47 0.52 0.52 0.52 0.52 0.53 0.53 0.52 0.52 0.53 0.53 0.54 0.53 0.54 0.54 0.55 0.55 0.54 0.54 0.56 0.55 0.56 0.56 0.57 0.58 0.57 0.58 0.60 0.60 0.60 0.60 0.60 0.59 0.59 0.60 0.61 0.61 0.61 0.62 0.63 0.63 0.63 0.63 0.66 0.65 0.66 0.65 0.66 0.66 0.68 0.68 0.69 0.69 0.70 0.70 0.71 0.71 0.70 0.71 0.73 0.72 0.74 0.75 0.77 0.77 0.80 0.81 0.81 0.80 0.80 0.80 0.79 0.79 0.77 0.77 0.79 0.79 0.81 0.81 0.84 0.84 0.86 0.86 0.89 0.89 0.92 0.92 0.96 0.96 0.99 1.00 1.02 1.03 1.07 1.07 1.12 1.12 1.32 1.31 1.38 1.39 1.44 1.43 1.50 1.51 0.98 0.99 1.72 1.72 1.50 1.49 1.48 1.47 1.47 1.46 1.46 1.46 1.45 1.45 1.46 1.46 1.45 1.45 1.44 1.44 1.44 1.45 1.44 1.44 1.43 1.43 1.43 1.44 1.43 1.44 1.43 1.44 1.43 1.43 1.16 1.15 0.90 0.91 1.36 1.36 1.37 1.37 5.62 5.62 5.72 5.72 5.73 5.73 6.39 6.40 6.53 6.53 6.55 6.55 6.53 6.53 6.16 6.16 6.17 6.17 6.19 6.19 6.22 6.22 6.25 6.25 6.28 6.29 6.33 6.33 6.36 6.36 6.40 6.40 6.43 6.44 6.45 6.45 6.25 6.24 5.89 5.89 5.92 5.91 5.84 5.83 5.68 5.68 5.85 5.86 5.28 5.28 5.17 5.16 6.61 6.61 6.68 6.68 6.77 6.78 4.56 4.55 4.45 4.44 4.34 4.34 7.14 7.14 -13.262590 10.641187 0.265402 -13.223990 10.651679 0.265402 1240.960171 magnum 29.486489
ODOM -13.221755 10.652273 0.174067 0.017500 -0.001338 0.000000 1241.123245 magnum 29.601847
ODOM -13.220033 10.652576 0.108105 0.017500 -0.001338 0.000000 1241.243885 magnum 29.721537
FLASER 360 1.05 1.05 1.96 1.96 1.99 1.99 2.00 2.00 2.03 2.03 2.05 2.05 2.07 2.07 2.10 2.10 2.12 2.13 2.16 2.16 2.20 2.19 2.22 2.22 2.25 2.25 2.29 2.28 2.32 2.32 2.36 2.36 2.41 2.40 2.43 2.43 2.47 2.47 2.44 2.43 2.39 2.39 2.37 2.37 2.42 2.42 2.47 2.47 2.54 2.54 2.92 2.92 2.99 2.99 3.02 3.02 7.29 7.29 7.21 7.20 9.28 9.28 9.18 6.43 4.63 4.64 4.51 4.51 3.94 3.94 3.86 3.86 4.08 4.07 4.23 4.23 4.39 4.40 4.58 4.58 4.78 4.78 5.00 5.00 5.19 5.19 5.57 5.57 5.89 5.88 6.24 6.24 6.55 6.56 7.00 6.99 7.49 7.49 7.94 7.94 7.98 7.98 9.62 9.62 11.06 11.06 12.06 12.05 13.18 13.17 13.94 13.93 17.01 17.01 17.01 17.02 16.99 16.99 34.62 34.62 34.79 34.80 34.78 34.81 16.95 16.95 16.97 16.97 14.33 14.38 13.45 13.46 10.55 10.55 7.87 7.87 7.81 7.82 6.46 6.46 6.34 6.34 17.19 17.20 0.49 0.49 0.49 0.49 0.47 0.48 0.47 0.46 0.45 0.45 0.45 0.45 0.45 0.45 0.45 0.45 0.46 0.46 0.47 0.47 0.52 0.51 0.51 0.51 0.52 0.52 0.52 0.52 0.54 0.53 0.53 0.52 0.53 0.54 0.55 0.54 0.54 0.53 0.55 0.55 0.57 0.56 0.56 0.56 0.59 0.58 0.59 0.58 0.59 0.58 0.59 0.60 0.59 0.59 0.61 0.62 0.61 0.61 0.62 0.62 0.63 0.62 0.63 0.63 0.65 0.64 0.67 0.66 0.67 0.67 0.68 0.69 0.70 0.69 0.70 0.71 0.70 0.70 0.72 0.72 0.74 0.74 0.76 0.76 0.79 0.80 0.80 0.80 0.80 0.81 0.78 0.78 0.77 0.77 0.77 0.78 0.82 0.81 0.85 0.84 0.85 0.86 0.88 0.88 0.92 0.92 0.94 0.94 0.99 0.99 1.02 1.01 1.07 1.07 1.10 1.10 1.25 1.25 1.37 1.37 1.43 1.43 1.50 1.49 1.12 1.10 1.71 1.71 1.53 1.54 1.47 1.47 1.47 1.47 1.45 1.46 1.45 1.45 1.45 1.45 1.45 1.46 1.44 1.44 1.43 1.43 1.44 1.42 1.43 1.42 1.43 1.42 1.43 1.43 1.42 1.43 1.42 1.43 1.39 1.39 0.90 0.90 1.37 1.37 1.34 1.35 5.62 5.62 5.68 5.68 5.71 5.72 6.38 6.38 6.52 6.52 6.54 6.54 6.55 6.55 6.15 6.15 6.17 6.17 6.18 6.18 6.21 6.21 6.24 6.24 6.26 6.26 6.32 6.32 6.35 6.35 6.38 6.39 6.41 6.41 6.46 6.46 6.29 6.30 5.87 5.88 5.89 5.89 5.86 5.86 5.72 5.72 5.85 5.86 5.37 5.36 -13.260560 10.646662 0.144204 -13.220975 10.652410 0.144204 1241.170919 magnum 29.721691
ODOM -13.216556 10.652953 -0.023819 0.020000 -0.001310 0.000000 1241.368644 magnum 29.844925
ODOM -13.214808 10.652912 -0.092849 0.020500 -0.001338 0.000000 1241.485936 magnum 29.962579
FLASER 360 0.96 0.97 0.97 0.96 0.97 0.96 0.98 0.99 1.05 1.05 1.04 1.04 1.04 1.04 1.04 1.04 1.05 1.10 1.96 1.96 1.99 1.99 2.00 2.00 2.03 2.03 2.06 2.06 2.08 2.08 2.11 2.11 2.12 2.13 2.16 2.16 2.20 2.19 2.21 2.22 2.25 2.25 2.28 2.28 2.32 2.32 2.36 2.36 2.40 2.40 2.42 2.43 2.47 2.47 2.44 2.43 2.39 2.39 2.38 2.37 2.42 2.43 2.47 2.47 2.54 2.55 2.92 2.92 2.99 2.99 3.02 3.02 3.07 3.07 7.16 7.20 9.30 9.29 6.43 6.44 4.65 4.64 4.51 4.52 3.95 3.95 3.86 3.86 4.06 4.07 4.22 4.22 4.38 4.39 4.56 4.56 4.75 4.76 4.97 4.98 5.19 5.19 5.53 5.55 5.85 5.86 6.20 6.22 6.55 6.55 6.95 6.97 7.42 7.44 7.92 7.92 7.98 7.97 9.54 9.56 10.90 10.93 11.47 12.04 12.87 12.96 13.93 13.93 17.01 17.00 17.02 17.01 16.99 16.99 32.55 34.61 34.80 34.79 34.79 34.81 16.94 16.94 16.97 16.97 14.58 14.58 13.53 13.51 10.52 10.50 7.86 7.86 7.83 7.82 6.42 6.51 6.37 6.38 81.91 81.91 0.48 0.48 0.48 0.48 0.47 0.48 0.45 0.46 0.45 0.45 0.45 0.45 0.45 0.45 0.45 0.45 0.46 0.46 0.50 0.50 0.52 0.51 0.51 0.51 0.51 0.52 0.52 0.52 0.53 0.52 0.52 0.53 0.53 0.53 0.53 0.53 0.55 0.55 0.55 0.54 0.57 0.56 0.57 0.57 0.57 0.56 0.58 0.57 0.59 0.59 0.59 0.59 0.59 0.59 0.59 0.59 0.61 0.61 0.62 0.62 0.62 0.62 0.64 0.64 0.64 0.65 0.66 0.65 0.69 0.69 0.68 0.69 0.69 0.70 0.70 0.69 0.70 0.70 0.71 0.71 0.74 0.74 0.76 0.76 0.80 0.80 0.81 0.81 0.79 0.80 0.78 0.78 0.77 0.77 0.78 0.78 0.81 0.81 0.83 0.83 0.85 0.84 0.88 0.89 0.92 0.92 0.93 0.94 0.98 0.98 1.00 1.00 1.05 1.06 1.08 1.08 1.21 1.23 1.36 1.37 1.41 1.43 1.49 1.49 1.24 1.19 1.69 1.70 1.57 1.58 1.47 1.47 1.46 1.46 1.45 1.45 1.45 1.45 1.45 1.45 1.47 1.48 1.44 1.44 1.43 1.43 1.42 1.42 1.43 1.43 1.42 1.42 1.42 1.42 1.42 1.42 1.42 1.42 1.41 1.41 0.92 0.92 5.90 5.88 1.36 1.37 5.64 5.64 5.65 5.65 5.72 5.72 6.37 6.38 6.51 6.51 6.53 6.53 6.55 6.55 6.15 6.15 6.16 6.16 6.18 6.18 6.21 6.21 6.23 6.23 6.25 6.25 6.30 6.31 6.33 6.33 6.37 6.37 6.40 6.40 -13.256089 10.654579 -0.040927 -13.216123 10.652943 -0.040927 1241.390572 magnum 29.962768
ODOM -13.213281 10.652769 -0.160345 0.019500 -0.001338 0.000000 1241.610365 magnum 30.094765
FLASER 360 0.97 0.97 0.97 0.97 0.98 0.98 0.97 0.97 0.97 0.98 0.96 0.96 0.96 0.96 0.96 0.96 0.96 0.96 0.96 0.97 0.97 0.97 1.00 1.00 1.05 1.05 1.05 1.05 1.04 1.04 1.04 1.04 1.19 1.20 1.97 1.97 2.00 2.00 2.01 2.01 2.03 2.03 2.06 2.06 2.08 2.08 2.11 2.10 2.13 2.13 2.16 2.16 2.19 2.20 2.22 2.22 2.25 2.25 2.28 2.29 2.32 2.33 2.36 2.36 2.40 2.41 2.43 2.43 2.47 2.47 2.44 2.44 2.40 2.40 2.39 2.39 2.43 2.43 2.49 2.49 2.58 2.58 2.93 2.93 2.99 3.00 3.02 3.02 7.30 7.30 7.21 7.20 9.30 9.29 6.42 6.42 4.64 4.62 4.51 4.51 3.94 3.94 3.86 3.86 4.07 4.07 4.22 4.22 4.39 4.39 4.57 4.56 4.76 4.76 4.98 4.97 5.19 5.19 5.56 5.55 5.86 5.86 6.21 6.21 6.54 6.55 6.96 6.96 7.44 7.43 7.92 7.92 7.97 7.97 9.55 9.54 10.86 10.85 11.42 11.41 12.87 12.86 13.93 13.93 17.00 17.00 17.02 17.02 16.99 16.99 32.51 32.46 34.79 34.79 34.79 34.78 16.93 16.93 16.97 16.97 14.58 14.59 13.52 13.55 10.52 10.51 7.86 7.86 7.82 7.82 6.40 6.41 6.37 6.38 0.49 0.50 0.49 0.48 0.48 0.47 0.48 0.48 0.46 0.46 0.44 0.44 0.44 0.44 0.45 0.45 0.45 0.45 0.45 0.45 0.51 0.50 0.52 0.51 0.51 0.51 0.51 0.51 0.51 0.52 0.51 0.52 0.52 0.52 0.52 0.52 0.53 0.53 0.53 0.54 0.54 0.54 0.55 0.54 0.56 0.56 0.57 0.56 0.57 0.57 0.57 0.58 0.59 0.59 0.58 0.59 0.60 0.59 0.61 0.60 0.62 0.62 0.62 0.62 0.62 0.62 0.63 0.63 0.65 0.65 0.67 0.67 0.67 0.68 0.69 0.69 0.69 0.69 0.70 0.69 0.71 0.71 0.74 0.74 0.75 0.75 0.78 0.79 0.80 0.80 0.79 0.79 0.78 0.78 0.77 0.77 0.77 0.77 0.80 0.80 0.83 0.83 0.84 0.84 0.87 0.87 0.91 0.90 0.93 0.93 0.97 0.97 0.99 0.99 1.05 1.05 1.07 1.07 1.16 1.17 1.34 1.35 1.40 1.40 1.47 1.47 1.43 1.44 1.65 1.71 1.65 1.66 1.47 1.47 1.45 1.46 1.45 1.45 1.45 1.45 1.45 1.45 1.47 1.46 1.44 1.43 1.43 1.43 1.42 1.42 1.42 1.42 1.42 1.42 1.42 1.41 1.41 1.41 1.42 1.42 1.42 1.41 0.96 0.97 5.93 5.91 1.35 1.36 5.64 5.64 5.63 5.63 5.70 5.71 6.37 6.37 6.50 6.50 6.52 6.52 6.54 6.54 6.15 6.15 6.16 6.16 -13.252820 10.659088 -0.158526 -13.213322 10.652773 -0.158526 1241.600172 magnum 30.094933
ODOM -13.209190 10.652108 -0.301473 0.017000 -0.001366 0.000000 1241.768601 magnum 30.245408
ODOM -13.207725 10.651652 -0.368969 0.012500 -0.001282 0.000000 1241.895397 magnum 30.371592
FLASER 360 0.99 0.99 0.99 0.99 0.99 0.99 0.99 0.98 0.99 0.99 0.98 0.99 0.98 0.98 0.98 0.98 0.98 0.99 0.99 0.98 0.99 0.99 0.98 0.99 0.98 0.98 0.97 0.97 0.97 0.97 0.97 0.97 0.97 0.97 0.97 0.97 0.98 0.98 1.00 1.00 1.03 1.04 1.05 1.04 1.03 1.03 1.03 1.03 1.19 1.18 1.96 1.96 1.99 1.99 2.00 2.00 2.03 2.03 2.05 2.05 2.07 2.07 2.10 2.10 2.13 2.13 2.16 2.15 2.19 2.19 2.22 2.22 2.25 2.25 2.28 2.28 2.32 2.32 2.36 2.36 2.40 2.40 2.42 2.42 2.47 2.46 2.45 2.45 2.40 2.40 2.38 2.38 2.42 2.42 2.46 2.46 2.53 2.53 2.91 2.90 2.97 2.97 3.03 3.03 3.04 3.04 6.63 6.61 9.32 9.32 6.43 6.44 9.13 9.14 4.54 4.54 3.99 3.99 3.87 3.87 3.99 3.97 4.18 4.18 4.34 4.33 4.51 4.50 4.70 4.69 4.92 4.91 5.18 5.17 5.39 5.34 5.76 5.75 6.08 6.07 6.49 6.47 6.65 6.60 7.27 7.26 7.84 7.82 7.98 7.98 8.20 8.17 9.80 9.75 11.13 11.11 12.31 12.22 13.50 13.48 16.57 16.56 17.00 17.01 16.99 17.00 17.04 17.02 34.78 34.79 34.77 34.77 16.93 16.92 16.97 16.96 16.92 16.95 13.87 13.87 12.43 12.43 7.87 7.89 7.85 7.86 7.85 7.83 6.37 6.37 0.51 0.51 0.49 0.47 0.47 0.48 0.48 0.48 0.45 0.45 0.43 0.44 0.44 0.44 0.44 0.44 0.45 0.45 0.44 0.44 0.50 0.49 0.50 0.50 0.50 0.51 0.50 0.51 0.50 0.50 0.50 0.50 0.51 0.50 0.52 0.51 0.52 0.52 0.52 0.52 0.54 0.54 0.54 0.54 0.56 0.55 0.56 0.55 0.56 0.57 0.57 0.58 0.58 0.57 0.58 0.58 0.60 0.59 0.59 0.60 0.61 0.61 0.61 0.62 0.63 0.63 0.64 0.64 0.65 0.64 0.66 0.67 0.66 0.67 0.68 0.68 0.69 0.69 0.69 0.69 0.71 0.71 0.72 0.72 0.75 0.74 0.77 0.77 0.80 0.79 0.78 0.78 0.78 0.78 0.77 0.77 0.77 0.77 0.79 0.78 0.81 0.81 0.83 0.82 0.84 0.84 0.89 0.88 0.92 0.91 0.94 0.95 0.99 0.98 1.01 1.00 1.06 1.06 1.11 1.11 1.32 1.31 1.36 1.37 1.43 1.43 1.50 1.50 0.97 0.98 1.71 1.70 1.48 1.49 1.46 1.46 1.45 1.45 1.45 1.45 1.44 1.44 1.44 1.44 1.44 1.45 1.43 1.43 1.42 1.42 1.42 1.42 1.42 1.41 1.41 1.41 1.42 1.42 1.41 1.41 1.41 1.41 1.43 1.42 0.89 0.90 1.35 1.36 1.37 1.37 -13.246312 10.664967 -0.332891 -13.208508 10.651896 -0.332891 1241.820274 magnum 30.371771
ODOM -13.206368 10.651128 -0.436465 0.016500 -0.001338 0.000000 1242.052459 magnum 30.529756
FLASER 360 1.04 1.04 1.04 1.04 1.03 1.03 1.02 1.02 1.02 1.03 1.02 1.02 1.02 1.02 1.01 1.01 1.01 1.00 0.99 1.00 0.99 0.99 0.99 0.99 0.99 0.98 0.98 0.98 0.98 0.99 0.99 0.99 0.99 0.98 0.99 0.98 0.98 0.98 0.97 0.97 0.96 0.97 0.96 0.96 0.96 0.96 0.96 0.97 0.97 0.97 0.97 0.97 0.97 0.97 0.99 0.99 1.05 1.04 1.04 1.04 1.04 1.04 1.05 1.05 1.14 1.14 1.95 1.96 1.98 1.98 2.01 2.01 2.02 2.02 2.05 2.05 2.07 2.07 2.10 2.10 2.13 2.12 2.15 2.15 2.18 2.18 2.21 2.21 2.24 2.24 2.28 2.28 2.31 2.31 2.35 2.35 2.38 2.39 2.43 2.43 2.46 2.46 2.46 2.46 2.41 2.41 2.38 2.38 2.40 2.40 2.45 2.45 2.51 2.51 2.70 2.70 2.95 2.95 3.03 3.03 3.03 3.03 6.02 6.02 7.24 7.24 9.25 9.25 9.15 9.15 4.58 4.59 4.49 4.49 3.88 3.88 3.91 3.91 4.12 4.12 4.28 4.28 4.44 4.44 4.63 4.63 4.83 4.83 5.06 5.06 5.18 5.18 5.64 5.64 5.95 5.95 6.31 6.31 6.54 6.54 7.09 7.08 7.61 7.61 7.96 7.97 7.99 7.99 9.66 9.66 11.06 11.07 12.07 12.07 13.26 13.26 13.95 13.95 16.99 16.99 17.00 17.01 16.97 16.97 34.65 34.64 34.77 34.78 34.77 34.77 16.95 16.96 16.97 16.97 14.01 14.02 12.67 12.70 8.04 8.05 7.86 7.86 7.80 7.79 6.45 6.45 6.29 6.31 0.47 0.46 0.47 0.47 0.47 0.47 0.45 0.46 0.43 0.43 0.43 0.43 0.43 0.44 0.43 0.43 0.44 0.44 0.46 0.46 0.51 0.50 0.51 0.51 0.51 0.51 0.49 0.50 0.51 0.49 0.51 0.50 0.52 0.51 0.52 0.51 0.52 0.52 0.53 0.52 0.53 0.53 0.55 0.55 0.56 0.56 0.56 0.56 0.57 0.56 0.57 0.58 0.58 0.58 0.59 0.58 0.59 0.59 0.60 0.60 0.61 0.61 0.60 0.61 0.63 0.62 0.64 0.63 0.64 0.64 0.68 0.68 0.67 0.66 0.67 0.67 0.69 0.69 0.69 0.69 0.71 0.71 0.73 0.73 0.76 0.76 0.78 0.78 0.79 0.80 0.79 0.79 0.77 0.77 0.77 0.77 0.77 0.77 0.79 0.80 0.82 0.82 0.84 0.84 0.86 0.86 0.90 0.90 0.93 0.92 0.96 0.96 0.99 0.99 1.04 1.04 1.07 1.06 1.17 1.17 1.34 1.33 1.39 1.39 1.46 1.46 1.44 1.44 1.62 1.60 1.59 1.60 1.46 1.46 1.46 1.46 1.45 1.45 1.44 1.44 1.43 1.43 1.45 1.46 1.42 1.42 1.41 1.41 1.42 1.41 1.41 1.41 -13.242848 10.667859 -0.430237 -13.206494 10.651176 -0.430237 1242.030889 magnum 30.529886
ODOM -13.202388 10.649271 -0.577593 0.021500 -0.001361 0.000000 1242.171484 magnum 30.647875
ODOM -13.200357 10.647947 -0.646623 0.040500 -0.001338 0.000000 1242.345532 magnum 30.822204
FLASER 360 1.11 1.10 1.09 1.09 1.08 1.09 1.09 1.09 1.08 1.08 1.07 1.07 1.06 1.06 1.05 1.06 1.05 1.05 1.03 1.03 1.03 1.03 1.04 1.03 1.03 1.03 1.02 1.02 1.01 1.01 1.00 1.01 1.01 1.01 1.00 1.00 0.99 0.99 0.99 0.99 0.98 0.99 0.98 0.98 0.98 0.98 0.98 0.98 0.98 0.98 0.98 0.98 0.98 0.98 0.98 0.98 0.97 0.97 0.96 0.96 0.96 0.96 0.96 0.96 0.96 0.97 0.96 0.97 0.98 0.98 0.98 0.98 1.04 1.05 1.04 1.04 1.04 1.04 1.05 1.05 1.12 1.12 1.95 1.95 1.98 1.98 2.01 2.01 2.02 2.02 2.04 2.05 2.07 2.07 2.09 2.09 2.12 2.12 2.14 2.14 2.17 2.17 2.21 2.20 2.23 2.23 2.27 2.26 2.30 2.30 2.34 2.34 2.37 2.38 2.42 2.42 2.43 2.44 2.46 2.46 2.41 2.42 2.38 2.38 2.39 2.39 2.44 2.44 2.50 2.50 2.63 2.62 2.94 2.94 3.01 3.01 3.02 3.02 7.31 7.30 7.22 7.21 9.27 9.28 6.42 6.42 4.60 4.61 4.50 4.50 3.90 3.92 3.86 3.85 4.08 4.08 4.23 4.23 4.41 4.40 4.58 4.59 4.78 4.77 4.99 4.99 5.19 5.18 5.56 5.56 5.88 5.87 6.21 6.20 6.53 6.53 6.96 6.94 7.46 7.44 7.93 7.92 7.96 7.96 9.53 9.50 10.85 10.77 12.00 11.34 12.89 12.79 13.93 13.90 16.98 16.97 17.01 17.01 16.97 16.97 32.48 34.53 34.79 34.79 34.78 34.79 16.93 16.93 16.95 16.96 14.58 14.59 13.56 13.65 10.51 10.59 7.84 7.85 7.80 7.80 6.39 6.42 6.35 6.37 0.47 0.47 0.46 0.47 0.47 0.47 0.45 0.45 0.43 0.44 0.43 0.43 0.43 0.43 0.43 0.43 0.44 0.44 0.45 0.45 0.50 0.50 0.50 0.50 0.50 0.50 0.50 0.50 0.51 0.50 0.50 0.50 0.51 0.50 0.51 0.51 0.52 0.52 0.53 0.52 0.53 0.52 0.54 0.54 0.55 0.54 0.55 0.54 0.55 0.55 0.56 0.56 0.56 0.57 0.57 0.57 0.58 0.58 0.58 0.58 0.59 0.60 0.60 0.60 0.61 0.61 0.62 0.62 0.63 0.63 0.67 0.69 0.65 0.65 0.67 0.66 0.69 0.67 0.69 0.69 0.70 0.69 0.71 0.72 0.73 0.74 0.77 0.75 0.79 0.78 0.78 0.79 0.77 0.77 0.77 0.77 0.76 0.76 0.77 0.77 0.81 0.81 0.82 0.82 0.84 0.86 0.87 0.88 0.91 0.91 0.94 0.94 0.98 0.98 1.01 1.00 1.05 1.05 1.11 1.11 1.31 1.31 1.36 1.36 1.44 1.43 1.50 1.49 0.98 0.98 1.71 1.71 1.46 1.46 1.45 1.45 -13.234332 10.671535 -0.607873 -13.201497 10.648690 -0.607873 1242.240557 magnum 30.822629
ODOM -13.184700 10.636128 -0.786217 0.182000 -0.001333 0.000000 1242.468604 magnum 30.949077
FLASER 360 1.21 1.21 1.20 1.20 1.19 1.19 1.17 1.18 1.16 1.16 1.15 1.15 1.14 1.14 1.12 1.13 1.11 1.11 1.10 1.10 1.10 1.10 1.10 1.10 1.08 1.08 1.07 1.08 1.06 1.07 1.06 1.06 1.05 1.05 1.04 1.04 1.04 1.04 1.02 1.03 1.02 1.03 1.02 1.02 1.01 1.02 1.01 1.00 0.99 1.00 0.99 0.99 1.00 0.99 0.99 0.99 0.99 0.99 0.99 0.98 0.98 0.98 0.98 0.98 0.98 0.98 0.98 0.98 0.98 0.98 0.98 0.98 0.97 0.97 0.97 0.97 0.96 0.96 0.96 0.96 0.97 0.96 0.96 0.97 0.97 0.97 0.97 0.97 1.03 1.03 1.06 1.06 1.03 1.03 1.04 1.04 1.05 1.05 1.93 1.93 1.97 1.97 1.99 1.99 2.01 2.01 2.03 2.03 2.06 2.06 2.07 2.07 2.10 2.11 2.14 2.14 2.16 2.16 2.19 2.19 2.22 2.22 2.25 2.25 2.29 2.29 2.32 2.32 2.36 2.36 2.40 2.40 2.42 2.42 2.46 2.46 2.43 2.43 2.39 2.39 2.38 2.38 2.43 2.41 2.47 2.47 2.54 2.54 2.91 2.91 2.97 2.97 3.02 3.02 3.05 3.05 6.39 6.40 7.28 7.22 6.43 6.43 9.13 9.13 4.53 4.55 3.97 3.98 3.86 3.86 3.98 3.97 4.15 4.14 4.31 4.30 4.48 4.48 4.66 4.66 4.87 4.87 5.15 5.15 5.27 5.26 5.72 5.70 6.02 6.01 6.40 6.39 6.54 6.54 7.19 7.17 7.74 7.72 7.98 7.98 8.04 8.03 9.69 9.68 11.09 11.09 12.10 12.09 13.32 13.29 14.06 14.03 17.00 17.00 17.00 17.00 16.97 16.96 34.75 34.69 34.78 34.77 16.92 34.77 16.95 16.95 16.94 16.95 13.90 13.91 12.47 12.49 7.90 7.91 7.84 7.84 7.79 7.78 6.37 6.37 0.47 0.48 0.47 0.47 0.47 0.47 0.46 0.46 0.43 0.44 0.43 0.43 0.43 0.43 0.43 0.43 0.43 0.43 0.44 0.44 0.45 0.46 0.50 0.50 0.50 0.51 0.50 0.49 0.49 0.49 0.50 0.50 0.49 0.49 0.50 0.50 0.50 0.51 0.51 0.51 0.52 0.52 0.53 0.53 0.54 0.53 0.54 0.54 0.55 0.55 0.55 0.55 0.56 0.56 0.57 0.56 0.57 0.57 0.58 0.58 0.58 0.58 0.59 0.59 0.60 0.60 0.61 0.61 0.62 0.62 0.63 0.63 0.67 0.69 0.65 0.65 0.66 0.66 0.68 0.68 0.69 0.69 0.69 0.70 0.72 0.72 0.74 0.73 0.76 0.76 0.78 0.78 0.78 0.78 0.77 0.76 0.76 0.76 0.76 0.75 0.77 0.78 0.81 0.81 0.81 0.82 0.85 0.86 0.87 0.88 0.92 0.91 0.95 0.94 0.99 0.98 1.01 1.01 1.05 1.04 -13.214717 10.665139 -0.773698 -13.186104 10.637188 -0.773698 1242.450658 magnum 30.949251
ODOM -13.168826 10.620228 -0.846043 0.276000 -0.001042 0.000000 1242.585840 magnum 31.062570
ODOM -13.120527 10.565684 -0.901267 0.401500 -0.000364 0.000000 1242.768617 magnum 31.246098
FLASER 360 1.96 1.95 1.42 1.41 1.31 1.31 1.29 1.29 1.26 1.26 1.26 1.25 1.29 1.31 1.24 1.24 1.23 1.23 1.21 1.21 1.20 1.20 1.17 1.17 1.17 1.17 1.16 1.16 1.14 1.14 1.12 1.12 1.10 1.10 1.10 1.10 1.09 1.09 1.09 1.08 1.07 1.07 1.06 1.06 1.05 1.05 1.04 1.03 1.03 1.03 1.03 1.03 1.02 1.02 1.02 1.02 1.02 1.01 1.01 1.01 1.00 1.00 1.00 0.99 0.99 0.99 0.99 0.98 0.98 0.98 0.98 0.98 0.98 0.98 0.98 0.98 0.97 0.97 0.97 0.98 0.98 0.97 0.98 0.97 0.98 0.97 0.97 0.97 0.95 0.95 0.95 0.94 0.94 0.94 0.94 0.95 0.95 0.95 0.96 0.94 0.96 0.95 0.96 0.97 1.02 1.02 1.03 1.04 1.03 1.02 1.03 1.03 1.04 1.04 1.89 1.92 1.95 1.95 1.97 1.96 1.99 1.99 2.01 2.01 2.03 2.02 2.05 2.05 2.07 2.07 2.10 2.10 2.13 2.13 2.16 2.15 2.19 2.18 2.22 2.22 2.24 2.24 2.28 2.28 2.31 2.31 2.35 2.35 2.39 2.39 2.41 2.42 2.44 2.44 2.40 2.40 2.36 2.35 2.37 2.37 2.42 2.42 2.47 2.47 2.58 2.58 2.91 2.90 2.97 2.97 3.00 3.00 5.85 5.83 6.75 6.72 9.30 9.29 6.39 6.39 9.10 9.10 4.51 4.50 3.93 3.93 3.83 3.83 4.01 4.01 4.15 4.15 4.31 4.31 4.49 4.49 4.67 4.67 4.88 4.89 5.15 5.15 5.38 5.41 5.73 5.74 6.05 6.05 6.43 6.44 6.57 6.57 7.22 7.22 7.80 7.80 7.95 7.95 8.09 8.09 9.69 9.70 11.08 11.08 12.13 12.14 13.39 13.40 16.51 16.52 16.97 16.97 16.97 16.97 16.96 16.96 34.78 34.78 34.76 34.75 16.91 16.91 16.94 16.93 16.92 16.91 13.86 13.85 12.42 12.42 7.86 7.86 7.83 7.84 7.78 7.78 6.35 6.34 23.12 23.12 0.48 4.96 0.45 0.44 0.44 0.44 0.44 0.44 0.43 0.43 0.42 0.41 0.42 0.42 0.42 0.42 0.42 0.42 0.42 0.41 0.43 0.42 0.46 0.43 0.47 0.46 0.47 0.47 0.48 0.48 0.48 0.48 0.48 0.47 0.48 0.47 0.48 0.48 0.50 0.49 0.50 0.49 0.50 0.50 0.50 0.50 0.52 0.52 0.53 0.52 0.52 0.52 0.53 0.53 0.54 0.55 0.55 0.55 0.57 0.56 0.56 0.56 0.58 0.57 0.58 0.58 0.59 0.58 0.59 0.60 0.61 0.61 0.62 0.62 0.63 0.62 0.64 0.64 0.66 0.66 0.67 0.67 0.68 0.68 0.69 0.68 0.72 0.71 0.74 0.73 0.76 0.76 0.78 0.78 0.77 0.77 0.76 0.76 0.75 0.75 -13.170160 10.623413 -0.873873 -13.144486 10.592741 -0.873873 1242.670535 magnum 31.246276
ODOM -13.092923 10.530809 -0.892063 0.475500 0.000286 0.000000 1242.914283 magnum 31.390613
FLASER 360 1.98 2.00 2.06 2.15 2.13 2.12 2.11 1.98 1.97 1.46 1.34 1.32 1.31 1.28 1.27 1.27 1.25 1.25 1.27 1.29 1.24 1.23 1.23 1.22 1.20 1.19 1.18 1.17 1.17 1.15 1.16 1.15 1.14 1.13 1.12 1.11 1.10 1.10 1.09 1.09 1.08 1.07 1.07 1.06 1.06 1.05 1.05 1.04 1.03 1.03 1.03 1.03 1.03 1.02 1.02 1.01 1.01 1.00 1.00 1.00 0.99 0.99 0.99 0.98 0.98 0.98 0.98 0.98 0.97 0.97 0.97 0.96 0.96 0.95 0.96 0.95 0.95 0.94 0.94 0.94 0.94 0.93 0.94 0.93 0.94 0.93 0.93 0.93 0.93 0.93 0.93 0.93 0.93 0.92 0.92 0.91 0.91 0.90 0.90 0.90 0.90 0.90 0.90 0.90 0.90 0.90 0.90 0.90 0.91 0.90 0.91 0.97 0.97 0.97 1.00 0.98 0.97 0.97 0.97 0.97 0.99 1.00 1.15 1.86 1.87 1.88 1.89 1.89 1.90 1.91 1.93 1.93 1.95 1.95 1.96 1.96 1.98 1.99 2.01 2.01 2.03 2.03 2.05 2.06 2.07 2.08 2.10 2.11 2.13 2.14 2.16 2.17 2.20 2.20 2.23 2.23 2.26 2.26 2.30 2.30 2.34 2.33 2.35 2.38 2.38 2.36 2.33 2.31 2.30 2.29 2.30 2.31 2.35 2.36 2.40 2.41 2.50 2.52 2.84 2.84 2.90 2.91 2.94 2.94 2.97 5.76 5.97 7.13 7.16 9.21 9.15 6.31 9.05 9.04 4.48 4.44 4.39 3.87 3.79 3.75 3.82 3.90 4.04 4.06 4.19 4.23 4.36 4.41 4.53 4.58 4.72 4.79 4.95 5.03 5.11 5.16 5.52 5.60 5.83 5.92 6.17 6.29 6.44 6.45 6.95 7.07 7.45 7.62 7.85 7.89 7.88 7.93 9.55 9.60 10.98 11.00 11.97 12.00 13.14 13.25 13.84 13.94 16.90 16.91 16.93 16.91 16.88 16.89 34.57 34.72 34.71 34.70 34.72 34.70 16.86 16.88 16.89 16.88 14.32 13.84 13.39 12.46 10.50 7.92 7.76 7.77 7.73 7.70 6.35 6.36 6.28 6.22 5.57 5.21 4.87 4.84 4.54 4.44 4.19 4.10 3.90 3.82 3.48 3.46 0.42 0.47 0.41 0.40 0.41 0.39 0.41 0.41 0.40 0.40 0.39 0.38 0.37 0.39 0.37 0.37 0.39 0.38 0.38 0.37 0.39 0.39 0.39 0.38 0.38 0.38 0.40 0.39 0.44 0.43 0.44 0.44 0.44 0.44 0.44 0.45 0.45 0.45 0.45 0.45 0.45 0.46 0.47 0.46 0.47 0.47 0.48 0.47 0.48 0.48 0.50 0.48 0.50 0.50 0.51 0.51 0.52 0.52 0.53 0.52 0.53 0.54 0.54 0.55 0.57 0.56 0.57 0.57 0.58 0.57 0.59 0.59 0.61 0.61 0.62 0.61 -13.121187 10.565994 -0.893125 -13.096108 10.534832 -0.893125 1242.890377 magnum 31.390763
ODOM -13.031292 10.454397 -0.878257 0.491000 0.000112 0.000000 1243.110237 magnum 31.587271
FLASER 360 1.42 1.31 1.30 1.28 1.27 1.25 1.25 1.24 1.24 1.24 1.24 1.22 1.22 1.19 1.19 1.17 1.17 1.15 1.15 1.14 1.14 1.12 1.12 1.09 1.10 1.09 1.09 1.08 1.08 1.06 1.06 1.04 1.04 1.02 1.02 1.02 1.02 1.00 1.00 0.99 0.99 0.98 0.98 0.98 0.98 0.96 0.97 0.96 0.95 0.95 0.96 0.94 0.95 0.93 0.93 0.93 0.93 0.91 0.92 0.91 0.91 0.90 0.90 0.89 0.89 0.88 0.88 0.88 0.88 0.88 0.88 0.88 0.88 0.87 0.88 0.87 0.87 0.86 0.87 0.86 0.87 0.86 0.86 0.86 0.87 0.84 0.84 0.83 0.84 0.83 0.83 0.83 0.83 0.82 0.83 0.82 0.83 0.82 0.82 0.82 0.83 0.85 0.86 0.88 0.89 0.90 0.90 0.89 0.89 0.89 0.89 0.89 0.89 0.89 0.90 1.29 1.74 1.77 1.78 1.78 1.79 1.79 1.80 1.81 1.82 1.82 1.83 1.84 1.85 1.86 1.87 1.87 1.88 1.89 1.91 1.92 1.93 1.94 1.94 1.95 1.97 1.98 2.00 2.00 2.01 2.03 2.04 2.06 2.07 2.09 2.10 2.12 2.13 2.15 2.17 2.18 2.20 2.22 2.24 2.23 2.25 2.29 2.29 2.25 2.25 2.23 2.22 2.19 2.20 2.22 2.23 2.26 2.28 2.30 2.33 2.40 2.59 2.73 2.76 2.80 2.84 2.84 2.84 2.86 7.12 7.09 7.07 7.04 9.11 9.05 9.02 8.96 4.51 4.39 4.36 4.29 3.74 3.68 3.66 3.68 3.76 3.91 3.97 4.05 4.12 4.22 4.29 4.41 4.47 4.58 4.67 4.80 4.91 4.97 4.99 5.35 5.48 5.66 5.79 5.98 6.16 6.35 6.36 6.74 6.93 7.23 7.46 7.72 7.80 7.79 7.80 9.35 9.51 10.77 10.90 11.85 11.91 12.85 13.14 13.74 13.89 16.83 16.84 16.85 16.85 16.82 16.79 34.46 34.63 34.61 34.62 34.62 34.61 16.78 16.81 16.81 16.81 14.43 13.80 13.51 12.47 10.72 10.29 7.73 7.70 7.70 7.66 7.66 7.73 6.24 6.22 5.91 5.60 5.20 4.81 4.78 4.61 4.41 4.28 4.11 3.98 3.83 3.71 3.43 3.42 3.43 3.44 8.14 8.18 8.19 8.20 6.47 6.47 8.30 8.31 2.54 2.52 2.49 2.10 1.98 1.94 1.91 1.86 1.84 1.82 1.81 0.38 0.37 0.36 0.37 0.35 0.36 0.36 0.35 0.36 0.34 0.36 0.36 0.36 0.36 0.35 0.34 0.35 0.34 0.35 0.36 0.33 0.34 0.33 0.32 0.34 0.33 0.34 0.34 0.34 0.34 0.34 0.34 0.37 0.34 0.39 0.36 0.41 0.41 0.42 0.41 0.43 0.43 0.44 0.44 0.45 0.45 0.46 0.46 0.47 0.47 0.48 0.48 0.50 0.50 -13.060701 10.490035 -0.879130 -13.035188 10.459227 -0.879130 1243.090635 magnum 31.587418
ODOM -12.999554 10.416141 -0.864451 0.498500 0.000364 0.000000 1243.229588 magnum 31.853551
ODOM -12.966864 10.377826 -0.839907 0.509500 0.000532 0.000000 1243.342536 magnum 31.853717
FLASER 360 1.21 1.18 1.18 1.15 1.15 1.14 1.14 1.12 1.12 1.09 1.09 1.08 1.07 1.05 1.05 1.03 1.04 1.02 1.02 1.01 1.01 1.01 1.00 0.99 0.99 0.97 0.98 0.97 0.96 0.95 0.95 0.94 0.94 0.92 0.92 0.91 0.91 0.90 0.89 0.88 0.88 0.87 0.87 0.87 0.87 0.86 0.86 0.85 0.86 0.85 0.85 0.84 0.84 0.83 0.83 0.82 0.82 0.81 0.81 0.80 0.82 0.81 0.81 0.80 0.81 0.80 0.80 0.80 0.80 0.79 0.79 0.77 0.78 0.77 0.78 0.77 0.78 0.77 0.77 0.76 0.77 0.76 0.77 0.76 0.76 0.76 0.76 0.76 0.76 0.78 0.79 0.80 0.81 0.81 0.81 0.81 0.81 0.82 0.82 0.80 0.81 0.80 0.81 0.81 0.82 1.19 1.60 1.66 1.67 1.67 1.68 1.68 1.68 1.68 1.69 1.70 1.71 1.71 1.72 1.72 1.74 1.74 1.75 1.76 1.77 1.77 1.79 1.79 1.79 1.80 1.81 1.82 1.83 1.84 1.85 1.87 1.87 1.88 1.89 1.91 1.92 1.93 1.94 1.95 1.97 1.98 2.00 2.00 2.02 2.04 2.06 2.06 2.08 2.10 2.11 2.13 2.13 2.14 2.17 2.18 2.17 2.13 2.13 2.10 2.09 2.08 2.10 2.12 2.14 2.16 2.18 2.21 2.22 2.30 2.59 2.63 2.66 2.68 2.71 2.73 2.73 2.74 7.00 6.99 6.97 6.94 9.01 8.95 8.92 8.85 8.82 4.30 4.27 4.20 4.19 3.61 3.57 3.54 3.58 3.74 3.82 3.90 3.96 4.05 4.11 4.22 4.30 4.40 4.49 4.60 4.69 4.85 4.87 4.97 5.25 5.43 5.56 5.74 5.89 6.14 6.26 6.26 6.65 6.94 7.14 7.49 7.63 7.69 7.69 7.81 9.29 9.47 10.74 10.85 11.77 12.21 12.90 13.28 13.66 16.49 16.73 16.75 16.75 16.73 16.71 34.30 34.46 34.53 34.54 34.52 34.53 16.67 16.72 16.72 16.72 16.60 14.34 13.61 13.39 12.22 10.67 10.17 7.71 7.61 7.61 7.57 7.57 7.63 6.19 6.14 6.13 5.67 5.48 5.05 4.74 4.72 4.58 4.38 4.26 4.09 3.97 3.84 3.72 3.59 3.37 3.35 3.36 3.37 3.39 8.14 8.16 6.38 6.40 8.26 8.27 8.31 8.31 2.51 2.46 2.45 2.45 2.07 1.94 1.91 1.88 1.85 1.82 1.79 1.78 1.77 1.78 1.79 1.79 1.78 1.82 1.82 1.84 1.82 1.78 1.77 1.78 1.79 1.76 1.74 1.72 1.70 1.67 1.65 1.64 1.63 1.61 1.60 1.58 1.56 1.55 1.54 0.34 0.34 0.34 0.47 0.35 0.36 0.35 0.35 0.34 0.35 0.33 0.34 0.32 0.32 0.33 0.33 0.34 0.33 0.32 0.33 0.32 0.33 0.33 0.32 -13.002860 10.418943 -0.847046 -12.976372 10.388970 -0.847046 1243.310278 magnum 31.854065
ODOM -12.900350 10.303634 -0.767809 0.503500 0.000890 0.000000 1243.462681 magnum 31.941031
ODOM -12.864268 10.268800 -0.720255 0.501500 0.000991 0.000000 1243.582890 magnum 32.173022
ODOM -12.826466 10.235628 -0.661963 0.495500 0.001215 0.000000 1243.690219 magnum 32.173194
FLASER 360 1.01 0.99 1.00 0.98 0.98 0.96 0.97 0.94 0.94 0.94 0.94 0.93 0.93 0.91 0.91 0.89 0.89 0.88 0.89 0.86 0.87 0.85 0.86 0.84 0.84 0.84 0.84 0.82 0.82 0.82 0.82 0.80 0.81 0.79 0.80 0.78 0.78 0.77 0.77 0.77 0.77 0.76 0.76 0.75 0.76 0.75 0.75 0.75 0.75 0.73 0.74 0.72 0.72 0.71 0.71 0.70 0.71 0.70 0.71 0.70 0.70 0.69 0.69 0.69 0.69 0.69 0.70 0.69 0.70 0.70 0.70 0.72 0.72 0.74 0.75 0.73 0.73 0.73 0.74 0.75 0.75 0.74 0.74 0.73 0.74 0.73 0.74 0.83 0.81 1.54 1.55 1.56 1.55 1.56 1.56 1.56 1.58 1.57 1.58 1.58 1.59 1.59 1.60 1.60 1.61 1.62 1.63 1.64 1.64 1.64 1.65 1.66 1.66 1.66 1.67 1.68 1.68 1.70 1.70 1.71 1.72 1.73 1.74 1.74 1.76 1.77 1.78 1.78 1.78 1.80 1.81 1.82 1.83 1.84 1.85 1.86 1.87 1.89 1.90 1.92 1.93 1.94 1.95 1.97 1.98 1.99 2.01 2.03 2.03 2.04 2.06 2.07 2.08 2.05 2.04 2.00 2.00 1.97 1.99 2.00 2.01 2.04 2.06 2.09 2.10 2.13 2.18 2.50 2.52 2.55 2.56 2.62 2.63 2.62 2.64 5.46 6.90 6.37 6.36 8.92 8.89 6.02 6.03 8.72 8.71 4.16 4.15 4.09 4.08 3.49 3.47 3.44 3.46 3.64 3.67 3.80 3.84 3.95 3.99 4.12 4.17 4.31 4.36 4.50 4.56 4.76 4.77 4.87 5.10 5.33 5.41 5.65 5.74 6.05 6.14 6.17 6.41 6.85 6.97 7.42 7.52 7.60 7.59 7.74 7.77 9.50 10.61 10.78 10.71 12.18 12.73 13.45 13.56 16.62 16.63 16.66 16.65 16.63 16.62 34.40 34.45 34.43 34.43 34.44 34.44 16.57 16.60 16.62 16.63 16.36 14.28 13.53 13.51 12.12 12.09 10.11 10.06 7.54 7.53 7.52 7.48 7.54 7.55 6.09 6.07 5.95 5.69 5.35 5.23 4.67 4.66 4.52 4.43 4.23 4.15 3.96 3.91 3.72 3.66 3.53 3.38 3.28 3.29 3.32 3.31 8.12 6.34 8.18 8.20 6.08 6.06 8.29 8.32 7.63 6.12 2.41 2.40 2.41 2.41 2.33 2.01 1.89 1.86 1.83 1.81 1.77 1.76 1.73 1.72 1.73 1.74 1.75 1.75 1.74 1.78 1.79 1.80 1.77 1.75 1.73 1.74 1.75 1.74 1.70 1.69 1.66 1.65 1.63 1.63 1.61 1.60 1.58 1.57 1.55 1.54 1.53 1.51 1.50 1.50 1.47 1.46 1.45 1.44 1.43 1.42 1.41 1.40 1.39 1.38 1.37 1.36 1.36 1.35 1.34 1.33 1.32 1.31 1.30 1.30 1.30 -12.911195 10.312742 -0.743290 -12.881746 10.285673 -0.743290 1243.530611 magnum 32.173330
ODOM -12.787016 10.204886 -0.596001 0.499500 0.001305 0.000000 1243.802771 magnum 32.281515
FLASER 360 0.82 0.80 0.81 0.79 0.79 0.78 0.78 0.77 0.78 0.76 0.76 0.75 0.75 0.74 0.75 0.74 0.74 0.74 0.74 0.73 0.74 0.72 0.73 0.70 0.70 0.69 0.69 0.68 0.68 0.68 0.68 0.67 0.67 0.66 0.66 0.65 0.66 0.64 0.65 0.64 0.64 0.64 0.64 0.67 0.66 0.67 0.66 0.68 0.69 0.67 0.67 0.68 0.68 0.66 0.67 0.67 0.68 0.67 0.68 0.67 0.67 0.67 0.67 0.86 0.81 1.46 1.46 1.46 1.46 1.46 1.46 1.46 1.47 1.47 1.47 1.48 1.48 1.48 1.49 1.50 1.50 1.50 1.50 1.51 1.51 1.52 1.52 1.53 1.53 1.53 1.54 1.54 1.54 1.55 1.55 1.56 1.56 1.57 1.57 1.59 1.59 1.60 1.60 1.61 1.61 1.62 1.64 1.64 1.65 1.65 1.65 1.66 1.68 1.69 1.70 1.71 1.72 1.73 1.73 1.76 1.76 1.77 1.77 1.79 1.80 1.81 1.82 1.84 1.85 1.86 1.87 1.89 1.90 1.92 1.93 1.93 1.94 1.96 1.97 1.96 1.96 1.92 1.93 1.88 1.89 1.87 1.88 1.90 1.91 1.93 1.94 1.98 1.99 2.03 2.05 2.39 2.40 2.43 2.44 2.50 2.51 2.51 2.52 2.55 2.53 6.79 6.72 6.72 6.72 8.73 8.73 8.64 8.64 4.10 4.10 4.01 4.00 3.45 3.44 3.35 3.35 3.39 3.42 3.60 3.61 3.73 3.75 3.92 3.94 4.09 4.11 4.27 4.30 4.48 4.51 4.66 4.66 5.03 5.05 5.34 5.38 5.68 5.72 6.04 6.05 6.43 6.49 6.94 6.98 7.43 7.46 7.48 7.48 9.13 9.17 10.59 10.60 11.59 11.60 12.80 12.83 13.48 13.59 16.53 16.54 16.54 16.54 16.51 16.52 34.35 34.36 34.34 34.34 34.34 34.34 16.52 16.53 16.52 16.54 14.09 13.85 13.23 13.07 12.00 10.53 9.98 9.40 7.44 7.44 7.41 7.40 7.46 7.46 6.00 6.00 5.88 5.80 5.33 5.28 4.67 4.62 4.55 4.51 4.25 4.23 4.01 3.97 3.79 3.74 3.57 3.54 3.34 3.28 3.21 3.22 3.24 3.25 6.28 8.12 8.16 8.18 8.23 8.24 7.68 7.61 5.34 5.34 2.40 2.39 2.34 2.34 2.34 2.33 2.25 2.07 1.84 1.84 1.80 1.79 1.75 1.74 1.71 1.70 1.67 1.67 1.69 1.70 1.70 1.69 1.74 1.75 1.76 1.75 1.71 1.70 1.71 1.71 1.70 1.68 1.66 1.65 1.64 1.63 1.60 1.59 1.58 1.57 1.55 1.55 1.53 1.53 1.52 1.51 1.49 1.49 1.47 1.46 1.44 1.44 1.42 1.42 1.41 1.40 1.38 1.38 1.37 1.37 1.36 1.36 1.36 1.34 1.33 1.32 1.31 1.31 1.30 1.29 1.29 1.29 1.28 -12.843343 10.247483 -0.636392 -12.811173 10.223711 -0.636392 1243.740195 magnum 32.281709
ODOM -12.745272 10.176572 -0.530039 0.502500 0.001070 0.000000 1243.923544 magnum 32.401918
ODOM -12.702073 10.151259 -0.490155 0.502500 0.000577 0.000000 1244.043184 magnum 32.520937
FLASER 360 0.64 0.64 0.64 0.63 0.64 0.63 0.63 0.63 0.62 0.65 0.63 0.64 0.65 0.65 0.65 0.66 0.66 0.67 0.67 0.65 0.67 0.64 0.65 0.64 0.64 0.64 0.65 0.64 0.64 0.65 0.64 0.86 0.70 1.20 1.13 1.42 1.41 1.40 1.40 1.40 1.40 1.41 1.41 1.41 1.41 1.41 1.41 1.41 1.42 1.42 1.42 1.42 1.42 1.42 1.43 1.43 1.43 1.43 1.43 1.44 1.44 1.44 1.45 1.45 1.45 1.45 1.46 1.46 1.47 1.46 1.47 1.48 1.48 1.49 1.49 1.50 1.50 1.52 1.52 1.53 1.53 1.54 1.53 1.55 1.55 1.55 1.56 1.57 1.57 1.58 1.58 1.60 1.60 1.61 1.61 1.63 1.63 1.64 1.65 1.66 1.66 1.67 1.67 1.69 1.70 1.72 1.72 1.74 1.74 1.76 1.76 1.78 1.78 1.81 1.81 1.84 1.84 1.84 1.84 1.87 1.87 1.87 1.87 1.83 1.84 1.79 1.80 1.78 1.78 1.80 1.80 1.83 1.84 1.86 1.87 1.91 1.91 2.04 2.02 2.30 2.30 2.35 2.35 2.42 2.41 2.41 2.41 5.21 5.22 6.67 6.67 6.60 6.61 8.65 8.65 5.78 5.81 4.01 4.03 3.90 3.91 3.40 3.58 3.25 3.26 3.26 3.26 3.47 3.46 3.60 3.60 3.74 3.74 3.93 3.93 4.10 4.10 4.29 4.29 4.54 4.55 4.63 4.63 5.11 5.10 5.41 5.41 5.79 5.78 5.95 5.96 6.60 6.58 7.16 7.15 7.39 7.40 7.44 7.45 9.23 9.16 10.59 10.59 12.00 11.98 13.32 13.30 16.43 16.44 16.45 16.45 16.42 16.42 34.25 34.25 34.24 34.26 34.25 34.25 16.40 16.40 16.43 16.44 16.14 16.19 13.36 13.36 12.03 12.07 10.08 10.09 7.54 7.56 7.35 7.36 7.30 7.30 7.34 7.35 5.90 5.90 5.69 5.69 5.23 5.24 4.73 4.72 4.50 4.51 4.23 4.22 3.99 3.99 3.76 3.76 3.58 3.57 3.41 3.41 3.15 3.15 3.16 3.16 3.18 3.19 8.10 8.11 8.18 8.18 7.56 7.58 6.02 6.02 6.50 6.50 4.88 4.88 2.29 2.28 2.29 2.29 2.23 2.23 2.17 2.17 1.79 1.79 1.75 1.75 1.71 1.70 1.66 1.66 1.63 1.63 1.64 1.64 1.66 1.66 1.65 1.66 1.71 1.72 1.69 1.67 1.65 1.65 1.67 1.68 1.64 1.65 1.62 1.62 1.60 1.60 1.57 1.57 1.54 1.54 1.53 1.53 1.51 1.50 1.49 1.49 1.47 1.47 1.45 1.45 1.44 1.44 1.42 1.41 1.41 1.40 1.39 1.38 1.37 1.36 1.37 1.37 1.35 1.35 1.33 1.34 1.32 1.31 1.30 1.30 1.30 1.29 1.30 1.30 1.29 1.29 1.28 1.28 1.27 1.27 1.26 -12.772361 10.192122 -0.523057 -12.737710 10.172141 -0.523057 1243.950918 magnum 32.521101
ODOM -12.613469 10.103981 -0.468679 0.506000 -0.000280 0.000000 1244.170591 magnum 32.652853
FLASER 360 0.63 0.80 0.76 1.00 0.99 1.14 1.14 1.16 1.16 1.16 1.16 1.18 1.19 1.39 1.39 1.38 1.38 1.37 1.37 1.37 1.38 1.39 1.39 1.38 1.38 1.38 1.38 1.39 1.39 1.39 1.39 1.39 1.39 1.39 1.39 1.38 1.39 1.39 1.39 1.39 1.39 1.39 1.40 1.40 1.39 1.40 1.40 1.41 1.41 1.41 1.42 1.42 1.42 1.42 1.43 1.43 1.43 1.44 1.44 1.45 1.45 1.45 1.46 1.46 1.46 1.47 1.47 1.48 1.48 1.49 1.50 1.50 1.51 1.52 1.52 1.53 1.54 1.54 1.54 1.55 1.56 1.57 1.57 1.59 1.59 1.60 1.61 1.62 1.63 1.64 1.65 1.65 1.66 1.67 1.68 1.69 1.70 1.71 1.73 1.74 1.75 1.74 1.76 1.78 1.79 1.78 1.78 1.74 1.74 1.71 1.71 1.68 1.68 1.70 1.71 1.73 1.74 1.76 1.78 1.79 1.81 1.83 1.88 2.17 2.18 2.20 2.22 2.25 2.26 2.30 2.31 2.29 2.32 2.31 5.10 5.64 6.58 5.78 5.85 5.50 5.59 8.54 8.49 8.43 8.42 3.85 3.83 3.79 3.75 3.19 3.17 3.13 3.13 3.24 3.33 3.40 3.46 3.54 3.59 3.67 3.73 3.86 3.93 4.04 4.10 4.23 4.31 4.45 4.46 4.60 4.84 5.01 5.13 5.34 5.46 5.71 5.83 5.85 6.16 6.48 6.69 7.06 7.21 7.29 7.29 7.32 7.46 9.06 10.37 10.49 11.38 11.88 12.60 13.24 13.28 16.33 16.33 19.25 23.69 16.30 16.33 34.25 34.24 34.23 34.24 34.24 34.24 16.28 16.29 23.76 18.98 16.11 14.01 13.28 13.23 12.16 11.84 10.25 9.87 9.08 7.61 7.24 7.26 7.22 7.20 7.24 7.22 6.08 5.81 5.79 5.66 5.35 5.22 4.99 4.85 4.42 4.41 4.32 4.23 4.09 4.00 3.86 3.79 3.66 3.59 3.50 3.43 3.34 3.28 3.11 3.06 3.06 3.09 3.08 8.02 5.84 5.77 5.66 5.55 5.55 5.94 5.20 8.34 6.42 5.53 4.72 4.70 5.31 2.26 2.21 2.21 2.21 2.21 2.18 2.15 2.11 2.11 1.90 1.77 1.72 1.70 1.67 1.66 1.65 1.63 1.61 1.60 1.58 1.57 1.56 1.59 1.59 1.61 1.58 1.64 1.65 1.67 1.66 1.63 1.61 1.61 1.62 1.63 1.61 1.60 1.59 1.58 1.57 1.56 1.54 1.53 1.52 1.51 1.50 1.49 1.48 1.47 1.46 1.45 1.45 1.45 1.44 1.43 1.42 1.42 1.41 1.40 1.39 1.38 1.37 1.38 1.36 1.36 1.36 1.35 1.35 1.34 1.33 1.32 1.32 1.31 1.31 1.30 1.30 1.30 1.31 1.30 1.30 1.28 1.29 1.29 1.28 1.28 1.27 1.27 1.27 1.26 1.26 1.26 1.25 -12.660712 10.128343 -0.471493 -12.625077 10.110175 -0.471493 1244.160597 magnum 32.653010
ODOM -12.568170 10.081046 -0.467145 0.497000 0.000112 0.000000 1244.283393 magnum 32.760476
ODOM -12.523744 10.058638 -0.467145 0.500000 -0.000045 0.000000 1244.390973 magnum 32.873001
FLASER 360 1.21 1.30 1.33 1.39 1.39 1.36 1.36 1.35 1.35 1.36 1.37 1.38 1.38 1.37 1.37 1.37 1.37 1.37 1.37 1.37 1.37 1.36 1.36 1.36 1.37 1.36 1.37 1.37 1.36 1.37 1.36 1.37 1.38 1.37 1.38 1.38 1.38 1.38 1.38 1.38 1.38 1.39 1.39 1.38 1.39 1.38 1.38 1.38 1.38 1.40 1.40 1.39 1.40 1.40 1.41 1.41 1.42 1.42 1.43 1.43 1.43 1.44 1.45 1.45 1.46 1.46 1.46 1.47 1.47 1.47 1.48 1.49 1.50 1.50 1.51 1.52 1.53 1.53 1.54 1.55 1.55 1.56 1.56 1.57 1.58 1.59 1.60 1.61 1.62 1.62 1.63 1.64 1.66 1.67 1.67 1.68 1.67 1.69 1.72 1.70 1.69 1.66 1.65 1.62 1.62 1.60 1.60 1.61 1.62 1.64 1.65 1.66 1.67 1.69 1.71 1.72 1.74 1.81 1.99 2.08 2.10 2.11 2.14 2.15 2.18 2.20 2.22 2.21 2.22 2.23 4.89 4.96 5.01 5.53 6.46 5.60 5.62 5.42 5.48 5.52 8.39 8.33 3.80 3.72 3.69 3.66 3.16 3.07 3.05 3.01 3.06 3.18 3.25 3.31 3.38 3.44 3.51 3.57 3.65 3.73 3.82 3.91 4.00 4.10 4.20 4.33 4.36 4.38 4.71 4.84 4.99 5.13 5.29 5.47 5.70 5.73 5.80 6.22 6.47 6.72 7.02 7.14 7.18 7.17 7.29 8.87 9.54 10.28 10.42 11.30 11.95 12.56 13.16 13.28 16.22 16.21 22.24 23.63 16.22 16.23 34.14 34.13 34.12 34.12 34.13 34.12 16.18 28.13 23.65 16.20 15.98 13.87 13.19 13.12 11.83 11.70 10.17 9.75 9.67 7.54 7.16 7.15 7.15 7.10 7.14 7.12 6.91 5.72 5.71 5.65 5.37 5.20 5.03 4.86 4.70 4.33 4.31 4.25 4.11 4.02 3.91 3.81 3.69 3.61 3.52 3.46 3.38 3.29 3.23 3.17 3.02 2.96 2.97 2.99 3.00 5.78 5.72 8.06 5.57 8.14 5.88 5.18 8.27 6.34 5.48 4.86 4.62 4.79 8.51 4.64 2.19 2.16 2.13 2.13 2.14 2.13 2.10 2.07 2.05 2.03 2.00 1.91 1.68 1.66 1.64 1.62 1.61 1.60 1.58 1.56 1.55 1.54 1.52 1.51 1.51 1.52 1.55 1.55 1.54 1.53 1.61 1.61 1.60 1.58 1.56 1.55 1.57 1.57 1.58 1.55 1.54 1.54 1.53 1.53 1.51 1.50 1.49 1.48 1.46 1.46 1.46 1.45 1.44 1.44 1.42 1.42 1.41 1.41 1.40 1.40 1.38 1.38 1.38 1.38 1.37 1.37 1.35 1.36 1.35 1.34 1.34 1.33 1.32 1.32 1.32 1.32 1.32 1.32 1.31 1.31 1.30 1.30 1.29 1.29 1.29 1.29 1.28 1.28 1.27 1.27 -12.566603 10.080255 -0.467145 -12.530889 10.062242 -0.467145 1244.380256 magnum 32.873164
ODOM -12.478888 10.036014 -0.470213 0.496500 -0.000050 0.000000 1244.503226 magnum 32.981172
ODOM -12.434101 10.013251 -0.474815 0.514000 -0.000022 0.000000 1244.610368 magnum 33.088875
FLASER 360 1.35 1.37 1.37 1.36 1.36 1.36 1.36 1.36 1.36 1.35 1.35 1.34 1.34 1.34 1.34 1.34 1.34 1.34 1.34 1.34 1.34 1.34 1.34 1.34 1.34 1.34 1.34 1.34 1.34 1.34 1.34 1.34 1.34 1.35 1.34 1.34 1.34 1.35 1.35 1.35 1.35 1.35 1.35 1.35 1.36 1.36 1.36 1.37 1.37 1.37 1.38 1.38 1.38 1.38 1.38 1.38 1.40 1.40 1.40 1.41 1.41 1.42 1.42 1.43 1.43 1.43 1.44 1.45 1.45 1.46 1.46 1.47 1.47 1.48 1.49 1.49 1.50 1.51 1.52 1.53 1.54 1.54 1.55 1.55 1.56 1.56 1.58 1.59 1.60 1.58 1.60 1.60 1.62 1.64 1.63 1.60 1.59 1.56 1.55 1.53 1.52 1.52 1.52 1.54 1.56 1.56 1.57 1.58 1.60 1.61 1.62 1.64 1.65 1.71 1.87 1.97 1.99 2.00 2.02 2.04 2.06 2.08 2.11 2.12 2.11 2.12 2.13 4.74 4.70 4.81 4.87 4.92 8.66 6.37 5.74 5.63 6.30 5.40 8.35 5.50 8.26 3.69 3.64 3.58 3.56 3.01 2.96 2.93 2.92 2.97 3.09 3.14 3.21 3.27 3.33 3.40 3.46 3.51 3.60 3.67 3.76 3.86 3.96 4.04 4.15 4.24 4.25 4.43 4.65 4.78 4.93 5.07 5.24 5.39 5.61 5.62 5.83 6.14 6.40 6.65 6.96 7.03 7.07 7.06 7.21 8.76 9.61 10.16 10.32 11.19 11.91 12.45 13.04 13.17 16.12 16.10 23.48 23.51 16.12 16.11 33.98 33.98 33.97 33.98 33.97 33.98 16.08 28.02 16.16 18.77 15.93 13.79 13.11 13.02 12.59 11.64 10.22 9.69 9.59 8.71 7.17 7.05 7.06 7.02 7.00 7.05 6.95 6.63 5.61 5.61 5.47 5.26 5.09 4.93 4.77 4.61 4.26 4.22 4.19 4.07 3.95 3.87 3.74 3.67 3.58 3.51 3.42 3.35 3.28 3.22 3.14 3.08 2.96 2.88 2.89 2.90 2.91 2.93 7.94 7.25 8.08 5.79 8.16 5.03 6.27 6.26 5.38 4.56 4.55 4.75 8.50 4.54 4.57 8.67 2.12 2.09 2.06 2.06 2.07 2.06 2.04 2.01 1.99 1.98 1.95 1.93 1.91 1.77 1.60 1.59 1.57 1.56 1.55 1.54 1.52 1.51 1.50 1.48 1.47 1.45 1.45 1.45 1.46 1.47 1.49 1.47 1.53 1.55 1.56 1.56 1.53 1.52 1.51 1.50 1.54 1.53 1.51 1.50 1.49 1.49 1.48 1.47 1.46 1.46 1.45 1.44 1.43 1.42 1.42 1.41 1.41 1.40 1.39 1.39 1.39 1.38 1.38 1.38 1.38 1.37 1.36 1.36 1.35 1.35 1.34 1.34 1.33 1.33 1.32 1.32 1.32 1.32 1.32 1.32 1.31 1.31 1.30 1.30 1.30 1.29 -12.480762 10.037122 -0.473678 -12.445167 10.018875 -0.473678 1244.590630 magnum 33.089035
ODOM -12.389034 9.990085 -0.474815 0.500500 0.000028 0.000000 1244.723274 magnum 33.202104
ODOM -12.345255 9.967581 -0.476349 0.502000 -0.000011 0.000000 1244.842425 magnum 33.320933
FLASER 360 1.35 1.34 1.34 1.34 1.34 1.34 1.34 1.32 1.33 1.32 1.32 1.32 1.32 1.32 1.32 1.32 1.32 1.32 1.32 1.32 1.32 1.32 1.32 1.32 1.32 1.32 1.32 1.32 1.32 1.32 1.32 1.32 1.32 1.32 1.32 1.32 1.32 1.32 1.32 1.32 1.33 1.33 1.33 1.33 1.33 1.33 1.34 1.34 1.34 1.35 1.35 1.35 1.36 1.36 1.37 1.37 1.37 1.38 1.39 1.40 1.40 1.40 1.40 1.40 1.41 1.41 1.42 1.42 1.43 1.43 1.44 1.44 1.45 1.46 1.46 1.47 1.47 1.48 1.49 1.49 1.50 1.51 1.52 1.52 1.51 1.52 1.53 1.56 1.58 1.56 1.54 1.50 1.49 1.47 1.46 1.43 1.43 1.43 1.44 1.45 1.47 1.48 1.49 1.49 1.51 1.52 1.53 1.56 1.57 1.62 1.77 1.86 1.88 1.90 1.91 1.93 1.95 1.96 1.98 2.00 2.03 2.01 2.02 2.03 2.04 4.77 4.68 4.58 4.69 4.75 4.81 8.59 6.30 6.28 5.59 6.21 6.25 8.28 8.26 5.36 3.58 3.53 3.50 3.46 2.92 2.85 2.84 2.82 2.85 2.97 3.02 3.08 3.14 3.19 3.26 3.31 3.38 3.44 3.52 3.59 3.67 3.74 3.86 3.95 4.04 4.14 4.14 4.29 4.52 4.66 4.79 4.93 5.09 5.25 5.49 5.51 5.55 5.97 6.21 6.45 6.73 6.91 6.97 6.95 6.97 7.14 8.69 10.02 10.12 11.05 11.41 12.26 12.54 12.93 15.94 16.01 18.95 16.08 16.08 16.00 33.87 33.87 33.86 33.86 33.87 33.87 15.98 15.97 16.01 16.03 16.01 15.63 13.55 12.95 12.81 11.90 11.51 10.02 9.57 9.48 8.58 7.07 6.95 6.95 6.93 6.91 6.95 6.87 6.56 5.55 5.51 5.48 5.24 5.06 4.90 4.75 4.61 4.48 4.14 4.13 4.07 3.97 3.87 3.75 3.68 3.60 3.52 3.44 3.36 3.29 3.22 3.15 3.10 3.06 2.99 2.89 2.81 2.79 2.82 2.84 2.84 7.23 8.02 5.73 8.09 4.95 6.20 6.18 5.32 4.48 4.46 4.48 8.45 4.50 4.48 8.65 4.64 5.48 5.48 2.05 2.01 1.99 1.99 2.00 2.00 1.98 1.95 1.93 1.92 1.90 1.88 1.86 1.85 1.83 1.63 1.56 1.53 1.52 1.50 1.49 1.47 1.46 1.45 1.44 1.43 1.42 1.40 1.40 1.40 1.40 1.42 1.43 1.44 1.44 1.47 1.51 1.52 1.51 1.47 1.47 1.47 1.46 1.49 1.49 1.47 1.46 1.46 1.46 1.45 1.45 1.44 1.43 1.41 1.42 1.41 1.40 1.40 1.39 1.39 1.39 1.38 1.38 1.37 1.37 1.37 1.36 1.36 1.35 1.34 1.34 1.34 1.34 1.33 1.33 1.32 1.32 1.32 1.32 1.32 1.32 -12.398861 9.995178 -0.475717 -12.363303 9.976859 -0.475717 1244.800245 magnum 33.321081
ODOM -12.256007 9.921531 -0.477883 0.500000 0.000078 0.000000 1244.968646 magnum 33.444968
ODOM -12.211440 9.898449 -0.477883 0.493500 0.000017 0.000000 1245.083021 magnum 33.561804
FLASER 360 1.33 1.33 1.33 1.33 1.32 1.31 1.31 1.31 1.31 1.31 1.31 1.31 1.31 1.31 1.31 1.31 1.31 1.30 1.31 1.30 1.31 1.30 1.31 1.30 1.31 1.31 1.31 1.30 1.31 1.30 1.30 1.30 1.31 1.31 1.31 1.31 1.31 1.31 1.31 1.31 1.31 1.31 1.32 1.32 1.32 1.32 1.32 1.32 1.32 1.32 1.33 1.33 1.34 1.34 1.34 1.34 1.35 1.35 1.37 1.37 1.38 1.38 1.38 1.39 1.39 1.40 1.40 1.40 1.40 1.41 1.41 1.42 1.43 1.43 1.44 1.45 1.46 1.45 1.44 1.46 1.46 1.47 1.49 1.48 1.47 1.42 1.41 1.39 1.38 1.35 1.36 1.36 1.37 1.38 1.39 1.40 1.40 1.40 1.41 1.43 1.43 1.45 1.46 1.47 1.47 1.65 1.77 1.78 1.79 1.81 1.82 1.83 1.85 1.87 1.88 1.89 1.91 1.94 1.94 1.92 1.94 1.94 4.75 4.71 4.68 4.56 4.50 4.62 4.65 4.71 8.53 8.46 6.20 5.64 6.12 6.11 8.22 8.17 5.30 3.48 3.44 3.39 3.37 2.79 2.76 2.72 2.72 2.77 2.88 2.93 2.97 3.02 3.08 3.13 3.20 3.25 3.32 3.39 3.46 3.52 3.61 3.68 3.76 3.88 3.98 4.03 4.04 4.32 4.43 4.56 4.70 4.84 4.99 5.14 5.38 5.41 5.43 5.84 6.07 6.30 6.58 6.79 6.86 6.85 6.86 7.00 8.56 9.86 10.00 10.41 11.04 12.04 12.35 12.82 15.55 15.90 15.91 15.92 15.92 15.91 15.94 33.75 33.75 33.74 33.74 33.75 33.77 15.87 15.93 15.94 15.93 15.74 13.60 12.93 12.82 12.40 11.46 11.38 9.80 9.40 8.75 7.07 6.89 6.85 6.86 6.81 6.80 6.84 6.72 6.39 5.45 5.42 5.39 5.17 5.01 4.86 4.71 4.58 4.44 4.20 4.05 4.02 3.96 3.86 3.74 3.67 3.58 3.51 3.42 3.36 3.29 3.22 3.15 3.10 3.05 3.00 2.94 2.89 2.77 2.71 2.72 2.74 2.76 2.76 7.97 5.62 8.05 4.89 6.11 5.44 5.37 4.44 4.39 4.40 8.43 4.42 4.40 4.40 4.57 5.36 5.40 8.81 4.20 6.63 1.98 1.94 1.93 1.92 1.95 1.94 1.92 1.90 1.88 1.86 1.85 1.83 1.81 1.80 1.78 1.78 1.75 1.62 1.49 1.47 1.47 1.46 1.44 1.43 1.42 1.41 1.40 1.39 1.39 1.38 1.37 1.37 1.35 1.34 1.38 1.38 1.40 1.40 1.40 1.47 1.49 1.47 1.45 1.44 1.43 1.43 1.46 1.46 1.45 1.44 1.43 1.43 1.42 1.42 1.41 1.41 1.40 1.40 1.39 1.39 1.39 1.38 1.38 1.37 1.37 1.36 1.37 1.36 1.35 1.35 1.34 1.34 1.34 1.33 1.33 1.33 -12.274093 9.930898 -0.477883 -12.238574 9.912502 -0.477883 1245.020238 magnum 33.562159
ODOM -12.166873 9.875366 -0.477883 0.506500 0.000062 0.000000 1245.202446 magnum 33.679970
ODOM -12.122306 9.852284 -0.468679 0.508500 0.000274 0.000000 1245.323388 magnum 33.802138
FLASER 360 1.31 1.31 1.31 1.30 1.30 1.29 1.29 1.29 1.29 1.29 1.29 1.29 1.29 1.28 1.28 1.28 1.28 1.29 1.29 1.28 1.29 1.28 1.29 1.29 1.29 1.28 1.29 1.28 1.28 1.28 1.28 1.28 1.28 1.28 1.29 1.29 1.29 1.29 1.29 1.29 1.29 1.29 1.29 1.29 1.30 1.30 1.30 1.30 1.31 1.31 1.32 1.32 1.32 1.32 1.32 1.32 1.32 1.33 1.33 1.33 1.34 1.34 1.36 1.36 1.37 1.37 1.38 1.38 1.39 1.40 1.40 1.38 1.39 1.39 1.40 1.43 1.42 1.40 1.39 1.34 1.33 1.30 1.29 1.28 1.29 1.29 1.30 1.31 1.31 1.32 1.33 1.33 1.34 1.35 1.36 1.37 1.38 1.39 1.40 1.46 1.57 1.68 1.69 1.69 1.71 1.73 1.73 1.75 1.77 1.78 1.80 1.80 1.82 1.83 1.85 1.84 1.83 1.88 1.98 2.72 2.74 2.77 4.61 4.56 4.42 4.44 4.54 4.57 4.63 8.44 8.40 6.08 5.43 5.04 6.01 8.13 8.11 5.18 3.38 3.32 3.29 2.73 2.68 2.64 2.63 2.63 2.70 2.80 2.84 2.88 2.93 2.98 3.04 3.09 3.15 3.21 3.28 3.34 3.41 3.48 3.55 3.63 3.72 3.82 3.93 3.92 3.98 4.26 4.39 4.51 4.65 4.78 4.93 5.07 5.30 5.31 5.39 5.77 6.01 6.24 6.52 6.69 6.76 6.74 6.75 6.90 8.46 9.76 9.91 10.81 10.95 11.96 12.27 12.72 15.46 15.80 15.79 23.16 27.69 15.81 15.84 33.69 33.71 33.68 33.70 33.68 33.72 15.77 27.71 23.22 18.47 15.70 13.52 12.87 12.72 12.34 11.42 11.27 9.74 9.35 9.29 8.39 6.96 6.75 6.76 6.76 6.71 6.73 6.72 6.53 6.05 5.33 5.33 5.28 5.05 4.92 4.77 4.65 4.51 4.39 4.27 3.96 3.95 3.91 3.82 3.71 3.62 3.55 3.47 3.40 3.33 3.27 3.20 3.15 3.09 3.04 2.98 2.93 2.88 2.84 2.78 2.68 2.64 2.64 2.67 2.68 5.54 7.96 4.89 4.84 6.04 5.13 5.93 4.34 4.32 4.35 8.41 4.35 4.34 4.35 4.51 5.32 8.78 8.81 4.14 6.59 6.58 6.17 4.58 1.92 1.88 1.86 1.87 1.87 1.87 1.86 1.85 1.83 1.81 1.80 1.78 1.78 1.76 1.75 1.73 1.72 1.71 1.70 1.53 1.47 1.42 1.41 1.40 1.40 1.39 1.39 1.38 1.37 1.36 1.36 1.34 1.34 1.32 1.32 1.32 1.32 1.33 1.34 1.38 1.38 1.36 1.44 1.45 1.44 1.41 1.41 1.40 1.41 1.44 1.43 1.43 1.42 1.41 1.41 1.41 1.40 1.39 1.39 1.39 1.39 1.38 1.38 1.37 1.38 1.38 1.36 1.36 1.37 1.36 1.36 -12.194572 9.889640 -0.476262 -12.159023 9.871301 -0.476262 1245.230759 magnum 33.802284
ODOM -12.077436 9.829566 -0.448737 0.498000 0.000504 0.000000 1245.449869 magnum 33.936660
FLASER 360 1.28 1.28 1.28 1.27 1.27 1.26 1.26 1.26 1.26 1.26 1.26 1.26 1.26 1.26 1.26 1.26 1.25 1.26 1.25 1.25 1.26 1.25 1.25 1.25 1.26 1.25 1.25 1.25 1.26 1.26 1.26 1.26 1.26 1.26 1.26 1.26 1.26 1.26 1.27 1.27 1.27 1.27 1.27 1.27 1.28 1.28 1.28 1.29 1.29 1.28 1.29 1.30 1.30 1.31 1.31 1.31 1.32 1.32 1.32 1.33 1.33 1.32 1.32 1.32 1.33 1.34 1.35 1.36 1.36 1.30 1.30 1.25 1.25 1.21 1.21 1.21 1.22 1.22 1.23 1.24 1.25 1.25 1.25 1.26 1.27 1.27 1.28 1.29 1.30 1.31 1.31 1.32 1.35 1.57 1.59 1.60 1.61 1.62 1.63 1.64 1.65 1.66 1.67 1.68 1.70 1.70 1.72 1.73 1.75 1.76 1.76 1.75 1.76 1.77 4.73 4.65 2.53 2.49 2.46 2.44 2.45 2.45 2.45 2.55 2.49 4.51 4.54 8.33 8.31 5.94 5.49 5.93 5.92 8.03 8.01 3.28 3.25 3.18 2.72 2.56 2.55 2.52 2.52 2.58 2.67 2.72 2.76 2.82 2.84 2.90 2.94 3.00 3.05 3.12 3.17 3.25 3.31 3.39 3.43 3.52 3.59 3.68 3.80 3.81 3.83 4.13 4.22 4.38 4.47 4.63 4.73 4.91 5.04 5.20 5.21 5.57 5.73 6.01 6.18 6.52 6.61 6.63 6.63 6.69 6.82 8.41 9.70 9.82 10.74 11.18 11.90 12.31 12.62 15.68 15.70 18.62 23.06 15.77 15.69 33.59 33.59 33.57 33.59 33.58 33.60 15.68 15.66 23.14 23.13 15.70 15.61 13.40 12.82 12.61 12.27 11.29 11.21 9.64 9.28 9.18 8.36 6.97 6.67 6.65 6.67 6.61 6.61 6.65 6.56 6.13 5.88 5.23 5.22 5.10 4.96 4.78 4.68 4.53 4.43 4.29 4.20 3.89 3.86 3.84 3.75 3.66 3.59 3.50 3.44 3.36 3.30 3.22 3.18 3.12 3.07 3.01 2.97 2.90 2.87 2.81 2.78 2.73 2.67 2.57 2.56 2.56 2.59 2.60 7.95 4.81 5.96 5.05 5.03 5.82 4.28 4.24 4.28 5.96 4.28 4.26 4.39 4.45 5.32 6.04 4.08 4.08 6.53 6.26 4.72 4.50 4.44 4.76 4.73 1.87 1.82 1.80 1.80 1.81 1.82 1.81 1.80 1.79 1.78 1.76 1.75 1.73 1.72 1.71 1.70 1.68 1.68 1.67 1.66 1.65 1.59 1.47 1.39 1.39 1.38 1.37 1.36 1.35 1.35 1.34 1.33 1.33 1.33 1.32 1.31 1.31 1.30 1.30 1.29 1.29 1.32 1.33 1.36 1.34 1.41 1.43 1.42 1.40 1.40 1.40 1.40 1.39 1.42 1.41 1.41 1.41 1.40 1.40 1.39 1.39 1.39 1.40 1.38 1.38 1.38 1.38 -12.119644 9.850166 -0.451500 -12.083652 9.832714 -0.451500 1245.440205 magnum 33.937217
ODOM -11.986770 9.785911 -0.387377 0.502500 0.000879 0.000000 1245.568601 magnum 34.045047
ODOM -11.940351 9.766972 -0.341357 0.493500 0.000868 0.000000 1245.683650 magnum 34.161396
FLASER 360 1.24 1.24 1.24 1.24 1.24 1.24 1.24 1.24 1.24 1.24 1.24 1.24 1.24 1.23 1.23 1.24 1.23 1.23 1.23 1.23 1.23 1.24 1.23 1.24 1.24 1.24 1.24 1.24 1.24 1.25 1.25 1.25 1.25 1.25 1.25 1.25 1.25 1.25 1.26 1.26 1.26 1.27 1.27 1.27 1.27 1.28 1.28 1.27 1.27 1.27 1.27 1.27 1.27 1.31 1.31 1.25 1.26 1.18 1.20 1.15 1.17 1.16 1.16 1.17 1.17 1.17 1.17 1.18 1.18 1.19 1.19 1.20 1.20 1.21 1.21 1.22 1.23 1.25 1.25 1.31 1.31 1.49 1.51 1.52 1.52 1.54 1.54 1.56 1.56 1.57 1.58 1.59 1.60 1.61 1.62 1.63 1.64 1.67 1.67 1.67 1.67 1.67 1.68 1.82 1.88 5.11 5.14 2.41 2.40 2.35 2.36 2.37 2.37 2.38 2.38 2.51 2.39 4.38 4.40 4.47 8.31 4.60 5.91 5.40 5.84 5.82 5.82 7.94 3.20 3.12 3.10 2.47 2.46 2.42 2.42 2.44 2.47 2.60 2.62 2.67 2.70 2.75 2.78 2.85 2.88 2.95 2.99 3.07 3.09 3.19 3.23 3.32 3.35 3.46 3.50 3.62 3.69 3.70 3.71 4.05 4.11 4.28 4.34 4.52 4.59 4.80 4.90 5.09 5.09 5.45 5.56 5.87 5.99 6.39 6.47 6.54 6.53 6.54 6.65 8.23 8.89 9.69 9.74 10.75 11.13 12.05 12.29 15.29 15.58 15.59 15.61 15.59 15.59 15.61 33.43 33.42 33.42 33.43 33.45 33.45 15.56 15.59 15.61 15.61 15.62 15.05 13.28 12.52 12.51 12.05 11.21 9.75 9.57 9.08 9.08 8.16 6.78 6.55 6.56 6.56 6.53 6.52 6.55 6.36 6.24 5.76 5.20 5.12 5.11 4.87 4.81 4.61 4.55 4.36 4.31 4.14 4.10 3.76 3.74 3.71 3.68 3.56 3.52 3.41 3.38 3.29 3.25 3.17 3.13 3.06 3.03 2.95 2.93 2.86 2.84 2.77 2.75 2.69 2.66 2.61 2.55 2.46 2.47 2.49 2.52 2.52 4.62 5.06 5.06 5.75 8.18 4.17 4.18 5.89 8.43 4.18 4.21 4.58 4.57 6.19 6.21 4.03 4.03 6.02 9.55 4.63 4.47 6.54 4.69 4.68 4.73 9.41 9.24 1.80 1.78 1.75 1.75 1.74 1.77 1.76 1.75 1.73 1.72 1.70 1.70 1.68 1.68 1.67 1.66 1.65 1.64 1.63 1.63 1.61 1.61 1.60 1.59 1.47 1.37 1.35 1.34 1.33 1.33 1.33 1.32 1.32 1.31 1.31 1.30 1.29 1.29 1.29 1.29 1.28 1.27 1.27 1.26 1.27 1.31 1.33 1.32 1.33 1.41 1.41 1.38 1.38 1.38 1.38 1.39 1.40 1.40 1.40 1.40 1.40 1.40 1.40 1.40 1.39 1.39 1.39 -11.986735 9.784286 -0.350092 -11.949162 9.770567 -0.350092 1245.660603 magnum 34.161548
ODOM -11.893130 9.750196 -0.303007 0.497000 0.000549 0.000000 1245.802977 magnum 34.281599
ODOM -11.845376 9.735267 -0.284599 0.510500 0.000263 0.000000 1245.922741 magnum 34.401790
FLASER 360 1.23 1.23 1.23 1.23 1.23 1.23 1.23 1.23 1.23 1.23 1.23 1.24 1.24 1.23 1.24 1.23 1.23 1.23 1.23 1.23 1.23 1.23 1.23 1.24 1.23 1.24 1.24 1.24 1.24 1.25 1.25 1.25 1.25 1.27 1.27 1.22 1.23 1.13 1.15 1.10 1.10 1.11 1.11 1.11 1.11 1.11 1.11 1.12 1.12 1.13 1.13 1.14 1.14 1.15 1.16 1.17 1.17 1.17 1.17 1.18 1.18 1.40 1.38 1.43 1.43 1.44 1.45 1.46 1.46 1.48 1.48 1.49 1.49 1.51 1.51 1.53 1.54 1.55 1.56 1.56 1.57 1.59 1.59 1.59 1.59 1.59 1.59 1.72 1.71 2.27 2.27 4.94 4.96 2.29 2.29 2.29 2.29 2.30 2.30 2.30 2.31 2.35 2.34 4.23 4.25 4.31 4.33 8.25 8.24 8.16 5.80 5.04 5.05 5.71 5.72 3.07 3.08 2.40 2.41 2.32 2.33 2.31 2.31 2.44 2.45 2.53 2.55 2.60 2.62 2.68 2.70 2.78 2.80 2.88 2.89 2.99 3.00 3.09 3.12 3.23 3.24 3.36 3.38 3.52 3.54 3.59 3.60 3.92 3.96 4.13 4.17 4.37 4.41 4.64 4.67 4.95 4.97 5.00 5.17 5.61 5.68 6.06 6.15 6.40 6.43 6.42 6.43 8.07 8.11 9.50 9.53 10.52 10.54 11.69 11.75 12.40 12.42 15.47 15.48 22.84 22.85 15.48 15.48 33.35 33.35 33.33 33.35 33.35 33.36 15.44 15.46 22.92 22.89 15.44 15.34 12.99 12.63 12.39 12.09 11.04 11.03 9.42 9.32 8.98 8.97 6.89 6.71 6.44 6.45 6.44 6.43 6.43 6.44 6.14 6.03 5.37 5.11 5.01 5.00 4.76 4.71 4.51 4.46 4.28 4.24 4.06 4.03 3.74 3.68 3.63 3.64 3.51 3.49 3.38 3.34 3.25 3.23 3.14 3.12 3.03 3.01 2.93 2.91 2.83 2.82 2.74 2.73 2.67 2.67 2.59 2.59 2.53 2.49 2.38 2.38 2.40 2.42 2.43 2.45 5.68 5.69 4.25 4.16 4.12 4.13 4.14 4.13 4.26 4.20 4.31 6.14 10.05 10.03 3.86 5.93 81.91 4.58 4.45 4.37 4.62 4.60 6.71 9.19 9.09 9.06 8.96 7.19 7.41 1.74 1.70 1.70 1.69 1.69 1.71 1.71 1.69 1.69 1.68 1.67 1.66 1.65 1.64 1.63 1.62 1.61 1.60 1.60 1.59 1.58 1.57 1.57 1.56 1.55 1.54 1.51 1.39 1.32 1.31 1.31 1.30 1.30 1.29 1.29 1.28 1.28 1.27 1.27 1.26 1.26 1.26 1.25 1.24 1.25 1.24 1.23 1.23 1.27 1.31 1.32 1.32 1.39 1.39 1.37 1.36 1.36 1.36 1.38 1.41 1.40 1.40 1.40 1.40 1.40 1.39 1.39 1.39 1.39 1.39 1.39 1.38 -11.901767 9.752417 -0.291568 -11.863455 9.740919 -0.291568 1245.870662 magnum 34.401939
ODOM -11.797086 9.721140 -0.270793 0.498500 0.000263 0.000000 1246.042922 magnum 34.522751
ODOM -11.700731 9.694391 -0.246249 0.510000 0.000202 0.000000 1246.168602 magnum 34.645222
FLASER 360 1.22 1.22 1.22 1.23 1.23 1.23 1.24 1.23 1.24 1.23 1.24 1.23 1.22 1.23 1.23 1.22 1.23 1.25 1.25 1.24 1.24 1.13 1.11 1.09 1.09 1.09 1.09 1.09 1.09 1.09 1.09 1.10 1.10 1.10 1.11 1.11 1.11 1.11 1.11 1.12 1.12 1.12 1.13 1.13 1.14 1.15 1.18 1.34 1.35 1.37 1.38 1.39 1.40 1.40 1.40 1.41 1.41 1.42 1.42 1.43 1.44 1.45 1.46 1.47 1.48 1.48 1.48 1.50 1.50 1.51 1.53 1.53 1.53 1.51 1.52 1.57 1.63 2.14 2.15 2.19 2.22 4.52 4.52 2.24 2.22 2.22 2.23 2.23 2.24 2.23 2.25 2.28 2.28 4.20 4.09 4.09 4.16 4.20 4.23 4.35 4.74 4.76 4.62 4.53 4.74 4.75 4.83 3.02 2.98 2.29 2.28 2.23 2.22 2.21 2.24 2.35 2.38 2.43 2.45 2.51 2.53 2.57 2.60 2.66 2.69 2.74 2.78 2.83 2.88 2.94 2.99 3.05 3.10 3.17 3.22 3.31 3.36 3.47 3.50 3.49 3.57 3.85 3.94 4.05 4.15 4.28 4.39 4.54 4.64 4.84 4.87 4.88 5.24 5.46 5.63 5.90 6.10 6.28 6.32 6.31 6.32 6.58 8.02 8.95 9.42 9.54 10.43 10.93 11.64 12.27 12.32 15.36 15.38 18.30 22.75 15.42 15.38 33.29 33.29 33.28 33.29 33.28 33.30 33.29 15.34 27.28 22.81 17.01 15.34 14.76 12.80 12.31 12.28 11.85 10.95 10.82 9.32 8.90 8.88 8.00 7.91 6.39 6.35 6.35 6.36 6.30 6.34 6.27 6.14 5.74 5.59 4.92 4.91 4.88 4.75 4.59 4.50 4.36 4.29 4.16 4.06 3.95 3.88 3.62 3.55 3.55 3.51 3.42 3.37 3.30 3.25 3.17 3.13 3.07 3.02 2.97 2.93 2.87 2.83 2.77 2.75 2.70 2.66 2.63 2.60 2.56 2.53 2.49 2.46 2.41 2.32 2.29 2.30 2.30 2.34 2.35 8.07 8.12 4.15 4.01 4.07 8.37 4.06 4.03 4.25 4.27 6.03 6.29 6.31 6.33 3.86 81.91 4.52 4.48 4.32 4.37 4.54 4.57 9.07 8.99 8.94 8.86 3.46 7.34 8.69 3.72 3.70 6.21 1.68 1.66 1.64 1.64 1.63 1.64 1.66 1.65 1.64 1.63 1.62 1.61 1.60 1.59 1.59 1.58 1.57 1.56 1.56 1.55 1.55 1.54 1.53 1.53 1.52 1.52 1.50 1.49 1.47 1.44 1.33 1.27 1.27 1.27 1.26 1.26 1.26 1.26 1.25 1.24 1.24 1.23 1.23 1.23 1.23 1.24 1.23 1.23 1.23 1.23 1.22 1.22 1.24 1.30 1.30 1.29 1.36 1.35 1.35 1.34 1.34 1.35 1.39 1.39 1.39 1.39 1.39 1.39 1.39 1.39 1.39 1.38 -11.801656 9.722048 -0.262116 -11.763022 9.711683 -0.262116 1246.080253 magnum 34.645417
ODOM -11.651340 9.681976 -0.237045 0.502500 0.000207 0.000000 1246.282811 magnum 34.761183
ODOM -11.603327 9.670377 -0.227841 0.486500 0.000230 0.000000 1246.403254 magnum 34.881672
FLASER 360 1.21 1.21 1.21 1.23 1.23 1.23 1.23 1.08 1.08 1.06 1.06 1.06 1.06 1.06 1.07 1.07 1.07 1.08 1.08 1.08 1.08 1.09 1.09 1.09 1.09 1.09 1.10 1.10 1.10 1.10 1.10 1.11 1.12 1.28 1.29 1.32 1.33 1.33 1.34 1.34 1.34 1.35 1.36 1.36 1.37 1.38 1.38 1.39 1.40 1.40 1.41 1.41 1.41 1.42 1.42 1.43 1.44 1.45 1.45 1.47 1.47 1.46 1.46 1.46 1.46 1.53 1.57 2.08 2.08 2.08 2.10 2.12 2.15 4.51 4.51 2.17 2.16 2.15 2.16 2.16 2.16 2.17 2.17 2.27 2.19 4.24 4.22 4.17 4.06 3.96 4.05 4.10 4.12 4.19 4.23 8.15 8.13 8.03 5.64 5.57 5.59 2.91 2.46 2.19 2.17 2.15 2.14 2.15 2.20 2.28 2.30 2.35 2.36 2.41 2.44 2.49 2.52 2.55 2.59 2.64 2.67 2.73 2.76 2.82 2.86 2.93 2.97 3.04 3.08 3.15 3.20 3.28 3.35 3.40 3.40 3.50 3.69 3.81 3.90 4.02 4.10 4.23 4.33 4.49 4.58 4.76 4.77 4.84 5.17 5.39 5.54 5.81 5.99 6.17 6.23 6.21 6.21 6.42 7.89 8.22 9.29 9.40 10.31 10.72 11.42 11.75 12.20 15.04 15.27 15.27 15.29 15.26 15.26 15.27 33.11 33.09 33.11 33.10 33.11 33.11 15.24 15.26 15.29 15.29 15.29 14.81 13.01 12.28 12.20 11.79 11.06 10.76 9.56 8.98 8.78 8.75 7.90 6.59 6.28 6.24 6.26 6.23 6.21 6.21 6.19 5.96 5.67 5.46 4.92 4.81 4.81 4.66 4.55 4.42 4.33 4.20 4.12 4.00 3.92 3.81 3.73 3.49 3.45 3.45 3.40 3.32 3.27 3.19 3.16 3.09 3.05 2.99 2.94 2.88 2.85 2.80 2.76 2.72 2.69 2.65 2.61 2.57 2.55 2.50 2.46 2.44 2.41 2.37 2.36 2.28 2.22 2.21 2.23 2.23 2.26 2.27 4.27 3.92 3.94 8.31 8.37 3.95 4.04 4.54 4.16 9.80 9.72 9.20 81.91 9.54 8.48 4.42 4.41 4.23 4.45 4.47 4.53 8.87 8.82 8.78 7.04 8.64 8.59 8.53 3.64 3.67 6.78 8.46 6.61 8.36 8.22 1.63 1.59 1.58 1.58 1.57 1.59 1.60 1.59 1.58 1.58 1.57 1.57 1.56 1.55 1.54 1.54 1.53 1.52 1.52 1.51 1.50 1.50 1.49 1.49 1.48 1.48 1.48 1.47 1.46 1.45 1.43 1.41 1.40 1.25 1.24 1.24 1.24 1.23 1.24 1.23 1.23 1.23 1.21 1.23 1.21 1.22 1.21 1.21 1.20 1.21 1.21 1.21 1.21 1.21 1.20 1.23 1.25 1.29 1.28 1.35 1.35 1.34 1.35 1.35 1.35 1.38 1.38 1.38 1.38 -11.680469 9.688936 -0.235172 -11.641570 9.679616 -0.235172 1246.300252 magnum 34.881816
ODOM -11.554000 9.658940 -0.215569 0.516500 0.000185 0.000000 1246.522655 magnum 35.007586
FLASER 360 1.06 1.06 1.06 1.06 1.06 1.07 1.06 1.07 1.06 1.07 1.06 1.08 1.07 1.07 1.08 1.08 1.08 1.09 1.09 1.20 1.19 1.26 1.26 1.29 1.30 1.31 1.31 1.32 1.32 1.33 1.33 1.33 1.34 1.34 1.35 1.35 1.35 1.35 1.35 1.36 1.36 1.37 1.38 1.38 1.39 1.39 1.40 1.41 1.41 1.41 1.42 1.41 1.41 1.41 1.42 1.41 1.41 4.41 2.08 2.04 2.04 2.02 2.03 2.05 2.07 2.09 4.42 4.45 2.12 2.08 2.09 2.09 2.09 2.10 2.10 2.10 2.11 2.11 4.28 4.22 4.21 4.14 4.12 3.97 3.87 3.99 4.01 4.05 4.07 4.21 8.20 8.12 8.10 7.99 7.96 5.24 2.16 2.10 2.08 2.05 2.05 2.06 2.10 2.19 2.21 2.24 2.27 2.29 2.32 2.36 2.39 2.44 2.45 2.50 2.54 2.58 2.61 2.67 2.70 2.75 2.79 2.85 2.89 2.95 3.00 3.07 3.11 3.18 3.25 3.30 3.31 3.36 3.56 3.67 3.75 3.87 3.96 4.07 4.17 4.29 4.39 4.56 4.67 4.66 4.73 5.12 5.27 5.49 5.65 5.94 6.05 6.12 6.12 6.10 6.18 7.76 7.82 9.12 9.23 10.15 10.24 11.00 11.45 12.07 12.12 15.15 15.15 15.19 15.18 15.16 15.16 33.00 33.01 32.99 33.01 33.00 33.01 33.03 15.12 15.16 22.60 15.17 15.14 14.58 12.80 12.11 12.08 11.65 10.79 10.64 9.28 8.74 8.66 8.10 7.78 6.40 6.16 6.14 6.16 6.12 6.10 6.12 6.07 5.85 5.59 5.37 4.89 4.70 4.71 4.59 4.49 4.36 4.27 4.14 4.06 3.94 3.87 3.76 3.70 3.60 3.40 3.35 3.34 3.29 3.24 3.17 3.11 3.06 3.01 2.95 2.91 2.86 2.82 2.77 2.74 2.68 2.66 2.62 2.59 2.55 2.53 2.47 2.45 2.42 2.39 2.36 2.33 2.29 2.28 2.24 2.19 2.13 2.13 2.13 2.15 2.18 2.20 3.85 3.87 8.34 3.91 3.87 4.02 4.07 9.69 9.42 6.17 5.71 3.70 8.37 4.36 4.33 4.25 4.03 4.36 4.43 8.80 8.73 8.69 6.99 7.23 8.53 8.50 6.06 3.57 3.61 7.00 6.87 6.53 8.12 8.06 8.04 7.99 7.94 6.57 3.97 1.62 1.53 1.53 1.52 1.53 1.54 1.55 1.53 1.53 1.52 1.51 1.51 1.50 1.49 1.49 1.49 1.49 1.48 1.47 1.47 1.46 1.46 1.46 1.45 1.45 1.44 1.44 1.43 1.42 1.42 1.41 1.40 1.38 1.38 1.28 1.28 1.21 1.22 1.20 1.21 1.20 1.21 1.20 1.21 1.20 1.20 1.19 1.20 1.20 1.20 1.19 1.19 1.18 1.19 1.19 1.20 1.19 1.20 1.27 1.36 1.27 1.33 1.35 1.35 -11.595087 9.667983 -0.216071 -11.556017 9.659407 -0.216071 1246.510826 magnum 35.007723
ODOM -11.504202 9.648035 -0.206365 0.502500 0.000185 0.000000 1246.643232 magnum 35.122705
ODOM -11.455805 9.637904 -0.195627 0.498500 0.000263 0.000000 1246.750671 magnum 35.228039
FLASER 360 1.07 1.07 1.07 1.07 1.07 1.15 1.18 1.25 1.25 1.25 1.26 1.27 1.28 1.30 1.29 1.30 1.30 1.30 1.30 1.31 1.31 1.32 1.32 1.33 1.33 1.33 1.34 1.34 1.35 1.35 1.35 1.35 1.35 1.35 1.35 1.36 1.37 1.37 1.38 1.38 1.39 1.35 1.36 1.37 1.37 1.38 1.38 4.41 4.41 4.35 2.05 1.99 1.99 1.97 1.98 2.00 2.01 2.05 2.05 4.47 2.07 2.03 2.03 2.03 2.03 2.04 2.04 2.04 2.05 2.05 2.06 4.44 4.26 4.21 4.17 4.12 4.10 4.05 3.98 3.77 3.87 3.95 3.97 4.00 4.04 5.15 8.15 8.08 8.03 2.07 2.04 2.01 1.99 1.96 1.98 2.01 2.05 2.11 2.13 2.16 2.18 2.21 2.23 2.27 2.29 2.33 2.36 2.40 2.42 2.46 2.50 2.54 2.57 2.62 2.65 2.70 2.74 2.80 2.83 2.89 2.93 3.00 3.05 3.11 3.17 3.20 3.20 3.30 3.48 3.58 3.64 3.75 3.82 3.94 4.03 4.14 4.24 4.38 4.51 4.56 4.57 4.87 5.02 5.24 5.39 5.61 5.81 5.96 6.02 6.01 6.01 6.12 7.58 7.71 8.74 9.11 9.21 10.11 10.55 11.33 11.57 11.99 14.79 15.04 15.05 15.06 15.07 15.04 15.05 32.91 32.90 32.89 32.89 32.90 32.91 15.01 15.01 22.50 15.07 15.05 14.77 12.81 12.18 11.98 11.76 11.50 10.61 10.46 9.00 8.58 8.56 7.72 7.61 6.20 6.05 6.04 6.05 6.01 6.00 6.01 5.93 5.72 5.46 5.25 4.87 4.61 4.61 4.50 4.40 4.27 4.18 4.06 3.99 3.88 3.82 3.70 3.64 3.55 3.48 3.27 3.25 3.23 3.18 3.12 3.08 3.01 2.97 2.91 2.87 2.83 2.79 2.75 2.71 2.66 2.63 2.59 2.56 2.52 2.49 2.45 2.42 2.39 2.36 2.32 2.30 2.27 2.25 2.22 2.20 2.17 2.14 2.07 2.04 2.03 2.05 2.07 2.11 2.11 3.84 5.29 3.79 3.77 3.93 4.00 9.13 6.07 5.60 9.24 3.64 6.23 4.28 4.26 3.98 4.01 4.33 4.37 8.63 8.57 7.04 7.13 8.44 8.42 6.00 5.99 8.36 3.56 6.66 6.43 8.05 8.00 7.95 7.92 7.88 6.51 6.21 3.91 3.93 3.88 7.67 3.15 1.61 1.50 1.47 1.47 1.46 1.48 1.50 1.49 1.49 1.48 1.48 1.47 1.46 1.46 1.45 1.45 1.44 1.44 1.43 1.43 1.43 1.42 1.42 1.42 1.41 1.41 1.41 1.41 1.41 1.40 1.40 1.40 1.39 1.37 1.35 1.35 1.33 1.28 1.23 1.20 1.19 1.19 1.19 1.19 1.19 1.19 1.19 1.19 1.19 1.19 1.19 1.19 1.19 1.18 1.19 1.19 1.19 1.19 1.19 1.19 -11.505563 9.647977 -0.197966 -11.466345 9.640110 -0.197966 1246.720228 magnum 35.228199
ODOM -11.356849 9.618294 -0.175685 0.497000 0.000179 0.000000 1246.869067 magnum 35.345575
ODOM -11.307626 9.609556 -0.164947 0.501500 0.000196 0.000000 1246.983081 magnum 35.461613
FLASER 360 1.28 1.28 1.28 1.29 1.28 1.28 1.29 1.30 1.29 1.30 1.30 1.30 1.30 1.31 1.31 1.31 1.32 1.32 1.32 1.33 1.33 1.33 1.34 1.35 1.35 1.34 1.35 1.36 1.36 1.34 1.34 1.34 1.34 1.35 1.34 7.45 4.58 4.55 4.57 4.47 4.42 2.00 1.97 1.93 1.93 1.91 1.93 1.94 1.95 1.97 1.98 6.55 6.62 2.04 1.98 1.98 1.98 1.98 1.98 1.98 1.99 1.98 1.99 1.99 4.59 4.65 4.67 4.17 4.14 4.08 4.05 4.01 3.99 3.74 3.71 3.88 3.88 3.91 3.93 3.98 4.02 8.02 8.09 1.95 1.94 1.90 1.89 1.91 1.92 2.01 2.02 2.05 2.07 2.09 2.11 2.14 2.16 2.20 2.22 2.25 2.27 2.30 2.33 2.37 2.39 2.44 2.46 2.52 2.55 2.60 2.63 2.68 2.70 2.76 2.79 2.85 2.89 2.95 3.00 3.08 3.12 3.10 3.13 3.36 3.42 3.50 3.57 3.67 3.74 3.85 3.93 4.05 4.14 4.26 4.38 4.47 4.46 4.72 4.85 5.06 5.20 5.43 5.59 5.83 5.87 5.92 5.91 5.92 6.08 7.58 7.62 8.90 9.01 9.32 10.00 10.58 11.19 11.55 11.86 14.91 14.94 14.96 14.96 14.94 14.95 14.96 32.77 32.75 32.76 32.76 32.77 32.77 14.93 14.93 14.96 14.96 14.97 14.65 14.34 12.10 11.89 11.68 11.44 10.49 10.43 8.89 8.55 8.45 8.42 7.52 6.31 5.95 5.94 5.94 5.95 5.88 5.89 5.87 5.77 5.44 5.29 5.10 4.59 4.50 4.50 4.36 4.28 4.15 4.08 3.96 3.90 3.77 3.71 3.61 3.56 3.47 3.41 3.19 3.15 3.14 3.11 3.06 3.01 2.95 2.91 2.85 2.82 2.77 2.74 2.69 2.66 2.61 2.58 2.54 2.51 2.46 2.44 2.40 2.38 2.34 2.32 2.29 2.27 2.23 2.22 2.19 2.17 2.14 2.13 2.09 2.08 2.03 1.99 1.95 1.96 1.96 2.00 2.01 2.01 3.81 3.70 3.73 3.93 81.91 81.91 5.61 8.21 9.01 6.14 4.21 4.18 4.22 3.78 4.15 4.29 8.51 6.86 7.06 8.36 8.35 8.41 5.92 8.32 8.25 8.21 3.49 8.01 7.95 7.91 7.87 7.84 7.79 7.77 6.13 5.61 3.85 3.88 3.83 3.05 7.64 3.07 3.07 6.22 5.95 1.46 1.43 1.43 1.43 1.43 1.41 1.45 1.45 1.44 1.44 1.43 1.43 1.42 1.42 1.42 1.42 1.42 1.41 1.41 1.41 1.41 1.40 1.40 1.40 1.40 1.39 1.39 1.39 1.39 1.38 1.39 1.37 1.37 1.38 1.37 1.35 1.35 1.33 1.33 1.32 1.26 1.26 1.18 1.18 1.18 1.18 1.18 1.18 1.18 1.18 1.18 1.18 1.18 1.18 1.18 1.18 -11.362481 9.618994 -0.168311 -11.323046 9.612294 -0.168311 1246.940263 magnum 35.461745
ODOM -11.258370 9.601357 -0.154209 0.500000 0.000179 0.000000 1247.103322 magnum 35.581598
ODOM -11.208832 9.593657 -0.143471 0.502500 0.000241 0.000000 1247.222404 magnum 35.701283
FLASER 360 1.30 1.31 1.31 1.31 1.31 1.31 1.30 1.31 1.31 1.31 1.32 1.32 1.32 1.33 1.33 1.33 1.34 1.32 1.31 1.31 1.32 1.32 1.33 1.45 1.43 7.07 7.18 7.35 7.37 6.47 6.38 4.52 4.52 4.47 1.95 1.89 1.88 1.88 1.88 1.91 1.91 1.93 1.95 4.38 7.75 6.60 7.47 4.67 4.62 4.37 4.27 4.26 4.32 2.10 2.06 2.06 2.06 2.06 2.05 2.05 2.04 2.04 4.11 4.05 4.02 3.97 3.95 3.76 3.67 3.76 3.82 3.83 3.85 3.90 3.93 1.89 1.88 1.83 1.83 1.83 1.84 1.92 1.94 1.96 1.98 2.00 2.01 2.04 2.06 2.08 2.10 2.14 2.15 2.19 2.21 2.23 2.26 2.30 2.31 2.36 2.38 2.43 2.45 2.50 2.53 2.58 2.60 2.66 2.69 2.73 2.76 2.83 2.86 2.92 2.96 3.03 3.03 3.03 3.16 3.32 3.37 3.45 3.52 3.62 3.67 3.78 3.86 3.97 4.06 4.18 4.28 4.37 4.36 4.58 4.73 4.92 5.04 5.26 5.41 5.67 5.75 5.81 5.81 5.79 5.83 6.01 7.48 8.11 8.78 8.95 9.17 9.93 10.39 11.11 11.38 11.80 14.50 14.84 14.87 14.86 14.87 14.83 14.82 32.66 32.66 32.66 32.66 32.66 32.67 14.80 14.84 14.85 14.88 14.87 14.80 14.20 12.36 11.77 11.76 11.32 10.44 10.30 9.01 8.43 8.34 8.31 7.46 6.04 5.92 5.82 5.83 5.83 5.80 5.77 5.81 5.68 5.54 5.24 5.11 4.94 4.41 4.39 4.38 4.24 4.15 4.04 3.96 3.85 3.78 3.67 3.62 3.52 3.47 3.38 3.33 3.15 3.06 3.06 3.04 2.99 2.95 2.88 2.83 2.79 2.77 2.70 2.68 2.63 2.60 2.56 2.53 2.49 2.46 2.41 2.39 2.35 2.33 2.30 2.28 2.24 2.23 2.20 2.18 2.14 2.13 2.10 2.08 2.06 2.04 2.01 2.01 1.98 1.95 1.89 1.87 1.86 1.88 1.90 1.94 1.94 3.64 3.84 3.81 9.10 8.15 8.93 9.01 8.96 4.14 4.09 4.12 4.17 4.09 4.19 4.21 6.97 7.17 8.25 8.33 8.28 3.29 8.22 3.16 8.11 6.33 3.46 7.87 7.84 7.80 7.76 7.72 7.68 6.06 5.54 5.59 3.81 3.83 3.76 7.59 2.98 6.39 3.01 7.49 7.44 7.43 7.27 2.83 2.81 2.84 5.25 1.39 1.38 1.37 1.37 1.37 1.37 1.41 1.40 1.40 1.40 1.39 1.39 1.39 1.39 1.38 1.38 1.38 1.38 1.37 1.37 1.37 1.37 1.37 1.36 1.36 1.36 1.36 1.36 1.36 1.36 1.36 1.35 1.35 1.36 1.36 1.36 1.32 1.33 1.32 1.32 1.26 1.24 1.25 1.23 1.17 1.17 1.18 1.18 1.18 1.18 -11.275219 9.603777 -0.149287 -11.235664 9.597828 -0.149287 1247.150769 magnum 35.701426
ODOM -11.159649 9.586552 -0.134267 0.499000 0.000213 0.000000 1247.343296 magnum 35.821656
ODOM -11.060557 9.573166 -0.112791 0.493000 0.000179 0.000000 1247.463190 magnum 35.942567
FLASER 360 1.32 1.32 1.32 1.33 1.33 1.31 1.30 1.30 1.30 1.30 1.31 1.41 1.46 7.02 7.03 7.06 7.08 7.09 7.11 7.14 7.13 7.08 7.23 7.33 6.41 4.66 4.49 1.93 1.92 1.89 1.88 1.90 1.90 1.92 1.93 4.24 4.25 4.31 4.34 6.62 7.71 7.76 6.62 4.39 4.26 4.27 4.29 4.37 4.24 4.24 2.17 2.12 2.11 2.07 2.08 2.07 2.08 4.03 4.00 3.95 3.92 3.84 3.67 3.64 3.72 3.73 3.75 1.85 1.81 1.77 1.77 1.77 1.78 1.84 1.87 1.88 1.90 1.92 1.94 1.95 1.97 2.00 2.01 2.04 2.06 2.08 2.10 2.13 2.14 2.18 2.20 2.23 2.25 2.29 2.31 2.35 2.37 2.41 2.44 2.47 2.51 2.56 2.58 2.63 2.67 2.71 2.75 2.79 2.83 2.90 2.93 2.92 2.95 3.12 3.21 3.28 3.33 3.41 3.47 3.55 3.62 3.70 3.78 3.90 3.96 4.08 4.18 4.27 4.27 4.42 4.60 4.77 4.89 5.10 5.24 5.46 5.63 5.68 5.72 5.71 5.70 5.87 7.21 7.39 8.02 8.77 8.84 9.77 9.82 10.48 10.99 11.40 11.67 14.50 14.73 14.75 14.76 14.74 14.73 14.72 32.57 32.56 32.57 32.56 32.57 32.56 32.60 14.70 14.74 14.74 14.75 14.71 14.21 12.31 11.72 11.66 11.28 10.37 10.25 9.00 8.66 8.24 8.23 7.38 7.28 5.89 5.74 5.71 5.73 5.71 5.68 5.70 5.69 5.51 5.32 5.08 4.96 4.53 4.31 4.29 4.27 4.11 4.03 3.93 3.85 3.73 3.68 3.59 3.52 3.44 3.39 3.29 3.25 3.16 3.00 2.95 2.96 2.91 2.89 2.82 2.79 2.73 2.69 2.65 2.62 2.57 2.55 2.51 2.46 2.43 2.41 2.37 2.34 2.30 2.29 2.25 2.23 2.20 2.18 2.15 2.14 2.11 2.09 2.07 2.05 2.01 2.01 1.98 1.97 1.95 1.93 1.91 1.89 1.87 1.81 1.80 1.79 1.79 1.80 1.84 1.86 3.75 8.37 8.84 8.91 8.90 5.98 6.23 4.04 4.03 4.08 4.09 3.99 4.15 6.93 8.20 8.20 8.24 8.20 5.77 5.82 8.07 3.08 7.87 7.83 3.39 3.34 7.70 7.68 7.63 7.61 5.99 5.48 5.50 5.50 3.72 3.75 3.72 6.18 6.18 2.94 3.01 2.95 7.35 7.24 7.21 5.36 2.78 2.77 2.77 5.66 5.68 3.92 2.94 3.37 1.36 1.36 1.34 1.34 1.33 1.34 1.35 1.37 1.36 1.35 1.35 1.35 1.36 1.36 1.36 1.36 1.35 1.35 1.35 1.35 1.35 1.35 1.35 1.35 1.35 1.35 1.35 1.35 1.35 1.35 1.35 1.35 1.35 1.35 1.35 1.35 1.34 1.32 1.31 1.31 1.31 1.32 1.31 1.25 1.26 -11.179186 9.589015 -0.129905 -11.139523 9.583833 -0.129905 1247.360633 magnum 35.942938
ODOM -11.010340 9.567478 -0.102053 0.508500 0.000241 0.000000 1247.590189 magnum 36.076350
FLASER 360 1.42 3.42 3.40 3.43 3.44 3.44 3.42 7.01 7.02 7.01 7.04 7.07 7.08 7.09 7.11 7.11 6.99 7.16 7.30 6.74 4.53 4.47 4.49 4.35 2.07 2.09 2.07 2.09 2.07 2.08 2.08 2.11 2.12 6.81 7.63 7.68 6.50 4.54 4.32 4.24 4.23 4.33 2.19 2.11 2.08 2.07 2.07 2.07 2.08 2.16 4.30 4.00 3.98 3.91 3.88 3.83 3.67 3.53 1.81 1.74 1.73 1.70 1.70 1.72 1.73 1.79 1.80 1.82 1.83 1.86 1.87 1.89 1.91 1.92 1.94 1.96 1.97 2.00 2.01 2.04 2.06 2.08 2.10 2.13 2.14 2.18 2.19 2.22 2.24 2.28 2.30 2.34 2.36 2.40 2.43 2.46 2.50 2.55 2.57 2.62 2.64 2.70 2.73 2.78 2.83 2.86 2.85 2.87 3.01 3.12 3.18 3.25 3.29 3.38 3.43 3.50 3.56 3.65 3.72 3.84 3.91 4.02 4.13 4.17 4.17 4.38 4.51 4.67 4.78 4.97 5.11 5.31 5.47 5.57 5.63 5.61 5.61 5.66 5.91 7.26 7.30 8.22 8.69 8.77 9.67 9.83 10.43 10.95 11.45 11.61 14.35 14.62 14.62 20.63 22.03 14.62 14.62 32.52 32.52 32.51 32.51 32.51 32.52 14.59 14.59 26.53 22.07 17.29 14.63 14.03 12.30 11.58 11.55 11.14 10.38 10.10 10.00 8.53 8.18 8.13 7.40 7.17 5.92 5.63 5.61 5.61 5.63 5.57 5.56 5.59 5.46 5.24 5.05 4.88 4.75 4.22 4.19 4.18 4.10 3.98 3.90 3.80 3.71 3.63 3.57 3.48 3.41 3.34 3.28 3.21 3.15 3.08 2.93 2.85 2.86 2.84 2.81 2.75 2.71 2.67 2.63 2.58 2.56 2.51 2.47 2.44 2.41 2.37 2.35 2.31 2.28 2.25 2.23 2.20 2.18 2.15 2.13 2.10 2.08 2.06 2.04 2.01 2.00 1.98 1.95 1.94 1.93 1.90 1.89 1.87 1.86 1.84 1.82 1.80 1.79 1.75 1.72 1.69 1.70 1.71 1.75 1.76 8.85 8.82 8.65 6.11 6.15 3.89 3.95 3.99 3.99 3.77 3.98 6.85 8.11 8.18 8.14 5.73 5.70 6.51 7.98 7.87 6.14 7.72 7.72 3.28 3.28 7.59 6.25 7.53 6.00 5.43 5.43 5.43 5.46 3.67 3.69 3.65 6.25 7.32 5.81 7.33 2.91 2.89 7.14 3.39 7.10 5.16 2.79 2.71 2.77 7.03 3.84 2.90 2.97 3.34 3.41 3.50 3.49 3.58 3.95 1.32 1.30 1.30 1.29 1.29 1.30 1.32 1.34 1.34 1.33 1.32 1.33 1.32 1.33 1.33 1.33 1.33 1.33 1.33 1.33 1.33 1.33 1.33 1.33 1.33 1.33 1.33 1.33 1.33 1.33 1.33 1.34 1.34 1.34 1.34 1.34 1.34 1.32 1.31 -11.051845 9.571762 -0.102420 -11.012055 9.567673 -0.102420 1247.580261 magnum 36.076471
ODOM -10.960924 9.562418 -0.091315 0.497000 0.000213 0.000000 1247.703179 magnum 36.181741
ODOM -10.910581 9.557808 -0.082111 0.511000 0.000179 0.000000 1247.822968 magnum 36.301150
FLASER 360 3.46 6.62 6.30 7.00 7.01 7.02 7.05 7.06 7.08 7.08 7.09 7.03 7.03 7.22 7.29 4.45 4.47 4.38 4.32 4.27 4.27 4.21 4.21 4.21 4.19 4.21 2.51 2.38 2.35 2.35 2.33 2.34 2.34 2.44 4.13 2.21 2.26 2.09 2.08 2.08 2.09 2.13 2.15 4.40 4.42 3.98 3.96 3.89 3.86 1.81 1.77 1.66 1.66 1.65 1.66 1.70 1.72 1.75 1.76 1.78 1.79 1.80 1.81 1.83 1.85 1.87 1.88 1.90 1.90 1.93 1.94 1.95 1.97 2.00 2.01 2.04 2.06 2.08 2.09 2.12 2.14 2.17 2.19 2.22 2.24 2.28 2.29 2.33 2.36 2.39 2.42 2.45 2.49 2.53 2.56 2.60 2.63 2.67 2.71 2.76 2.77 2.76 2.80 2.98 3.03 3.09 3.13 3.21 3.25 3.33 3.37 3.47 3.52 3.60 3.66 3.75 3.83 3.94 4.05 4.08 4.08 4.30 4.41 4.57 4.66 4.83 4.95 5.16 5.29 5.45 5.49 5.51 5.51 5.51 5.64 6.99 7.16 7.46 8.07 8.59 8.67 9.56 9.67 10.60 10.81 11.41 11.47 14.27 14.52 14.52 14.54 14.53 14.53 14.50 32.31 32.36 32.36 32.36 32.36 32.36 32.38 14.47 14.48 14.53 14.53 14.52 14.09 12.20 11.58 11.43 11.16 10.56 10.07 9.91 8.48 8.09 8.02 7.99 7.13 5.73 5.59 5.51 5.51 5.51 5.50 5.46 5.49 5.41 5.29 5.02 4.88 4.71 4.60 4.09 4.08 4.05 3.97 3.85 3.77 3.67 3.62 3.51 3.46 3.38 3.31 3.24 3.19 3.11 3.07 3.01 2.96 2.78 2.74 2.74 2.73 2.67 2.65 2.60 2.56 2.52 2.49 2.44 2.42 2.37 2.35 2.31 2.29 2.25 2.23 2.21 2.19 2.15 2.13 2.10 2.08 2.06 2.04 2.01 2.00 1.97 1.96 1.94 1.92 1.90 1.88 1.86 1.85 1.83 1.82 1.80 1.79 1.78 1.77 1.75 1.73 1.72 1.70 1.65 1.64 1.61 1.62 1.63 1.67 1.68 5.87 6.03 6.02 3.67 3.89 3.93 3.73 3.63 3.93 8.07 8.08 8.03 5.66 5.64 6.46 7.88 6.69 7.72 7.67 7.62 7.58 3.24 3.25 7.48 7.47 5.91 5.40 5.35 5.38 5.38 7.40 3.62 3.63 3.61 7.29 5.71 7.26 7.26 7.10 2.86 2.85 3.31 3.33 5.12 3.33 5.59 2.67 2.67 3.76 3.51 3.23 2.91 3.31 3.38 3.45 3.43 3.69 5.01 4.53 4.58 5.02 4.16 1.44 1.41 1.27 1.26 1.26 1.26 1.27 1.27 1.31 1.30 1.30 1.30 1.30 1.30 1.31 1.31 1.30 1.31 1.31 1.31 1.31 1.31 1.31 1.31 1.31 1.32 1.31 1.32 1.31 1.32 1.32 1.33 1.33 1.33 -10.961526 9.562184 -0.084138 -10.921667 9.558823 -0.084138 1247.790553 magnum 36.301306
ODOM -10.860392 9.553677 -0.071373 0.502000 0.000179 0.000000 1247.942411 magnum 36.421194
ODOM -10.760305 9.546522 -0.051431 0.502500 0.000151 0.000000 1248.068955 magnum 36.545227
FLASER 360 7.01 7.01 7.03 7.07 7.06 7.09 7.10 6.97 7.05 4.47 4.45 4.41 4.36 4.26 4.25 4.20 4.18 4.18 4.18 4.16 4.18 4.24 4.35 7.42 6.81 7.57 7.57 2.60 2.32 2.10 2.11 2.11 2.12 2.16 2.17 2.23 4.31 4.34 4.36 4.05 1.69 1.63 1.62 1.60 1.61 1.62 1.64 1.68 1.69 1.71 1.71 1.73 1.74 1.76 1.77 1.78 1.78 1.80 1.81 1.83 1.85 1.86 1.87 1.89 1.91 1.93 1.94 1.97 1.98 1.99 2.01 2.04 2.05 2.08 2.10 2.12 2.14 2.18 2.19 2.21 2.24 2.27 2.29 2.33 2.35 2.38 2.41 2.44 2.47 2.52 2.55 2.59 2.62 2.67 2.68 2.67 2.69 2.84 2.89 2.95 2.99 3.05 3.10 3.18 3.23 3.30 3.35 3.43 3.47 3.55 3.61 3.70 3.76 3.89 3.96 3.99 3.99 4.23 4.31 4.46 4.56 4.70 4.81 4.99 5.14 5.33 5.37 5.42 5.42 5.41 5.43 5.76 6.89 7.07 7.43 8.29 8.48 8.60 9.46 9.68 10.21 10.72 11.01 11.38 14.00 14.40 14.42 14.43 14.42 14.41 14.40 32.11 32.24 32.23 32.24 32.24 32.25 32.24 14.37 14.38 14.41 14.42 14.43 14.03 13.80 11.53 11.34 11.28 10.89 9.97 9.87 8.46 8.25 7.91 7.92 7.03 6.95 5.57 5.41 5.39 5.41 5.40 5.36 5.35 5.37 5.23 5.10 4.85 4.72 4.56 4.43 3.98 3.97 3.94 3.85 3.73 3.67 3.57 3.51 3.42 3.36 3.28 3.23 3.15 3.10 3.03 2.98 2.92 2.88 2.73 2.66 2.64 2.65 2.61 2.57 2.53 2.51 2.44 2.42 2.38 2.35 2.32 2.29 2.25 2.23 2.20 2.18 2.15 2.12 2.10 2.08 2.05 2.03 2.00 1.99 1.97 1.95 1.93 1.92 1.89 1.88 1.86 1.85 1.82 1.81 1.79 1.78 1.76 1.75 1.73 1.73 1.70 1.70 1.68 1.67 1.66 1.65 1.64 1.62 1.59 1.55 1.54 1.54 1.54 1.56 1.59 1.63 3.36 3.84 3.87 3.56 3.59 8.03 7.98 7.95 5.68 5.58 6.42 7.80 6.50 6.00 7.56 7.56 7.50 7.49 7.45 3.18 3.16 5.87 5.37 5.30 5.33 5.30 7.32 7.31 3.59 3.55 3.57 3.54 7.20 7.13 7.05 7.04 2.80 2.94 2.80 3.21 3.34 3.29 3.29 3.30 3.17 2.63 2.62 3.06 2.94 2.80 2.81 3.39 3.40 3.39 3.67 4.42 4.40 6.84 6.83 5.03 6.00 6.77 6.79 6.78 6.76 1.41 1.40 1.27 1.24 1.24 1.24 1.24 1.24 1.25 1.28 1.28 1.28 1.28 1.28 1.29 1.29 1.29 1.29 1.28 1.30 1.30 1.30 1.30 1.30 1.31 1.31 1.31 1.31 -10.841630 9.551867 -0.059679 -10.801701 9.549481 -0.059679 1248.010609 magnum 36.545375
ODOM -10.709960 9.543930 -0.048363 0.501000 -0.000101 0.000000 1248.183129 magnum 36.661806
ODOM -10.659363 9.541481 -0.046829 0.503500 -0.000028 0.000000 1248.303051 magnum 36.781594
FLASER 360 7.06 7.08 7.10 7.03 4.45 4.43 4.42 4.27 4.25 4.23 4.19 4.17 4.17 4.14 4.14 2.28 2.26 2.24 2.23 2.23 2.21 2.22 2.22 2.30 2.33 2.53 2.53 2.53 2.54 2.57 4.21 1.62 1.60 1.57 1.57 1.58 1.59 1.65 1.65 1.66 1.66 1.67 1.69 1.70 1.70 1.72 1.73 1.74 1.75 1.77 1.77 1.79 1.80 1.82 1.82 1.84 1.85 1.87 1.88 1.90 1.92 1.93 1.94 1.97 1.99 2.01 2.02 2.05 2.06 2.09 2.10 2.13 2.14 2.18 2.20 2.22 2.24 2.26 2.29 2.33 2.34 2.39 2.41 2.44 2.46 2.52 2.54 2.59 2.61 2.59 2.61 2.69 2.80 2.85 2.88 2.94 2.97 3.04 3.08 3.15 3.19 3.25 3.30 3.37 3.43 3.51 3.56 3.65 3.69 3.83 3.90 3.89 3.90 4.15 4.22 4.36 4.45 4.58 4.69 4.86 4.96 5.18 5.26 5.31 5.32 5.31 5.30 5.47 6.56 6.92 6.98 7.65 8.05 8.39 8.48 9.35 9.43 10.21 10.57 10.88 11.26 13.87 14.31 14.31 14.35 14.32 14.32 14.29 14.30 32.12 32.12 32.11 32.12 32.12 32.12 14.26 14.29 14.30 14.32 14.32 14.30 13.69 11.94 11.24 11.22 10.81 10.03 9.77 9.69 8.21 7.85 7.81 7.73 6.86 5.51 5.31 5.29 5.29 5.30 5.26 5.24 5.26 5.23 5.05 4.91 4.68 4.57 4.42 4.01 3.85 3.86 3.81 3.72 3.62 3.56 3.46 3.41 3.32 3.25 3.18 3.13 3.06 3.02 2.95 2.90 2.84 2.80 2.74 2.61 2.54 2.54 2.54 2.51 2.45 2.43 2.39 2.35 2.31 2.29 2.25 2.23 2.20 2.17 2.14 2.12 2.09 2.07 2.05 2.03 2.00 1.99 1.95 1.94 1.92 1.90 1.88 1.86 1.84 1.83 1.81 1.80 1.78 1.77 1.75 1.74 1.72 1.71 1.69 1.67 1.66 1.66 1.64 1.64 1.62 1.61 1.60 1.58 1.57 1.56 1.55 1.55 1.55 1.49 1.47 1.46 1.45 1.46 1.47 1.52 1.54 3.78 3.78 7.91 7.85 5.53 5.47 5.48 7.64 6.15 5.95 7.48 7.45 7.44 7.40 7.38 2.80 7.31 3.11 7.28 5.47 5.25 5.25 5.26 7.24 5.95 6.08 3.50 3.50 3.50 3.49 7.01 6.97 6.97 6.94 6.96 2.86 2.76 2.80 5.49 6.83 6.84 3.21 3.20 2.61 2.60 2.72 3.23 3.23 2.78 2.74 3.37 3.35 3.75 4.45 6.73 5.12 4.59 6.74 6.73 6.74 6.75 6.73 6.73 6.75 6.75 6.73 6.74 6.74 6.74 1.39 1.37 1.35 1.22 1.22 1.22 1.22 1.23 1.23 1.26 1.26 1.27 1.27 1.27 1.27 1.28 1.27 1.28 1.28 1.28 1.28 -10.731716 9.544961 -0.047811 -10.691762 9.543049 -0.047811 1248.220244 magnum 36.781741
ODOM -10.609668 9.539152 -0.054499 0.492000 -0.000258 0.000000 1248.422369 magnum 36.901097
ODOM -10.560231 9.536455 -0.069839 0.500000 -0.000414 0.000000 1248.543094 magnum 37.021195
FLASER 360 4.46 4.42 4.45 4.29 4.24 4.22 4.18 2.67 2.56 2.54 2.52 2.53 2.51 2.53 2.54 7.42 7.21 6.68 2.75 2.55 2.53 2.52 1.90 1.58 1.55 1.55 1.55 1.56 1.59 1.62 1.62 1.64 1.64 1.65 1.65 1.66 1.66 1.69 1.69 1.71 1.71 1.73 1.74 1.75 1.75 1.77 1.77 1.78 1.79 1.81 1.82 1.84 1.85 1.86 1.87 1.89 1.90 1.92 1.93 1.95 1.97 1.98 2.00 2.02 2.04 2.07 2.08 2.10 2.12 2.14 2.17 2.19 2.20 2.23 2.26 2.28 2.31 2.34 2.36 2.40 2.42 2.46 2.49 2.54 2.55 2.53 2.55 2.66 2.73 2.77 2.81 2.85 2.89 2.94 2.99 3.03 3.09 3.14 3.19 3.26 3.31 3.36 3.43 3.49 3.56 3.63 3.71 3.80 3.81 3.81 3.97 4.10 4.21 4.31 4.42 4.55 4.66 4.79 4.92 5.11 5.18 5.22 5.22 5.21 5.22 5.36 6.45 6.74 6.89 7.24 7.75 8.27 8.34 9.25 9.29 9.70 10.40 10.58 11.13 11.19 13.82 14.20 14.22 14.21 14.22 14.21 14.20 14.27 32.03 32.02 32.02 32.03 32.03 32.03 14.17 14.16 14.21 14.21 14.22 14.15 13.62 11.66 11.14 11.11 10.71 9.81 9.66 8.44 8.10 7.71 7.71 6.92 6.76 5.51 5.22 5.17 5.19 5.20 5.17 5.13 5.16 5.12 4.98 4.79 4.62 4.46 4.34 4.19 3.75 3.73 3.72 3.63 3.56 3.47 3.39 3.33 3.26 3.18 3.13 3.06 3.01 2.95 2.89 2.83 2.78 2.73 2.69 2.63 2.51 2.44 2.43 2.43 2.42 2.37 2.34 2.30 2.27 2.24 2.20 2.18 2.16 2.12 2.11 2.07 2.04 2.02 2.00 1.98 1.96 1.93 1.92 1.90 1.88 1.85 1.84 1.82 1.81 1.79 1.77 1.76 1.75 1.73 1.72 1.70 1.69 1.67 1.64 1.65 1.64 1.62 1.61 1.60 1.59 1.57 1.57 1.54 1.54 1.53 1.52 1.51 1.50 1.49 1.48 1.46 1.46 1.45 1.44 1.40 1.38 1.38 1.38 1.37 1.41 1.43 1.44 5.60 5.41 7.63 6.45 5.92 7.43 7.40 7.36 7.34 7.31 7.31 7.26 7.24 7.22 3.07 3.01 5.20 5.17 5.20 7.16 6.09 6.03 6.09 3.45 3.44 3.44 3.43 6.93 6.91 6.90 5.09 6.87 4.98 2.79 2.72 2.69 6.81 6.80 6.77 6.77 3.74 3.80 2.55 2.52 2.58 3.24 2.95 2.79 3.33 3.44 4.43 5.65 4.95 4.02 6.69 6.73 6.71 6.71 6.71 6.72 6.71 6.70 6.72 6.71 6.72 6.77 6.82 6.83 6.84 6.84 6.84 6.83 1.37 1.35 1.35 1.27 1.24 1.21 1.20 1.21 1.21 1.22 1.23 1.26 1.26 -10.643851 9.541089 -0.056284 -10.603914 9.538838 -0.056284 1248.430404 magnum 37.021352
ODOM -10.460249 9.529461 -0.128131 0.501000 -0.000795 0.000000 1248.668361 magnum 37.147944
FLASER 360 4.43 4.43 4.37 4.27 4.23 4.22 3.01 2.83 2.76 2.75 2.74 2.74 2.78 2.83 7.30 7.36 2.61 1.70 1.56 1.53 1.54 1.55 1.55 1.57 1.60 1.60 1.61 1.62 1.62 1.63 1.65 1.66 1.66 1.67 1.67 1.67 1.69 1.70 1.71 1.71 1.72 1.73 1.75 1.75 1.76 1.77 1.77 1.79 1.80 1.81 1.83 1.83 1.85 1.86 1.88 1.89 1.91 1.92 1.94 1.95 1.97 2.00 2.00 2.01 2.04 2.06 2.07 2.09 2.11 2.13 2.15 2.17 2.20 2.21 2.24 2.26 2.29 2.31 2.34 2.37 2.41 2.42 2.46 2.44 2.45 2.49 2.62 2.65 2.69 2.72 2.77 2.80 2.85 2.90 2.94 2.98 3.03 3.06 3.13 3.18 3.25 3.28 3.35 3.40 3.48 3.53 3.62 3.66 3.71 3.71 3.80 3.96 4.07 4.13 4.26 4.34 4.48 4.56 4.72 4.80 4.99 5.05 5.14 5.13 5.12 5.12 5.23 5.41 6.52 6.72 6.81 7.36 7.91 8.16 8.28 9.16 9.22 9.59 10.35 10.45 11.04 11.07 13.75 14.10 14.11 14.12 14.12 14.10 14.10 14.11 31.94 31.94 31.95 31.94 31.94 31.94 14.07 14.03 14.11 14.09 14.12 14.09 13.52 11.78 11.05 11.00 10.62 10.53 9.58 9.51 8.00 7.68 7.58 7.57 6.67 6.61 5.13 5.09 5.06 5.06 5.05 5.01 5.03 5.04 4.91 4.81 4.55 4.45 4.28 4.20 3.67 3.62 3.62 3.60 3.50 3.44 3.35 3.30 3.21 3.16 3.08 3.04 2.96 2.91 2.84 2.82 2.75 2.70 2.64 2.61 2.56 2.52 2.37 2.33 2.33 2.32 2.29 2.26 2.23 2.21 2.18 2.15 2.11 2.09 2.06 2.05 2.01 1.99 1.96 1.94 1.92 1.91 1.88 1.87 1.85 1.83 1.81 1.80 1.77 1.77 1.75 1.73 1.71 1.70 1.68 1.67 1.66 1.65 1.63 1.62 1.60 1.59 1.57 1.56 1.55 1.54 1.53 1.53 1.51 1.51 1.50 1.49 1.47 1.46 1.46 1.45 1.44 1.42 1.42 1.41 1.40 1.39 1.39 1.38 1.38 1.36 1.32 1.31 1.31 1.31 1.31 1.32 1.39 1.40 7.35 7.32 7.30 7.28 7.24 7.23 7.18 7.21 5.65 7.14 3.03 3.02 5.14 5.11 7.10 7.07 5.96 5.95 7.04 5.48 3.38 3.41 3.37 6.86 6.84 6.83 5.05 4.95 4.92 4.92 2.63 2.84 2.77 2.66 6.75 6.77 3.64 3.66 4.16 4.16 2.50 2.47 3.18 3.18 2.72 2.86 3.49 5.65 4.92 5.05 6.68 6.68 6.69 6.69 6.71 6.70 6.70 6.70 6.70 6.70 6.71 6.80 6.81 6.81 6.83 6.83 6.80 6.85 6.85 6.86 6.83 6.79 6.81 6.82 1.35 1.35 -10.509106 9.535001 -0.122792 -10.469407 9.530102 -0.122792 1248.650919 magnum 37.148119
ODOM -10.410526 9.523055 -0.169549 0.495000 -0.000862 0.000000 1248.783269 magnum 37.260742
ODOM -10.361169 9.514606 -0.221705 0.500000 -0.001120 0.000000 1248.903038 magnum 37.381897
FLASER 360 7.04 7.06 7.08 7.07 4.44 4.43 4.41 4.30 4.23 4.22 3.11 2.92 2.83 2.82 2.83 2.83 2.87 1.56 1.51 1.51 1.52 1.52 1.56 1.58 1.58 1.58 1.59 1.60 1.60 1.60 1.61 1.63 1.63 1.64 1.64 1.65 1.66 1.66 1.67 1.68 1.68 1.69 1.70 1.71 1.71 1.72 1.73 1.74 1.75 1.76 1.78 1.78 1.79 1.80 1.81 1.82 1.84 1.85 1.86 1.88 1.89 1.91 1.94 1.94 1.95 1.96 1.99 1.99 2.02 2.03 2.05 2.06 2.10 2.10 2.12 2.13 2.17 2.18 2.20 2.22 2.25 2.27 2.30 2.32 2.35 2.37 2.38 2.37 2.40 2.42 2.57 2.57 2.62 2.64 2.69 2.70 2.77 2.79 2.85 2.87 2.94 2.96 3.04 3.04 3.11 3.14 3.23 3.26 3.34 3.36 3.46 3.48 3.58 3.61 3.62 3.62 3.87 3.89 4.03 4.07 4.21 4.26 4.42 4.47 4.65 4.69 4.92 4.96 5.02 5.02 5.01 5.00 5.11 5.20 6.36 6.45 6.69 6.71 7.53 7.72 8.14 8.16 9.07 9.10 9.78 10.13 10.53 10.88 11.09 13.54 14.00 13.99 14.09 14.02 14.06 13.97 14.06 31.80 31.84 31.85 31.85 31.83 31.85 31.84 13.94 13.93 21.43 21.39 13.95 13.72 11.58 11.12 10.90 10.88 9.68 9.54 9.36 8.12 7.54 7.48 7.45 6.65 5.20 5.21 4.96 4.94 4.96 4.96 4.91 4.90 4.93 4.91 4.71 4.64 4.36 4.31 4.12 4.07 3.54 3.53 3.53 3.49 3.36 3.34 3.23 3.20 3.10 3.06 2.97 2.95 2.86 2.84 2.76 2.73 2.66 2.63 2.56 2.54 2.47 2.45 2.35 2.28 2.21 2.22 2.22 2.21 2.17 2.16 2.11 2.10 2.05 2.04 2.00 1.99 1.96 1.95 1.91 1.90 1.86 1.86 1.84 1.83 1.80 1.79 1.77 1.76 1.72 1.72 1.69 1.68 1.66 1.66 1.64 1.63 1.61 1.60 1.58 1.58 1.56 1.55 1.54 1.54 1.52 1.51 1.49 1.49 1.47 1.46 1.45 1.45 1.44 1.43 1.41 1.41 1.40 1.39 1.38 1.38 1.38 1.37 1.36 1.35 1.34 1.34 1.33 1.32 1.32 1.32 1.31 1.31 1.26 1.26 1.24 1.24 1.23 1.23 1.30 1.28 7.14 5.86 7.09 7.09 7.12 5.82 5.06 2.65 2.94 2.90 6.02 5.89 5.98 5.80 5.44 5.43 3.33 3.33 3.34 3.33 6.78 6.78 6.77 4.91 4.87 4.88 6.76 6.75 2.98 3.07 2.63 6.78 4.68 4.68 4.15 4.13 3.16 3.14 2.46 2.46 3.20 3.24 2.72 2.68 4.90 5.06 4.02 6.66 6.66 6.68 6.68 6.67 6.68 6.69 6.70 6.68 6.78 6.79 6.80 6.81 6.82 6.83 -10.415368 9.525355 -0.205809 -10.376212 9.517181 -0.205809 1248.860195 magnum 37.382074
ODOM -10.312245 9.503578 -0.273861 0.503500 -0.000790 0.000000 1249.023243 magnum 37.501804
ODOM -10.264077 9.490046 -0.298405 0.509500 -0.000297 0.000000 1249.143038 magnum 37.621430
FLASER 360 6.47 6.45 6.52 6.52 6.49 6.37 7.01 7.02 7.03 7.03 7.06 7.05 7.06 7.06 4.43 4.43 4.24 4.22 4.17 4.14 2.86 1.66 1.49 1.50 1.50 1.50 1.54 1.56 1.56 1.55 1.57 1.57 1.57 1.58 1.59 1.59 1.60 1.60 1.61 1.61 1.62 1.62 1.63 1.64 1.65 1.65 1.66 1.66 1.67 1.67 1.68 1.68 1.70 1.70 1.72 1.72 1.73 1.75 1.75 1.77 1.79 1.79 1.79 1.80 1.83 1.83 1.85 1.86 1.87 1.87 1.90 1.91 1.93 1.93 1.95 1.96 1.98 1.99 2.02 2.02 2.06 2.05 2.08 2.09 2.11 2.11 2.16 2.16 2.20 2.20 2.24 2.25 2.29 2.30 2.31 2.30 2.32 2.33 2.47 2.49 2.54 2.54 2.61 2.61 2.67 2.67 2.74 2.75 2.82 2.82 2.90 2.90 2.98 2.98 3.07 3.07 3.18 3.18 3.28 3.29 3.38 3.40 3.51 3.52 3.53 3.53 3.75 3.76 3.93 3.95 4.10 4.11 4.29 4.31 4.51 4.52 4.75 4.76 4.89 4.89 4.92 4.91 4.93 4.93 6.03 6.06 6.51 6.53 7.07 7.12 7.84 7.90 8.14 8.28 9.03 9.07 10.12 10.13 10.83 10.83 13.46 13.47 13.90 13.89 13.91 13.89 13.88 13.87 31.58 31.57 31.72 31.72 31.72 31.72 31.73 31.71 13.85 13.85 13.89 13.87 13.69 13.52 11.08 10.96 10.79 10.77 9.47 9.44 8.09 7.99 7.38 7.37 6.61 6.56 5.22 5.16 4.85 4.83 4.86 4.85 4.79 4.79 4.83 4.82 4.62 4.60 4.28 4.26 4.03 4.01 3.45 3.43 3.42 3.41 3.30 3.29 3.17 3.16 3.03 3.03 2.91 2.90 2.81 2.80 2.70 2.70 2.62 2.62 2.52 2.52 2.43 2.42 2.36 2.35 2.19 2.19 2.12 2.12 2.12 2.12 2.08 2.07 2.02 2.01 1.97 1.96 1.93 1.93 1.88 1.88 1.84 1.84 1.79 1.79 1.78 1.77 1.73 1.73 1.69 1.69 1.66 1.66 1.64 1.64 1.61 1.61 1.58 1.58 1.56 1.55 1.54 1.54 1.52 1.51 1.49 1.48 1.47 1.46 1.45 1.45 1.43 1.43 1.41 1.41 1.39 1.40 1.38 1.38 1.37 1.37 1.35 1.34 1.33 1.33 1.32 1.32 1.31 1.32 1.30 1.30 1.28 1.29 1.26 1.27 1.26 1.25 1.24 1.24 1.25 1.24 1.21 1.22 1.19 1.19 1.18 1.17 1.23 1.19 5.05 7.06 5.04 5.02 2.85 2.85 6.93 6.93 5.39 5.39 6.79 6.79 3.32 3.31 3.29 3.29 6.72 6.72 4.83 4.83 6.67 6.67 6.68 6.67 2.55 2.56 2.61 2.62 3.57 3.61 5.50 5.50 3.10 3.07 2.46 2.63 2.50 2.49 2.74 2.73 3.97 3.97 -10.328817 9.508695 -0.284977 -10.290430 9.497449 -0.284977 1249.071149 magnum 37.621595
ODOM -10.167921 9.460470 -0.318347 0.502500 -0.000218 0.000000 1249.268490 magnum 37.745821
ODOM -10.119881 9.444638 -0.324483 0.497000 -0.000112 0.000000 1249.382328 magnum 37.861412
FLASER 360 7.06 7.06 6.98 6.80 6.46 6.53 6.52 6.52 6.55 6.68 6.60 6.78 7.01 7.01 7.02 7.02 7.03 7.05 4.43 4.42 4.41 1.47 1.48 1.49 1.49 1.50 1.52 1.54 1.54 1.55 1.55 1.55 1.56 1.56 1.57 1.57 1.57 1.57 1.57 1.57 1.58 1.58 1.59 1.60 1.60 1.61 1.60 1.61 1.63 1.62 1.64 1.64 1.64 1.65 1.67 1.68 1.68 1.68 1.69 1.70 1.71 1.72 1.73 1.74 1.75 1.76 1.77 1.78 1.79 1.80 1.81 1.82 1.83 1.84 1.86 1.87 1.88 1.89 1.91 1.92 1.94 1.94 1.96 1.98 2.00 2.00 2.02 2.04 2.06 2.06 2.09 2.10 2.12 2.14 2.16 2.19 2.21 2.23 2.23 2.22 2.23 2.27 2.37 2.40 2.42 2.45 2.49 2.52 2.54 2.58 2.62 2.64 2.68 2.71 2.75 2.78 2.82 2.85 2.90 2.94 2.98 3.04 3.08 3.13 3.18 3.23 3.28 3.35 3.40 3.43 3.44 3.46 3.60 3.68 3.75 3.87 3.95 4.03 4.10 4.20 4.30 4.40 4.52 4.63 4.76 4.78 4.83 4.81 4.80 4.81 4.92 5.21 6.05 6.27 6.50 6.52 7.11 7.41 7.86 7.95 8.82 8.83 9.13 9.58 10.05 10.28 10.77 10.86 13.38 13.79 13.79 13.81 13.82 13.79 13.78 13.78 31.42 31.58 31.59 31.57 31.59 31.58 31.59 13.73 13.77 13.78 13.79 13.78 13.57 13.13 10.95 10.69 10.67 10.26 9.37 9.23 8.00 7.68 7.29 7.25 6.39 6.36 6.28 4.85 4.74 4.73 4.74 4.75 4.71 4.69 4.73 4.71 4.59 4.45 4.25 4.12 4.00 3.90 3.79 3.35 3.32 3.32 3.29 3.20 3.15 3.08 3.01 2.96 2.91 2.85 2.78 2.74 2.69 2.64 2.60 2.56 2.51 2.46 2.42 2.38 2.35 2.31 2.28 2.23 2.20 2.10 2.05 2.03 2.04 2.03 2.01 1.99 1.96 1.94 1.92 1.89 1.86 1.85 1.83 1.81 1.79 1.77 1.76 1.74 1.72 1.70 1.68 1.66 1.66 1.65 1.63 1.62 1.60 1.59 1.58 1.56 1.55 1.55 1.53 1.52 1.51 1.50 1.48 1.47 1.46 1.46 1.45 1.43 1.42 1.41 1.40 1.40 1.39 1.39 1.38 1.37 1.36 1.36 1.34 1.34 1.33 1.32 1.32 1.31 1.30 1.30 1.29 1.29 1.29 1.27 1.27 1.26 1.26 1.25 1.24 1.24 1.23 1.23 1.22 1.22 1.22 1.22 1.21 1.21 1.21 1.20 1.20 1.19 1.16 1.15 1.15 1.15 1.15 1.14 1.19 1.19 5.37 6.79 6.76 6.76 3.30 3.27 3.28 3.27 6.71 4.82 4.82 4.81 6.69 6.65 6.67 6.74 6.74 6.74 2.64 2.53 2.61 2.62 3.57 6.71 -10.193935 9.469107 -0.319874 -10.155964 9.456529 -0.319874 1249.290536 magnum 37.861604
ODOM -10.072828 9.428811 -0.327551 0.499500 0.000017 0.000000 1249.509968 magnum 37.993077
FLASER 360 7.06 7.06 7.02 6.43 6.44 6.53 6.50 6.55 6.61 6.63 6.30 6.99 6.99 6.99 1.46 1.46 1.47 1.46 1.47 1.51 1.51 1.51 1.51 1.51 1.51 1.52 1.52 1.54 1.53 1.54 1.54 1.55 1.55 1.55 1.55 1.56 1.56 1.57 1.57 1.57 1.57 1.58 1.58 1.59 1.60 1.59 1.60 1.60 1.61 1.61 1.62 1.64 1.64 1.65 1.65 1.67 1.67 1.68 1.69 1.69 1.70 1.71 1.72 1.73 1.74 1.75 1.76 1.77 1.78 1.79 1.80 1.81 1.81 1.83 1.84 1.85 1.87 1.88 1.88 1.90 1.92 1.93 1.95 1.95 1.97 1.99 2.00 2.02 2.03 2.05 2.06 2.08 2.10 2.13 2.14 2.15 2.15 2.14 2.16 2.23 2.29 2.31 2.33 2.36 2.39 2.41 2.44 2.47 2.51 2.53 2.57 2.61 2.63 2.67 2.70 2.73 2.78 2.80 2.86 2.88 2.93 2.97 3.03 3.06 3.11 3.15 3.22 3.27 3.32 3.34 3.33 3.38 3.52 3.61 3.67 3.74 3.83 3.91 4.00 4.09 4.19 4.27 4.38 4.49 4.60 4.67 4.71 4.72 4.71 4.69 4.74 4.87 5.81 6.00 6.22 6.39 6.44 7.02 7.34 7.75 7.84 8.71 8.74 8.91 9.37 9.93 10.15 10.62 10.68 13.24 13.68 13.68 13.71 13.70 13.70 13.67 13.65 29.16 31.50 31.48 31.48 31.48 31.48 31.48 13.63 13.64 13.67 13.67 13.69 13.62 13.09 11.28 10.63 10.57 10.22 10.09 9.18 9.08 7.63 7.30 7.16 7.16 6.35 6.21 5.10 4.72 4.63 4.62 4.64 4.65 4.61 4.59 4.62 4.60 4.50 4.36 4.17 4.05 3.92 3.83 3.73 3.49 3.22 3.21 3.21 3.16 3.10 3.03 2.97 2.92 2.87 2.81 2.76 2.70 2.66 2.62 2.57 2.52 2.47 2.44 2.40 2.37 2.32 2.29 2.25 2.23 2.19 2.17 2.13 2.10 1.99 1.94 1.95 1.95 1.95 1.93 1.90 1.88 1.86 1.84 1.82 1.79 1.78 1.76 1.75 1.73 1.71 1.69 1.68 1.67 1.65 1.63 1.62 1.60 1.59 1.58 1.57 1.55 1.55 1.54 1.52 1.51 1.50 1.49 1.47 1.47 1.46 1.45 1.44 1.43 1.41 1.40 1.40 1.39 1.39 1.38 1.37 1.36 1.36 1.35 1.34 1.33 1.33 1.32 1.32 1.30 1.30 1.29 1.28 1.28 1.27 1.27 1.26 1.25 1.25 1.25 1.24 1.23 1.24 1.24 1.23 1.23 1.22 1.22 1.21 1.21 1.21 1.20 1.20 1.19 1.19 1.19 1.19 1.18 1.18 1.18 1.17 1.17 1.16 1.16 1.12 1.12 1.12 1.11 1.12 1.11 3.27 3.28 3.24 4.91 4.80 4.81 6.64 6.65 6.73 6.73 6.73 6.73 6.73 2.82 -10.112063 9.442134 -0.327462 -10.074189 9.429268 -0.327462 1249.500224 magnum 37.993272
ODOM -10.025048 9.412575 -0.329085 0.500500 -0.000062 0.000000 1249.622959 magnum 38.101581
ODOM -9.977738 9.396419 -0.330619 0.502000 -0.000045 0.000000 1249.742916 magnum 38.221630
FLASER 360 7.02 6.27 6.27 6.42 6.48 6.52 1.45 1.45 1.45 1.46 1.45 1.49 1.50 1.49 1.50 1.50 1.50 1.51 1.51 1.51 1.50 1.51 1.51 1.51 1.52 1.53 1.53 1.53 1.53 1.53 1.54 1.54 1.54 1.55 1.56 1.56 1.56 1.57 1.57 1.57 1.57 1.58 1.58 1.58 1.59 1.59 1.60 1.61 1.61 1.62 1.62 1.62 1.64 1.64 1.65 1.66 1.67 1.68 1.69 1.69 1.69 1.70 1.71 1.72 1.73 1.74 1.75 1.76 1.77 1.78 1.80 1.80 1.81 1.82 1.83 1.84 1.86 1.87 1.88 1.89 1.91 1.92 1.94 1.95 1.96 1.98 2.00 2.00 2.03 2.05 2.06 2.08 2.08 2.06 2.07 2.10 2.17 2.21 2.23 2.25 2.28 2.30 2.33 2.35 2.38 2.41 2.43 2.46 2.50 2.53 2.56 2.59 2.62 2.65 2.69 2.72 2.76 2.79 2.83 2.87 2.92 2.95 2.99 3.04 3.09 3.13 3.18 3.24 3.26 3.23 3.31 3.43 3.51 3.57 3.63 3.70 3.79 3.87 3.96 4.04 4.13 4.22 4.32 4.43 4.55 4.57 4.63 4.61 4.61 4.60 4.66 4.80 5.72 5.91 6.13 6.29 6.32 6.90 7.20 7.59 7.73 7.99 8.64 8.70 9.12 9.76 9.93 10.40 10.54 12.19 13.54 13.56 13.60 13.59 13.60 13.57 13.55 13.65 31.26 31.39 31.38 31.39 31.37 31.40 31.37 13.52 13.56 13.55 13.58 13.56 13.17 12.88 10.75 10.48 10.46 10.04 9.17 9.02 8.67 7.48 7.13 7.05 7.05 6.21 6.11 4.76 4.61 4.53 4.54 4.54 4.55 4.51 4.49 4.50 4.51 4.42 4.29 4.12 3.99 3.88 3.78 3.68 3.59 3.21 3.11 3.12 3.11 3.06 3.00 2.95 2.89 2.84 2.78 2.74 2.68 2.64 2.59 2.55 2.51 2.46 2.41 2.39 2.35 2.32 2.28 2.24 2.21 2.17 2.15 2.12 2.08 2.06 2.03 2.02 1.90 1.87 1.86 1.86 1.87 1.86 1.83 1.81 1.79 1.78 1.76 1.74 1.72 1.70 1.68 1.67 1.66 1.65 1.63 1.62 1.60 1.59 1.57 1.56 1.55 1.54 1.53 1.52 1.51 1.49 1.48 1.47 1.47 1.45 1.44 1.43 1.42 1.41 1.41 1.40 1.39 1.39 1.38 1.37 1.36 1.35 1.34 1.34 1.33 1.33 1.31 1.31 1.31 1.30 1.29 1.28 1.28 1.27 1.26 1.26 1.25 1.25 1.24 1.24 1.23 1.23 1.23 1.23 1.22 1.21 1.22 1.21 1.20 1.20 1.20 1.20 1.19 1.19 1.19 1.19 1.18 1.18 1.18 1.17 1.17 1.17 1.16 1.17 1.16 1.16 1.16 1.16 1.16 1.16 1.17 1.17 1.14 1.14 1.12 1.12 1.12 1.12 1.11 1.11 6.73 6.74 -10.025939 9.412930 -0.330283 -9.988101 9.399958 -0.330283 1249.710584 magnum 38.221806
ODOM -9.883613 9.364113 -0.332153 0.488000 -0.000011 0.000000 1249.868717 magnum 38.345899
ODOM -9.835908 9.347658 -0.333687 0.499500 -0.000039 0.000000 1249.982751 magnum 38.461860
FLASER 360 1.44 1.45 1.44 1.49 1.49 1.49 1.49 1.49 1.49 1.49 1.49 1.49 1.49 1.49 1.49 1.50 1.50 1.50 1.50 1.51 1.51 1.51 1.51 1.51 1.52 1.52 1.52 1.53 1.53 1.53 1.54 1.54 1.54 1.55 1.55 1.56 1.56 1.56 1.57 1.57 1.57 1.57 1.58 1.58 1.58 1.59 1.59 1.60 1.60 1.61 1.61 1.62 1.64 1.63 1.64 1.66 1.67 1.67 1.68 1.69 1.69 1.70 1.71 1.72 1.73 1.74 1.75 1.76 1.77 1.78 1.79 1.80 1.80 1.81 1.83 1.84 1.86 1.87 1.88 1.89 1.91 1.92 1.93 1.94 1.95 1.98 1.99 2.01 2.01 1.98 2.00 2.02 2.08 2.12 2.15 2.18 2.19 2.21 2.22 2.26 2.27 2.29 2.33 2.35 2.38 2.40 2.42 2.46 2.50 2.52 2.54 2.58 2.61 2.64 2.67 2.71 2.75 2.78 2.83 2.86 2.90 2.94 2.98 3.04 3.07 3.13 3.16 3.14 3.16 3.27 3.37 3.42 3.49 3.55 3.62 3.69 3.76 3.87 3.95 4.04 4.12 4.21 4.31 4.43 4.46 4.51 4.53 4.51 4.50 4.52 4.65 5.48 5.70 5.89 6.11 6.19 6.49 6.87 7.16 7.53 7.63 8.51 8.54 8.66 9.06 9.68 9.88 10.39 10.43 12.99 13.43 13.45 13.45 16.40 13.48 13.58 13.46 13.53 31.28 31.32 31.31 31.31 31.31 31.30 31.32 13.40 13.42 20.89 20.87 13.47 13.28 12.78 10.85 10.38 10.37 9.98 9.26 8.97 8.84 7.42 7.18 6.95 6.96 6.39 6.04 5.97 4.65 4.47 4.43 4.43 4.45 4.45 4.40 4.38 4.41 4.40 4.31 4.20 4.01 3.89 3.79 3.69 3.60 3.53 3.44 3.05 3.02 3.02 3.01 2.95 2.89 2.84 2.78 2.74 2.69 2.64 2.60 2.56 2.52 2.46 2.42 2.40 2.36 2.32 2.28 2.25 2.23 2.19 2.16 2.12 2.09 2.07 2.04 2.02 2.00 1.97 1.95 1.92 1.82 1.79 1.79 1.78 1.79 1.78 1.77 1.74 1.72 1.71 1.69 1.67 1.67 1.65 1.63 1.62 1.60 1.59 1.57 1.56 1.55 1.55 1.54 1.52 1.51 1.50 1.48 1.47 1.47 1.46 1.45 1.44 1.42 1.42 1.41 1.39 1.39 1.39 1.39 1.37 1.37 1.36 1.35 1.34 1.33 1.33 1.31 1.31 1.31 1.30 1.30 1.28 1.28 1.27 1.26 1.26 1.26 1.25 1.24 1.24 1.23 1.23 1.23 1.23 1.23 1.22 1.22 1.21 1.21 1.21 1.20 1.20 1.20 1.19 1.19 1.18 1.19 1.19 1.17 1.18 1.17 1.17 1.17 1.17 1.17 1.16 1.16 1.16 1.16 1.16 1.16 1.16 1.16 1.15 1.16 1.15 1.15 1.15 1.15 1.16 1.16 1.16 -9.892816 9.367327 -0.333073 -9.855015 9.354249 -0.333073 1249.930549 magnum 38.462035
ODOM -9.788228 9.331130 -0.336755 0.509500 -0.000062 0.000000 1250.102632 magnum 38.580928
ODOM -9.740707 9.314494 -0.338289 0.500000 0.000000 0.000000 1250.223098 magnum 38.701809
FLASER 360 1.48 1.48 1.48 1.48 1.48 1.48 1.48 1.48 1.48 1.48 1.48 1.48 1.48 1.49 1.49 1.49 1.49 1.50 1.49 1.50 1.51 1.51 1.51 1.50 1.51 1.51 1.51 1.51 1.53 1.53 1.54 1.54 1.54 1.54 1.55 1.55 1.56 1.56 1.56 1.57 1.57 1.56 1.56 1.58 1.58 1.58 1.59 1.61 1.61 1.61 1.61 1.62 1.63 1.64 1.65 1.65 1.66 1.66 1.68 1.68 1.68 1.69 1.70 1.71 1.72 1.73 1.74 1.75 1.76 1.78 1.79 1.79 1.80 1.81 1.83 1.84 1.85 1.86 1.86 1.89 1.90 1.91 1.93 1.94 1.93 1.91 1.93 1.95 2.03 2.05 2.07 2.10 2.10 2.12 2.15 2.17 2.19 2.20 2.23 2.25 2.26 2.29 2.32 2.33 2.37 2.40 2.41 2.45 2.47 2.51 2.54 2.57 2.60 2.64 2.67 2.71 2.74 2.78 2.80 2.85 2.88 2.93 2.97 3.02 3.06 3.05 3.06 3.12 3.22 3.30 3.35 3.41 3.48 3.53 3.60 3.68 3.74 3.84 3.92 4.01 4.10 4.19 4.29 4.36 4.39 4.43 4.41 4.39 4.40 4.48 4.62 5.49 5.65 5.85 6.07 6.08 6.56 6.83 7.11 7.45 7.54 8.40 8.43 8.55 8.98 9.58 9.77 10.28 10.33 11.92 13.26 13.36 13.37 13.37 13.38 13.35 13.35 13.39 31.09 31.19 31.19 31.17 31.19 31.18 31.20 13.30 13.31 13.34 13.36 13.35 13.30 12.74 10.98 10.31 10.26 9.96 9.78 8.89 8.78 7.56 7.25 6.89 6.85 6.82 6.02 5.89 5.79 4.49 4.36 4.32 4.33 4.33 4.35 4.29 4.30 4.30 4.31 4.21 4.09 3.93 3.81 3.71 3.63 3.54 3.47 3.39 3.10 2.94 2.92 2.92 2.90 2.84 2.80 2.74 2.70 2.65 2.62 2.57 2.52 2.49 2.44 2.39 2.36 2.32 2.30 2.26 2.22 2.19 2.17 2.14 2.12 2.08 2.05 2.02 2.00 1.98 1.95 1.93 1.91 1.90 1.86 1.84 1.78 1.73 1.70 1.68 1.70 1.70 1.70 1.68 1.66 1.65 1.63 1.62 1.61 1.60 1.58 1.57 1.55 1.55 1.54 1.52 1.51 1.50 1.49 1.48 1.47 1.46 1.45 1.44 1.43 1.42 1.41 1.40 1.39 1.39 1.39 1.38 1.37 1.36 1.35 1.34 1.33 1.33 1.31 1.31 1.31 1.30 1.29 1.29 1.28 1.28 1.27 1.26 1.26 1.25 1.25 1.24 1.24 1.23 1.23 1.22 1.22 1.22 1.22 1.22 1.21 1.21 1.21 1.20 1.20 1.20 1.19 1.19 1.19 1.18 1.18 1.18 1.17 1.17 1.17 1.17 1.16 1.16 1.16 1.16 1.16 1.16 1.16 1.16 1.15 1.15 1.15 1.15 1.15 1.15 1.15 1.15 1.16 1.16 -9.808571 9.338276 -0.337317 -9.770825 9.325038 -0.337317 1250.140226 magnum 38.701937
ODOM -9.693656 9.297941 -0.342891 0.511000 -0.000246 0.000000 1250.342530 magnum 38.822462
ODOM -9.598820 9.264085 -0.347493 0.503500 -0.000129 0.000000 1250.463396 magnum 38.941913
FLASER 360 1.48 1.48 1.48 1.48 1.48 1.47 1.48 1.48 1.48 1.48 1.48 1.48 1.49 1.48 1.49 1.49 1.48 1.49 1.49 1.49 1.50 1.50 1.50 1.50 1.50 1.51 1.51 1.52 1.52 1.53 1.53 1.53 1.54 1.54 1.54 1.55 1.55 1.56 1.56 1.57 1.57 1.57 1.57 1.58 1.57 1.58 1.59 1.59 1.59 1.60 1.60 1.61 1.62 1.64 1.64 1.65 1.66 1.66 1.67 1.68 1.68 1.69 1.70 1.71 1.71 1.72 1.73 1.74 1.76 1.77 1.78 1.79 1.79 1.81 1.82 1.83 1.84 1.85 1.87 1.86 1.85 1.85 1.86 1.92 1.97 1.97 1.99 2.01 2.03 2.03 2.06 2.08 2.10 2.10 2.13 2.15 2.17 2.19 2.21 2.24 2.26 2.28 2.30 2.32 2.35 2.38 2.40 2.42 2.46 2.49 2.52 2.54 2.59 2.62 2.64 2.68 2.72 2.75 2.79 2.82 2.86 2.90 2.95 2.96 2.96 2.97 3.06 3.15 3.21 3.26 3.32 3.38 3.43 3.50 3.56 3.63 3.70 3.79 3.88 3.96 4.04 4.14 4.25 4.26 4.32 4.32 4.30 4.29 4.32 4.42 4.57 5.39 5.56 5.74 5.96 5.97 6.42 6.67 6.96 7.31 7.42 8.26 8.32 8.37 8.76 9.35 9.53 9.79 10.27 10.36 12.83 13.25 13.25 13.28 13.27 13.25 13.24 13.21 28.75 30.97 31.04 31.04 31.05 31.04 31.04 31.04 13.21 13.24 13.25 13.24 13.24 12.89 12.50 10.59 10.16 10.13 9.76 9.66 8.75 8.64 7.38 7.13 6.75 6.72 6.72 5.91 5.79 5.68 4.42 4.28 4.21 4.22 4.23 4.23 4.20 4.17 4.19 4.22 4.14 4.04 3.90 3.78 3.68 3.60 3.52 3.42 3.34 3.27 3.19 2.86 2.82 2.83 2.82 2.78 2.72 2.68 2.63 2.59 2.55 2.50 2.46 2.43 2.39 2.36 2.31 2.28 2.24 2.22 2.18 2.16 2.13 2.10 2.07 2.05 2.02 2.00 1.97 1.95 1.92 1.91 1.89 1.86 1.84 1.82 1.81 1.79 1.76 1.75 1.66 1.64 1.62 1.61 1.63 1.63 1.62 1.60 1.59 1.58 1.57 1.55 1.55 1.54 1.52 1.51 1.49 1.49 1.47 1.46 1.45 1.44 1.43 1.42 1.42 1.41 1.40 1.39 1.39 1.37 1.37 1.36 1.35 1.35 1.34 1.33 1.32 1.31 1.32 1.30 1.31 1.30 1.28 1.28 1.27 1.27 1.26 1.26 1.25 1.25 1.24 1.24 1.23 1.23 1.22 1.22 1.22 1.22 1.21 1.21 1.21 1.21 1.20 1.19 1.20 1.19 1.19 1.19 1.18 1.18 1.18 1.18 1.17 1.17 1.17 1.17 1.16 1.16 1.16 1.16 1.15 1.15 1.15 1.15 1.15 1.16 1.16 1.16 1.15 1.15 1.15 1.15 -9.720284 9.307469 -0.343427 -9.682620 9.294001 -0.343427 1250.350246 magnum 38.942039
ODOM -9.551584 9.246976 -0.347493 0.499500 0.000050 0.000000 1250.590769 magnum 39.067026
FLASER 360 1.48 1.48 1.48 1.48 1.48 1.48 1.48 1.48 1.48 1.48 1.48 1.48 1.48 1.48 1.48 1.47 1.49 1.49 1.48 1.49 1.50 1.50 1.49 1.49 1.50 1.50 1.50 1.51 1.51 1.52 1.53 1.53 1.53 1.53 1.54 1.54 1.55 1.55 1.56 1.56 1.56 1.57 1.57 1.56 1.56 1.57 1.58 1.58 1.59 1.59 1.60 1.60 1.61 1.62 1.62 1.63 1.65 1.66 1.67 1.67 1.68 1.68 1.69 1.70 1.71 1.72 1.73 1.74 1.75 1.76 1.77 1.78 1.79 1.80 1.80 1.78 1.79 1.79 1.82 1.89 1.90 1.91 1.92 1.94 1.95 1.97 1.98 2.00 2.02 2.04 2.04 2.07 2.09 2.10 2.12 2.15 2.17 2.18 2.20 2.23 2.24 2.26 2.28 2.31 2.34 2.36 2.39 2.41 2.44 2.47 2.52 2.53 2.57 2.60 2.64 2.66 2.70 2.72 2.78 2.80 2.85 2.87 2.86 2.86 2.92 3.01 3.08 3.13 3.18 3.23 3.30 3.35 3.41 3.47 3.53 3.60 3.68 3.74 3.84 3.92 4.01 4.10 4.16 4.18 4.23 4.21 4.19 4.18 4.24 4.36 5.16 5.32 5.49 5.66 5.85 5.87 6.33 6.57 6.84 7.20 7.30 7.70 8.21 8.23 8.63 9.13 9.40 9.64 10.07 10.16 12.69 13.13 13.15 13.15 13.16 13.14 13.14 13.11 13.21 30.76 30.95 30.94 30.94 30.94 30.95 30.93 13.09 13.10 13.13 13.13 13.14 13.08 12.52 10.83 10.12 10.02 10.00 9.58 8.71 8.59 8.25 7.11 6.86 6.63 6.63 6.61 5.77 5.68 5.54 4.35 4.18 4.11 4.12 4.12 4.14 4.11 4.08 4.07 4.11 4.07 3.98 3.86 3.71 3.64 3.54 3.47 3.37 3.31 3.24 3.17 3.10 2.78 2.72 2.72 2.73 2.70 2.65 2.61 2.56 2.52 2.47 2.44 2.40 2.37 2.33 2.30 2.27 2.23 2.19 2.17 2.14 2.11 2.08 2.06 2.03 2.02 1.98 1.96 1.95 1.92 1.89 1.88 1.86 1.84 1.82 1.80 1.78 1.77 1.75 1.74 1.72 1.70 1.68 1.67 1.58 1.56 1.55 1.54 1.57 1.56 1.55 1.54 1.52 1.52 1.51 1.50 1.48 1.47 1.46 1.46 1.44 1.43 1.42 1.41 1.40 1.39 1.39 1.38 1.38 1.37 1.36 1.35 1.34 1.33 1.32 1.31 1.31 1.30 1.31 1.29 1.29 1.28 1.28 1.27 1.27 1.26 1.25 1.25 1.24 1.24 1.24 1.23 1.23 1.22 1.22 1.22 1.22 1.22 1.21 1.21 1.20 1.20 1.20 1.20 1.19 1.19 1.18 1.18 1.18 1.18 1.18 1.18 1.17 1.17 1.16 1.16 1.16 1.16 1.16 1.16 1.15 1.15 1.15 1.15 1.15 1.15 1.15 1.15 1.16 1.16 -9.598118 9.263830 -0.347493 -9.560508 9.250209 -0.347493 1250.560202 magnum 39.067159
ODOM -9.504792 9.230029 -0.352095 0.498500 -0.000230 0.000000 1250.703182 magnum 39.181673
ODOM -9.458079 9.212866 -0.353629 0.500000 0.000000 0.000000 1250.822837 magnum 39.301735
FLASER 360 1.48 1.48 1.48 1.48 1.48 1.48 1.48 1.48 1.49 1.48 1.49 1.49 1.49 1.49 1.49 1.49 1.49 1.49 1.49 1.48 1.50 1.50 1.49 1.51 1.50 1.51 1.51 1.51 1.52 1.52 1.52 1.52 1.53 1.53 1.54 1.54 1.54 1.55 1.55 1.56 1.56 1.57 1.57 1.57 1.57 1.58 1.57 1.59 1.59 1.60 1.61 1.60 1.62 1.63 1.63 1.63 1.65 1.65 1.66 1.67 1.68 1.68 1.68 1.70 1.71 1.71 1.72 1.74 1.74 1.73 1.71 1.73 1.74 1.78 1.82 1.83 1.85 1.86 1.87 1.88 1.90 1.92 1.92 1.94 1.95 1.97 1.98 1.99 2.01 2.04 2.05 2.07 2.08 2.10 2.12 2.15 2.16 2.18 2.19 2.22 2.24 2.26 2.27 2.31 2.34 2.36 2.38 2.41 2.43 2.46 2.50 2.53 2.55 2.58 2.62 2.65 2.68 2.72 2.75 2.78 2.77 2.76 2.83 2.92 2.97 3.02 3.08 3.11 3.16 3.22 3.28 3.34 3.40 3.45 3.52 3.59 3.65 3.72 3.82 3.90 3.98 4.05 4.07 4.12 4.11 4.09 4.09 4.11 4.22 4.35 5.13 5.29 5.46 5.63 5.76 5.80 6.28 6.50 6.78 7.11 7.21 8.06 8.11 8.14 8.53 9.02 9.30 9.52 9.97 10.02 12.59 13.01 13.04 13.05 13.06 13.05 13.05 13.01 13.06 30.65 30.83 30.84 30.83 30.82 30.84 30.83 12.99 12.99 13.04 13.03 13.05 13.02 12.53 11.32 10.24 9.94 9.94 9.53 8.98 8.54 8.44 7.24 6.93 6.59 6.52 6.51 6.05 5.63 5.56 5.37 4.21 4.08 4.00 4.01 4.02 4.02 4.01 3.98 3.99 4.00 3.97 3.89 3.77 3.67 3.58 3.50 3.40 3.34 3.26 3.19 3.13 3.07 3.01 2.70 2.63 2.63 2.64 2.63 2.58 2.53 2.49 2.45 2.41 2.37 2.34 2.31 2.28 2.24 2.22 2.18 2.16 2.12 2.09 2.08 2.04 2.02 2.00 1.98 1.95 1.93 1.91 1.89 1.87 1.85 1.83 1.81 1.79 1.77 1.76 1.75 1.73 1.71 1.70 1.68 1.66 1.65 1.64 1.63 1.61 1.60 1.51 1.50 1.48 1.47 1.48 1.49 1.49 1.48 1.47 1.46 1.45 1.44 1.43 1.42 1.41 1.40 1.39 1.38 1.39 1.38 1.36 1.36 1.35 1.34 1.33 1.33 1.33 1.32 1.31 1.30 1.29 1.29 1.28 1.28 1.27 1.26 1.25 1.26 1.25 1.24 1.24 1.23 1.23 1.23 1.23 1.23 1.22 1.22 1.22 1.21 1.21 1.21 1.20 1.20 1.20 1.20 1.19 1.19 1.18 1.18 1.18 1.18 1.17 1.17 1.17 1.17 1.16 1.16 1.16 1.16 1.16 1.16 1.16 1.17 1.17 1.17 1.17 1.16 1.17 1.17 -9.509706 9.231880 -0.353166 -9.472175 9.218045 -0.353166 1250.780235 magnum 39.301842
ODOM -9.410949 9.195468 -0.355163 0.503500 -0.000095 0.000000 1250.942790 magnum 39.422636
ODOM -9.316841 9.160565 -0.356697 0.499500 -0.000050 0.000000 1251.062989 magnum 39.541870
FLASER 360 1.47 1.47 1.47 1.47 1.47 1.47 1.47 1.47 1.48 1.48 1.48 1.48 1.49 1.49 1.49 1.49 1.49 1.49 1.48 1.49 1.48 1.48 1.49 1.49 1.49 1.51 1.51 1.51 1.51 1.51 1.51 1.52 1.52 1.53 1.54 1.53 1.54 1.54 1.55 1.55 1.55 1.55 1.55 1.57 1.57 1.57 1.57 1.57 1.58 1.58 1.59 1.60 1.60 1.61 1.62 1.62 1.63 1.64 1.66 1.66 1.67 1.68 1.69 1.67 1.66 1.67 1.67 1.69 1.74 1.76 1.77 1.78 1.80 1.80 1.82 1.83 1.84 1.85 1.86 1.87 1.89 1.91 1.92 1.92 1.94 1.97 1.98 1.99 2.00 2.02 2.04 2.06 2.07 2.09 2.11 2.12 2.15 2.17 2.19 2.21 2.22 2.25 2.27 2.29 2.31 2.35 2.38 2.40 2.42 2.44 2.47 2.50 2.53 2.57 2.60 2.63 2.66 2.69 2.69 2.68 2.72 2.81 2.86 2.91 2.95 3.00 3.05 3.09 3.14 3.19 3.24 3.31 3.37 3.43 3.49 3.55 3.61 3.69 3.76 3.86 3.95 3.96 4.01 4.02 4.01 3.99 3.99 4.06 4.18 4.91 5.06 5.21 5.38 5.55 5.67 5.73 6.19 6.42 6.68 7.00 7.10 7.96 8.01 8.02 8.41 8.77 9.19 9.40 9.85 9.88 11.95 12.69 12.93 12.94 12.96 12.94 12.94 12.91 12.90 28.41 30.71 30.74 30.73 30.73 30.72 30.73 30.74 12.88 12.93 12.93 12.93 12.94 12.81 12.21 10.53 9.89 9.83 9.74 9.37 8.51 8.40 8.11 7.00 6.81 6.44 6.41 6.42 5.74 5.52 5.46 5.22 4.15 4.00 3.91 3.91 3.92 3.93 3.93 3.87 3.87 3.89 3.92 3.82 3.73 3.62 3.53 3.44 3.36 3.29 3.23 3.16 3.09 3.03 2.98 2.92 2.81 2.57 2.54 2.55 2.54 2.51 2.46 2.42 2.39 2.36 2.32 2.28 2.25 2.23 2.20 2.18 2.15 2.12 2.09 2.06 2.03 2.01 1.99 1.97 1.94 1.92 1.91 1.88 1.86 1.84 1.83 1.80 1.79 1.77 1.76 1.74 1.72 1.70 1.69 1.67 1.65 1.65 1.64 1.62 1.61 1.59 1.58 1.57 1.56 1.54 1.54 1.50 1.46 1.43 1.42 1.41 1.40 1.42 1.43 1.41 1.41 1.40 1.40 1.39 1.39 1.37 1.36 1.36 1.35 1.33 1.33 1.33 1.32 1.31 1.30 1.29 1.29 1.29 1.29 1.28 1.27 1.26 1.26 1.25 1.25 1.25 1.24 1.23 1.23 1.23 1.23 1.23 1.22 1.22 1.22 1.21 1.21 1.21 1.20 1.20 1.20 1.19 1.19 1.19 1.19 1.18 1.18 1.18 1.18 1.17 1.17 1.17 1.17 1.16 1.16 1.17 1.17 1.16 1.17 1.17 1.16 1.17 1.16 1.17 1.17 -9.405969 9.193651 -0.355855 -9.368475 9.179715 -0.355855 1250.990587 magnum 39.542004
ODOM -9.269864 9.143059 -0.359765 0.495500 -0.000006 0.000000 1251.183314 magnum 39.661865
ODOM -9.222939 9.125409 -0.362833 0.501500 -0.000095 0.000000 1251.302584 magnum 39.781478
FLASER 360 1.47 1.47 1.47 1.47 1.47 1.47 1.47 1.47 1.47 1.48 1.48 1.48 1.48 1.47 1.47 1.48 1.49 1.49 1.48 1.48 1.49 1.49 1.49 1.49 1.49 1.49 1.49 1.50 1.51 1.51 1.51 1.51 1.52 1.52 1.53 1.53 1.53 1.54 1.54 1.54 1.55 1.54 1.55 1.55 1.56 1.57 1.57 1.58 1.57 1.58 1.59 1.59 1.60 1.61 1.62 1.62 1.62 1.60 1.60 1.60 1.62 1.65 1.69 1.70 1.71 1.72 1.73 1.74 1.75 1.76 1.77 1.79 1.79 1.80 1.81 1.82 1.83 1.85 1.87 1.87 1.89 1.90 1.92 1.92 1.94 1.95 1.98 1.99 2.00 2.01 2.03 2.04 2.06 2.08 2.10 2.12 2.14 2.15 2.18 2.19 2.21 2.24 2.26 2.28 2.30 2.33 2.35 2.39 2.41 2.43 2.46 2.50 2.52 2.55 2.59 2.59 2.59 2.59 2.65 2.71 2.76 2.82 2.86 2.89 2.94 2.99 3.03 3.08 3.12 3.17 3.23 3.29 3.35 3.41 3.47 3.54 3.59 3.67 3.74 3.85 3.86 3.92 3.92 3.90 3.89 3.87 3.93 4.04 4.18 4.88 5.02 5.19 5.34 5.53 5.57 5.91 6.15 6.36 6.63 6.92 7.01 7.88 7.90 7.92 8.31 8.68 9.08 9.29 9.75 9.78 11.70 12.48 12.82 12.82 12.85 12.84 12.84 12.81 12.81 26.71 30.54 30.62 30.63 30.61 30.62 30.62 30.63 12.77 12.81 12.81 12.83 12.83 12.78 12.22 10.53 9.87 9.72 9.71 9.31 8.76 8.32 8.22 7.15 6.73 6.46 6.31 6.32 6.30 5.50 5.37 5.32 5.07 4.03 3.91 3.80 3.80 3.81 3.81 3.83 3.76 3.75 3.76 3.81 3.74 3.66 3.57 3.46 3.39 3.31 3.24 3.17 3.11 3.05 3.00 2.94 2.88 2.82 2.78 2.52 2.45 2.45 2.44 2.43 2.40 2.37 2.32 2.30 2.27 2.23 2.20 2.18 2.15 2.13 2.10 2.08 2.05 2.02 2.01 1.98 1.96 1.94 1.91 1.89 1.87 1.85 1.84 1.81 1.79 1.78 1.77 1.75 1.74 1.72 1.70 1.69 1.67 1.66 1.64 1.63 1.62 1.60 1.59 1.58 1.57 1.56 1.54 1.54 1.52 1.51 1.50 1.49 1.48 1.47 1.46 1.40 1.37 1.36 1.35 1.34 1.35 1.37 1.37 1.36 1.35 1.34 1.34 1.33 1.33 1.32 1.31 1.30 1.30 1.30 1.29 1.28 1.28 1.27 1.26 1.26 1.25 1.25 1.25 1.24 1.25 1.24 1.24 1.23 1.23 1.23 1.22 1.21 1.21 1.21 1.21 1.20 1.20 1.19 1.19 1.19 1.18 1.18 1.18 1.18 1.18 1.18 1.18 1.18 1.17 1.17 1.17 1.17 1.17 1.18 1.18 1.18 1.17 1.17 1.17 1.17 1.17 -9.298108 9.153708 -0.360366 -9.260678 9.139604 -0.360366 1251.200228 magnum 39.781596
ODOM -9.176070 9.107616 -0.365901 0.495000 -0.000056 0.000000 1251.430069 magnum 39.914757
FLASER 360 1.47 1.46 1.47 1.47 1.47 1.47 1.47 1.47 1.47 1.47 1.47 1.47 1.48 1.48 1.48 1.47 1.48 1.49 1.49 1.48 1.48 1.48 1.49 1.49 1.50 1.49 1.49 1.50 1.50 1.50 1.51 1.51 1.51 1.52 1.52 1.53 1.53 1.53 1.54 1.53 1.53 1.54 1.54 1.55 1.55 1.56 1.57 1.58 1.58 1.59 1.58 1.56 1.56 1.56 1.57 1.62 1.64 1.65 1.66 1.67 1.68 1.67 1.68 1.70 1.70 1.71 1.72 1.73 1.74 1.76 1.76 1.78 1.79 1.79 1.80 1.82 1.83 1.84 1.85 1.86 1.87 1.89 1.91 1.92 1.93 1.94 1.95 1.98 1.99 2.00 2.01 2.03 2.05 2.06 2.08 2.11 2.11 2.14 2.17 2.19 2.20 2.23 2.25 2.27 2.29 2.31 2.34 2.36 2.39 2.42 2.43 2.46 2.51 2.51 2.50 2.51 2.56 2.62 2.67 2.71 2.75 2.79 2.83 2.87 2.91 2.96 3.01 3.05 3.10 3.14 3.20 3.25 3.32 3.37 3.43 3.50 3.56 3.63 3.71 3.74 3.76 3.81 3.81 3.79 3.79 3.79 3.88 4.01 4.69 4.82 4.94 5.11 5.26 5.43 5.46 5.82 6.04 6.25 6.50 6.80 6.88 7.75 7.81 7.79 8.19 8.46 8.95 9.09 9.40 9.73 9.85 12.28 12.71 12.70 12.76 12.75 12.73 12.71 12.70 12.77 30.37 30.54 30.52 30.53 30.52 30.53 30.52 12.66 12.67 12.69 12.71 12.71 12.71 12.46 11.87 10.28 9.67 9.61 9.50 9.16 8.32 8.18 8.01 6.90 6.63 6.31 6.21 6.22 6.20 5.42 5.27 5.24 4.97 4.08 3.84 3.71 3.68 3.68 3.70 3.70 3.70 3.65 3.65 3.67 3.70 3.62 3.53 3.45 3.35 3.29 3.22 3.15 3.09 3.03 2.97 2.92 2.87 2.82 2.76 2.72 2.68 2.42 2.35 2.33 2.36 2.35 2.32 2.28 2.25 2.22 2.19 2.17 2.14 2.11 2.09 2.06 2.04 2.02 1.99 1.97 1.96 1.93 1.90 1.88 1.87 1.85 1.83 1.81 1.79 1.78 1.77 1.75 1.72 1.70 1.69 1.67 1.67 1.66 1.64 1.63 1.62 1.60 1.59 1.58 1.56 1.55 1.54 1.54 1.53 1.51 1.50 1.49 1.48 1.47 1.46 1.45 1.45 1.44 1.42 1.41 1.40 1.39 1.35 1.33 1.30 1.31 1.30 1.29 1.33 1.32 1.31 1.31 1.31 1.31 1.29 1.28 1.28 1.27 1.27 1.26 1.26 1.25 1.25 1.24 1.24 1.24 1.23 1.23 1.23 1.22 1.22 1.22 1.22 1.21 1.21 1.20 1.20 1.20 1.20 1.19 1.19 1.19 1.18 1.18 1.18 1.18 1.17 1.17 1.18 1.17 1.17 1.18 1.18 1.18 1.18 1.18 1.18 1.17 1.17 1.17 -9.214795 9.122445 -0.365811 -9.177442 9.108136 -0.365811 1251.420219 magnum 39.914876
ODOM -9.129793 9.089884 -0.368969 0.507000 -0.000134 0.000000 1251.543272 magnum 40.021924
ODOM -9.036019 9.053624 -0.375105 0.495000 -0.000067 0.000000 1251.663615 magnum 40.141765
FLASER 360 1.47 1.46 1.47 1.46 1.46 1.46 1.46 1.46 1.46 1.46 1.47 1.47 1.47 1.47 1.47 1.47 1.47 1.48 1.48 1.48 1.49 1.49 1.49 1.48 1.49 1.50 1.49 1.50 1.50 1.50 1.50 1.50 1.51 1.51 1.51 1.52 1.52 1.52 1.53 1.53 1.54 1.54 1.55 1.54 1.52 1.52 1.52 1.53 1.53 1.59 1.59 1.60 1.61 1.61 1.62 1.63 1.64 1.64 1.65 1.66 1.67 1.67 1.68 1.68 1.69 1.70 1.71 1.72 1.74 1.74 1.76 1.77 1.78 1.78 1.79 1.80 1.81 1.83 1.85 1.86 1.87 1.87 1.89 1.90 1.92 1.93 1.93 1.95 1.98 1.99 2.00 2.02 2.04 2.05 2.07 2.09 2.11 2.13 2.16 2.16 2.19 2.21 2.23 2.25 2.26 2.29 2.32 2.35 2.36 2.40 2.42 2.42 2.41 2.41 2.47 2.53 2.58 2.62 2.66 2.69 2.73 2.77 2.81 2.84 2.89 2.92 2.97 3.01 3.06 3.10 3.17 3.22 3.28 3.33 3.40 3.45 3.53 3.58 3.65 3.65 3.71 3.70 3.68 3.67 3.67 3.70 3.82 3.97 4.62 4.74 4.87 5.00 5.18 5.34 5.35 5.72 5.92 6.12 6.37 6.68 6.76 6.96 7.68 7.68 7.98 8.17 8.77 8.87 9.13 9.54 9.66 12.15 12.57 12.61 12.62 12.63 12.62 12.61 12.60 12.57 28.09 30.35 30.42 30.41 30.41 30.41 30.43 30.41 12.56 12.58 12.60 12.60 12.61 12.59 12.05 11.21 9.84 9.51 9.51 9.16 9.04 8.16 8.06 7.73 6.73 6.52 6.16 6.11 6.11 6.08 5.31 5.18 5.14 4.91 4.72 3.75 3.65 3.58 3.59 3.59 3.61 3.61 3.58 3.56 3.56 3.58 3.59 3.52 3.43 3.35 3.25 3.19 3.12 3.07 3.01 2.96 2.89 2.85 2.79 2.77 2.71 2.66 2.62 2.59 2.33 2.28 2.26 2.26 2.26 2.25 2.20 2.18 2.15 2.12 2.10 2.08 2.05 2.04 2.01 1.99 1.97 1.95 1.92 1.90 1.88 1.86 1.84 1.82 1.80 1.78 1.77 1.76 1.74 1.73 1.72 1.69 1.68 1.67 1.65 1.64 1.62 1.61 1.60 1.59 1.57 1.56 1.55 1.55 1.54 1.53 1.52 1.50 1.49 1.48 1.46 1.46 1.46 1.44 1.44 1.43 1.42 1.41 1.39 1.39 1.39 1.39 1.38 1.37 1.36 1.35 1.35 1.33 1.26 1.25 1.26 1.26 1.24 1.25 1.28 1.26 1.25 1.26 1.25 1.25 1.24 1.24 1.24 1.24 1.24 1.23 1.23 1.23 1.22 1.22 1.21 1.21 1.20 1.20 1.20 1.20 1.19 1.19 1.18 1.18 1.18 1.18 1.18 1.18 1.18 1.18 1.17 1.17 1.17 1.17 1.17 1.17 1.17 1.17 1.17 1.17 -9.094217 9.076332 -0.373734 -9.056978 9.061728 -0.373734 1251.630652 magnum 40.141883
ODOM -8.989465 9.035293 -0.378173 0.495000 -0.000034 0.000000 1251.783247 magnum 40.262436
ODOM -8.942615 9.016680 -0.379707 0.505500 -0.000017 0.000000 1251.902783 magnum 40.383742
FLASER 360 1.47 1.47 1.47 1.47 1.47 1.47 1.47 1.47 1.47 1.46 1.46 1.46 1.46 1.46 1.47 1.47 1.47 1.47 1.48 1.48 1.48 1.48 1.48 1.49 1.49 1.49 1.49 1.50 1.50 1.50 1.50 1.50 1.50 1.50 1.51 1.52 1.52 1.48 1.50 1.49 1.50 1.51 1.55 1.56 1.57 1.57 1.57 1.58 1.58 1.59 1.59 1.59 1.61 1.61 1.62 1.62 1.63 1.64 1.65 1.65 1.66 1.67 1.68 1.69 1.69 1.70 1.71 1.71 1.72 1.74 1.75 1.76 1.77 1.78 1.78 1.80 1.80 1.81 1.83 1.84 1.86 1.87 1.88 1.89 1.90 1.92 1.94 1.94 1.96 1.97 1.99 2.01 2.03 2.05 2.06 2.07 2.09 2.12 2.13 2.14 2.17 2.20 2.21 2.24 2.25 2.27 2.30 2.32 2.34 2.32 2.32 2.35 2.41 2.44 2.50 2.53 2.58 2.60 2.63 2.67 2.70 2.74 2.77 2.82 2.86 2.90 2.95 2.99 3.04 3.08 3.14 3.17 3.24 3.29 3.36 3.43 3.47 3.55 3.55 3.59 3.61 3.59 3.59 3.58 3.58 3.66 3.79 4.39 4.54 4.66 4.79 4.93 5.09 5.24 5.24 5.63 5.81 6.01 6.24 6.52 6.64 6.75 7.57 7.57 7.67 8.00 8.52 8.74 8.97 9.43 9.59 11.23 12.09 12.49 12.51 12.53 12.52 12.51 12.51 12.47 12.58 30.13 30.32 30.31 30.31 30.30 30.32 30.31 12.46 12.45 12.50 12.49 12.51 12.51 12.41 11.78 10.16 9.53 9.41 9.39 9.01 8.92 8.03 7.95 7.40 6.60 6.41 6.06 6.01 6.02 5.98 5.29 5.06 5.02 4.84 4.67 3.75 3.62 3.52 3.48 3.49 3.49 3.51 3.52 3.48 3.46 3.47 3.49 3.47 3.41 3.33 3.25 3.18 3.11 3.05 2.99 2.94 2.90 2.83 2.78 2.74 2.71 2.65 2.63 2.57 2.55 2.50 2.46 2.21 2.16 2.17 2.17 2.18 2.16 2.12 2.10 2.07 2.05 2.02 2.00 1.98 1.96 1.94 1.92 1.90 1.88 1.86 1.84 1.82 1.80 1.79 1.77 1.77 1.74 1.72 1.70 1.69 1.67 1.67 1.65 1.64 1.63 1.61 1.60 1.58 1.57 1.56 1.55 1.55 1.54 1.53 1.51 1.50 1.50 1.48 1.47 1.46 1.46 1.45 1.43 1.43 1.42 1.40 1.40 1.39 1.39 1.39 1.38 1.38 1.37 1.36 1.35 1.35 1.34 1.34 1.33 1.33 1.32 1.31 1.30 1.29 1.25 1.23 1.22 1.22 1.21 1.22 1.23 1.24 1.24 1.23 1.23 1.23 1.22 1.22 1.21 1.21 1.21 1.21 1.20 1.20 1.20 1.20 1.19 1.19 1.19 1.19 1.18 1.18 1.18 1.17 1.17 1.18 1.18 1.18 1.18 1.18 1.18 1.18 1.18 -8.997797 9.038645 -0.379117 -8.960638 9.023841 -0.379117 1251.850624 magnum 40.383868
ODOM -8.896677 8.998348 -0.381241 0.497500 -0.000028 0.000000 1252.022751 magnum 40.501489
ODOM -8.849885 8.979591 -0.382775 0.508500 0.000017 0.000000 1252.142835 magnum 40.624838
FLASER 360 1.46 1.46 1.45 1.45 1.45 1.45 1.45 1.46 1.46 1.46 1.46 1.46 1.46 1.46 1.46 1.46 1.47 1.47 1.47 1.47 1.46 1.47 1.47 1.48 1.48 1.48 1.49 1.49 1.49 1.45 1.46 1.45 1.45 1.48 1.48 1.52 1.53 1.52 1.53 1.54 1.54 1.54 1.55 1.55 1.55 1.56 1.56 1.56 1.57 1.58 1.59 1.59 1.59 1.60 1.61 1.61 1.62 1.63 1.64 1.65 1.65 1.66 1.66 1.67 1.68 1.68 1.70 1.71 1.72 1.73 1.74 1.75 1.75 1.76 1.77 1.78 1.79 1.81 1.81 1.83 1.84 1.86 1.87 1.87 1.89 1.91 1.92 1.94 1.95 1.97 1.98 1.99 2.00 2.03 2.04 2.06 2.08 2.10 2.12 2.14 2.16 2.18 2.20 2.21 2.23 2.25 2.24 2.23 2.24 2.31 2.36 2.38 2.42 2.45 2.49 2.51 2.55 2.58 2.61 2.65 2.68 2.72 2.76 2.80 2.84 2.88 2.92 2.97 3.00 3.06 3.10 3.16 3.21 3.28 3.33 3.38 3.45 3.44 3.50 3.51 3.50 3.47 3.47 3.48 3.54 3.64 3.80 4.39 4.50 4.62 4.76 4.89 5.02 5.14 5.16 5.56 5.76 5.95 6.16 6.47 6.54 6.69 7.47 7.46 7.57 7.90 8.39 8.64 8.86 9.32 9.42 11.09 11.97 12.39 12.39 12.41 12.41 12.39 12.39 12.37 12.41 30.07 30.23 30.21 30.22 30.21 30.22 30.21 30.23 12.35 12.37 12.37 12.38 12.38 12.36 11.80 10.72 9.70 9.32 9.29 9.04 8.82 8.02 7.87 7.71 7.10 6.35 6.29 5.92 5.90 5.91 5.87 5.12 4.95 4.91 4.73 4.56 3.97 3.55 3.44 3.39 3.38 3.40 3.40 3.42 3.41 3.36 3.36 3.38 3.40 3.35 3.28 3.22 3.13 3.07 3.02 2.95 2.90 2.86 2.81 2.76 2.71 2.67 2.63 2.59 2.56 2.52 2.46 2.43 2.40 2.40 2.15 2.09 2.08 2.09 2.09 2.09 2.06 2.03 2.02 1.99 1.97 1.95 1.91 1.91 1.89 1.87 1.85 1.83 1.81 1.79 1.78 1.76 1.75 1.73 1.71 1.70 1.69 1.67 1.66 1.65 1.64 1.62 1.61 1.60 1.58 1.58 1.57 1.55 1.54 1.53 1.52 1.51 1.50 1.49 1.48 1.47 1.46 1.45 1.44 1.45 1.43 1.42 1.42 1.40 1.40 1.39 1.38 1.38 1.38 1.37 1.36 1.35 1.35 1.34 1.33 1.33 1.32 1.32 1.31 1.31 1.30 1.31 1.30 1.29 1.29 1.28 1.28 1.27 1.27 1.23 1.23 1.19 1.19 1.20 1.18 1.19 1.20 1.21 1.21 1.20 1.20 1.20 1.20 1.20 1.19 1.19 1.19 1.19 1.19 1.18 1.18 1.18 1.18 1.18 1.18 1.17 1.17 1.17 1.18 -8.916850 9.006458 -0.381797 -8.879730 8.991554 -0.381797 1252.060234 magnum 40.624960
ODOM -8.757326 8.942324 -0.387377 0.495000 -0.000056 0.000000 1252.262716 magnum 40.741512
ODOM -8.710293 8.923134 -0.388911 0.505000 0.000045 0.000000 1252.382862 magnum 40.862469
FLASER 360 1.45 1.45 1.45 1.45 1.45 1.44 1.45 1.45 1.45 1.45 1.45 1.45 1.45 1.45 1.46 1.46 1.46 1.46 1.46 1.46 1.46 1.42 1.43 1.43 1.43 1.44 1.45 1.49 1.50 1.49 1.49 1.50 1.51 1.50 1.51 1.52 1.52 1.52 1.53 1.53 1.53 1.53 1.54 1.54 1.54 1.55 1.55 1.55 1.56 1.56 1.57 1.58 1.59 1.60 1.60 1.61 1.61 1.63 1.63 1.63 1.64 1.65 1.65 1.67 1.68 1.67 1.68 1.69 1.70 1.71 1.72 1.74 1.74 1.75 1.76 1.77 1.78 1.79 1.80 1.81 1.83 1.84 1.85 1.88 1.89 1.90 1.91 1.91 1.93 1.95 1.97 1.97 1.99 2.01 2.03 2.05 2.07 2.08 2.10 2.12 2.14 2.16 2.17 2.14 2.15 2.17 2.22 2.26 2.27 2.32 2.35 2.37 2.40 2.43 2.45 2.50 2.53 2.55 2.59 2.63 2.66 2.69 2.73 2.77 2.82 2.85 2.89 2.94 2.99 3.02 3.08 3.13 3.18 3.23 3.29 3.34 3.35 3.40 3.41 3.39 3.39 3.36 3.37 3.42 3.50 3.63 4.23 4.34 4.44 4.56 4.69 4.82 4.97 5.02 5.10 5.49 5.66 5.86 6.06 6.35 6.43 6.58 7.36 7.35 7.42 7.77 8.15 8.52 8.70 9.08 9.29 9.41 11.83 12.26 12.28 12.29 12.32 12.30 12.30 12.26 12.27 27.75 30.05 30.10 30.10 30.10 30.10 30.10 30.11 12.23 12.24 12.27 12.29 12.28 12.29 12.07 11.45 9.90 9.30 9.19 9.19 8.80 8.73 7.84 7.74 7.36 6.54 6.21 6.15 5.80 5.80 5.79 5.77 5.01 4.85 4.81 4.67 4.49 4.35 3.49 3.40 3.32 3.29 3.28 3.30 3.31 3.33 3.30 3.27 3.26 3.29 3.30 3.25 3.19 3.11 3.05 2.99 2.93 2.88 2.83 2.78 2.75 2.70 2.65 2.62 2.58 2.54 2.49 2.46 2.42 2.38 2.35 2.32 2.31 2.29 2.06 2.00 1.99 2.01 2.00 2.01 1.98 1.96 1.94 1.91 1.90 1.88 1.86 1.84 1.83 1.80 1.79 1.77 1.75 1.75 1.73 1.71 1.69 1.68 1.67 1.66 1.64 1.63 1.62 1.61 1.59 1.58 1.57 1.56 1.55 1.53 1.53 1.53 1.52 1.51 1.50 1.49 1.47 1.45 1.45 1.44 1.44 1.43 1.42 1.41 1.41 1.40 1.39 1.39 1.38 1.37 1.37 1.37 1.36 1.35 1.34 1.33 1.33 1.32 1.32 1.31 1.30 1.30 1.30 1.30 1.30 1.29 1.29 1.28 1.28 1.27 1.27 1.27 1.27 1.26 1.26 1.25 1.24 1.24 1.23 1.23 1.22 1.17 1.16 1.16 1.17 1.16 1.16 1.20 1.20 1.19 1.18 1.18 1.18 1.18 1.18 1.18 1.18 1.18 1.19 -8.789009 8.955257 -0.387552 -8.751975 8.940140 -0.387552 1252.270467 magnum 40.862593
ODOM -8.663645 8.904019 -0.391979 0.498000 -0.000090 0.000000 1252.490150 magnum 40.972999
FLASER 360 1.44 1.44 1.44 1.44 1.44 1.44 1.44 1.44 1.44 1.44 1.44 1.43 1.45 1.42 1.41 1.41 1.42 1.42 1.44 1.47 1.47 1.47 1.47 1.47 1.48 1.48 1.48 1.49 1.49 1.48 1.49 1.49 1.50 1.50 1.50 1.51 1.51 1.51 1.51 1.52 1.52 1.54 1.53 1.54 1.54 1.55 1.56 1.55 1.56 1.56 1.57 1.58 1.58 1.59 1.60 1.60 1.61 1.62 1.63 1.62 1.63 1.64 1.65 1.65 1.66 1.67 1.67 1.69 1.69 1.71 1.72 1.72 1.73 1.75 1.76 1.76 1.77 1.78 1.80 1.81 1.82 1.84 1.84 1.85 1.87 1.88 1.90 1.91 1.92 1.93 1.95 1.97 1.98 1.99 2.01 2.03 2.05 2.06 2.08 2.07 2.07 2.06 2.10 2.13 2.17 2.19 2.23 2.25 2.27 2.30 2.32 2.35 2.38 2.41 2.44 2.47 2.51 2.54 2.57 2.60 2.64 2.67 2.72 2.74 2.79 2.83 2.88 2.91 2.96 2.99 3.05 3.10 3.15 3.21 3.26 3.24 3.31 3.30 3.30 3.27 3.27 3.26 3.32 3.38 3.50 4.09 4.18 4.28 4.39 4.50 4.63 4.75 4.91 4.92 5.14 5.40 5.59 5.76 5.98 6.25 6.33 6.49 7.25 7.24 7.29 7.64 7.99 8.40 8.48 8.73 9.11 9.24 11.71 12.05 12.17 12.18 12.19 12.18 12.18 12.16 12.15 12.23 29.82 29.97 29.98 29.97 29.97 29.97 29.97 29.99 12.13 12.15 12.16 12.17 12.17 12.11 11.54 10.71 9.50 9.10 9.08 9.03 8.63 8.58 7.67 7.60 7.04 6.33 6.11 5.97 5.69 5.70 5.69 5.66 4.92 4.75 4.72 4.58 4.42 4.30 3.62 3.36 3.25 3.18 3.18 3.18 3.20 3.20 3.22 3.19 3.17 3.17 3.19 3.19 3.16 3.10 3.02 2.98 2.92 2.86 2.81 2.76 2.73 2.68 2.64 2.61 2.57 2.52 2.49 2.44 2.40 2.38 2.34 2.31 2.28 2.25 2.23 2.22 2.23 1.98 1.92 1.91 1.92 1.92 1.92 1.91 1.89 1.87 1.85 1.83 1.81 1.80 1.79 1.77 1.75 1.74 1.72 1.71 1.69 1.68 1.67 1.65 1.63 1.63 1.62 1.61 1.60 1.58 1.57 1.56 1.56 1.54 1.52 1.52 1.51 1.50 1.49 1.48 1.47 1.46 1.45 1.45 1.44 1.43 1.42 1.41 1.40 1.40 1.39 1.38 1.37 1.37 1.37 1.36 1.35 1.35 1.35 1.35 1.34 1.33 1.33 1.32 1.31 1.31 1.30 1.30 1.30 1.29 1.29 1.28 1.28 1.28 1.27 1.27 1.27 1.27 1.26 1.26 1.25 1.25 1.24 1.24 1.24 1.24 1.23 1.23 1.23 1.22 1.22 1.21 1.22 1.22 1.17 1.17 1.17 1.16 1.16 1.16 1.16 1.19 -8.702444 8.920046 -0.391859 -8.665476 8.904769 -0.391859 1252.480231 magnum 40.973142
ODOM -8.617662 8.885011 -0.395047 0.499500 -0.000073 0.000000 1252.603378 magnum 41.082378
ODOM -8.570777 8.865461 -0.399649 0.510000 -0.000202 0.000000 1252.729997 magnum 41.206902
FLASER 360 1.44 1.44 1.43 1.44 1.44 1.40 1.40 1.40 1.40 1.42 1.44 1.45 1.45 1.45 1.45 1.45 1.45 1.45 1.46 1.46 1.47 1.46 1.46 1.46 1.47 1.47 1.48 1.48 1.48 1.48 1.49 1.48 1.49 1.49 1.50 1.51 1.51 1.50 1.51 1.52 1.52 1.52 1.52 1.52 1.53 1.53 1.54 1.55 1.55 1.56 1.57 1.58 1.58 1.57 1.58 1.59 1.59 1.60 1.61 1.62 1.62 1.64 1.64 1.63 1.65 1.66 1.66 1.68 1.69 1.69 1.70 1.70 1.72 1.75 1.75 1.75 1.77 1.77 1.78 1.79 1.80 1.82 1.83 1.83 1.85 1.86 1.88 1.90 1.91 1.91 1.93 1.95 1.96 1.97 1.99 2.00 1.99 1.98 1.99 2.03 2.06 2.09 2.11 2.14 2.17 2.19 2.21 2.24 2.26 2.28 2.30 2.33 2.36 2.39 2.42 2.44 2.49 2.51 2.54 2.57 2.62 2.65 2.68 2.72 2.76 2.80 2.84 2.88 2.92 2.97 3.02 3.06 3.11 3.15 3.15 3.20 3.21 3.18 3.17 3.16 3.16 3.19 3.27 3.37 3.62 4.03 4.13 4.22 4.33 4.44 4.56 4.68 4.81 4.82 5.14 5.30 5.48 5.66 5.87 6.10 6.20 6.32 7.13 7.14 7.13 7.53 7.78 8.23 8.33 8.57 9.00 9.04 10.82 11.65 12.06 12.06 12.08 12.08 12.07 12.05 12.03 12.03 27.53 29.87 29.87 29.85 29.85 29.86 29.87 29.85 12.00 12.01 12.04 12.04 12.06 12.05 11.87 11.24 9.74 9.21 8.98 8.97 8.63 8.50 7.70 7.55 7.43 6.89 6.20 6.00 5.80 5.57 5.59 5.57 5.57 5.04 4.68 4.63 4.53 4.38 4.23 4.10 3.32 3.23 3.15 3.09 3.09 3.09 3.10 3.11 3.13 3.10 3.07 3.07 3.09 3.10 3.07 3.02 2.96 2.90 2.85 2.80 2.76 2.72 2.67 2.63 2.60 2.56 2.51 2.46 2.43 2.39 2.37 2.34 2.30 2.27 2.24 2.21 2.18 2.16 2.14 2.14 2.16 2.09 1.87 1.85 1.82 1.83 1.85 1.84 1.82 1.81 1.79 1.78 1.76 1.74 1.74 1.72 1.71 1.69 1.68 1.66 1.65 1.63 1.62 1.61 1.60 1.60 1.58 1.57 1.56 1.56 1.54 1.53 1.51 1.51 1.50 1.49 1.48 1.47 1.46 1.45 1.44 1.43 1.43 1.42 1.41 1.41 1.40 1.40 1.39 1.38 1.37 1.37 1.35 1.35 1.35 1.35 1.34 1.34 1.33 1.33 1.32 1.32 1.31 1.31 1.31 1.30 1.30 1.29 1.29 1.29 1.29 1.28 1.27 1.27 1.27 1.26 1.26 1.26 1.25 1.25 1.24 1.24 1.24 1.25 1.24 1.24 1.23 1.23 1.23 1.23 1.22 1.22 1.22 1.21 1.21 1.21 1.21 1.21 -8.616516 8.884695 -0.398778 -8.579655 8.869163 -0.398778 1252.700182 magnum 41.207056
ODOM -8.525381 8.846287 -0.401183 0.494500 -0.000330 0.000000 1252.843340 magnum 41.321823
ODOM -8.432450 8.806866 -0.402717 0.499500 -0.000084 0.000000 1252.962681 magnum 41.441423
FLASER 360 1.41 1.46 1.47 1.45 1.44 1.45 1.44 1.45 1.44 1.45 1.44 1.44 1.45 1.44 1.44 1.45 1.45 1.44 1.44 1.45 1.46 1.46 1.45 1.46 1.46 1.46 1.46 1.46 1.47 1.47 1.48 1.49 1.49 1.49 1.49 1.49 1.50 1.50 1.50 1.51 1.52 1.52 1.52 1.52 1.53 1.53 1.53 1.53 1.54 1.54 1.55 1.56 1.56 1.57 1.58 1.57 1.58 1.59 1.60 1.61 1.61 1.62 1.63 1.64 1.64 1.64 1.65 1.67 1.68 1.68 1.69 1.70 1.71 1.72 1.72 1.74 1.75 1.75 1.76 1.77 1.79 1.80 1.82 1.83 1.83 1.84 1.85 1.88 1.89 1.90 1.92 1.92 1.92 1.90 1.92 1.94 1.97 1.99 2.02 2.04 2.06 2.08 2.11 2.12 2.15 2.17 2.19 2.21 2.23 2.25 2.28 2.31 2.33 2.36 2.39 2.41 2.45 2.49 2.52 2.55 2.59 2.62 2.65 2.69 2.73 2.77 2.81 2.84 2.89 2.93 2.99 3.03 3.07 3.05 3.11 3.10 3.10 3.07 3.07 3.06 3.08 3.15 3.23 3.37 3.88 3.98 4.07 4.17 4.25 4.37 4.48 4.61 4.72 4.70 5.05 5.21 5.38 5.56 5.75 5.99 6.10 6.19 7.03 7.04 7.02 7.40 7.56 8.04 8.21 8.42 8.87 8.97 9.08 11.49 11.93 11.94 11.97 11.96 11.97 11.95 11.94 11.91 25.74 29.60 29.76 29.76 29.76 29.76 29.76 29.75 29.78 11.90 11.94 11.94 11.95 11.94 11.94 11.41 10.71 9.52 8.95 8.85 8.85 8.48 8.40 7.54 7.43 7.25 6.75 6.11 5.89 5.78 5.48 5.49 5.48 5.45 5.48 4.62 4.52 4.49 4.32 4.20 4.06 3.95 3.20 3.12 3.05 2.99 2.99 2.99 3.01 3.02 3.02 3.01 2.97 2.96 2.99 3.00 3.01 2.95 2.90 2.84 2.79 2.74 2.70 2.66 2.61 2.58 2.55 2.49 2.46 2.43 2.40 2.36 2.33 2.29 2.27 2.24 2.20 2.18 2.16 2.14 2.11 2.08 2.06 2.05 2.08 2.08 1.88 1.81 1.76 1.75 1.76 1.77 1.77 1.77 1.74 1.73 1.72 1.71 1.69 1.67 1.66 1.65 1.64 1.62 1.62 1.60 1.59 1.58 1.57 1.56 1.54 1.54 1.53 1.52 1.51 1.50 1.50 1.49 1.47 1.46 1.46 1.44 1.44 1.43 1.43 1.42 1.40 1.40 1.40 1.39 1.38 1.37 1.37 1.36 1.36 1.35 1.35 1.35 1.34 1.34 1.33 1.32 1.32 1.31 1.31 1.30 1.30 1.29 1.29 1.29 1.29 1.28 1.28 1.27 1.28 1.28 1.27 1.27 1.27 1.26 1.26 1.25 1.25 1.25 1.24 1.24 1.24 1.24 1.23 1.22 1.23 1.23 1.22 1.23 1.23 1.22 1.22 1.23 -8.505372 8.837840 -0.402121 -8.468563 8.822185 -0.402121 1252.910588 magnum 41.441574
ODOM -8.387189 8.787586 -0.404251 0.485000 -0.000011 0.000000 1253.083463 magnum 41.560783
ODOM -8.341004 8.767827 -0.404251 0.506000 0.000034 0.000000 1253.202828 magnum 41.681645
FLASER 360 1.45 1.44 1.45 1.45 1.45 1.44 1.44 1.45 1.46 1.44 1.45 1.44 1.44 1.44 1.45 1.45 1.45 1.44 1.44 1.44 1.44 1.44 1.46 1.46 1.47 1.46 1.47 1.46 1.47 1.47 1.47 1.48 1.48 1.49 1.48 1.50 1.50 1.50 1.49 1.49 1.50 1.50 1.51 1.51 1.52 1.52 1.53 1.53 1.52 1.53 1.54 1.55 1.56 1.56 1.57 1.57 1.58 1.59 1.59 1.60 1.60 1.62 1.63 1.63 1.63 1.64 1.65 1.65 1.66 1.67 1.68 1.69 1.70 1.71 1.72 1.73 1.74 1.75 1.76 1.76 1.78 1.79 1.81 1.81 1.83 1.84 1.86 1.83 1.82 1.83 1.85 1.88 1.91 1.92 1.94 1.97 1.98 2.00 2.03 2.05 2.06 2.08 2.10 2.12 2.14 2.17 2.19 2.21 2.23 2.25 2.27 2.30 2.32 2.34 2.38 2.41 2.43 2.47 2.51 2.53 2.57 2.61 2.65 2.68 2.72 2.75 2.80 2.84 2.87 2.92 2.96 2.95 3.00 3.02 3.01 2.99 2.98 2.96 2.97 3.01 3.07 3.17 3.38 3.76 3.87 3.95 4.04 4.13 4.25 4.35 4.47 4.59 4.61 4.73 5.03 5.18 5.36 5.53 5.72 5.96 6.03 6.26 6.93 6.93 6.92 7.31 7.54 7.99 8.10 8.34 8.77 8.87 10.51 11.39 11.83 11.84 11.87 11.86 11.86 11.84 11.84 11.81 19.09 29.50 29.66 29.66 29.65 29.64 29.66 29.65 29.69 11.79 11.82 11.83 11.85 11.85 11.85 11.48 10.79 9.49 8.95 8.75 8.75 8.46 8.30 8.27 7.36 7.28 6.82 6.36 5.86 5.78 5.40 5.37 5.40 5.37 5.37 5.35 4.50 4.42 4.36 4.22 4.10 3.98 3.88 3.76 3.08 2.99 2.93 2.89 2.90 2.90 2.91 2.92 2.93 2.91 2.88 2.87 2.90 2.90 2.91 2.87 2.82 2.77 2.72 2.68 2.64 2.60 2.56 2.52 2.47 2.43 2.41 2.37 2.35 2.31 2.28 2.25 2.21 2.20 2.17 2.14 2.12 2.10 2.07 2.05 2.03 2.00 1.99 1.98 2.00 2.00 2.03 2.01 1.72 1.69 1.68 1.67 1.69 1.70 1.70 1.69 1.66 1.65 1.64 1.63 1.62 1.61 1.59 1.59 1.58 1.57 1.56 1.55 1.53 1.52 1.51 1.51 1.50 1.49 1.48 1.48 1.47 1.46 1.45 1.45 1.44 1.43 1.43 1.42 1.41 1.40 1.40 1.39 1.38 1.37 1.36 1.35 1.36 1.35 1.35 1.34 1.33 1.33 1.33 1.32 1.32 1.32 1.31 1.31 1.30 1.30 1.29 1.30 1.29 1.28 1.28 1.28 1.28 1.27 1.27 1.27 1.27 1.27 1.26 1.27 1.26 1.25 1.25 1.25 1.24 1.24 1.25 1.25 1.23 1.24 1.23 1.24 1.24 1.23 -8.407495 8.796273 -0.404251 -8.370719 8.780540 -0.404251 1253.120266 magnum 41.681780
ODOM -8.294894 8.748101 -0.407319 0.493000 -0.000034 0.000000 1253.322821 magnum 41.801857
ODOM -8.249284 8.728422 -0.410387 0.503500 -0.000095 0.000000 1253.443363 magnum 41.922034
FLASER 360 1.44 1.44 1.44 1.44 1.44 1.44 1.43 1.44 1.44 1.43 1.44 1.44 1.44 1.44 1.44 1.45 1.45 1.45 1.45 1.45 1.45 1.45 1.45 1.45 1.45 1.46 1.46 1.46 1.47 1.48 1.47 1.47 1.46 1.47 1.47 1.47 1.48 1.48 1.49 1.49 1.49 1.50 1.50 1.50 1.52 1.52 1.52 1.52 1.53 1.53 1.54 1.53 1.54 1.55 1.56 1.58 1.58 1.58 1.59 1.59 1.60 1.60 1.60 1.62 1.62 1.63 1.65 1.65 1.66 1.65 1.67 1.68 1.69 1.70 1.71 1.71 1.73 1.74 1.75 1.75 1.77 1.78 1.78 1.75 1.76 1.77 1.79 1.83 1.83 1.85 1.87 1.89 1.91 1.93 1.94 1.95 1.98 2.00 2.01 2.03 2.05 2.07 2.09 2.11 2.12 2.14 2.17 2.19 2.21 2.23 2.26 2.28 2.31 2.34 2.36 2.39 2.42 2.45 2.49 2.52 2.55 2.59 2.63 2.66 2.70 2.74 2.78 2.81 2.86 2.85 2.87 2.92 2.91 2.90 2.89 2.87 2.87 2.88 2.93 2.99 3.09 3.56 3.66 3.74 3.84 3.93 4.02 4.10 4.21 4.31 4.44 4.51 4.52 4.84 4.98 5.14 5.31 5.48 5.67 5.88 5.95 6.79 6.83 6.82 6.83 7.22 7.45 7.89 8.00 8.23 8.67 8.76 10.39 11.28 11.72 11.74 11.76 11.76 11.76 11.75 11.73 11.71 11.83 29.36 29.55 29.54 29.55 29.53 29.55 29.54 29.55 11.69 11.70 11.74 11.74 11.75 11.75 11.64 10.95 9.68 9.08 8.67 8.65 8.63 8.24 8.20 7.31 7.22 7.01 6.60 5.93 5.71 5.66 5.29 5.29 5.30 5.27 5.26 5.23 4.42 4.33 4.29 4.12 4.01 3.91 3.80 3.70 3.13 2.96 2.89 2.82 2.79 2.80 2.80 2.82 2.83 2.84 2.83 2.79 2.78 2.81 2.81 2.84 2.79 2.75 2.70 2.66 2.62 2.58 2.55 2.50 2.46 2.42 2.39 2.36 2.33 2.29 2.27 2.23 2.21 2.18 2.16 2.14 2.11 2.08 2.06 2.04 2.02 2.00 1.98 1.96 1.94 1.92 1.91 1.92 1.93 1.95 1.96 1.98 1.75 1.63 1.62 1.61 1.60 1.63 1.64 1.63 1.62 1.61 1.59 1.59 1.58 1.56 1.55 1.54 1.53 1.52 1.52 1.52 1.51 1.49 1.48 1.48 1.46 1.46 1.44 1.44 1.43 1.43 1.43 1.42 1.42 1.41 1.40 1.40 1.39 1.37 1.37 1.36 1.36 1.36 1.35 1.36 1.35 1.33 1.33 1.32 1.33 1.32 1.31 1.31 1.30 1.30 1.31 1.30 1.30 1.30 1.30 1.29 1.28 1.28 1.28 1.28 1.27 1.26 1.27 1.26 1.26 1.25 1.25 1.25 1.26 1.25 1.25 1.26 1.26 1.24 1.24 1.24 1.24 -8.322817 8.760173 -0.407911 -8.286099 8.744306 -0.407911 1253.340253 magnum 41.922179
ODOM -8.157308 8.688404 -0.416523 0.508500 -0.000319 0.000000 1253.568417 magnum 42.048953
FLASER 360 1.44 1.42 1.43 1.43 1.43 1.43 1.43 1.43 1.45 1.43 1.43 1.44 1.43 1.43 1.43 1.43 1.44 1.44 1.45 1.44 1.45 1.45 1.45 1.44 1.44 1.45 1.45 1.45 1.45 1.45 1.45 1.46 1.46 1.46 1.47 1.46 1.46 1.47 1.47 1.48 1.48 1.49 1.49 1.50 1.49 1.50 1.51 1.52 1.53 1.53 1.53 1.54 1.54 1.54 1.55 1.56 1.56 1.56 1.57 1.58 1.59 1.59 1.60 1.61 1.61 1.62 1.63 1.64 1.64 1.66 1.66 1.66 1.67 1.68 1.69 1.71 1.71 1.70 1.69 1.69 1.70 1.72 1.75 1.77 1.78 1.79 1.80 1.82 1.84 1.86 1.87 1.88 1.90 1.91 1.93 1.94 1.96 1.98 2.00 2.01 2.03 2.05 2.07 2.08 2.10 2.12 2.15 2.17 2.19 2.21 2.23 2.26 2.28 2.31 2.34 2.36 2.40 2.43 2.45 2.50 2.53 2.56 2.60 2.64 2.67 2.70 2.74 2.77 2.76 2.81 2.83 2.81 2.81 2.78 2.78 2.77 2.79 2.83 2.89 2.98 3.26 3.53 3.60 3.68 3.76 3.87 3.96 4.05 4.15 4.24 4.39 4.41 4.44 4.76 4.90 5.05 5.21 5.37 5.55 5.77 5.83 6.21 6.72 6.73 6.71 7.11 7.25 7.70 7.90 8.09 8.53 8.57 8.72 11.16 11.28 11.63 11.63 11.64 11.66 17.62 11.64 11.61 11.63 27.11 29.49 29.51 29.48 29.50 29.47 29.50 29.48 29.53 11.60 11.58 11.63 19.03 11.67 11.65 11.17 10.55 9.31 8.84 8.56 8.54 8.48 8.12 8.15 7.20 7.12 6.86 6.45 5.86 5.59 5.56 5.19 5.17 5.20 5.18 5.17 5.17 4.38 4.23 4.22 4.11 3.99 3.88 3.78 3.68 3.59 3.09 2.88 2.82 2.75 2.71 2.70 2.70 2.72 2.73 2.75 2.75 2.71 2.69 2.70 2.71 2.73 2.74 2.69 2.65 2.61 2.57 2.53 2.50 2.45 2.42 2.38 2.36 2.32 2.30 2.26 2.24 2.21 2.18 2.15 2.14 2.11 2.08 2.06 2.04 2.01 2.00 1.97 1.95 1.95 1.92 1.90 1.88 1.88 1.85 1.84 1.84 1.86 1.87 1.89 1.90 1.92 1.79 1.57 1.56 1.55 1.54 1.56 1.57 1.58 1.57 1.55 1.55 1.53 1.52 1.52 1.51 1.50 1.50 1.48 1.47 1.47 1.46 1.45 1.44 1.43 1.43 1.42 1.41 1.41 1.40 1.41 1.39 1.39 1.38 1.38 1.37 1.37 1.36 1.35 1.35 1.35 1.34 1.34 1.33 1.33 1.33 1.32 1.32 1.32 1.30 1.30 1.30 1.30 1.30 1.29 1.29 1.28 1.29 1.29 1.28 1.27 1.27 1.28 1.28 1.27 1.27 1.26 1.27 1.26 1.25 1.25 1.25 1.26 1.25 1.25 1.25 -8.202788 8.708434 -0.415930 -8.166198 8.692272 -0.415930 1253.550589 magnum 42.049083
ODOM -8.111953 8.668339 -0.421125 0.504000 0.000123 0.000000 1253.683373 magnum 42.162131
ODOM -8.065815 8.647673 -0.427261 0.508000 -0.000045 0.000000 1253.802805 magnum 42.282200
FLASER 360 1.43 1.42 1.43 1.42 1.43 1.42 1.42 1.42 1.44 1.43 1.42 1.42 1.42 1.43 1.44 1.42 1.42 1.43 1.43 1.43 1.43 1.43 1.44 1.43 1.43 1.43 1.44 1.45 1.45 1.45 1.45 1.46 1.46 1.46 1.46 1.46 1.46 1.47 1.46 1.47 1.47 1.48 1.49 1.49 1.50 1.50 1.50 1.50 1.50 1.51 1.52 1.52 1.53 1.53 1.54 1.54 1.54 1.55 1.56 1.57 1.58 1.58 1.58 1.59 1.59 1.60 1.61 1.62 1.63 1.64 1.65 1.65 1.65 1.62 1.63 1.64 1.65 1.68 1.69 1.70 1.71 1.73 1.75 1.76 1.77 1.79 1.80 1.81 1.82 1.84 1.85 1.86 1.88 1.89 1.91 1.93 1.94 1.96 1.97 2.00 2.00 2.02 2.04 2.05 2.08 2.10 2.12 2.14 2.17 2.19 2.21 2.23 2.26 2.28 2.31 2.34 2.36 2.40 2.43 2.45 2.50 2.53 2.56 2.59 2.63 2.68 2.69 2.67 2.73 2.73 2.72 2.70 2.70 2.68 2.69 2.69 2.74 2.79 2.86 3.05 3.41 3.47 3.54 3.61 3.69 3.76 3.88 3.96 4.07 4.16 4.30 4.31 4.35 4.66 4.79 4.92 5.07 5.24 5.41 5.65 5.69 5.81 6.62 6.65 6.62 6.78 7.03 7.33 7.75 7.83 8.06 8.45 8.57 10.17 11.09 11.51 11.53 11.53 14.46 14.47 17.48 11.67 11.52 11.59 29.44 29.44 29.44 29.44 29.44 29.43 29.44 29.43 11.50 11.49 23.42 18.95 17.51 13.46 11.54 10.96 10.31 9.17 8.62 8.45 8.45 8.39 8.01 8.04 7.10 7.02 6.78 6.41 5.83 5.58 5.47 5.24 5.06 5.06 5.10 5.02 5.05 5.06 4.21 4.13 4.11 3.99 3.87 3.77 3.67 3.60 3.51 3.42 2.83 2.75 2.69 2.64 2.60 2.60 2.62 2.63 2.65 2.65 2.67 2.63 2.61 2.60 2.64 2.64 2.64 2.61 2.57 2.53 2.50 2.46 2.42 2.38 2.36 2.33 2.30 2.27 2.24 2.21 2.18 2.16 2.14 2.11 2.08 2.07 2.04 2.02 2.01 1.99 1.97 1.95 1.93 1.91 1.88 1.88 1.86 1.85 1.83 1.82 1.80 1.79 1.77 1.77 1.80 1.81 1.83 1.84 1.87 1.88 1.60 1.55 1.50 1.48 1.48 1.48 1.52 1.52 1.52 1.51 1.50 1.49 1.48 1.47 1.46 1.45 1.44 1.44 1.44 1.43 1.41 1.41 1.40 1.40 1.40 1.38 1.39 1.38 1.37 1.37 1.37 1.36 1.35 1.35 1.35 1.35 1.35 1.34 1.34 1.33 1.33 1.32 1.31 1.31 1.30 1.30 1.30 1.29 1.29 1.29 1.29 1.29 1.28 1.28 1.28 1.28 1.28 1.28 1.27 1.27 1.26 1.26 1.27 1.27 1.26 1.27 1.27 1.26 -8.116345 8.670493 -0.425387 -8.079910 8.653986 -0.425387 1253.760283 magnum 42.282329
ODOM -8.019872 8.626754 -0.431863 0.505000 -0.000179 0.000000 1253.922488 magnum 42.402044
ODOM -7.974024 8.605624 -0.433397 0.489500 -0.000028 0.000000 1254.043317 magnum 42.522007
FLASER 360 1.42 1.42 1.41 1.42 1.42 1.41 1.42 1.42 1.42 1.42 1.41 1.42 1.41 1.41 1.41 1.41 1.42 1.41 1.42 1.42 1.43 1.42 1.42 1.42 1.42 1.42 1.43 1.44 1.43 1.44 1.44 1.44 1.45 1.45 1.45 1.45 1.45 1.45 1.46 1.45 1.46 1.46 1.47 1.47 1.47 1.48 1.49 1.49 1.49 1.49 1.51 1.51 1.52 1.53 1.54 1.53 1.54 1.55 1.54 1.55 1.56 1.56 1.57 1.58 1.59 1.59 1.60 1.56 1.57 1.57 1.58 1.59 1.62 1.63 1.64 1.65 1.66 1.67 1.68 1.69 1.70 1.72 1.74 1.74 1.76 1.77 1.78 1.79 1.80 1.82 1.83 1.85 1.86 1.87 1.88 1.90 1.92 1.93 1.94 1.97 1.97 1.99 2.01 2.03 2.05 2.06 2.09 2.11 2.13 2.15 2.18 2.20 2.22 2.24 2.27 2.29 2.33 2.35 2.39 2.42 2.44 2.47 2.51 2.54 2.59 2.58 2.58 2.64 2.64 2.61 2.61 2.59 2.58 2.58 2.59 2.63 2.68 2.72 2.83 3.27 3.33 3.39 3.47 3.52 3.60 3.67 3.74 3.86 3.95 4.04 4.16 4.19 4.20 4.49 4.62 4.76 4.90 5.05 5.20 5.38 5.57 5.63 6.16 6.50 6.53 6.50 6.85 6.93 7.33 7.64 7.73 7.95 8.35 8.46 10.07 10.96 11.41 11.41 11.43 11.45 11.44 11.42 11.42 11.39 11.45 26.99 29.23 29.21 29.22 29.21 29.22 29.22 29.22 11.39 11.38 11.40 11.41 11.42 11.43 11.41 11.05 10.44 9.15 8.73 8.36 8.32 8.33 7.95 7.90 7.21 6.95 6.87 6.46 6.17 5.61 5.40 5.36 5.01 4.95 4.96 4.96 4.93 4.95 4.96 4.14 4.02 4.02 3.91 3.79 3.70 3.61 3.53 3.44 3.37 3.30 2.74 2.65 2.61 2.56 2.52 2.51 2.52 2.53 2.54 2.56 2.56 2.56 2.51 2.52 2.51 2.54 2.55 2.55 2.51 2.47 2.44 2.40 2.38 2.34 2.31 2.28 2.25 2.22 2.20 2.17 2.15 2.13 2.10 2.07 2.06 2.03 2.01 2.00 1.97 1.95 1.95 1.92 1.90 1.89 1.87 1.86 1.83 1.82 1.81 1.79 1.78 1.76 1.75 1.74 1.73 1.71 1.71 1.73 1.73 1.76 1.77 1.80 1.81 1.84 1.85 1.59 1.48 1.44 1.43 1.42 1.41 1.46 1.46 1.47 1.46 1.44 1.44 1.43 1.41 1.42 1.42 1.40 1.40 1.39 1.39 1.38 1.37 1.37 1.37 1.37 1.36 1.36 1.35 1.34 1.35 1.34 1.34 1.32 1.32 1.32 1.31 1.31 1.31 1.31 1.31 1.30 1.30 1.30 1.29 1.30 1.29 1.29 1.29 1.29 1.29 1.28 1.29 1.28 1.27 1.27 1.27 1.27 1.27 1.27 1.27 -8.031999 8.632379 -0.432672 -7.995685 8.615607 -0.432672 1253.980261 magnum 42.522149
ODOM -7.883826 8.563886 -0.437999 0.488500 -0.000050 0.000000 1254.168631 magnum 42.645355
ODOM -7.838544 8.542678 -0.439533 0.499000 -0.000078 0.000000 1254.283165 magnum 42.761290
FLASER 360 1.41 1.41 1.41 1.41 1.41 1.41 1.41 1.41 1.41 1.41 1.40 1.40 1.40 1.41 1.41 1.41 1.41 1.40 1.41 1.42 1.42 1.41 1.41 1.42 1.42 1.43 1.43 1.44 1.44 1.44 1.44 1.44 1.43 1.44 1.44 1.44 1.44 1.45 1.45 1.45 1.45 1.45 1.45 1.45 1.46 1.48 1.48 1.49 1.48 1.48 1.49 1.49 1.50 1.51 1.52 1.52 1.53 1.54 1.54 1.54 1.54 1.50 1.51 1.51 1.52 1.55 1.57 1.57 1.58 1.58 1.59 1.60 1.61 1.62 1.64 1.65 1.66 1.67 1.68 1.68 1.70 1.71 1.72 1.73 1.74 1.76 1.77 1.78 1.79 1.80 1.82 1.83 1.84 1.86 1.87 1.88 1.90 1.92 1.94 1.95 1.97 1.98 2.00 2.02 2.04 2.06 2.08 2.10 2.13 2.13 2.16 2.18 2.21 2.22 2.25 2.27 2.30 2.33 2.35 2.40 2.43 2.45 2.50 2.47 2.49 2.54 2.54 2.52 2.52 2.50 2.49 2.47 2.49 2.53 2.57 2.61 2.69 2.87 3.18 3.23 3.30 3.36 3.43 3.50 3.57 3.63 3.72 3.81 3.90 4.00 4.10 4.10 4.20 4.45 4.57 4.70 4.85 4.98 5.13 5.33 5.47 5.55 6.40 6.40 6.43 6.41 6.77 6.84 7.22 7.53 7.61 7.85 8.25 8.33 9.95 10.85 11.26 11.32 11.32 11.34 11.34 11.31 11.32 11.28 11.30 26.79 29.10 29.11 29.10 29.10 29.11 29.11 29.11 29.16 11.28 11.28 11.32 11.30 11.33 11.32 11.24 10.61 9.64 8.89 8.34 8.22 8.24 8.12 7.80 7.77 6.90 6.81 6.66 6.28 5.99 5.49 5.29 5.25 4.91 4.84 4.86 4.86 4.84 4.85 4.87 4.12 3.94 3.93 3.86 3.74 3.65 3.58 3.49 3.42 3.34 3.27 3.20 2.71 2.59 2.54 2.49 2.44 2.41 2.41 2.43 2.43 2.45 2.46 2.47 2.46 2.42 2.41 2.43 2.43 2.46 2.46 2.43 2.40 2.36 2.33 2.30 2.27 2.24 2.22 2.19 2.16 2.15 2.12 2.10 2.07 2.05 2.03 2.00 1.99 1.97 1.95 1.95 1.92 1.90 1.89 1.87 1.86 1.84 1.82 1.81 1.80 1.78 1.76 1.75 1.74 1.73 1.72 1.70 1.69 1.68 1.67 1.66 1.65 1.66 1.66 1.70 1.71 1.75 1.74 1.78 1.80 1.84 1.85 1.47 1.43 1.40 1.39 1.38 1.37 1.41 1.41 1.42 1.40 1.40 1.39 1.40 1.39 1.38 1.38 1.37 1.37 1.38 1.36 1.35 1.35 1.35 1.35 1.35 1.35 1.34 1.33 1.33 1.31 1.32 1.32 1.31 1.31 1.31 1.31 1.31 1.31 1.30 1.29 1.30 1.30 1.30 1.29 1.29 1.29 1.28 1.28 1.28 1.28 1.28 1.28 -7.908846 8.575620 -0.438378 -7.872628 8.558641 -0.438378 1254.190712 magnum 42.761656
ODOM -7.793414 8.521458 -0.442601 0.492500 -0.000062 0.000000 1254.410052 magnum 42.892698
FLASER 360 1.41 1.40 1.40 1.40 1.39 1.39 1.40 1.40 1.40 1.40 1.39 1.39 1.39 1.40 1.39 1.39 1.39 1.41 1.41 1.41 1.41 1.41 1.42 1.41 1.41 1.41 1.41 1.41 1.41 1.41 1.42 1.42 1.42 1.42 1.42 1.42 1.43 1.44 1.44 1.45 1.45 1.44 1.45 1.45 1.45 1.46 1.46 1.47 1.47 1.48 1.48 1.48 1.50 1.47 1.45 1.45 1.45 1.46 1.47 1.50 1.51 1.51 1.52 1.53 1.54 1.55 1.56 1.56 1.57 1.59 1.59 1.60 1.61 1.62 1.63 1.63 1.65 1.66 1.67 1.68 1.69 1.69 1.70 1.72 1.73 1.74 1.75 1.76 1.78 1.78 1.79 1.81 1.83 1.84 1.85 1.87 1.88 1.90 1.91 1.92 1.95 1.96 1.98 2.01 2.02 2.04 2.05 2.06 2.09 2.11 2.13 2.15 2.18 2.21 2.23 2.25 2.28 2.30 2.33 2.37 2.39 2.38 2.38 2.44 2.45 2.42 2.42 2.40 2.39 2.38 2.38 2.39 2.44 2.47 2.53 2.62 3.01 3.08 3.13 3.18 3.25 3.31 3.38 3.44 3.50 3.58 3.66 3.73 3.84 3.95 4.01 3.99 4.24 4.37 4.51 4.63 4.76 4.88 5.04 5.22 5.37 5.44 6.30 6.29 6.33 6.31 6.54 6.71 7.00 7.37 7.47 7.70 8.14 8.14 8.31 10.71 10.82 11.21 11.21 11.22 11.24 11.23 11.22 11.20 11.18 11.29 28.98 29.04 29.04 29.03 29.03 29.03 29.04 29.05 11.17 11.16 11.21 11.21 11.21 11.23 11.26 10.93 10.27 9.21 8.67 8.18 8.13 8.13 7.85 7.67 7.72 6.81 6.72 6.54 6.18 5.92 5.41 5.21 5.16 4.97 4.75 4.75 4.78 4.73 4.75 4.75 4.78 3.95 3.84 3.82 3.73 3.63 3.56 3.47 3.39 3.32 3.27 3.19 3.11 3.05 2.57 2.49 2.44 2.40 2.35 2.32 2.32 2.33 2.35 2.34 2.38 2.38 2.38 2.35 2.33 2.33 2.35 2.37 2.39 2.37 2.33 2.31 2.27 2.24 2.22 2.19 2.16 2.14 2.12 2.10 2.08 2.06 2.03 2.02 2.00 1.98 1.96 1.95 1.92 1.91 1.90 1.88 1.86 1.84 1.83 1.82 1.79 1.78 1.77 1.75 1.75 1.74 1.72 1.71 1.69 1.68 1.67 1.66 1.65 1.64 1.63 1.62 1.61 1.60 1.59 1.59 1.62 1.63 1.68 1.68 1.72 1.72 1.76 1.79 1.83 1.84 1.60 1.42 1.36 1.35 1.34 1.34 1.36 1.37 1.38 1.38 1.38 1.37 1.37 1.37 1.37 1.35 1.35 1.35 1.34 1.33 1.34 1.33 1.33 1.32 1.32 1.32 1.32 1.31 1.31 1.31 1.31 1.31 1.31 1.30 1.31 1.30 1.30 1.29 1.29 1.29 1.29 1.30 1.29 1.28 -7.830892 8.539212 -0.442511 -7.794744 8.522083 -0.442511 1254.400259 magnum 42.892831
ODOM -7.747858 8.499866 -0.444135 0.518500 -0.000073 0.000000 1254.523333 magnum 43.000706
ODOM -7.702391 8.478231 -0.448737 0.501500 -0.000398 0.000000 1254.630307 magnum 43.114164
FLASER 360 1.40 1.39 1.39 1.39 1.39 1.39 1.39 1.39 1.38 1.38 1.38 1.38 1.39 1.40 1.40 1.39 1.39 1.39 1.39 1.39 1.39 1.39 1.40 1.40 1.40 1.40 1.40 1.40 1.40 1.41 1.41 1.41 1.42 1.41 1.41 1.42 1.41 1.41 1.42 1.42 1.43 1.43 1.43 1.43 1.45 1.44 1.43 1.40 1.41 1.41 1.41 1.43 1.44 1.45 1.46 1.46 1.47 1.48 1.48 1.49 1.50 1.51 1.52 1.53 1.54 1.55 1.55 1.56 1.57 1.57 1.58 1.58 1.60 1.61 1.62 1.62 1.63 1.64 1.65 1.66 1.67 1.68 1.69 1.70 1.70 1.72 1.73 1.74 1.76 1.76 1.79 1.80 1.80 1.81 1.83 1.85 1.87 1.88 1.90 1.91 1.93 1.94 1.96 1.98 1.99 2.00 2.03 2.04 2.06 2.09 2.11 2.13 2.16 2.18 2.21 2.22 2.24 2.29 2.31 2.29 2.29 2.34 2.34 2.32 2.31 2.30 2.30 2.28 2.29 2.30 2.33 2.37 2.40 2.47 2.59 2.93 2.99 3.03 3.08 3.14 3.20 3.26 3.32 3.39 3.45 3.52 3.60 3.68 3.76 3.88 3.89 3.92 4.18 4.29 4.42 4.53 4.66 4.77 4.95 5.09 5.26 5.31 6.17 6.18 6.21 6.19 6.29 6.59 6.83 7.20 7.34 7.53 7.71 8.03 8.22 9.77 10.65 11.08 11.10 11.10 11.12 11.10 11.10 11.09 11.07 11.06 26.56 28.92 28.91 28.91 28.91 28.89 28.90 28.90 28.95 11.05 11.07 11.09 11.09 11.09 11.11 11.05 10.49 9.88 8.78 8.43 8.03 8.02 8.03 7.70 7.56 7.57 6.67 6.60 6.38 6.06 5.81 5.34 5.16 5.04 4.95 4.67 4.66 4.66 4.65 4.63 4.65 4.66 4.12 3.83 3.72 3.70 3.63 3.54 3.45 3.39 3.30 3.25 3.18 3.11 3.04 3.00 2.94 2.47 2.38 2.34 2.30 2.28 2.23 2.23 2.23 2.23 2.25 2.26 2.28 2.29 2.29 2.25 2.24 2.25 2.27 2.28 2.31 2.28 2.25 2.23 2.20 2.17 2.15 2.13 2.10 2.08 2.06 2.04 2.02 2.00 1.98 1.96 1.95 1.93 1.91 1.90 1.88 1.86 1.85 1.83 1.82 1.80 1.79 1.77 1.76 1.75 1.74 1.73 1.71 1.70 1.69 1.68 1.66 1.66 1.64 1.64 1.63 1.62 1.61 1.60 1.59 1.58 1.57 1.57 1.56 1.55 1.55 1.55 1.60 1.60 1.65 1.65 1.70 1.72 1.76 1.76 1.81 1.84 1.88 1.89 1.34 1.32 1.32 1.31 1.31 1.30 1.35 1.34 1.36 1.36 1.35 1.34 1.34 1.33 1.33 1.32 1.32 1.32 1.32 1.32 1.32 1.32 1.32 1.31 1.31 1.31 1.31 1.31 1.30 1.30 1.30 1.29 1.29 1.29 -7.740130 8.496385 -0.448565 -7.704087 8.479038 -0.448565 1254.620312 magnum 43.114302
ODOM -7.657025 8.456387 -0.450271 0.502500 -0.000084 0.000000 1254.743338 magnum 43.221969
ODOM -7.566360 8.412560 -0.456407 0.505500 -0.000274 0.000000 1254.868588 magnum 43.346147
FLASER 360 1.38 1.38 1.38 1.38 1.38 1.39 1.38 1.39 1.39 1.39 1.38 1.38 1.37 1.38 1.38 1.38 1.38 1.38 1.38 1.38 1.38 1.39 1.39 1.38 1.40 1.39 1.39 1.39 1.39 1.39 1.40 1.40 1.40 1.40 1.40 1.41 1.41 1.40 1.40 1.36 1.36 1.36 1.38 1.40 1.41 1.40 1.40 1.41 1.41 1.42 1.43 1.43 1.43 1.45 1.46 1.46 1.47 1.47 1.49 1.49 1.49 1.50 1.51 1.51 1.52 1.52 1.53 1.55 1.56 1.57 1.57 1.57 1.58 1.59 1.60 1.61 1.61 1.63 1.64 1.63 1.66 1.66 1.68 1.69 1.68 1.69 1.71 1.73 1.74 1.74 1.76 1.77 1.79 1.79 1.81 1.83 1.84 1.86 1.88 1.89 1.91 1.92 1.94 1.95 1.97 1.98 2.00 2.02 2.05 2.06 2.09 2.11 2.12 2.14 2.17 2.21 2.22 2.20 2.21 2.25 2.24 2.22 2.22 2.21 2.20 2.18 2.19 2.19 2.22 2.25 2.29 2.32 2.42 2.80 2.84 2.88 2.94 2.98 3.04 3.08 3.15 3.21 3.27 3.32 3.40 3.47 3.54 3.61 3.70 3.76 3.79 3.87 4.11 4.20 4.33 4.44 4.56 4.68 4.84 4.99 5.16 5.19 5.55 6.07 6.10 6.09 6.10 6.47 6.60 6.98 7.22 7.28 7.52 7.93 8.01 8.11 10.52 10.62 10.99 10.98 11.02 11.00 11.00 10.98 10.98 10.95 11.09 28.61 28.79 28.79 28.80 28.79 28.79 28.80 28.80 28.87 10.95 10.96 10.98 10.98 11.00 10.99 10.90 10.29 9.51 8.65 8.22 7.93 7.92 7.92 7.55 7.45 7.46 6.58 6.50 6.33 6.01 5.78 5.39 5.13 4.95 4.92 4.62 4.54 4.55 4.56 4.54 4.54 4.56 4.56 3.93 3.68 3.62 3.61 3.52 3.45 3.37 3.31 3.24 3.18 3.11 3.05 2.99 2.95 2.89 2.84 2.40 2.33 2.27 2.24 2.21 2.17 2.14 2.13 2.14 2.15 2.17 2.18 2.20 2.21 2.21 2.17 2.16 2.16 2.18 2.19 2.22 2.20 2.18 2.16 2.13 2.11 2.08 2.07 2.04 2.03 2.01 1.99 1.97 1.96 1.94 1.92 1.90 1.89 1.87 1.85 1.83 1.83 1.81 1.79 1.78 1.76 1.75 1.75 1.73 1.72 1.71 1.70 1.68 1.67 1.66 1.65 1.64 1.64 1.63 1.62 1.61 1.60 1.59 1.58 1.57 1.56 1.56 1.55 1.54 1.53 1.53 1.52 1.52 1.51 1.51 1.51 1.54 1.56 1.61 1.62 1.68 1.69 1.74 1.76 1.82 1.85 1.87 3.57 3.57 6.76 1.31 1.30 1.29 1.28 1.28 1.27 1.33 1.32 1.34 1.33 1.32 1.33 1.32 1.32 1.32 1.32 1.32 1.32 1.31 1.31 1.31 1.31 1.30 1.30 -7.625214 8.441214 -0.454856 -7.589281 8.423640 -0.454856 1254.830619 magnum 43.346274
ODOM -7.521647 8.390607 -0.462543 0.497500 0.000095 0.000000 1254.982807 magnum 43.464123
ODOM -7.476687 8.368189 -0.464077 0.509000 0.000000 0.000000 1255.103174 magnum 43.584374
FLASER 360 1.38 1.38 1.37 1.37 1.38 1.37 1.37 1.38 1.38 1.38 1.38 1.37 1.36 1.37 1.38 1.38 1.38 1.38 1.38 1.37 1.38 1.38 1.38 1.38 1.38 1.38 1.38 1.38 1.38 1.38 1.38 1.34 1.34 1.34 1.34 1.35 1.37 1.38 1.37 1.38 1.38 1.39 1.39 1.40 1.39 1.39 1.40 1.41 1.41 1.42 1.42 1.42 1.43 1.43 1.44 1.44 1.45 1.45 1.47 1.47 1.48 1.48 1.48 1.50 1.50 1.52 1.51 1.52 1.54 1.55 1.56 1.56 1.56 1.56 1.57 1.59 1.60 1.60 1.61 1.62 1.64 1.64 1.66 1.66 1.67 1.68 1.68 1.69 1.72 1.72 1.74 1.76 1.77 1.77 1.79 1.80 1.82 1.83 1.85 1.87 1.87 1.90 1.91 1.92 1.94 1.95 1.98 2.00 2.01 2.03 2.06 2.07 2.10 2.12 2.11 2.11 2.13 2.16 2.15 2.13 2.12 2.10 2.10 2.09 2.08 2.11 2.13 2.15 2.19 2.22 2.29 2.49 2.71 2.74 2.80 2.84 2.89 2.93 2.99 3.03 3.09 3.14 3.20 3.27 3.34 3.40 3.46 3.53 3.64 3.66 3.67 3.89 4.01 4.11 4.23 4.33 4.46 4.57 4.72 4.84 5.01 5.04 5.24 5.96 5.99 5.99 5.98 6.30 6.39 6.66 7.06 7.12 7.33 7.52 7.81 7.99 9.55 10.42 10.85 10.88 10.88 10.90 10.90 10.88 10.89 10.85 10.86 26.36 28.60 28.69 28.69 28.69 28.70 28.70 28.70 28.71 10.86 10.83 10.88 10.87 10.88 10.89 10.89 10.77 10.12 9.36 8.53 8.13 7.83 7.81 7.82 7.47 7.35 7.36 6.49 6.40 6.28 5.98 5.73 5.53 5.05 4.90 4.84 4.75 4.47 4.45 4.46 4.46 4.44 4.45 4.46 4.47 3.91 3.62 3.53 3.52 3.45 3.38 3.31 3.26 3.18 3.11 3.06 3.01 2.94 2.89 2.85 2.79 2.75 2.71 2.28 2.21 2.17 2.14 2.12 2.09 2.06 2.05 2.07 2.07 2.08 2.09 2.11 2.12 2.13 2.10 2.07 2.08 2.09 2.10 2.14 2.14 2.12 2.09 2.08 2.05 2.03 2.02 2.00 1.98 1.96 1.94 1.92 1.90 1.89 1.88 1.86 1.84 1.83 1.82 1.80 1.79 1.77 1.76 1.75 1.74 1.73 1.72 1.70 1.69 1.68 1.67 1.66 1.64 1.64 1.64 1.62 1.62 1.61 1.60 1.59 1.58 1.57 1.56 1.56 1.55 1.54 1.53 1.52 1.52 1.52 1.52 1.51 1.50 1.50 1.49 1.48 1.48 1.47 1.47 1.49 1.51 1.56 1.58 1.65 1.68 1.74 1.76 1.82 1.85 6.92 6.90 7.09 7.10 7.08 7.06 1.29 1.29 1.27 1.26 1.25 1.26 1.30 1.31 1.32 1.32 1.32 1.32 1.31 1.31 -7.533735 8.396671 -0.463352 -7.497952 8.378793 -0.463352 1255.040259 magnum 43.584507
ODOM -7.432144 8.345894 -0.464077 0.498000 0.000090 0.000000 1255.222810 magnum 43.701230
ODOM -7.387650 8.323623 -0.468679 0.512500 -0.000454 0.000000 1255.342543 magnum 43.821372
FLASER 360 1.37 1.37 1.37 1.37 1.36 1.36 1.36 1.37 1.36 1.37 1.36 1.36 1.38 1.37 1.36 1.36 1.36 1.36 1.36 1.36 1.37 1.35 1.33 1.31 1.31 1.31 1.32 1.34 1.35 1.34 1.34 1.34 1.35 1.35 1.35 1.36 1.36 1.36 1.37 1.37 1.38 1.38 1.38 1.39 1.39 1.40 1.41 1.41 1.41 1.40 1.40 1.41 1.41 1.42 1.43 1.43 1.43 1.44 1.46 1.46 1.47 1.48 1.48 1.49 1.49 1.49 1.51 1.51 1.52 1.53 1.54 1.54 1.56 1.56 1.57 1.57 1.58 1.59 1.60 1.61 1.62 1.63 1.64 1.65 1.66 1.67 1.68 1.69 1.69 1.71 1.72 1.73 1.75 1.76 1.77 1.79 1.80 1.81 1.82 1.84 1.86 1.88 1.89 1.91 1.93 1.94 1.95 1.97 1.99 2.01 2.04 2.02 2.02 2.04 2.08 2.07 2.06 2.03 2.02 2.01 2.00 2.00 2.00 2.02 2.04 2.08 2.10 2.12 2.16 2.30 2.59 2.63 2.67 2.71 2.75 2.80 2.85 2.89 2.94 2.98 3.04 3.08 3.15 3.21 3.28 3.33 3.41 3.48 3.56 3.56 3.58 3.84 3.93 4.04 4.14 4.23 4.35 4.47 4.60 4.73 4.91 4.93 5.06 5.86 5.87 5.89 5.87 6.04 6.28 6.46 6.84 7.02 7.12 7.32 7.72 7.78 7.93 10.30 10.41 10.77 10.77 10.78 10.79 10.77 10.78 10.76 10.75 10.80 28.40 28.59 28.59 28.58 28.59 28.58 28.59 28.58 28.66 10.72 10.74 10.76 10.77 10.77 10.79 10.77 10.49 9.87 9.03 8.39 7.96 7.72 7.72 7.71 7.35 7.25 7.26 6.40 6.32 6.22 5.91 5.68 5.48 5.05 4.86 4.75 4.73 4.50 4.36 4.36 4.38 4.34 4.34 4.36 4.38 4.39 3.90 3.53 3.45 3.43 3.38 3.30 3.25 3.19 3.12 3.05 3.01 2.96 2.90 2.85 2.80 2.76 2.71 2.66 2.63 2.58 2.18 2.13 2.10 2.07 2.04 2.01 1.98 1.97 1.98 1.98 2.01 2.01 2.03 2.03 2.06 2.05 2.01 2.00 2.02 2.02 2.05 2.06 2.07 2.04 2.02 2.01 1.99 1.96 1.95 1.93 1.91 1.90 1.89 1.87 1.85 1.84 1.83 1.81 1.80 1.78 1.77 1.76 1.75 1.74 1.73 1.71 1.70 1.69 1.68 1.67 1.66 1.65 1.64 1.64 1.63 1.62 1.61 1.60 1.59 1.58 1.57 1.57 1.56 1.55 1.54 1.54 1.53 1.52 1.52 1.52 1.51 1.51 1.50 1.50 1.49 1.48 1.48 1.47 1.47 1.46 1.46 1.45 1.45 1.44 1.45 1.48 1.55 1.57 1.65 1.67 1.75 1.78 1.83 7.05 6.97 6.93 6.28 6.92 6.89 6.89 6.90 6.89 1.29 1.28 1.26 1.27 -7.451736 8.355775 -0.465747 -7.415997 8.337812 -0.465747 1255.260275 magnum 43.821518
ODOM -7.298007 8.278236 -0.471747 0.499000 -0.000146 0.000000 1255.475680 magnum 43.960456
ODOM -7.253729 8.255647 -0.473281 0.506000 -0.000034 0.000000 1255.603454 magnum 44.082162
FLASER 360 1.35 1.35 1.35 1.35 1.35 1.35 1.35 1.35 1.35 1.34 1.35 1.35 1.35 1.33 1.31 1.29 1.30 1.30 1.30 1.33 1.33 1.33 1.33 1.33 1.32 1.33 1.33 1.33 1.33 1.33 1.34 1.34 1.35 1.35 1.35 1.36 1.36 1.36 1.36 1.36 1.36 1.36 1.37 1.38 1.38 1.38 1.39 1.39 1.40 1.40 1.41 1.41 1.41 1.41 1.41 1.42 1.42 1.43 1.43 1.44 1.44 1.45 1.46 1.46 1.47 1.49 1.49 1.49 1.51 1.51 1.52 1.53 1.53 1.53 1.54 1.56 1.57 1.58 1.58 1.59 1.60 1.61 1.62 1.63 1.64 1.65 1.66 1.67 1.69 1.69 1.70 1.71 1.73 1.74 1.76 1.76 1.78 1.79 1.80 1.81 1.83 1.86 1.87 1.88 1.90 1.92 1.94 1.94 1.94 1.93 1.95 1.98 1.98 1.96 1.95 1.93 1.92 1.89 1.90 1.89 1.91 1.94 1.96 1.99 2.01 2.04 2.10 2.39 2.49 2.53 2.56 2.60 2.64 2.68 2.72 2.76 2.81 2.84 2.89 2.95 3.00 3.05 3.11 3.16 3.23 3.29 3.37 3.44 3.47 3.47 3.66 3.77 3.88 3.97 4.07 4.18 4.29 4.40 4.53 4.67 4.82 4.82 5.03 5.75 5.78 5.78 5.77 5.91 6.17 6.32 6.70 6.89 6.98 7.19 7.61 7.60 7.77 9.48 10.26 10.66 10.67 10.67 10.68 10.67 10.67 10.66 10.64 10.64 26.14 28.48 28.47 28.47 28.48 28.48 28.48 28.47 28.51 28.54 10.63 10.66 10.67 10.66 10.68 10.68 10.62 10.01 9.44 8.50 8.18 7.70 7.60 7.61 7.58 7.20 7.15 7.14 6.30 6.20 6.09 5.81 5.58 5.37 5.00 4.80 4.67 4.64 4.51 4.28 4.25 4.26 4.27 4.25 4.26 4.26 4.29 4.31 3.68 3.43 3.35 3.33 3.29 3.23 3.15 3.11 3.05 3.00 2.94 2.89 2.85 2.79 2.75 2.71 2.66 2.62 2.58 2.55 2.51 2.26 2.07 2.03 2.00 1.99 1.96 1.94 1.91 1.89 1.89 1.90 1.92 1.93 1.95 1.96 1.97 1.98 1.95 1.93 1.93 1.94 1.95 1.97 2.00 1.99 1.96 1.96 1.94 1.92 1.90 1.89 1.87 1.85 1.84 1.83 1.82 1.80 1.79 1.77 1.76 1.75 1.74 1.73 1.72 1.71 1.69 1.68 1.67 1.66 1.65 1.64 1.64 1.63 1.62 1.61 1.60 1.59 1.59 1.58 1.57 1.56 1.56 1.55 1.54 1.54 1.53 1.53 1.52 1.52 1.51 1.51 1.51 1.50 1.49 1.49 1.48 1.48 1.47 1.46 1.46 1.45 1.45 1.44 1.44 1.44 1.44 1.44 1.43 1.43 1.43 1.43 1.51 1.54 1.64 1.67 1.78 1.80 6.88 6.89 6.87 6.89 6.85 6.85 -7.333563 8.296376 -0.471750 -7.297932 8.278198 -0.471750 1255.470298 magnum 44.082344
ODOM -7.209012 8.232748 -0.474815 0.508000 -0.000045 0.000000 1255.722917 magnum 44.201865
FLASER 360 1.33 1.34 1.34 1.30 1.29 1.29 1.28 1.29 1.29 1.31 1.32 1.31 1.31 1.31 1.31 1.30 1.31 1.30 1.31 1.31 1.31 1.32 1.32 1.32 1.32 1.33 1.33 1.33 1.33 1.33 1.34 1.34 1.34 1.34 1.34 1.35 1.35 1.35 1.35 1.35 1.35 1.35 1.36 1.36 1.36 1.37 1.37 1.38 1.38 1.39 1.39 1.40 1.40 1.41 1.41 1.41 1.41 1.41 1.42 1.42 1.43 1.44 1.44 1.45 1.45 1.46 1.47 1.48 1.48 1.50 1.50 1.51 1.52 1.53 1.54 1.55 1.56 1.57 1.58 1.58 1.59 1.60 1.61 1.61 1.62 1.62 1.65 1.66 1.67 1.67 1.69 1.69 1.70 1.71 1.74 1.74 1.76 1.78 1.80 1.81 1.81 1.82 1.85 1.85 1.85 1.84 1.86 1.90 1.91 1.88 1.87 1.84 1.84 1.82 1.82 1.82 1.82 1.83 1.85 1.87 1.89 1.92 1.95 1.99 2.07 2.36 2.39 2.43 2.45 2.50 2.54 2.57 2.61 2.65 2.69 2.73 2.78 2.83 2.87 2.91 2.96 3.01 3.08 3.13 3.19 3.26 3.34 3.36 3.36 3.45 3.66 3.74 3.84 3.93 4.03 4.13 4.23 4.35 4.47 4.60 4.73 4.77 5.30 5.64 5.67 5.68 5.66 5.87 6.08 6.23 6.61 6.79 6.87 7.07 7.51 7.49 7.82 9.29 10.11 10.55 10.56 10.56 10.58 10.56 10.56 10.55 10.54 10.53 25.62 28.27 28.39 28.38 28.37 28.37 28.38 28.38 28.40 28.46 10.53 10.53 10.56 10.56 10.56 10.57 10.56 10.24 9.63 8.86 8.22 7.85 7.52 7.50 7.51 7.41 7.05 7.05 7.04 6.16 6.10 5.95 5.65 5.47 5.26 4.99 4.72 4.57 4.55 4.45 4.20 4.15 4.16 4.18 4.15 4.15 4.18 4.17 4.20 4.22 3.50 3.31 3.26 3.24 3.20 3.14 3.08 3.03 2.97 2.93 2.87 2.83 2.78 2.74 2.69 2.65 2.61 2.57 2.54 2.51 2.46 2.43 2.40 2.16 1.99 1.95 1.93 1.91 1.89 1.87 1.84 1.83 1.81 1.81 1.83 1.83 1.86 1.86 1.89 1.90 1.91 1.89 1.86 1.85 1.88 1.88 1.91 1.93 1.92 1.90 1.89 1.87 1.85 1.84 1.83 1.82 1.80 1.79 1.77 1.76 1.76 1.75 1.74 1.72 1.71 1.70 1.69 1.68 1.67 1.66 1.65 1.65 1.64 1.63 1.62 1.61 1.60 1.59 1.59 1.58 1.57 1.56 1.56 1.55 1.54 1.54 1.53 1.53 1.53 1.52 1.51 1.51 1.50 1.50 1.49 1.49 1.48 1.48 1.47 1.47 1.46 1.46 1.45 1.45 1.45 1.45 1.44 1.44 1.43 1.43 1.43 1.42 1.43 1.42 1.42 1.42 1.41 1.40 1.45 1.50 1.64 1.70 -7.254585 8.256139 -0.474472 -7.219004 8.237865 -0.474472 1255.690602 magnum 44.201976
ODOM -7.163945 8.209582 -0.476349 0.499500 -0.000050 0.000000 1255.843424 magnum 44.323205
ODOM -7.074740 8.163554 -0.484019 0.503000 -0.000034 0.000000 1255.969101 magnum 44.445893
FLASER 360 1.30 1.31 1.31 1.30 1.30 1.30 1.30 1.30 1.30 1.30 1.30 1.30 1.30 1.30 1.30 1.31 1.31 1.31 1.31 1.31 1.31 1.31 1.31 1.31 1.32 1.32 1.31 1.31 1.32 1.31 1.33 1.33 1.33 1.33 1.33 1.33 1.34 1.34 1.34 1.34 1.35 1.35 1.35 1.36 1.36 1.36 1.36 1.36 1.37 1.37 1.38 1.38 1.38 1.39 1.39 1.40 1.41 1.41 1.41 1.42 1.42 1.42 1.43 1.43 1.44 1.45 1.45 1.46 1.48 1.48 1.49 1.49 1.49 1.51 1.53 1.52 1.53 1.55 1.56 1.56 1.57 1.58 1.58 1.60 1.60 1.61 1.62 1.63 1.64 1.65 1.66 1.68 1.69 1.70 1.72 1.73 1.74 1.76 1.78 1.78 1.77 1.76 1.78 1.81 1.83 1.80 1.79 1.77 1.75 1.73 1.72 1.72 1.72 1.73 1.75 1.77 1.79 1.81 1.83 1.85 1.87 1.98 2.23 2.28 2.29 2.32 2.37 2.39 2.43 2.45 2.50 2.54 2.58 2.61 2.66 2.69 2.74 2.78 2.82 2.87 2.92 2.97 3.03 3.09 3.14 3.21 3.27 3.25 3.31 3.51 3.60 3.68 3.76 3.86 3.95 4.07 4.16 4.28 4.38 4.54 4.62 4.68 5.55 5.54 5.55 5.56 5.56 5.72 5.96 6.08 6.46 6.67 6.73 6.94 7.22 7.38 7.56 9.10 9.98 10.34 10.46 10.45 10.47 10.47 10.46 10.45 10.45 10.41 10.48 26.88 28.26 28.25 28.25 28.25 28.25 28.25 28.26 28.33 10.43 10.41 10.45 10.45 10.46 10.47 10.47 10.40 9.81 9.31 8.55 8.06 7.62 7.39 7.40 7.39 7.11 6.94 6.96 6.93 6.07 5.99 5.83 5.58 5.38 5.20 5.02 4.65 4.52 4.45 4.42 4.29 4.07 4.05 4.07 4.08 4.05 4.05 4.08 4.09 4.11 4.12 3.75 3.26 3.15 3.15 3.13 3.07 3.02 2.97 2.92 2.87 2.82 2.79 2.74 2.70 2.65 2.62 2.57 2.54 2.50 2.46 2.43 2.40 2.36 2.34 2.31 2.28 1.96 1.89 1.87 1.85 1.83 1.81 1.79 1.78 1.76 1.74 1.74 1.74 1.77 1.77 1.80 1.80 1.83 1.83 1.82 1.81 1.80 1.79 1.81 1.81 1.86 1.86 1.84 1.84 1.82 1.81 1.79 1.78 1.77 1.76 1.76 1.74 1.73 1.72 1.71 1.70 1.68 1.67 1.66 1.66 1.65 1.64 1.63 1.63 1.62 1.61 1.60 1.59 1.59 1.58 1.57 1.57 1.56 1.55 1.55 1.54 1.54 1.54 1.53 1.53 1.52 1.51 1.51 1.50 1.49 1.49 1.49 1.48 1.48 1.47 1.47 1.47 1.46 1.45 1.45 1.45 1.45 1.45 1.45 1.45 1.44 1.44 1.43 1.43 1.42 1.42 1.42 1.41 1.41 1.40 -7.154997 8.205137 -0.480169 -7.119521 8.186660 -0.480169 1255.900256 magnum 44.446047
ODOM -7.030355 8.140219 -0.490155 0.487500 -0.000050 0.000000 1256.083445 magnum 44.562961
ODOM -6.986113 8.116612 -0.493223 0.510500 -0.000084 0.000000 1256.202886 magnum 44.681964
FLASER 360 1.30 1.29 1.29 1.29 1.29 1.30 1.30 1.30 1.29 1.30 1.29 1.29 1.29 1.29 1.29 1.29 1.30 1.30 1.29 1.29 1.29 1.29 1.30 1.30 1.30 1.30 1.30 1.31 1.31 1.30 1.31 1.31 1.32 1.32 1.32 1.32 1.32 1.32 1.32 1.33 1.33 1.33 1.33 1.34 1.34 1.34 1.34 1.34 1.35 1.35 1.35 1.35 1.36 1.36 1.37 1.38 1.39 1.39 1.40 1.40 1.41 1.41 1.42 1.42 1.42 1.43 1.43 1.44 1.45 1.45 1.46 1.48 1.48 1.50 1.49 1.51 1.50 1.53 1.54 1.53 1.55 1.56 1.57 1.58 1.58 1.59 1.60 1.61 1.62 1.64 1.65 1.66 1.66 1.68 1.70 1.70 1.69 1.68 1.70 1.72 1.74 1.72 1.71 1.68 1.68 1.65 1.65 1.63 1.64 1.63 1.65 1.67 1.69 1.71 1.72 1.74 1.76 1.78 1.84 2.12 2.15 2.19 2.21 2.23 2.26 2.29 2.32 2.35 2.38 2.41 2.45 2.49 2.53 2.57 2.61 2.65 2.69 2.71 2.77 2.82 2.87 2.92 2.97 3.02 3.08 3.14 3.16 3.16 3.30 3.44 3.51 3.59 3.67 3.76 3.86 3.96 4.05 4.15 4.27 4.40 4.52 4.53 4.81 5.45 5.45 5.46 5.46 5.45 5.84 5.87 6.15 6.48 6.58 6.72 6.91 7.28 7.28 7.45 9.16 9.89 10.33 10.34 10.35 10.36 10.36 10.35 10.35 10.32 10.30 10.42 28.03 28.16 28.16 28.16 28.16 28.15 28.17 28.16 28.25 10.31 10.32 10.33 10.35 10.35 10.36 10.36 10.29 9.70 9.16 8.47 7.95 7.57 7.30 7.29 7.30 7.20 6.84 6.84 6.83 6.03 5.89 5.85 5.54 5.37 5.19 5.03 4.76 4.54 4.39 4.35 4.29 4.16 3.97 3.95 3.98 3.99 3.96 3.96 3.99 3.99 4.02 4.03 4.06 3.34 3.09 3.06 3.07 3.04 2.97 2.92 2.88 2.84 2.79 2.75 2.71 2.66 2.63 2.59 2.54 2.52 2.47 2.44 2.41 2.38 2.34 2.32 2.28 2.26 2.24 2.21 2.19 1.90 1.82 1.80 1.78 1.76 1.74 1.73 1.71 1.70 1.68 1.67 1.67 1.67 1.70 1.71 1.72 1.73 1.76 1.78 1.77 1.75 1.73 1.71 1.74 1.74 1.79 1.81 1.79 1.78 1.77 1.76 1.75 1.74 1.73 1.72 1.71 1.70 1.68 1.68 1.66 1.66 1.66 1.65 1.64 1.63 1.62 1.61 1.60 1.60 1.59 1.58 1.58 1.57 1.56 1.56 1.55 1.54 1.54 1.54 1.54 1.53 1.53 1.52 1.51 1.51 1.50 1.50 1.49 1.49 1.48 1.48 1.47 1.47 1.47 1.46 1.46 1.45 1.45 1.46 1.46 1.45 1.45 1.45 1.44 1.43 1.43 1.43 1.42 1.42 -7.053368 8.152537 -0.491005 -7.018093 8.133676 -0.491005 1256.110804 magnum 44.682101
ODOM -6.941980 8.092889 -0.496291 0.508500 -0.000207 0.000000 1256.323357 magnum 44.802048
ODOM -6.898309 8.069242 -0.496291 0.501500 0.000095 0.000000 1256.442447 magnum 44.921687
FLASER 360 1.30 1.29 1.29 1.29 1.29 1.29 1.29 1.29 1.29 1.29 1.29 1.29 1.29 1.29 1.29 1.29 1.29 1.29 1.28 1.29 1.28 1.29 1.28 1.29 1.28 1.30 1.30 1.29 1.30 1.30 1.30 1.30 1.30 1.30 1.31 1.30 1.31 1.31 1.31 1.31 1.31 1.32 1.32 1.32 1.33 1.33 1.34 1.34 1.34 1.35 1.35 1.36 1.36 1.36 1.36 1.36 1.37 1.38 1.38 1.38 1.39 1.40 1.40 1.41 1.41 1.43 1.43 1.43 1.44 1.44 1.45 1.46 1.47 1.48 1.48 1.50 1.50 1.50 1.50 1.52 1.53 1.54 1.55 1.56 1.57 1.58 1.59 1.59 1.60 1.62 1.63 1.61 1.61 1.60 1.62 1.64 1.67 1.64 1.63 1.60 1.59 1.58 1.57 1.56 1.56 1.55 1.57 1.59 1.59 1.61 1.62 1.64 1.66 1.67 1.69 1.75 1.94 2.05 2.08 2.10 2.12 2.15 2.17 2.19 2.22 2.25 2.28 2.30 2.34 2.37 2.40 2.44 2.47 2.52 2.55 2.59 2.63 2.68 2.71 2.76 2.81 2.85 2.90 2.96 3.02 3.06 3.06 3.07 3.28 3.35 3.42 3.50 3.59 3.66 3.75 3.85 3.93 4.06 4.15 4.27 4.40 4.40 4.54 5.35 5.34 5.36 5.36 5.34 5.55 5.74 5.89 6.22 6.46 6.51 6.71 6.86 7.18 7.25 7.38 9.76 9.85 10.24 10.24 10.25 10.25 10.25 10.25 10.22 10.22 10.19 25.45 28.04 28.06 28.05 28.06 28.05 28.06 28.05 28.08 28.13 10.21 10.19 10.24 10.25 10.25 10.25 10.25 10.16 9.63 9.16 8.44 7.90 7.54 7.21 7.19 7.20 7.17 6.77 6.75 6.74 6.73 5.84 5.79 5.60 5.38 5.21 5.04 4.89 4.58 4.43 4.30 4.26 4.21 4.08 3.88 3.86 3.88 3.90 3.87 3.87 3.89 3.90 3.93 3.94 3.96 3.97 3.17 3.01 2.99 2.97 2.95 2.90 2.86 2.81 2.76 2.72 2.68 2.65 2.60 2.57 2.54 2.50 2.45 2.41 2.39 2.36 2.33 2.30 2.27 2.25 2.22 2.20 2.18 2.15 2.13 2.11 2.07 1.82 1.74 1.73 1.71 1.70 1.68 1.66 1.65 1.64 1.62 1.61 1.60 1.60 1.62 1.62 1.65 1.65 1.69 1.70 1.73 1.72 1.68 1.67 1.68 1.68 1.71 1.74 1.76 1.74 1.73 1.72 1.71 1.70 1.69 1.68 1.67 1.66 1.66 1.65 1.64 1.63 1.62 1.62 1.61 1.60 1.59 1.59 1.58 1.57 1.57 1.56 1.56 1.55 1.55 1.54 1.54 1.54 1.53 1.53 1.52 1.51 1.51 1.51 1.50 1.50 1.49 1.49 1.48 1.48 1.47 1.48 1.47 1.47 1.47 1.46 1.46 1.46 1.46 1.45 1.45 1.45 1.44 1.45 -6.972401 8.109362 -0.496291 -6.937226 8.090315 -0.496291 1256.330546 magnum 44.922004
ODOM -6.854280 8.045400 -0.502427 0.506500 -0.000431 0.000000 1256.550090 magnum 45.039988
FLASER 360 1.28 1.27 1.27 1.27 1.27 1.27 1.27 1.27 1.27 1.27 1.26 1.27 1.27 1.26 1.27 1.26 1.27 1.26 1.27 1.26 1.26 1.27 1.27 1.27 1.27 1.27 1.27 1.27 1.27 1.27 1.29 1.29 1.29 1.29 1.29 1.29 1.29 1.29 1.30 1.30 1.30 1.30 1.31 1.30 1.31 1.31 1.31 1.32 1.32 1.32 1.32 1.33 1.34 1.34 1.35 1.35 1.35 1.36 1.36 1.37 1.38 1.38 1.39 1.39 1.40 1.40 1.41 1.41 1.41 1.42 1.43 1.43 1.44 1.45 1.46 1.47 1.48 1.48 1.49 1.49 1.51 1.51 1.52 1.53 1.55 1.55 1.55 1.53 1.54 1.54 1.58 1.58 1.58 1.54 1.54 1.50 1.50 1.47 1.47 1.46 1.47 1.47 1.50 1.50 1.52 1.52 1.55 1.56 1.58 1.58 1.61 1.66 1.82 1.94 1.95 1.98 2.01 2.01 2.04 2.06 2.09 2.12 2.14 2.16 2.20 2.22 2.25 2.28 2.30 2.34 2.37 2.41 2.44 2.47 2.52 2.56 2.60 2.64 2.68 2.72 2.77 2.81 2.87 2.93 2.97 2.94 2.98 3.17 3.24 3.30 3.39 3.46 3.53 3.61 3.71 3.78 3.89 3.99 4.09 4.22 4.31 4.32 4.60 5.23 5.23 5.24 5.24 5.23 5.54 5.64 5.80 6.10 6.36 6.40 6.60 6.73 7.08 7.10 7.27 8.70 9.73 10.10 10.12 10.13 10.14 10.13 10.14 10.11 10.11 10.08 10.21 27.77 27.95 27.95 27.94 27.95 27.96 27.95 27.96 28.03 26.79 10.08 10.13 10.12 10.14 10.13 10.14 10.14 9.83 9.34 8.60 8.05 7.67 7.29 7.08 7.09 7.10 7.02 6.64 6.64 6.64 6.60 5.72 5.68 5.47 5.28 5.10 4.98 4.81 4.67 4.35 4.25 4.17 4.14 4.04 3.90 3.75 3.75 3.80 3.80 3.75 3.75 3.80 3.81 3.84 3.84 3.87 3.87 3.22 3.01 2.89 2.89 2.88 2.84 2.79 2.76 2.71 2.67 2.64 2.60 2.56 2.53 2.49 2.45 2.41 2.39 2.36 2.33 2.30 2.28 2.25 2.22 2.19 2.18 2.15 2.13 2.10 2.09 2.06 2.04 2.03 2.01 1.78 1.70 1.67 1.66 1.64 1.63 1.61 1.60 1.59 1.57 1.57 1.56 1.54 1.53 1.56 1.56 1.59 1.59 1.62 1.63 1.67 1.66 1.63 1.63 1.62 1.62 1.64 1.65 1.71 1.70 1.69 1.68 1.67 1.66 1.65 1.65 1.64 1.63 1.62 1.62 1.61 1.60 1.59 1.59 1.58 1.58 1.57 1.57 1.56 1.56 1.55 1.54 1.54 1.53 1.53 1.53 1.52 1.52 1.52 1.51 1.51 1.50 1.49 1.50 1.50 1.49 1.49 1.48 1.48 1.47 1.47 1.47 1.46 1.46 1.46 1.46 1.46 1.46 -6.891250 8.065686 -0.502161 -6.856188 8.046433 -0.502161 1256.540314 magnum 45.040102
ODOM -6.766909 7.997393 -0.507029 0.486000 -0.000336 0.000000 1256.668596 magnum 45.145633
ODOM -6.723138 7.973080 -0.508563 0.502500 -0.000017 0.000000 1256.783281 magnum 45.262106
FLASER 360 1.26 1.26 1.26 1.26 1.26 1.26 1.26 1.26 1.26 1.26 1.25 1.26 1.25 1.25 1.25 1.25 1.25 1.25 1.25 1.25 1.25 1.25 1.25 1.25 1.26 1.26 1.26 1.26 1.26 1.26 1.26 1.26 1.26 1.27 1.27 1.27 1.28 1.28 1.28 1.28 1.29 1.29 1.29 1.28 1.29 1.29 1.29 1.30 1.30 1.30 1.31 1.31 1.32 1.32 1.32 1.33 1.34 1.34 1.34 1.35 1.35 1.36 1.37 1.37 1.38 1.39 1.39 1.40 1.40 1.40 1.41 1.41 1.42 1.43 1.43 1.44 1.45 1.45 1.47 1.47 1.49 1.45 1.46 1.46 1.47 1.50 1.50 1.47 1.46 1.43 1.43 1.40 1.40 1.39 1.39 1.39 1.39 1.40 1.41 1.42 1.43 1.45 1.46 1.47 1.48 1.49 1.51 1.58 1.70 1.83 1.85 1.87 1.88 1.90 1.93 1.94 1.96 1.99 2.01 2.03 2.06 2.07 2.10 2.12 2.16 2.18 2.21 2.23 2.27 2.29 2.33 2.36 2.39 2.43 2.47 2.51 2.56 2.59 2.63 2.67 2.71 2.76 2.82 2.84 2.84 2.86 3.03 3.12 3.18 3.24 3.31 3.38 3.46 3.53 3.63 3.70 3.81 3.89 4.00 4.11 4.20 4.20 4.46 5.12 5.12 5.13 5.14 5.12 5.26 5.51 5.60 5.86 6.17 6.25 6.40 6.54 6.97 6.95 7.19 8.65 9.56 9.76 10.01 10.01 10.03 10.02 10.02 10.02 10.02 9.99 9.99 25.54 27.85 27.84 27.84 27.83 27.84 27.84 27.85 27.86 27.92 9.98 9.98 10.02 10.03 10.03 10.04 10.03 10.00 9.68 9.13 8.50 7.83 7.58 7.18 6.98 6.98 6.99 6.93 6.54 6.54 6.54 6.54 5.67 5.60 5.47 5.25 5.10 4.94 4.81 4.66 4.41 4.24 4.12 4.06 4.04 3.94 3.81 3.65 3.65 3.68 3.69 3.65 3.66 3.68 3.69 3.71 3.72 3.75 3.76 3.80 3.75 2.88 2.79 2.80 2.81 2.76 2.71 2.68 2.64 2.60 2.57 2.53 2.51 2.46 2.43 2.40 2.38 2.34 2.32 2.28 2.26 2.24 2.21 2.18 2.17 2.14 2.12 2.10 2.08 2.06 2.04 2.01 2.01 1.98 1.97 1.95 1.93 1.77 1.69 1.61 1.60 1.59 1.57 1.56 1.56 1.54 1.53 1.52 1.51 1.50 1.48 1.48 1.48 1.50 1.51 1.55 1.55 1.59 1.60 1.60 1.59 1.58 1.57 1.57 1.59 1.62 1.65 1.66 1.65 1.64 1.64 1.63 1.62 1.61 1.61 1.60 1.59 1.59 1.58 1.57 1.57 1.56 1.56 1.55 1.55 1.54 1.54 1.53 1.53 1.52 1.52 1.52 1.52 1.51 1.52 1.51 1.51 1.50 1.50 1.50 1.49 1.49 1.49 1.48 1.48 1.47 1.47 1.47 1.47 -6.768441 7.998298 -0.508200 -6.733496 7.978833 -0.508200 1256.750772 magnum 45.262242
ODOM -6.678982 7.948464 -0.511631 0.508500 -0.000118 0.000000 1256.903297 magnum 45.385690
ODOM -6.635323 7.923950 -0.516233 0.503500 -0.000095 0.000000 1257.022499 magnum 45.501717
FLASER 360 1.25 1.24 1.24 1.24 1.24 1.24 1.23 1.23 1.23 1.23 1.23 1.23 1.23 1.23 1.23 1.23 1.23 1.23 1.23 1.23 1.24 1.24 1.24 1.24 1.24 1.24 1.24 1.24 1.24 1.24 1.24 1.24 1.24 1.25 1.24 1.25 1.26 1.25 1.25 1.25 1.26 1.26 1.26 1.27 1.27 1.27 1.27 1.28 1.28 1.29 1.29 1.29 1.30 1.30 1.31 1.31 1.32 1.32 1.32 1.32 1.32 1.33 1.34 1.35 1.36 1.36 1.37 1.37 1.38 1.38 1.39 1.40 1.40 1.41 1.40 1.39 1.40 1.40 1.40 1.43 1.43 1.40 1.40 1.36 1.36 1.32 1.32 1.30 1.30 1.30 1.31 1.32 1.33 1.33 1.34 1.36 1.37 1.38 1.39 1.40 1.41 1.42 1.43 1.54 1.69 1.74 1.76 1.78 1.78 1.80 1.82 1.83 1.85 1.87 1.89 1.91 1.93 1.95 1.97 1.99 2.01 2.04 2.06 2.09 2.11 2.13 2.17 2.20 2.22 2.25 2.28 2.30 2.35 2.38 2.42 2.45 2.50 2.54 2.57 2.62 2.67 2.70 2.75 2.73 2.76 2.81 2.98 3.05 3.10 3.17 3.24 3.29 3.37 3.45 3.53 3.61 3.69 3.79 3.88 3.99 4.08 4.09 4.28 5.00 4.99 5.00 5.02 5.00 5.01 5.39 5.44 5.65 5.95 6.15 6.20 6.37 6.53 6.85 6.88 7.02 8.82 9.46 9.89 9.89 9.91 9.93 9.93 9.91 9.91 9.90 9.86 9.87 27.53 27.72 27.72 27.72 27.73 27.72 27.73 27.72 27.79 27.60 9.87 9.87 9.92 9.91 9.94 9.93 9.94 9.87 9.49 9.04 8.35 7.82 7.48 7.12 6.89 6.87 6.89 6.84 6.46 6.43 6.44 6.41 5.65 5.50 5.46 5.25 5.08 4.95 4.79 4.67 4.52 4.27 4.13 4.02 3.97 3.95 3.85 3.74 3.56 3.56 3.57 3.60 3.57 3.56 3.58 3.59 3.61 3.63 3.65 3.67 3.70 3.70 3.70 2.85 2.71 2.71 2.72 2.69 2.65 2.62 2.58 2.55 2.51 2.47 2.44 2.41 2.39 2.36 2.32 2.30 2.27 2.24 2.22 2.20 2.18 2.16 2.13 2.11 2.10 2.07 2.05 2.03 2.02 2.00 1.97 1.97 1.95 1.93 1.90 1.90 1.88 1.88 1.85 1.84 1.58 1.56 1.55 1.54 1.52 1.52 1.49 1.49 1.48 1.47 1.47 1.45 1.45 1.44 1.43 1.43 1.46 1.46 1.49 1.51 1.55 1.57 1.57 1.54 1.54 1.53 1.54 1.55 1.58 1.62 1.63 1.62 1.61 1.60 1.59 1.59 1.58 1.58 1.57 1.56 1.56 1.56 1.56 1.55 1.54 1.55 1.54 1.53 1.53 1.53 1.53 1.53 1.52 1.52 1.51 1.51 1.50 1.50 1.50 1.50 1.49 1.49 1.48 1.49 -6.687138 7.953172 -0.514442 -6.652315 7.933491 -0.514442 1256.970744 magnum 45.501866
ODOM -6.591384 7.899011 -0.517767 0.503500 -0.000039 0.000000 1257.143314 magnum 45.621755
ODOM -6.504866 7.849730 -0.523903 0.501500 -0.000017 0.000000 1257.268604 magnum 45.746078
FLASER 360 1.23 1.23 1.23 1.23 1.23 1.23 1.22 1.22 1.22 1.22 1.22 1.22 1.22 1.22 1.22 1.22 1.22 1.22 1.22 1.22 1.22 1.22 1.22 1.22 1.22 1.22 1.22 1.23 1.22 1.22 1.23 1.22 1.23 1.23 1.23 1.23 1.23 1.23 1.23 1.24 1.24 1.24 1.24 1.25 1.25 1.25 1.25 1.26 1.26 1.26 1.27 1.27 1.28 1.28 1.29 1.29 1.29 1.30 1.30 1.31 1.32 1.32 1.33 1.33 1.33 1.33 1.34 1.34 1.33 1.32 1.33 1.33 1.33 1.37 1.36 1.33 1.32 1.29 1.29 1.25 1.25 1.23 1.23 1.23 1.23 1.23 1.25 1.26 1.27 1.28 1.29 1.30 1.31 1.31 1.32 1.33 1.34 1.36 1.40 1.61 1.63 1.65 1.66 1.67 1.69 1.70 1.72 1.74 1.75 1.77 1.78 1.80 1.82 1.84 1.85 1.87 1.89 1.91 1.92 1.95 1.98 1.99 2.02 2.05 2.06 2.09 2.11 2.14 2.18 2.20 2.22 2.26 2.29 2.33 2.36 2.40 2.43 2.46 2.51 2.55 2.60 2.65 2.66 2.64 2.68 2.85 2.90 2.96 3.02 3.08 3.14 3.22 3.28 3.35 3.43 3.49 3.58 3.67 3.76 3.87 3.97 3.97 4.07 4.90 4.89 4.88 4.92 4.90 4.90 5.11 5.31 5.40 5.63 5.93 6.04 6.14 6.31 6.70 6.74 6.84 8.39 9.33 9.40 9.80 9.79 9.79 9.82 9.81 9.80 9.79 9.79 9.76 9.80 27.43 27.62 27.62 27.62 27.60 27.62 27.62 27.62 27.68 26.54 9.76 9.77 9.80 9.82 9.81 9.83 9.84 9.79 9.46 8.97 8.33 7.85 7.44 7.12 6.81 6.77 6.77 6.76 6.57 6.32 6.34 6.34 6.34 5.47 5.39 5.30 5.10 4.95 4.82 4.68 4.53 4.41 4.19 4.05 3.95 3.87 3.85 3.79 3.69 3.54 3.46 3.48 3.49 3.51 3.48 3.49 3.50 3.52 3.53 3.55 3.56 3.59 3.60 3.62 3.63 2.85 2.70 2.63 2.63 2.63 2.60 2.56 2.53 2.50 2.46 2.43 2.39 2.38 2.35 2.31 2.29 2.26 2.24 2.22 2.19 2.17 2.16 2.13 2.10 2.08 2.07 2.05 2.03 2.01 1.99 1.97 1.97 1.94 1.93 1.91 1.90 1.89 1.87 1.85 1.84 1.82 1.82 1.80 1.79 1.78 1.66 1.50 1.49 1.48 1.47 1.46 1.46 1.45 1.45 1.43 1.43 1.41 1.40 1.39 1.39 1.38 1.38 1.39 1.40 1.44 1.45 1.50 1.52 1.53 1.52 1.50 1.50 1.49 1.50 1.54 1.55 1.60 1.59 1.59 1.58 1.58 1.56 1.57 1.57 1.55 1.56 1.55 1.55 1.54 1.54 1.53 1.53 1.52 1.52 1.52 1.52 1.52 1.51 1.51 1.51 1.50 1.51 -6.596866 7.902229 -0.519840 -6.562150 7.882359 -0.519840 1257.180266 magnum 45.746227
ODOM -6.461141 7.824468 -0.520835 0.497000 0.000011 0.000000 1257.383184 magnum 45.861687
ODOM -6.418130 7.799794 -0.510097 0.502000 0.000146 0.000000 1257.503181 magnum 45.981690
FLASER 360 1.23 1.22 1.21 1.21 1.21 1.22 1.21 1.21 1.21 1.21 1.21 1.21 1.21 1.21 1.21 1.21 1.21 1.21 1.21 1.21 1.21 1.21 1.22 1.22 1.22 1.22 1.22 1.22 1.22 1.22 1.22 1.22 1.22 1.22 1.22 1.22 1.22 1.22 1.22 1.22 1.22 1.22 1.22 1.23 1.23 1.24 1.24 1.24 1.24 1.25 1.25 1.25 1.26 1.26 1.26 1.27 1.27 1.28 1.29 1.29 1.29 1.26 1.26 1.27 1.27 1.29 1.30 1.29 1.28 1.23 1.22 1.20 1.19 1.16 1.16 1.16 1.16 1.17 1.17 1.18 1.19 1.19 1.20 1.21 1.22 1.22 1.22 1.23 1.24 1.25 1.26 1.27 1.29 1.51 1.54 1.55 1.57 1.58 1.59 1.60 1.62 1.62 1.65 1.65 1.66 1.67 1.69 1.71 1.73 1.74 1.77 1.77 1.79 1.80 1.82 1.84 1.86 1.88 1.90 1.92 1.94 1.96 1.98 2.01 2.04 2.05 2.08 2.11 2.13 2.16 2.19 2.22 2.25 2.28 2.32 2.34 2.39 2.42 2.46 2.51 2.55 2.55 2.54 2.59 2.75 2.79 2.85 2.89 2.96 3.02 3.08 3.15 3.21 3.27 3.35 3.43 3.51 3.58 3.67 3.77 3.88 3.86 3.99 4.79 4.78 4.78 4.81 4.80 4.79 4.90 5.20 5.24 5.46 5.75 5.95 5.98 6.16 6.29 6.64 6.63 7.00 8.39 9.24 9.64 9.70 9.68 9.71 9.71 9.70 9.69 9.69 9.67 9.65 9.76 27.53 27.51 27.51 27.49 27.51 27.50 27.51 27.53 27.59 21.64 9.67 9.67 9.71 9.71 9.72 9.72 9.74 9.65 9.22 8.78 8.15 7.70 7.33 7.02 6.71 6.67 6.69 6.67 6.55 6.22 6.24 6.23 6.24 5.47 5.30 5.27 5.07 4.93 4.80 4.66 4.53 4.40 4.30 4.07 3.95 3.85 3.76 3.75 3.69 3.61 3.49 3.38 3.38 3.39 3.42 3.40 3.39 3.40 3.42 3.42 3.45 3.47 3.50 3.51 3.53 3.54 3.57 3.57 2.66 2.53 2.54 2.55 2.54 2.50 2.47 2.44 2.40 2.39 2.36 2.33 2.30 2.28 2.25 2.23 2.20 2.18 2.16 2.15 2.12 2.09 2.08 2.07 2.04 2.02 2.01 1.98 1.96 1.96 1.94 1.92 1.90 1.90 1.88 1.87 1.85 1.83 1.83 1.81 1.80 1.79 1.78 1.77 1.75 1.75 1.74 1.73 1.69 1.55 1.45 1.44 1.43 1.43 1.42 1.41 1.40 1.39 1.39 1.38 1.37 1.37 1.37 1.37 1.36 1.35 1.35 1.36 1.40 1.41 1.45 1.47 1.50 1.49 1.48 1.47 1.46 1.46 1.51 1.52 1.58 1.57 1.57 1.56 1.56 1.56 1.55 1.55 1.54 1.54 1.53 1.53 1.52 1.52 1.52 1.52 1.52 1.52 -6.487743 7.839635 -0.518804 -6.453006 7.819801 -0.518804 1257.400215 magnum 45.981812
ODOM -6.374434 7.775346 -0.503961 0.487500 0.000140 0.000000 1257.629755 magnum 46.109330
FLASER 360 1.21 1.21 1.20 1.20 1.20 1.19 1.20 1.19 1.19 1.19 1.19 1.19 1.19 1.19 1.20 1.20 1.20 1.20 1.20 1.20 1.20 1.20 1.20 1.20 1.20 1.20 1.20 1.21 1.21 1.21 1.21 1.21 1.21 1.21 1.21 1.21 1.21 1.21 1.21 1.21 1.22 1.22 1.22 1.22 1.22 1.22 1.22 1.23 1.23 1.24 1.22 1.22 1.22 1.22 1.22 1.24 1.24 1.23 1.22 1.18 1.18 1.14 1.13 1.10 1.10 1.10 1.10 1.11 1.11 1.12 1.12 1.13 1.14 1.14 1.15 1.16 1.16 1.16 1.17 1.17 1.18 1.19 1.20 1.22 1.24 1.45 1.46 1.47 1.48 1.49 1.50 1.52 1.53 1.54 1.55 1.55 1.56 1.58 1.59 1.60 1.61 1.63 1.65 1.66 1.66 1.68 1.70 1.71 1.73 1.74 1.77 1.78 1.80 1.81 1.83 1.85 1.86 1.89 1.91 1.93 1.95 1.98 1.99 2.02 2.05 2.07 2.10 2.13 2.15 2.19 2.21 2.24 2.26 2.31 2.34 2.38 2.41 2.44 2.44 2.44 2.49 2.65 2.69 2.75 2.79 2.85 2.90 2.97 3.02 3.08 3.14 3.21 3.27 3.36 3.43 3.52 3.59 3.70 3.75 3.75 3.91 4.69 4.69 4.66 4.70 4.69 4.68 4.80 5.06 5.13 5.31 5.61 5.81 5.85 6.05 6.15 6.54 6.53 6.67 8.23 9.13 9.23 9.59 9.57 9.59 9.60 9.60 9.58 9.59 9.57 9.55 9.60 27.21 27.41 27.41 27.40 27.40 27.40 27.41 27.42 27.48 26.26 21.53 9.55 9.59 9.60 9.61 9.62 9.64 9.62 9.54 8.96 8.59 7.93 7.53 7.18 6.91 6.60 6.57 6.57 6.58 6.48 6.13 6.14 6.15 6.13 5.77 5.22 5.19 5.04 4.90 4.74 4.63 4.48 4.39 4.27 4.18 3.92 3.86 3.73 3.67 3.66 3.60 3.52 3.47 3.31 3.29 3.30 3.33 3.33 3.30 3.31 3.32 3.33 3.36 3.38 3.40 3.42 3.43 3.45 3.48 3.49 3.52 2.68 2.53 2.45 2.46 2.47 2.45 2.42 2.39 2.36 2.33 2.31 2.28 2.25 2.23 2.21 2.19 2.17 2.16 2.13 2.11 2.08 2.07 2.05 2.04 2.02 2.01 1.99 1.97 1.96 1.93 1.92 1.90 1.89 1.88 1.86 1.84 1.83 1.83 1.81 1.80 1.79 1.78 1.76 1.75 1.75 1.75 1.73 1.72 1.70 1.70 1.69 1.68 1.67 1.64 1.53 1.41 1.40 1.39 1.39 1.38 1.38 1.38 1.37 1.37 1.36 1.35 1.35 1.34 1.34 1.33 1.33 1.32 1.32 1.33 1.36 1.41 1.43 1.48 1.49 1.47 1.46 1.45 1.45 1.48 1.49 1.56 1.56 1.55 1.55 1.54 1.54 1.54 1.54 1.54 1.53 1.53 1.53 -6.413866 7.797155 -0.504581 -6.378851 7.777817 -0.504581 1257.611296 magnum 46.109482
ODOM -6.330981 7.751384 -0.497825 0.490000 0.000067 0.000000 1257.743380 magnum 46.221807
ODOM -6.242899 7.703513 -0.482485 0.490500 0.000151 0.000000 1257.868570 magnum 46.464761
ODOM -6.198439 7.680226 -0.476349 0.504500 0.000050 0.000000 1257.982632 magnum 46.464897
FLASER 360 1.18 1.18 1.18 1.18 1.18 1.18 1.18 1.18 1.18 1.18 1.18 1.18 1.18 1.18 1.18 1.18 1.18 1.18 1.19 1.19 1.19 1.19 1.18 1.19 1.18 1.18 1.19 1.19 1.19 1.19 1.19 1.19 1.19 1.19 1.20 1.20 1.20 1.21 1.20 1.18 1.17 1.17 1.17 1.18 1.18 1.21 1.21 1.17 1.15 1.10 1.09 1.06 1.06 1.04 1.05 1.05 1.05 1.05 1.06 1.07 1.07 1.08 1.08 1.09 1.10 1.10 1.10 1.10 1.11 1.11 1.12 1.12 1.13 1.13 1.16 1.36 1.38 1.39 1.39 1.40 1.41 1.42 1.43 1.44 1.44 1.46 1.47 1.47 1.48 1.49 1.50 1.52 1.53 1.54 1.55 1.56 1.57 1.58 1.60 1.61 1.62 1.64 1.65 1.66 1.67 1.69 1.70 1.72 1.74 1.76 1.78 1.79 1.80 1.83 1.84 1.86 1.88 1.90 1.92 1.95 1.97 1.99 2.02 2.05 2.07 2.10 2.12 2.16 2.19 2.21 2.24 2.27 2.31 2.34 2.34 2.33 2.36 2.52 2.56 2.62 2.65 2.70 2.76 2.81 2.86 2.92 2.97 3.04 3.09 3.17 3.24 3.31 3.36 3.45 3.55 3.63 3.65 3.71 4.01 4.58 4.58 4.56 4.61 4.59 4.58 4.72 4.96 5.01 5.21 5.49 5.71 5.74 5.93 6.03 6.43 6.42 6.53 8.08 9.01 9.07 9.47 9.48 9.48 9.49 9.49 9.48 9.48 9.47 9.46 9.45 27.14 27.30 27.31 27.29 27.30 27.31 27.31 27.31 27.35 27.22 21.43 9.45 9.46 9.49 9.50 9.50 9.52 9.53 9.50 9.19 8.74 8.18 7.74 7.21 7.05 6.70 6.49 6.46 6.49 6.46 6.37 6.03 6.04 6.04 6.04 6.04 5.16 5.10 4.99 4.82 4.69 4.57 4.47 4.34 4.24 4.13 4.04 3.80 3.72 3.63 3.57 3.57 3.52 3.44 3.39 3.25 3.20 3.20 3.24 3.24 3.21 3.21 3.24 3.25 3.26 3.28 3.31 3.32 3.34 3.36 3.39 3.40 3.42 3.44 3.45 2.52 2.39 2.37 2.40 2.40 2.37 2.34 2.32 2.29 2.27 2.24 2.22 2.19 2.17 2.17 2.13 2.11 2.09 2.08 2.06 2.04 2.02 2.01 1.99 1.97 1.96 1.95 1.93 1.91 1.91 1.90 1.88 1.86 1.84 1.83 1.82 1.81 1.79 1.78 1.77 1.76 1.76 1.74 1.73 1.73 1.71 1.71 1.70 1.69 1.68 1.67 1.66 1.65 1.65 1.64 1.64 1.63 1.58 1.54 1.39 1.38 1.37 1.37 1.36 1.36 1.35 1.34 1.34 1.33 1.33 1.32 1.32 1.32 1.32 1.31 1.31 1.31 1.31 1.31 1.36 1.38 1.46 1.47 1.46 1.45 1.44 1.44 1.45 1.48 1.54 1.54 1.55 1.55 1.54 1.53 -6.311530 7.740379 -0.488286 -6.276205 7.721614 -0.488286 1257.820116 magnum 46.465034
ODOM -6.154221 7.657410 -0.471747 0.506500 0.000196 0.000000 1258.103227 magnum 46.582879
FLASER 360 1.16 1.16 1.16 1.16 1.16 1.16 1.16 1.16 1.16 1.16 1.17 1.16 1.17 1.17 1.17 1.17 1.17 1.17 1.16 1.17 1.16 1.16 1.16 1.18 1.18 1.18 1.18 1.15 1.15 1.14 1.14 1.16 1.16 1.18 1.18 1.14 1.14 1.04 1.04 1.02 1.01 1.01 1.01 1.01 1.01 1.01 1.02 1.02 1.03 1.03 1.03 1.03 1.03 1.04 1.04 1.04 1.05 1.05 1.05 1.06 1.06 1.06 1.07 1.13 1.17 1.31 1.32 1.32 1.33 1.33 1.33 1.33 1.34 1.35 1.36 1.37 1.38 1.40 1.40 1.40 1.41 1.42 1.43 1.44 1.45 1.46 1.47 1.47 1.49 1.50 1.51 1.52 1.53 1.55 1.56 1.56 1.57 1.59 1.61 1.61 1.63 1.64 1.65 1.67 1.68 1.70 1.72 1.74 1.75 1.78 1.78 1.80 1.82 1.84 1.86 1.88 1.90 1.93 1.95 1.98 1.99 2.02 2.05 2.07 2.10 2.13 2.16 2.20 2.21 2.24 2.24 2.23 2.26 2.41 2.45 2.50 2.53 2.59 2.63 2.68 2.72 2.78 2.83 2.89 2.94 3.01 3.04 3.12 3.19 3.26 3.33 3.43 3.49 3.54 3.54 3.72 4.50 4.48 4.47 4.48 4.51 4.48 4.47 4.75 4.87 4.92 5.13 5.44 5.60 5.65 5.84 5.94 6.32 6.31 6.41 7.97 8.87 8.93 9.35 9.37 9.37 9.40 9.40 9.38 9.38 9.37 9.35 9.33 9.46 27.18 27.18 27.18 27.18 27.18 27.19 27.19 27.23 27.26 21.35 9.34 9.35 9.39 9.40 9.40 9.41 9.43 9.42 9.28 8.84 8.36 7.89 7.42 7.07 6.80 6.56 6.37 6.37 6.39 6.35 6.08 5.93 5.94 5.96 5.94 6.00 5.03 4.99 4.88 4.75 4.62 4.51 4.40 4.30 4.18 4.10 3.98 3.86 3.68 3.61 3.53 3.49 3.47 3.42 3.36 3.30 3.17 3.11 3.11 3.14 3.16 3.14 3.12 3.14 3.15 3.18 3.19 3.21 3.23 3.25 3.27 3.30 3.31 3.33 3.35 3.38 3.39 2.54 2.37 2.30 2.30 2.32 2.31 2.29 2.26 2.24 2.21 2.20 2.18 2.16 2.14 2.11 2.10 2.08 2.06 2.04 2.02 2.02 1.99 1.97 1.97 1.95 1.93 1.92 1.91 1.90 1.88 1.87 1.85 1.84 1.83 1.82 1.80 1.78 1.77 1.77 1.76 1.75 1.74 1.74 1.72 1.71 1.70 1.69 1.68 1.68 1.67 1.66 1.65 1.65 1.65 1.64 1.63 1.62 1.62 1.61 1.60 1.59 1.59 1.54 1.53 1.42 1.35 1.34 1.34 1.34 1.33 1.32 1.32 1.32 1.32 1.32 1.31 1.31 1.31 1.30 1.30 1.30 1.29 1.29 1.29 1.29 1.31 1.41 1.46 1.46 1.44 1.43 1.43 1.44 1.46 -6.216095 7.689252 -0.474484 -6.180513 7.670977 -0.474484 1258.030630 magnum 46.583014
ODOM -6.109040 7.634360 -0.470213 0.517500 -0.000050 0.000000 1258.223102 magnum 46.701571
ODOM -6.064297 7.611621 -0.473281 0.500500 -0.000230 0.000000 1258.343194 magnum 46.821780
FLASER 360 1.16 1.16 1.16 1.16 1.16 1.16 1.16 1.16 1.16 1.16 1.16 1.16 1.16 1.16 1.16 1.12 1.13 1.12 1.12 1.12 1.13 1.15 1.15 1.12 1.10 1.00 1.00 0.99 0.99 0.99 0.99 0.99 0.99 0.99 0.99 0.99 0.99 0.99 0.99 1.00 1.00 1.00 1.00 1.00 1.01 1.02 1.02 1.02 1.03 1.03 1.03 1.03 1.06 1.20 1.21 1.24 1.25 1.25 1.26 1.26 1.27 1.27 1.28 1.29 1.29 1.30 1.31 1.31 1.32 1.33 1.34 1.34 1.35 1.36 1.37 1.38 1.38 1.39 1.40 1.39 1.41 1.41 1.43 1.44 1.45 1.46 1.47 1.48 1.49 1.50 1.51 1.53 1.54 1.56 1.56 1.57 1.58 1.60 1.61 1.62 1.64 1.65 1.67 1.67 1.69 1.71 1.73 1.75 1.76 1.78 1.80 1.82 1.84 1.86 1.88 1.90 1.92 1.94 1.97 1.99 2.02 2.05 2.07 2.10 2.12 2.14 2.14 2.13 2.17 2.27 2.33 2.37 2.40 2.45 2.50 2.54 2.59 2.63 2.68 2.73 2.78 2.83 2.90 2.95 3.00 3.06 3.12 3.19 3.27 3.35 3.43 3.44 3.47 3.72 4.39 4.38 4.37 4.37 4.40 4.37 4.37 4.57 4.75 4.80 4.99 5.27 5.47 5.52 5.63 5.78 6.14 6.20 6.22 6.58 7.96 8.79 9.03 9.28 9.27 9.26 9.28 9.27 9.27 9.26 9.26 9.23 9.25 27.02 27.09 27.08 27.08 27.09 27.09 27.09 27.10 27.16 25.70 21.21 9.26 9.24 9.28 9.28 9.30 9.31 9.33 9.30 9.13 8.58 8.23 7.72 7.32 6.96 6.74 6.45 6.28 6.26 6.30 6.26 6.16 5.83 5.84 5.84 5.83 5.88 5.01 4.88 4.86 4.72 4.60 4.50 4.37 4.27 4.18 4.08 3.98 3.90 3.74 3.58 3.53 3.45 3.40 3.38 3.35 3.30 3.23 3.18 3.06 3.03 3.03 3.05 3.07 3.04 3.04 3.05 3.08 3.08 3.11 3.12 3.16 3.17 3.19 3.20 3.24 3.25 3.28 3.30 3.32 3.34 2.53 2.35 2.24 2.22 2.24 2.24 2.22 2.20 2.18 2.16 2.14 2.12 2.10 2.09 2.07 2.05 2.03 2.02 2.00 1.98 1.97 1.96 1.94 1.92 1.91 1.91 1.89 1.87 1.86 1.84 1.84 1.82 1.81 1.80 1.79 1.78 1.77 1.76 1.75 1.74 1.73 1.72 1.71 1.71 1.69 1.69 1.67 1.67 1.66 1.66 1.65 1.64 1.63 1.63 1.63 1.61 1.62 1.61 1.60 1.59 1.59 1.58 1.58 1.57 1.57 1.56 1.52 1.50 1.49 1.48 1.32 1.32 1.32 1.32 1.32 1.31 1.31 1.31 1.30 1.30 1.30 1.30 1.29 1.29 1.29 1.29 1.30 1.28 1.28 1.28 1.29 1.30 -6.134093 7.647126 -0.470939 -6.098448 7.628977 -0.470939 1258.250656 magnum 46.821946
ODOM -5.974908 7.565845 -0.480951 0.502000 -0.000179 0.000000 1258.470191 magnum 46.954030
FLASER 360 1.15 1.15 1.15 1.16 1.12 1.12 1.12 1.11 1.11 1.12 1.12 1.13 1.14 0.98 0.98 0.97 0.97 0.97 0.97 0.97 0.97 0.97 0.97 0.97 0.97 0.98 0.97 0.98 0.98 0.98 0.98 0.98 0.98 0.98 0.98 0.98 0.98 0.99 0.99 0.99 0.99 1.09 1.11 1.15 1.17 1.18 1.20 1.21 1.21 1.22 1.22 1.22 1.23 1.23 1.24 1.24 1.24 1.24 1.25 1.25 1.26 1.26 1.27 1.28 1.29 1.30 1.30 1.31 1.32 1.31 1.32 1.33 1.33 1.34 1.34 1.35 1.37 1.37 1.38 1.39 1.40 1.41 1.42 1.42 1.43 1.44 1.46 1.47 1.48 1.48 1.50 1.51 1.52 1.53 1.55 1.56 1.57 1.58 1.60 1.61 1.62 1.64 1.65 1.67 1.68 1.69 1.71 1.73 1.75 1.77 1.79 1.80 1.82 1.84 1.87 1.88 1.90 1.93 1.95 1.97 2.00 2.02 2.05 2.05 2.05 2.06 2.09 2.21 2.25 2.28 2.32 2.36 2.40 2.43 2.46 2.52 2.56 2.60 2.65 2.69 2.75 2.80 2.85 2.91 2.96 3.03 3.09 3.15 3.24 3.30 3.34 3.34 3.49 4.29 4.29 4.26 4.25 4.27 4.29 4.26 4.28 4.55 4.66 4.70 4.90 5.18 5.39 5.42 5.57 5.67 6.08 6.09 6.11 6.44 7.83 8.69 8.80 9.16 9.16 9.15 9.18 9.17 9.16 9.15 9.15 9.13 9.12 26.81 26.98 26.97 26.97 26.97 26.98 26.98 26.99 27.03 27.02 21.12 9.15 9.14 9.17 9.18 9.19 9.20 9.21 9.20 9.15 8.78 8.36 7.90 7.46 7.08 6.81 6.55 6.27 6.17 6.17 6.18 6.14 6.04 5.73 5.74 5.74 5.73 5.79 5.03 4.80 4.78 4.66 4.55 4.42 4.33 4.23 4.13 4.03 3.94 3.86 3.77 3.59 3.49 3.43 3.37 3.31 3.30 3.27 3.22 3.15 3.11 3.00 2.94 2.93 2.94 2.99 2.98 2.95 2.96 2.98 2.99 3.02 3.03 3.06 3.07 3.10 3.11 3.14 3.15 3.18 3.20 3.23 3.24 3.27 3.30 2.57 2.29 2.17 2.14 2.17 2.17 2.17 2.15 2.12 2.10 2.09 2.07 2.04 2.04 2.02 2.00 1.99 1.98 1.95 1.94 1.93 1.92 1.91 1.89 1.87 1.85 1.85 1.85 1.83 1.81 1.80 1.79 1.78 1.77 1.77 1.76 1.74 1.74 1.73 1.72 1.70 1.70 1.69 1.68 1.67 1.66 1.66 1.66 1.65 1.64 1.63 1.63 1.63 1.63 1.61 1.60 1.60 1.59 1.59 1.59 1.58 1.58 1.57 1.56 1.56 1.55 1.55 1.55 1.54 1.54 1.51 1.50 1.47 1.47 1.42 1.41 1.31 1.31 1.30 1.30 1.30 1.29 1.29 1.29 1.29 1.29 1.29 1.29 -6.016897 7.587667 -0.480392 -5.981424 7.569182 -0.480392 1258.460275 magnum 46.954340
ODOM -5.930412 7.542626 -0.479417 0.491000 -0.000022 0.000000 1258.583173 magnum 47.063122
ODOM -5.886737 7.519920 -0.480951 0.499000 0.000011 0.000000 1258.689376 magnum 47.168344
FLASER 360 1.12 0.97 0.97 0.96 0.96 0.95 0.95 0.95 0.95 0.96 0.96 0.96 0.96 0.96 0.96 0.96 0.96 0.97 0.97 0.97 0.96 0.97 0.96 0.96 0.96 0.96 0.97 0.96 0.96 1.01 1.05 1.12 1.12 1.12 1.13 1.16 1.16 1.17 1.17 1.17 1.17 1.18 1.18 1.18 1.18 1.19 1.19 1.19 1.20 1.20 1.21 1.21 1.22 1.22 1.22 1.23 1.24 1.24 1.24 1.24 1.24 1.25 1.26 1.26 1.27 1.28 1.29 1.29 1.30 1.30 1.31 1.32 1.33 1.34 1.34 1.35 1.35 1.36 1.37 1.39 1.40 1.40 1.40 1.41 1.42 1.43 1.44 1.45 1.46 1.48 1.48 1.50 1.51 1.52 1.53 1.55 1.56 1.56 1.58 1.59 1.60 1.63 1.64 1.65 1.67 1.68 1.69 1.71 1.73 1.75 1.77 1.79 1.80 1.82 1.85 1.87 1.88 1.91 1.93 1.96 1.97 1.96 1.95 1.98 2.04 2.14 2.17 2.19 2.22 2.25 2.29 2.33 2.37 2.40 2.44 2.49 2.52 2.57 2.62 2.67 2.71 2.77 2.82 2.88 2.93 2.99 3.05 3.11 3.20 3.23 3.23 3.34 4.20 4.18 4.17 4.16 4.16 4.19 4.17 4.16 4.20 4.51 4.56 4.64 4.82 5.09 5.29 5.32 5.47 5.57 5.94 6.00 6.01 6.31 7.70 8.57 8.65 9.06 9.07 9.04 9.08 9.07 9.06 9.06 9.06 9.04 9.01 9.15 26.87 26.86 26.86 26.86 26.86 26.86 26.89 26.90 26.97 25.66 20.99 9.04 9.04 9.08 9.08 9.08 9.10 9.11 9.09 8.95 8.46 8.09 7.61 7.22 6.81 6.66 6.36 6.13 6.08 6.07 6.09 6.04 5.86 5.62 5.65 5.65 5.64 5.68 5.06 4.73 4.69 4.61 4.48 4.38 4.28 4.18 4.07 3.99 3.91 3.84 3.74 3.67 3.50 3.40 3.35 3.28 3.23 3.21 3.20 3.14 3.09 3.05 2.99 2.89 2.85 2.84 2.88 2.91 2.90 2.86 2.89 2.90 2.92 2.93 2.96 2.97 3.00 3.02 3.04 3.06 3.09 3.10 3.13 3.15 3.17 3.19 3.23 3.24 3.29 2.29 2.10 2.08 2.09 2.10 2.11 2.09 2.07 2.06 2.04 2.02 2.00 1.99 1.98 1.96 1.94 1.93 1.92 1.90 1.89 1.88 1.86 1.85 1.85 1.83 1.81 1.81 1.79 1.79 1.78 1.77 1.76 1.75 1.74 1.73 1.72 1.71 1.70 1.69 1.69 1.68 1.67 1.66 1.67 1.66 1.65 1.66 1.64 1.63 1.63 1.62 1.62 1.61 1.60 1.59 1.59 1.59 1.58 1.58 1.57 1.57 1.56 1.56 1.56 1.55 1.54 1.55 1.54 1.55 1.55 1.54 1.53 1.54 1.53 1.50 1.46 1.47 1.47 1.46 1.39 1.32 1.30 1.31 -5.929658 7.542291 -0.480689 -5.894191 7.523795 -0.480689 1258.670635 magnum 47.168492
ODOM -5.841852 7.496498 -0.480951 0.510000 -0.000034 0.000000 1258.803362 magnum 47.281080
ODOM -5.798212 7.473726 -0.480951 0.490500 -0.000050 0.000000 1258.922650 magnum 47.402197
FLASER 360 0.94 0.94 0.94 0.94 0.94 0.95 0.95 0.95 0.95 0.95 0.95 0.95 0.95 0.95 0.95 0.96 0.96 1.04 1.05 1.11 1.11 1.10 1.11 1.11 1.10 1.13 1.15 1.14 1.16 1.14 1.15 1.15 1.16 1.15 1.16 1.16 1.16 1.16 1.17 1.16 1.17 1.17 1.17 1.17 1.18 1.18 1.18 1.19 1.19 1.19 1.20 1.20 1.21 1.20 1.22 1.22 1.22 1.23 1.24 1.24 1.24 1.24 1.25 1.25 1.26 1.26 1.27 1.28 1.28 1.29 1.30 1.31 1.31 1.32 1.33 1.33 1.33 1.34 1.35 1.36 1.37 1.38 1.39 1.39 1.40 1.41 1.43 1.44 1.45 1.46 1.48 1.48 1.49 1.50 1.52 1.53 1.54 1.56 1.57 1.58 1.59 1.61 1.62 1.64 1.65 1.67 1.68 1.70 1.71 1.73 1.75 1.77 1.79 1.80 1.82 1.84 1.87 1.87 1.87 1.87 1.88 1.98 2.03 2.06 2.08 2.11 2.14 2.18 2.20 2.24 2.27 2.30 2.34 2.38 2.42 2.46 2.50 2.54 2.59 2.63 2.69 2.74 2.79 2.85 2.90 2.96 3.02 3.09 3.13 3.13 3.21 4.08 4.08 4.07 4.06 4.04 4.07 4.07 4.06 4.05 4.23 4.43 4.46 4.58 4.79 5.01 5.20 5.23 5.43 5.47 5.89 5.90 5.91 6.21 7.57 8.47 8.53 8.93 8.95 8.93 8.96 8.95 8.95 8.93 8.93 8.91 8.90 9.00 26.78 26.76 26.76 26.76 26.77 26.77 26.78 26.79 26.86 25.58 20.89 8.92 8.91 8.96 8.97 8.97 8.99 9.00 9.01 8.92 8.59 8.18 7.81 7.33 6.97 6.65 6.45 6.19 5.99 5.96 5.98 5.99 5.92 5.67 5.53 5.55 5.54 5.53 5.59 5.64 4.64 4.59 4.55 4.41 4.31 4.21 4.12 4.02 3.94 3.86 3.76 3.70 3.64 3.57 3.40 3.31 3.26 3.19 3.14 3.11 3.11 3.08 3.02 2.98 2.93 2.87 2.77 2.76 2.76 2.79 2.82 2.81 2.78 2.80 2.83 2.84 2.86 2.88 2.90 2.92 2.95 2.95 2.99 3.01 3.03 3.05 3.09 3.10 3.13 3.14 3.18 3.20 3.25 3.26 2.13 2.02 2.01 2.02 2.04 2.04 2.02 2.00 1.99 1.98 1.96 1.94 1.93 1.92 1.91 1.89 1.88 1.87 1.85 1.85 1.83 1.82 1.81 1.80 1.79 1.78 1.77 1.77 1.75 1.75 1.74 1.73 1.71 1.71 1.70 1.69 1.68 1.68 1.67 1.66 1.66 1.66 1.65 1.64 1.63 1.63 1.62 1.62 1.62 1.61 1.61 1.60 1.60 1.59 1.59 1.58 1.58 1.58 1.57 1.56 1.55 1.56 1.54 1.54 1.54 1.54 1.54 1.54 1.55 1.54 1.54 1.54 1.53 1.53 1.53 1.53 1.52 1.52 -5.844961 7.498121 -0.480951 -5.809498 7.479616 -0.480951 1258.890579 magnum 47.402350
ODOM -5.753716 7.450507 -0.484019 0.508000 -0.000112 0.000000 1259.042738 magnum 47.522055
ODOM -5.664479 7.403593 -0.485553 0.507000 -0.000336 0.000000 1259.168870 magnum 47.645929
FLASER 360 0.94 0.94 0.94 0.94 0.94 1.08 1.10 1.10 1.10 1.08 1.08 1.09 1.09 1.10 1.11 1.13 1.13 1.12 1.12 1.12 1.12 1.12 1.13 1.13 1.13 1.13 1.13 1.13 1.13 1.13 1.13 1.14 1.14 1.15 1.15 1.14 1.15 1.15 1.16 1.16 1.16 1.16 1.17 1.17 1.16 1.16 1.16 1.17 1.18 1.18 1.18 1.19 1.19 1.19 1.20 1.21 1.22 1.22 1.22 1.22 1.23 1.24 1.24 1.24 1.25 1.25 1.26 1.26 1.27 1.28 1.29 1.29 1.30 1.31 1.31 1.32 1.33 1.33 1.34 1.35 1.36 1.37 1.39 1.40 1.40 1.41 1.42 1.43 1.44 1.44 1.45 1.47 1.47 1.50 1.51 1.52 1.53 1.55 1.56 1.56 1.58 1.60 1.62 1.62 1.64 1.65 1.68 1.68 1.70 1.72 1.74 1.76 1.78 1.79 1.79 1.77 1.79 1.81 1.91 1.94 1.97 1.98 2.02 2.04 2.07 2.09 2.13 2.16 2.19 2.21 2.25 2.29 2.33 2.36 2.41 2.43 2.49 2.52 2.58 2.62 2.67 2.71 2.77 2.82 2.89 2.94 3.00 3.03 3.04 3.13 4.00 3.98 3.98 3.95 3.95 3.95 3.98 3.96 3.94 4.01 4.28 4.34 4.41 4.58 4.81 4.98 5.10 5.15 5.32 5.39 5.80 5.78 5.81 6.16 7.49 8.36 8.46 8.83 8.83 8.82 8.85 8.84 8.84 8.82 8.82 8.81 8.80 8.87 26.67 26.65 26.66 26.65 26.65 26.66 26.67 26.67 26.76 25.48 20.80 8.83 8.81 8.84 8.86 8.86 8.87 8.88 8.89 8.85 8.61 8.17 7.81 7.35 7.00 6.63 6.48 6.22 6.00 5.87 5.86 5.87 5.86 5.81 5.46 5.44 5.45 5.44 5.45 5.49 5.54 4.56 4.49 4.47 4.33 4.23 4.15 4.07 3.98 3.89 3.82 3.72 3.65 3.58 3.51 3.46 3.28 3.21 3.15 3.10 3.06 3.03 3.02 2.99 2.94 2.90 2.87 2.82 2.72 2.67 2.68 2.68 2.74 2.73 2.71 2.70 2.72 2.73 2.76 2.78 2.81 2.83 2.85 2.87 2.90 2.90 2.95 2.95 2.98 3.01 3.03 3.05 3.09 3.11 3.15 3.16 3.20 3.22 2.14 2.06 1.95 1.95 1.96 1.97 1.97 1.96 1.94 1.93 1.92 1.91 1.89 1.88 1.87 1.85 1.84 1.83 1.82 1.81 1.79 1.78 1.77 1.77 1.77 1.76 1.75 1.74 1.73 1.71 1.71 1.70 1.69 1.69 1.68 1.67 1.66 1.66 1.66 1.65 1.64 1.64 1.63 1.63 1.62 1.62 1.61 1.60 1.60 1.60 1.60 1.59 1.59 1.59 1.58 1.58 1.57 1.57 1.56 1.56 1.56 1.56 1.55 1.55 1.55 1.55 1.55 1.55 1.54 1.54 1.53 1.54 1.53 1.53 -5.747572 7.447309 -0.484733 -5.712180 7.428670 -0.484733 1259.100251 magnum 47.646060
ODOM -5.619703 7.379965 -0.487087 0.511500 0.000017 0.000000 1259.283110 magnum 47.761814
ODOM -5.575816 7.356720 -0.490155 0.483500 -0.000263 0.000000 1259.403102 magnum 47.881670
FLASER 360 1.08 1.08 1.08 1.12 1.12 1.11 1.11 1.11 1.11 1.11 1.10 1.10 1.10 1.10 1.10 1.11 1.11 1.11 1.11 1.11 1.12 1.12 1.12 1.12 1.12 1.12 1.12 1.12 1.12 1.12 1.13 1.13 1.13 1.13 1.14 1.14 1.14 1.14 1.14 1.16 1.14 1.15 1.15 1.15 1.16 1.16 1.16 1.16 1.16 1.16 1.17 1.17 1.18 1.18 1.19 1.19 1.21 1.20 1.21 1.22 1.22 1.23 1.23 1.24 1.24 1.24 1.25 1.25 1.26 1.26 1.28 1.28 1.29 1.30 1.30 1.31 1.32 1.33 1.33 1.33 1.34 1.35 1.37 1.37 1.39 1.40 1.40 1.41 1.42 1.42 1.45 1.45 1.47 1.48 1.49 1.50 1.52 1.53 1.55 1.56 1.57 1.58 1.60 1.61 1.63 1.64 1.66 1.67 1.69 1.70 1.69 1.68 1.69 1.71 1.78 1.84 1.86 1.87 1.91 1.92 1.95 1.97 2.00 2.03 2.05 2.08 2.11 2.14 2.18 2.20 2.24 2.26 2.31 2.34 2.38 2.42 2.46 2.51 2.55 2.59 2.64 2.68 2.75 2.80 2.85 2.91 2.94 2.91 3.05 3.90 3.88 3.87 3.87 3.84 3.84 3.86 3.86 3.84 3.86 4.08 4.24 4.25 4.37 4.51 4.77 4.92 4.97 5.05 5.21 5.32 5.70 5.68 5.72 5.89 7.40 8.25 8.37 8.72 8.73 8.71 8.74 8.73 8.73 8.72 8.72 8.71 8.69 8.71 26.56 26.53 26.54 26.53 26.55 26.55 26.56 26.56 26.64 25.48 20.69 20.64 8.70 8.71 8.75 8.75 8.77 8.77 8.79 8.77 8.66 8.28 7.88 7.46 7.07 6.77 6.45 6.30 6.04 5.83 5.76 5.77 5.78 5.75 5.68 5.35 5.35 5.35 5.34 5.34 5.42 5.47 4.48 4.40 4.39 4.27 4.16 4.08 3.99 3.92 3.84 3.75 3.68 3.63 3.54 3.49 3.41 3.37 3.20 3.13 3.09 3.03 2.99 2.94 2.95 2.93 2.89 2.84 2.81 2.77 2.72 2.65 2.60 2.59 2.61 2.65 2.66 2.65 2.63 2.64 2.66 2.67 2.71 2.72 2.76 2.77 2.80 2.81 2.84 2.86 2.90 2.89 2.94 2.95 2.98 3.01 3.04 3.07 3.10 3.12 3.17 3.17 3.22 3.30 1.97 1.90 1.88 1.88 1.92 1.92 1.90 1.89 1.88 1.87 1.85 1.85 1.83 1.83 1.81 1.80 1.79 1.78 1.77 1.77 1.76 1.75 1.75 1.73 1.72 1.71 1.71 1.70 1.69 1.69 1.67 1.67 1.66 1.66 1.66 1.65 1.64 1.64 1.63 1.63 1.62 1.61 1.61 1.61 1.61 1.61 1.59 1.59 1.58 1.59 1.58 1.58 1.57 1.57 1.57 1.56 1.56 1.56 1.56 1.56 1.56 1.55 1.56 1.55 1.55 1.54 1.54 1.54 -5.644358 7.393057 -0.487834 -5.609024 7.374309 -0.487834 1259.310882 magnum 47.881795
ODOM -5.532001 7.333341 -0.493223 0.505500 -0.000151 0.000000 1259.522899 magnum 48.001450
ODOM -5.487442 7.309389 -0.497825 0.506500 -0.000364 0.000000 1259.643198 magnum 48.121051
FLASER 360 1.11 1.11 1.11 1.11 1.11 1.11 1.11 1.11 1.10 1.10 1.10 1.10 1.10 1.10 1.10 1.11 1.11 1.11 1.10 1.10 1.10 1.10 1.10 1.10 1.11 1.11 1.11 1.11 1.11 1.11 1.11 1.11 1.12 1.13 1.12 1.13 1.12 1.12 1.14 1.12 1.13 1.13 1.14 1.15 1.14 1.15 1.15 1.16 1.16 1.16 1.16 1.16 1.17 1.17 1.17 1.18 1.18 1.19 1.20 1.20 1.21 1.21 1.22 1.22 1.23 1.24 1.24 1.24 1.24 1.25 1.26 1.26 1.27 1.28 1.29 1.29 1.30 1.31 1.32 1.33 1.33 1.34 1.35 1.36 1.37 1.38 1.39 1.40 1.40 1.42 1.42 1.44 1.45 1.47 1.48 1.48 1.50 1.50 1.52 1.54 1.56 1.57 1.58 1.59 1.61 1.61 1.61 1.59 1.61 1.62 1.67 1.74 1.76 1.77 1.79 1.81 1.84 1.85 1.88 1.90 1.92 1.94 1.97 1.99 2.03 2.06 2.08 2.11 2.14 2.17 2.20 2.24 2.26 2.31 2.34 2.38 2.42 2.45 2.51 2.56 2.60 2.64 2.70 2.76 2.81 2.84 2.83 2.91 3.24 3.76 3.75 3.74 3.73 3.72 3.73 3.74 3.73 3.72 3.74 4.00 4.13 4.14 4.27 4.43 4.65 4.81 4.86 4.92 5.10 5.19 5.58 5.57 5.59 5.89 7.25 8.15 8.19 8.59 8.63 8.62 8.63 8.62 8.62 8.62 8.61 8.60 8.59 8.57 8.70 26.44 26.42 26.43 26.43 26.45 26.45 26.45 26.50 26.52 20.59 20.56 8.62 8.59 8.65 8.64 8.66 8.66 8.68 8.68 8.67 8.50 8.03 7.72 7.26 6.95 6.63 6.35 6.19 5.96 5.74 5.66 5.67 5.67 5.65 5.61 5.30 5.22 5.25 5.25 5.25 5.28 5.37 4.71 4.34 4.30 4.26 4.15 4.06 3.98 3.90 3.82 3.73 3.67 3.60 3.53 3.47 3.41 3.34 3.30 3.24 3.08 3.03 2.99 2.93 2.90 2.85 2.85 2.83 2.81 2.76 2.73 2.69 2.66 2.59 2.53 2.51 2.52 2.54 2.58 2.57 2.55 2.56 2.57 2.59 2.60 2.64 2.66 2.69 2.69 2.73 2.75 2.78 2.80 2.82 2.84 2.88 2.89 2.93 2.95 3.00 3.01 3.05 3.08 3.10 3.13 3.21 3.34 3.47 3.45 1.89 1.84 1.83 1.83 1.87 1.87 1.85 1.84 1.83 1.82 1.81 1.79 1.78 1.78 1.77 1.77 1.76 1.75 1.73 1.73 1.72 1.71 1.71 1.70 1.69 1.69 1.67 1.67 1.66 1.66 1.66 1.65 1.65 1.65 1.64 1.63 1.62 1.62 1.61 1.61 1.61 1.60 1.59 1.60 1.59 1.59 1.59 1.58 1.58 1.57 1.58 1.57 1.56 1.56 1.56 1.56 1.56 1.56 1.56 1.55 1.55 1.55 -5.563949 7.350530 -0.493562 -5.528723 7.331579 -0.493562 1259.530328 magnum 48.121195
ODOM -5.442993 7.285232 -0.500893 0.497500 -0.000095 0.000000 1259.750024 magnum 48.233820
FLASER 360 1.10 1.10 1.10 1.10 1.10 1.10 1.10 1.10 1.10 1.10 1.10 1.10 1.10 1.09 1.09 1.09 1.10 1.10 1.10 1.10 1.10 1.10 1.10 1.10 1.10 1.10 1.10 1.10 1.10 1.10 1.10 1.10 1.11 1.11 1.11 1.12 1.12 1.12 1.12 1.13 1.13 1.13 1.13 1.14 1.13 1.14 1.14 1.14 1.14 1.15 1.15 1.16 1.16 1.16 1.16 1.17 1.18 1.18 1.19 1.19 1.19 1.20 1.21 1.21 1.21 1.22 1.22 1.23 1.24 1.24 1.24 1.25 1.26 1.26 1.27 1.28 1.29 1.30 1.30 1.31 1.32 1.33 1.33 1.34 1.35 1.36 1.37 1.39 1.39 1.41 1.41 1.42 1.43 1.45 1.46 1.47 1.48 1.49 1.50 1.53 1.54 1.53 1.52 1.51 1.53 1.55 1.59 1.65 1.66 1.67 1.69 1.71 1.73 1.75 1.76 1.78 1.80 1.82 1.84 1.86 1.90 1.91 1.95 1.97 1.99 2.02 2.04 2.06 2.10 2.13 2.17 2.19 2.23 2.26 2.29 2.33 2.37 2.41 2.46 2.50 2.55 2.59 2.64 2.69 2.74 2.73 2.73 2.90 3.68 3.66 3.65 3.64 3.64 3.62 3.64 3.64 3.63 3.62 3.64 3.88 4.02 4.03 4.14 4.27 4.50 4.66 4.78 4.78 4.98 5.02 5.28 5.46 5.47 5.54 7.09 7.20 8.04 8.13 8.52 8.50 8.51 8.52 8.53 8.51 8.51 8.50 8.50 8.48 8.48 26.32 26.34 26.33 26.34 26.33 26.34 26.35 26.35 26.42 26.16 20.48 20.45 8.51 8.49 8.53 8.54 8.55 8.56 8.55 8.57 8.55 8.39 8.02 7.63 7.23 6.87 6.59 6.27 6.18 5.92 5.73 5.57 5.56 5.58 5.58 5.53 5.47 5.15 5.14 5.17 5.15 5.16 5.20 5.30 4.57 4.22 4.21 4.17 4.07 3.97 3.91 3.83 3.75 3.67 3.61 3.54 3.49 3.41 3.36 3.29 3.25 3.20 3.15 2.99 2.95 2.90 2.86 2.83 2.78 2.79 2.78 2.73 2.70 2.68 2.64 2.60 2.57 2.50 2.45 2.43 2.43 2.45 2.50 2.50 2.46 2.46 2.47 2.51 2.52 2.56 2.57 2.62 2.63 2.67 2.68 2.71 2.72 2.76 2.77 2.82 2.83 2.86 2.88 2.93 2.95 3.00 3.02 3.06 3.08 3.15 3.29 3.42 3.40 3.44 3.48 1.90 1.84 1.79 1.78 1.80 1.81 1.81 1.79 1.78 1.77 1.77 1.77 1.76 1.76 1.74 1.73 1.73 1.72 1.72 1.71 1.69 1.69 1.69 1.68 1.67 1.67 1.67 1.66 1.65 1.65 1.64 1.64 1.63 1.63 1.62 1.62 1.61 1.61 1.60 1.61 1.60 1.60 1.59 1.59 1.59 1.58 1.58 1.58 1.57 1.57 1.57 1.57 1.57 1.56 1.56 1.57 -5.481673 7.306382 -0.500645 -5.446582 7.287182 -0.500645 1259.740234 magnum 48.233949
ODOM -5.355549 7.237359 -0.505495 0.504000 -0.000168 0.000000 1259.863203 magnum 48.341742
ODOM -5.311710 7.213096 -0.505495 0.500500 0.000006 0.000000 1259.970286 magnum 48.460387
FLASER 360 1.09 1.09 1.09 1.09 1.09 1.08 1.08 1.08 1.08 1.08 1.08 1.08 1.08 1.08 1.08 1.08 1.09 1.09 1.09 1.09 1.09 1.09 1.09 1.09 1.09 1.10 1.10 1.10 1.10 1.10 1.10 1.10 1.10 1.10 1.10 1.10 1.10 1.10 1.10 1.10 1.10 1.11 1.11 1.11 1.11 1.12 1.12 1.13 1.13 1.14 1.14 1.14 1.15 1.15 1.16 1.16 1.17 1.17 1.17 1.17 1.18 1.19 1.19 1.20 1.20 1.21 1.21 1.22 1.22 1.23 1.24 1.24 1.25 1.25 1.26 1.26 1.27 1.28 1.29 1.30 1.30 1.31 1.32 1.33 1.34 1.34 1.35 1.36 1.37 1.39 1.40 1.40 1.42 1.42 1.43 1.44 1.45 1.43 1.42 1.43 1.45 1.50 1.55 1.57 1.59 1.60 1.61 1.62 1.64 1.66 1.67 1.69 1.71 1.73 1.75 1.77 1.78 1.80 1.82 1.86 1.88 1.89 1.91 1.94 1.97 1.98 2.02 2.04 2.08 2.10 2.14 2.17 2.20 2.24 2.26 2.30 2.34 2.38 2.41 2.45 2.51 2.56 2.61 2.63 2.62 2.65 2.80 3.57 3.57 3.56 3.55 3.52 3.52 3.51 3.55 3.53 3.52 3.51 3.62 3.83 3.92 3.93 4.07 4.23 4.42 4.58 4.66 4.68 4.89 4.92 5.16 5.36 5.36 5.42 5.56 7.06 7.94 7.99 8.41 8.40 8.41 8.40 8.42 8.41 8.40 8.40 8.40 8.38 8.35 8.49 26.23 26.21 26.22 26.22 26.23 26.22 26.23 26.28 26.32 23.32 20.37 19.11 8.39 8.40 8.43 8.44 8.45 8.45 8.47 8.47 8.42 8.17 7.74 7.43 7.02 6.71 6.43 6.17 6.04 5.82 5.62 5.48 5.46 5.46 5.49 5.44 5.37 5.04 5.01 5.03 5.03 5.02 5.11 5.17 5.23 4.21 4.12 4.11 4.03 3.95 3.87 3.80 3.71 3.65 3.59 3.51 3.45 3.39 3.34 3.29 3.23 3.18 3.13 3.08 3.00 2.88 2.85 2.82 2.76 2.74 2.70 2.69 2.69 2.66 2.63 2.60 2.57 2.54 2.51 2.47 2.39 2.36 2.34 2.36 2.40 2.42 2.42 2.40 2.40 2.41 2.44 2.45 2.50 2.51 2.55 2.57 2.59 2.62 2.65 2.67 2.69 2.71 2.75 2.76 2.81 2.83 2.89 2.90 2.94 2.96 3.01 3.03 3.15 3.37 3.35 3.35 3.42 3.45 3.52 3.40 1.91 1.83 1.74 1.73 1.74 1.76 1.77 1.77 1.75 1.74 1.74 1.73 1.73 1.71 1.71 1.70 1.70 1.69 1.68 1.67 1.68 1.68 1.67 1.66 1.66 1.65 1.64 1.64 1.64 1.63 1.62 1.62 1.61 1.61 1.61 1.61 1.60 1.60 1.59 1.59 1.59 1.59 1.58 1.58 1.58 1.58 1.58 1.57 1.57 1.57 -5.350431 7.234526 -0.505495 -5.315433 7.215157 -0.505495 1259.960554 magnum 48.460502
ODOM -5.268325 7.189084 -0.507029 0.498000 -0.000067 0.000000 1260.083253 magnum 48.562140
ODOM -5.224131 7.164536 -0.505495 0.492000 0.000034 0.000000 1260.203379 magnum 48.681621
FLASER 360 1.08 1.08 1.08 1.07 1.07 1.07 1.07 1.07 1.07 1.07 1.07 1.07 1.07 1.07 1.07 1.07 1.07 1.07 1.07 1.08 1.08 1.08 1.08 1.08 1.08 1.08 1.09 1.09 1.08 1.09 1.09 1.09 1.09 1.09 1.09 1.09 1.09 1.09 1.10 1.10 1.10 1.11 1.11 1.11 1.11 1.11 1.11 1.11 1.12 1.12 1.13 1.13 1.13 1.14 1.14 1.15 1.15 1.16 1.16 1.17 1.18 1.18 1.18 1.19 1.19 1.20 1.20 1.20 1.21 1.22 1.22 1.23 1.24 1.24 1.25 1.25 1.26 1.26 1.27 1.28 1.29 1.30 1.31 1.31 1.32 1.34 1.34 1.35 1.36 1.37 1.38 1.36 1.35 1.37 1.36 1.38 1.44 1.48 1.48 1.50 1.52 1.52 1.55 1.55 1.56 1.57 1.60 1.61 1.63 1.65 1.67 1.68 1.69 1.71 1.74 1.75 1.76 1.78 1.80 1.83 1.85 1.87 1.89 1.92 1.94 1.97 1.99 2.02 2.05 2.08 2.11 2.14 2.18 2.20 2.24 2.27 2.31 2.34 2.38 2.42 2.47 2.53 2.53 2.51 2.62 2.58 3.48 3.46 3.47 3.44 3.43 3.41 3.41 3.44 3.45 3.42 3.41 3.45 3.64 3.76 3.82 3.86 4.03 4.20 4.36 4.52 4.55 4.58 4.78 4.82 5.24 5.25 5.26 5.32 5.44 6.95 7.83 7.88 8.29 8.29 8.29 8.30 8.32 8.30 8.30 8.29 8.29 8.28 8.25 8.36 26.13 26.13 26.13 26.12 26.14 26.13 26.14 26.15 26.23 24.92 20.26 18.79 8.28 8.29 8.33 8.34 8.34 8.35 8.36 8.37 8.36 8.24 7.86 7.52 7.15 6.79 6.52 6.26 6.05 5.90 5.67 5.50 5.37 5.36 5.37 5.38 5.34 5.28 4.95 4.91 4.94 4.95 4.94 4.97 5.05 5.11 4.34 4.06 4.03 3.99 3.91 3.85 3.75 3.68 3.61 3.55 3.49 3.43 3.37 3.32 3.26 3.22 3.16 3.12 3.07 3.02 2.98 2.88 2.79 2.77 2.72 2.69 2.66 2.62 2.61 2.61 2.58 2.56 2.54 2.50 2.46 2.44 2.42 2.39 2.32 2.29 2.27 2.28 2.32 2.34 2.34 2.32 2.33 2.34 2.37 2.38 2.42 2.44 2.47 2.49 2.53 2.55 2.58 2.60 2.64 2.66 2.69 2.71 2.76 2.79 2.84 2.86 2.90 2.92 2.96 3.00 3.19 3.31 3.30 3.33 3.41 3.50 3.38 3.34 3.40 3.44 3.53 1.73 1.71 1.70 1.70 1.70 1.74 1.74 1.73 1.72 1.71 1.70 1.70 1.69 1.69 1.69 1.68 1.67 1.67 1.66 1.66 1.66 1.65 1.65 1.64 1.64 1.63 1.63 1.62 1.62 1.61 1.61 1.62 1.61 1.61 1.61 1.60 1.59 1.59 1.59 1.59 1.59 1.58 1.58 -5.268821 7.189305 -0.505832 -5.233830 7.169924 -0.505832 1260.170477 magnum 48.681743
ODOM -5.180323 7.140290 -0.505495 0.479000 -0.000056 0.000000 1260.323199 magnum 48.803459
ODOM -5.136938 7.116278 -0.508563 0.500000 -0.000280 0.000000 1260.443193 magnum 48.921838
FLASER 360 1.06 1.06 1.06 1.06 1.06 1.05 1.05 1.06 1.06 1.06 1.05 1.05 1.05 1.05 1.06 1.06 1.06 1.06 1.06 1.06 1.06 1.06 1.06 1.07 1.07 1.07 1.07 1.07 1.07 1.07 1.07 1.07 1.08 1.08 1.08 1.07 1.08 1.08 1.08 1.08 1.09 1.09 1.09 1.10 1.10 1.11 1.11 1.11 1.11 1.11 1.12 1.12 1.13 1.12 1.13 1.13 1.14 1.14 1.15 1.16 1.16 1.16 1.18 1.18 1.18 1.18 1.19 1.19 1.20 1.21 1.21 1.22 1.22 1.23 1.24 1.25 1.25 1.25 1.26 1.26 1.28 1.29 1.30 1.29 1.30 1.27 1.27 1.28 1.30 1.34 1.39 1.40 1.40 1.41 1.43 1.44 1.45 1.46 1.47 1.49 1.50 1.51 1.53 1.55 1.56 1.56 1.58 1.60 1.61 1.63 1.65 1.67 1.68 1.69 1.72 1.73 1.75 1.78 1.79 1.81 1.83 1.85 1.88 1.90 1.92 1.95 1.98 2.00 2.04 2.06 2.09 2.12 2.15 2.19 2.22 2.26 2.29 2.33 2.37 2.42 2.42 2.41 2.41 2.60 3.40 3.37 3.36 3.35 3.35 3.32 3.32 3.30 3.33 3.34 3.32 3.31 3.32 3.50 3.62 3.69 3.71 3.85 4.00 4.17 4.32 4.45 4.44 4.56 4.66 4.75 5.16 5.14 5.15 5.29 6.77 6.86 7.72 7.79 8.18 8.19 8.19 8.19 8.22 8.20 8.21 8.19 8.19 8.17 8.15 8.25 26.01 26.01 26.02 26.01 26.02 26.02 26.03 26.05 26.13 24.82 20.16 18.69 8.18 8.18 8.22 8.22 8.24 8.24 8.27 8.26 8.27 8.20 7.90 7.51 7.22 6.84 6.56 6.30 6.02 5.91 5.71 5.52 5.35 5.25 5.26 5.27 5.28 5.23 5.17 4.86 4.81 4.83 4.86 4.83 4.88 4.94 5.01 5.09 4.02 3.93 3.93 3.87 3.79 3.70 3.64 3.57 3.51 3.45 3.40 3.34 3.29 3.24 3.19 3.14 3.09 3.05 3.00 2.95 2.92 2.87 2.76 2.70 2.68 2.63 2.60 2.59 2.54 2.52 2.54 2.52 2.49 2.46 2.44 2.41 2.38 2.36 2.33 2.31 2.24 2.22 2.21 2.21 2.26 2.28 2.28 2.26 2.26 2.26 2.31 2.31 2.36 2.37 2.41 2.42 2.46 2.47 2.52 2.54 2.58 2.61 2.64 2.67 2.70 2.74 2.79 2.83 2.86 2.88 2.93 2.99 3.27 3.26 3.29 3.33 3.47 3.40 3.30 3.34 3.42 3.47 3.54 3.59 3.68 3.74 1.75 1.67 1.66 1.66 1.69 1.70 1.70 1.70 1.70 1.69 1.68 1.68 1.67 1.66 1.66 1.66 1.66 1.65 1.65 1.64 1.64 1.63 1.63 1.62 1.62 1.62 1.62 1.61 1.61 1.61 1.60 1.60 1.60 1.60 1.60 1.60 -5.192221 7.146950 -0.507126 -5.157255 7.127523 -0.507126 1260.380266 magnum 48.921972
ODOM -5.049048 7.067282 -0.513165 0.508500 -0.000353 0.000000 1260.563223 magnum 49.041385
ODOM -5.005454 7.042716 -0.517767 0.499500 0.000039 0.000000 1260.683207 magnum 49.162139
FLASER 360 1.06 1.05 1.05 1.05 1.05 1.05 1.05 1.05 1.05 1.05 1.05 1.05 1.05 1.05 1.05 1.05 1.05 1.05 1.05 1.05 1.05 1.05 1.06 1.06 1.06 1.06 1.06 1.06 1.06 1.06 1.06 1.06 1.06 1.06 1.06 1.07 1.07 1.07 1.07 1.07 1.08 1.08 1.08 1.08 1.09 1.09 1.09 1.10 1.10 1.10 1.11 1.11 1.11 1.11 1.12 1.12 1.12 1.13 1.13 1.14 1.14 1.15 1.15 1.16 1.16 1.18 1.18 1.18 1.19 1.19 1.20 1.20 1.21 1.21 1.22 1.23 1.23 1.21 1.20 1.20 1.21 1.23 1.23 1.31 1.32 1.33 1.33 1.35 1.35 1.36 1.37 1.39 1.39 1.39 1.40 1.42 1.43 1.44 1.46 1.46 1.48 1.49 1.51 1.52 1.54 1.56 1.56 1.58 1.60 1.60 1.63 1.64 1.66 1.68 1.69 1.71 1.73 1.75 1.77 1.78 1.80 1.83 1.85 1.88 1.90 1.92 1.95 1.98 2.00 2.03 2.05 2.08 2.11 2.15 2.19 2.22 2.26 2.29 2.32 2.31 2.31 2.41 2.59 3.30 3.28 3.26 3.26 3.23 3.23 3.20 3.20 3.20 3.24 3.22 3.21 3.19 3.27 3.44 3.56 3.59 3.62 3.79 3.92 4.09 4.23 4.35 4.34 4.44 4.56 4.64 5.04 5.02 5.03 5.13 5.24 6.72 7.62 7.66 8.06 8.09 8.09 8.09 8.10 8.09 8.10 8.09 8.08 8.08 8.06 8.05 25.93 25.91 25.91 25.90 25.92 25.92 25.92 25.92 26.01 25.71 20.06 20.03 18.75 8.08 8.09 8.12 8.13 8.13 8.15 8.16 8.17 8.15 8.07 7.71 7.36 7.06 6.71 6.44 6.20 5.94 5.81 5.63 5.44 5.29 5.17 5.16 5.18 5.19 5.14 5.12 4.86 4.72 4.74 4.76 4.74 4.75 4.81 4.88 4.94 4.99 3.91 3.82 3.83 3.75 3.68 3.62 3.55 3.49 3.43 3.38 3.32 3.28 3.22 3.18 3.13 3.08 3.04 2.99 2.95 2.91 2.87 2.84 2.80 2.72 2.64 2.61 2.58 2.55 2.52 2.50 2.46 2.45 2.46 2.44 2.41 2.38 2.36 2.33 2.30 2.30 2.27 2.25 2.21 2.16 2.15 2.14 2.15 2.19 2.22 2.20 2.19 2.19 2.22 2.23 2.27 2.29 2.33 2.35 2.39 2.41 2.45 2.46 2.52 2.53 2.58 2.60 2.64 2.68 2.73 2.76 2.81 2.82 2.88 2.92 3.21 3.20 3.26 3.32 3.50 3.34 3.27 3.32 3.40 3.45 3.54 3.58 3.68 3.74 3.86 3.93 4.04 1.67 1.64 1.64 1.63 1.63 1.67 1.68 1.68 1.67 1.67 1.67 1.65 1.65 1.65 1.65 1.64 1.64 1.64 1.64 1.63 1.63 1.62 1.62 1.62 1.62 1.61 1.61 1.61 1.60 -5.071537 7.080015 -0.514467 -5.036715 7.060332 -0.514467 1260.590441 magnum 49.162269
ODOM -4.961553 7.017709 -0.520835 0.505000 -0.000022 0.000000 1260.803196 magnum 49.282603
ODOM -4.918148 6.992810 -0.523903 0.496000 -0.000045 0.000000 1260.923148 magnum 49.403154
FLASER 360 1.05 1.04 1.04 1.04 1.04 1.04 1.04 1.04 1.04 1.04 1.04 1.04 1.04 1.04 1.04 1.04 1.05 1.04 1.05 1.05 1.05 1.05 1.05 1.05 1.05 1.05 1.05 1.05 1.05 1.05 1.05 1.05 1.05 1.05 1.05 1.05 1.06 1.05 1.06 1.05 1.06 1.06 1.07 1.07 1.08 1.08 1.08 1.08 1.09 1.09 1.10 1.10 1.11 1.11 1.11 1.11 1.11 1.11 1.12 1.12 1.13 1.13 1.15 1.15 1.16 1.16 1.16 1.17 1.18 1.14 1.14 1.14 1.15 1.16 1.16 1.23 1.24 1.25 1.25 1.26 1.27 1.28 1.29 1.29 1.30 1.31 1.32 1.33 1.33 1.35 1.35 1.37 1.37 1.39 1.40 1.40 1.41 1.42 1.44 1.46 1.47 1.47 1.48 1.51 1.52 1.54 1.55 1.56 1.57 1.59 1.60 1.62 1.64 1.65 1.68 1.68 1.70 1.72 1.74 1.76 1.78 1.80 1.82 1.85 1.87 1.90 1.92 1.93 1.97 1.99 2.02 2.05 2.09 2.12 2.15 2.18 2.22 2.23 2.22 2.21 2.35 3.20 3.20 3.18 3.17 3.14 3.14 3.13 3.12 3.10 3.09 3.14 3.13 3.11 3.11 3.11 3.24 3.36 3.48 3.49 3.56 3.67 3.83 3.99 4.12 4.25 4.23 4.29 4.46 4.52 4.92 4.91 4.91 4.94 5.28 6.58 7.49 7.50 7.74 7.99 7.98 7.97 7.99 7.98 7.98 7.99 7.98 7.97 7.98 7.92 8.03 25.80 25.81 25.80 25.81 25.81 25.82 25.81 25.84 25.90 24.61 19.95 19.91 15.46 7.97 7.99 8.02 8.02 8.04 8.04 8.06 8.06 8.06 7.94 7.57 7.25 6.96 6.63 6.37 6.13 5.88 5.73 5.57 5.39 5.23 5.10 5.05 5.04 5.06 5.05 5.02 4.93 4.67 4.62 4.66 4.66 4.64 4.67 4.74 4.80 4.87 4.92 3.83 3.72 3.73 3.69 3.61 3.55 3.49 3.43 3.38 3.32 3.28 3.23 3.17 3.13 3.08 3.05 2.99 2.95 2.91 2.87 2.84 2.81 2.76 2.74 2.70 2.61 2.55 2.53 2.49 2.46 2.43 2.41 2.39 2.37 2.39 2.37 2.33 2.31 2.30 2.28 2.25 2.25 2.22 2.20 2.17 2.15 2.10 2.08 2.08 2.09 2.14 2.15 2.15 2.13 2.13 2.15 2.18 2.20 2.24 2.26 2.31 2.33 2.38 2.39 2.44 2.46 2.50 2.53 2.57 2.60 2.67 2.69 2.75 2.77 2.82 2.85 3.05 3.17 3.22 3.26 3.49 3.32 3.23 3.28 3.37 3.41 3.51 3.56 3.67 3.73 3.87 3.94 4.06 4.14 5.99 4.81 6.24 1.65 1.62 1.61 1.61 1.60 1.65 1.66 1.65 1.65 1.65 1.64 1.64 1.64 1.64 1.63 1.63 1.63 1.62 1.62 1.62 1.62 -4.991176 7.034720 -0.521193 -4.956487 7.014804 -0.521193 1260.810216 magnum 49.403288
ODOM -4.874842 6.967789 -0.523903 0.499000 -0.000045 0.000000 1261.050328 magnum 49.527736
FLASER 360 1.03 1.03 1.03 1.03 1.03 1.03 1.03 1.03 1.03 1.03 1.03 1.03 1.03 1.03 1.03 1.03 1.03 1.04 1.04 1.04 1.04 1.04 1.04 1.04 1.04 1.04 1.04 1.04 1.04 1.04 1.04 1.04 1.04 1.04 1.04 1.04 1.04 1.04 1.04 1.04 1.04 1.05 1.05 1.06 1.06 1.06 1.07 1.07 1.08 1.08 1.08 1.09 1.09 1.09 1.10 1.10 1.10 1.11 1.11 1.11 1.11 1.07 1.09 1.08 1.09 1.10 1.12 1.17 1.17 1.18 1.18 1.19 1.20 1.21 1.22 1.22 1.23 1.23 1.23 1.24 1.25 1.26 1.27 1.27 1.28 1.29 1.30 1.30 1.32 1.33 1.34 1.35 1.36 1.37 1.38 1.38 1.39 1.40 1.42 1.43 1.44 1.46 1.46 1.47 1.49 1.51 1.53 1.54 1.56 1.55 1.58 1.59 1.61 1.62 1.64 1.65 1.67 1.69 1.71 1.73 1.75 1.77 1.79 1.81 1.83 1.85 1.88 1.91 1.93 1.96 1.98 2.02 2.04 2.07 2.11 2.12 2.12 2.09 2.18 2.37 3.12 3.10 3.09 3.06 3.05 3.04 3.04 3.01 3.00 2.98 3.02 3.03 3.02 3.00 2.99 3.05 3.19 3.28 3.38 3.38 3.45 3.57 3.71 3.88 4.01 4.14 4.11 4.16 4.35 4.38 4.55 4.81 4.81 4.81 5.01 6.44 6.55 7.39 7.44 7.85 7.88 7.86 7.87 7.89 7.88 7.88 7.88 7.87 7.87 7.85 7.83 7.93 25.71 25.69 25.69 25.68 25.71 25.70 25.70 25.78 25.57 19.86 19.83 18.55 15.35 7.86 7.89 7.91 7.92 7.94 7.94 7.95 7.96 7.94 7.80 7.46 7.15 6.88 6.54 6.30 6.06 5.83 5.64 5.52 5.35 5.20 5.02 4.94 4.95 4.95 4.97 4.92 4.89 4.76 4.54 4.52 4.56 4.56 4.55 4.59 4.67 4.73 4.79 4.85 3.75 3.62 3.63 3.61 3.54 3.48 3.43 3.37 3.32 3.28 3.22 3.17 3.14 3.09 3.04 2.99 2.95 2.92 2.87 2.84 2.81 2.77 2.74 2.70 2.67 2.65 2.61 2.52 2.46 2.46 2.41 2.39 2.37 2.35 2.31 2.30 2.31 2.31 2.27 2.27 2.24 2.23 2.20 2.19 2.17 2.15 2.14 2.12 2.09 2.06 2.02 2.01 2.02 2.02 2.09 2.10 2.09 2.07 2.09 2.11 2.14 2.15 2.22 2.23 2.28 2.29 2.35 2.37 2.41 2.44 2.49 2.51 2.57 2.62 2.68 2.71 2.75 2.78 2.92 3.11 3.18 3.23 3.48 3.29 3.18 3.23 3.32 3.39 3.49 3.56 3.68 3.75 3.88 3.97 4.10 6.06 4.98 6.67 6.90 7.07 7.14 7.03 6.73 1.62 1.60 1.61 1.60 1.60 1.65 1.64 1.64 1.64 1.63 1.63 1.64 1.63 -4.917326 6.992335 -0.523903 -4.882691 6.972324 -0.523903 1261.020231 magnum 49.527904
ODOM -4.788231 6.917749 -0.519301 0.500000 0.000213 0.000000 1261.163149 magnum 49.641777
ODOM -4.744762 6.892901 -0.505495 0.509500 0.000431 0.000000 1261.283155 magnum 49.762655
FLASER 360 1.02 1.02 1.02 1.02 1.02 1.02 1.02 1.02 1.02 1.02 1.02 1.02 1.02 1.02 1.02 1.02 1.03 1.02 1.02 1.03 1.03 1.03 1.03 1.03 1.03 1.03 1.03 1.04 1.03 1.04 1.04 1.04 1.04 1.04 1.04 1.04 1.03 1.04 1.04 1.04 1.04 1.04 1.04 1.04 1.04 1.05 1.05 1.05 1.06 1.06 1.06 1.03 1.03 1.03 1.04 1.05 1.05 1.10 1.11 1.12 1.13 1.13 1.14 1.15 1.15 1.15 1.15 1.15 1.16 1.17 1.17 1.18 1.18 1.19 1.20 1.20 1.21 1.22 1.22 1.22 1.23 1.24 1.25 1.26 1.27 1.28 1.29 1.30 1.31 1.31 1.31 1.33 1.35 1.35 1.37 1.38 1.38 1.38 1.39 1.40 1.42 1.44 1.45 1.45 1.47 1.49 1.50 1.52 1.53 1.54 1.55 1.56 1.58 1.60 1.62 1.63 1.65 1.67 1.69 1.71 1.73 1.74 1.76 1.78 1.80 1.83 1.85 1.88 1.91 1.93 1.96 1.98 2.02 2.02 2.03 2.00 2.05 2.24 3.03 3.01 3.00 2.97 2.96 2.94 2.94 2.92 2.91 2.90 2.90 2.90 2.93 2.91 2.90 2.88 2.90 3.06 3.14 3.24 3.28 3.30 3.40 3.50 3.68 3.80 3.93 4.03 4.01 4.07 4.24 4.28 4.45 4.70 4.70 4.70 4.86 6.32 6.42 7.28 7.32 7.72 7.77 7.76 7.76 7.78 7.78 7.77 7.77 7.76 7.76 7.75 7.70 7.80 25.60 25.58 25.59 25.57 25.59 25.58 25.60 25.63 25.68 24.35 19.73 18.28 15.28 7.76 7.76 7.81 7.81 7.83 7.84 7.83 7.84 7.84 7.81 7.61 7.29 7.00 6.74 6.41 6.15 5.93 5.74 5.54 5.45 5.28 5.12 4.96 4.86 4.84 4.85 4.87 4.85 4.80 4.71 4.50 4.44 4.44 4.48 4.44 4.47 4.52 4.60 4.65 4.73 4.77 3.67 3.54 3.55 3.52 3.46 3.41 3.36 3.31 3.26 3.21 3.16 3.12 3.07 3.04 2.98 2.95 2.91 2.86 2.84 2.80 2.78 2.73 2.71 2.67 2.64 2.62 2.58 2.55 2.51 2.42 2.39 2.38 2.34 2.31 2.29 2.28 2.25 2.23 2.24 2.24 2.23 2.21 2.19 2.17 2.15 2.13 2.13 2.11 2.08 2.07 2.06 2.04 2.01 1.97 1.95 1.95 1.97 2.01 2.04 2.04 2.02 2.01 2.05 2.07 2.11 2.14 2.20 2.22 2.27 2.28 2.33 2.35 2.43 2.43 2.50 2.53 2.61 2.65 2.70 2.71 2.82 2.96 3.15 3.20 3.52 3.25 3.16 3.22 3.31 3.39 3.50 3.58 3.69 3.80 3.93 4.03 6.15 4.75 6.86 7.04 7.11 6.99 6.75 6.69 6.72 6.72 6.77 6.83 6.37 1.61 1.60 1.59 1.59 1.59 -4.796148 6.921880 -0.510733 -4.761253 6.902328 -0.510733 1261.230623 magnum 49.762830
ODOM -4.701346 6.868872 -0.479417 0.498000 0.000594 0.000000 1261.403238 magnum 49.883527
ODOM -4.656723 6.845674 -0.448737 0.494000 0.000582 0.000000 1261.523208 magnum 50.002190
FLASER 360 1.01 1.00 1.01 1.00 1.00 1.00 1.01 1.01 1.01 1.01 1.01 1.01 1.01 1.01 1.01 1.01 1.01 1.01 1.02 1.02 1.02 1.02 1.02 1.02 1.02 1.01 1.03 1.03 1.03 1.03 1.03 1.03 1.03 1.03 1.03 1.04 1.03 0.99 1.00 0.99 0.99 1.00 1.00 1.04 1.04 1.07 1.08 1.08 1.08 1.08 1.08 1.09 1.09 1.09 1.10 1.10 1.11 1.11 1.12 1.12 1.13 1.13 1.14 1.14 1.15 1.15 1.15 1.16 1.16 1.17 1.17 1.18 1.19 1.19 1.20 1.21 1.22 1.22 1.22 1.23 1.24 1.25 1.26 1.28 1.28 1.28 1.29 1.31 1.31 1.32 1.33 1.34 1.35 1.37 1.38 1.37 1.39 1.40 1.40 1.43 1.44 1.45 1.46 1.48 1.49 1.51 1.52 1.54 1.55 1.57 1.58 1.60 1.61 1.63 1.65 1.66 1.67 1.70 1.72 1.75 1.76 1.78 1.80 1.84 1.85 1.88 1.90 1.93 1.93 1.91 1.91 2.03 2.11 2.94 2.93 2.90 2.90 2.87 2.86 2.84 2.84 2.82 2.82 2.79 2.79 2.80 2.83 2.81 2.81 2.77 2.79 2.94 2.99 3.12 3.17 3.18 3.24 3.37 3.44 3.63 3.70 3.90 3.93 3.93 3.97 4.13 4.19 4.61 4.61 4.59 4.61 4.80 4.81 6.33 7.18 7.21 7.51 7.64 7.64 7.64 7.67 7.67 7.67 7.66 7.66 7.64 7.66 7.59 7.60 25.47 25.47 25.46 25.47 25.47 25.48 25.48 25.50 25.58 24.41 19.62 19.60 15.20 15.15 7.63 7.67 7.70 7.70 7.72 7.74 7.74 7.74 7.73 7.68 7.32 7.12 6.75 6.56 6.20 6.05 5.78 5.65 5.42 5.37 5.15 5.02 4.85 4.78 4.74 4.75 4.77 4.78 4.72 4.68 4.48 4.35 4.33 4.37 4.36 4.37 4.41 4.46 4.55 4.59 4.66 4.72 3.57 3.45 3.44 3.45 3.39 3.35 3.28 3.25 3.18 3.14 3.09 3.06 3.01 2.97 2.92 2.90 2.85 2.82 2.78 2.76 2.72 2.70 2.66 2.64 2.60 2.57 2.53 2.53 2.49 2.47 2.42 2.34 2.31 2.31 2.28 2.25 2.22 2.22 2.20 2.18 2.15 2.18 2.16 2.15 2.13 2.13 2.10 2.09 2.07 2.07 2.05 2.03 2.01 2.00 1.99 1.98 1.93 1.91 1.90 1.90 1.92 1.98 1.98 2.00 1.97 1.99 2.01 2.05 2.09 2.13 2.18 2.21 2.25 2.29 2.33 2.37 2.41 2.45 2.53 2.59 2.64 2.68 2.74 2.87 3.13 3.21 3.51 3.20 3.14 3.22 3.32 3.40 3.52 3.62 3.75 3.87 4.02 6.35 4.74 7.09 7.07 6.98 6.70 6.69 6.71 6.73 6.80 6.82 6.36 6.36 6.35 6.35 6.35 6.34 6.32 -4.716885 6.876324 -0.465526 -4.681142 6.858368 -0.465526 1261.450687 magnum 50.002356
ODOM -4.612103 6.824189 -0.414989 0.510500 0.000722 0.000000 1261.643193 magnum 50.121764
ODOM -4.519751 6.783501 -0.352095 0.516500 0.000823 0.000000 1261.763138 magnum 50.241818
FLASER 360 0.99 0.99 0.99 0.99 0.99 0.99 1.00 1.00 1.00 1.00 1.00 1.00 1.00 1.01 1.01 1.00 1.00 0.97 0.98 0.97 0.97 0.96 0.96 0.99 0.97 1.03 1.04 1.04 1.05 1.06 1.05 1.05 1.06 1.05 1.05 1.06 1.06 1.07 1.06 1.07 1.07 1.08 1.08 1.08 1.08 1.09 1.09 1.09 1.10 1.10 1.11 1.11 1.12 1.12 1.13 1.14 1.14 1.14 1.14 1.14 1.14 1.17 1.17 1.17 1.17 1.18 1.19 1.20 1.20 1.20 1.21 1.22 1.22 1.24 1.24 1.25 1.26 1.27 1.27 1.29 1.29 1.30 1.31 1.32 1.32 1.34 1.35 1.36 1.37 1.38 1.39 1.40 1.41 1.43 1.44 1.45 1.46 1.49 1.49 1.52 1.52 1.54 1.55 1.57 1.58 1.60 1.61 1.64 1.64 1.68 1.69 1.72 1.73 1.76 1.77 1.80 1.82 1.83 1.83 1.80 1.81 1.95 2.00 2.86 2.86 2.83 2.83 2.79 2.79 2.75 2.75 2.74 2.74 2.71 2.71 2.68 2.69 2.72 2.72 2.69 2.69 2.68 2.70 2.88 2.92 3.04 3.08 3.09 3.13 3.28 3.32 3.53 3.58 3.75 3.82 3.81 3.84 4.02 4.02 4.44 4.51 4.48 4.48 4.57 4.71 6.16 6.22 7.06 7.10 7.53 7.55 7.53 7.54 7.56 7.57 7.55 7.55 7.54 7.54 7.52 7.50 7.63 25.36 25.36 25.36 25.35 25.37 25.37 25.37 25.43 25.48 22.47 19.51 18.05 18.22 7.55 7.55 7.57 7.58 7.59 7.61 7.62 7.62 7.63 7.64 7.54 7.42 6.96 6.83 6.41 6.28 5.94 5.84 5.56 5.46 5.29 5.20 4.96 4.89 4.70 4.66 4.65 4.65 4.68 4.67 4.61 4.57 4.35 4.26 4.24 4.27 4.27 4.27 4.31 4.35 4.44 4.49 4.57 4.62 3.65 3.47 3.36 3.36 3.32 3.30 3.22 3.20 3.13 3.11 3.05 3.03 2.97 2.95 2.90 2.87 2.83 2.81 2.76 2.74 2.70 2.68 2.63 2.62 2.57 2.56 2.52 2.51 2.47 2.45 2.42 2.41 2.37 2.33 2.24 2.24 2.23 2.21 2.17 2.16 2.14 2.15 2.11 2.10 2.10 2.11 2.09 2.09 2.06 2.05 2.03 2.02 2.01 2.00 1.99 1.97 1.95 1.95 1.93 1.93 1.89 1.87 1.85 1.85 1.86 1.93 1.94 1.95 1.92 1.93 1.96 1.99 2.04 2.09 2.13 2.17 2.21 2.25 2.31 2.35 2.41 2.45 2.55 2.59 2.65 2.70 2.88 3.13 3.45 3.27 3.10 3.13 3.27 3.35 3.50 3.59 3.76 3.86 4.03 4.70 7.10 7.03 6.91 6.66 6.73 6.68 6.74 6.79 6.49 6.36 6.36 6.35 6.34 6.35 6.32 6.31 7.07 7.13 7.12 7.12 7.21 -4.630442 6.831719 -0.402413 -4.593637 6.816054 -0.402413 1261.660299 magnum 50.241990
ODOM -4.472594 6.766175 -0.339823 0.495500 0.000162 0.000000 1261.889921 magnum 50.372669
FLASER 360 0.96 0.98 0.98 1.02 1.02 1.02 1.02 1.02 1.02 1.02 1.02 1.02 1.03 1.03 1.03 1.03 1.04 1.04 1.04 1.05 1.04 1.05 1.05 1.06 1.06 1.06 1.06 1.07 1.07 1.07 1.08 1.08 1.08 1.08 1.08 1.09 1.09 1.09 1.09 1.10 1.10 1.12 1.12 1.12 1.13 1.13 1.13 1.13 1.13 1.16 1.16 1.15 1.17 1.17 1.17 1.19 1.19 1.20 1.20 1.20 1.20 1.21 1.22 1.23 1.23 1.25 1.25 1.27 1.27 1.28 1.29 1.30 1.30 1.32 1.32 1.34 1.34 1.36 1.36 1.38 1.39 1.39 1.41 1.42 1.44 1.45 1.46 1.48 1.48 1.50 1.52 1.53 1.54 1.57 1.57 1.60 1.61 1.63 1.64 1.67 1.68 1.71 1.73 1.74 1.75 1.71 1.72 1.74 1.81 2.81 2.81 2.77 2.76 2.73 2.73 2.70 2.70 2.66 2.66 2.64 2.65 2.62 2.62 2.59 2.59 2.62 2.64 2.61 2.60 2.57 2.58 2.70 2.76 2.86 2.90 2.97 2.97 3.05 3.12 3.26 3.35 3.49 3.54 3.70 3.70 3.72 3.84 3.91 3.93 4.40 4.40 4.37 4.38 4.49 4.64 6.06 6.12 6.95 7.00 7.41 7.43 7.42 7.42 7.45 7.46 7.43 7.44 7.42 7.43 7.42 7.40 7.41 7.52 25.25 25.26 25.25 25.26 25.26 25.27 25.29 25.34 24.07 19.50 19.37 17.95 14.92 7.45 7.43 7.47 7.49 7.49 7.50 7.52 7.52 7.53 7.51 7.45 7.06 6.91 6.53 6.36 6.03 5.91 5.63 5.53 5.26 5.23 5.01 4.94 4.76 4.70 4.54 4.54 4.55 4.57 4.55 4.53 4.47 4.40 4.16 4.14 4.14 4.20 4.16 4.17 4.24 4.28 4.38 4.42 4.49 4.55 3.35 3.39 3.26 3.26 3.24 3.21 3.14 3.11 3.06 3.04 2.98 2.96 2.91 2.89 2.84 2.82 2.78 2.76 2.70 2.68 2.64 2.62 2.59 2.57 2.54 2.51 2.49 2.46 2.43 2.41 2.39 2.38 2.34 2.33 2.30 2.27 2.19 2.17 2.16 2.14 2.12 2.10 2.07 2.08 2.06 2.05 2.02 2.03 2.03 2.03 2.00 2.00 1.99 1.98 1.96 1.95 1.94 1.93 1.92 1.91 1.90 1.89 1.87 1.86 1.84 1.81 1.80 1.80 1.80 1.87 1.88 1.90 1.88 1.87 1.91 1.95 2.00 2.05 2.10 2.15 2.20 2.24 2.31 2.33 2.41 2.50 2.57 2.62 2.71 2.95 3.33 3.31 3.08 3.08 3.24 3.34 3.50 3.61 3.81 3.92 4.73 7.02 6.91 6.66 6.74 6.68 6.74 6.76 6.59 6.34 6.35 6.34 6.34 6.33 6.31 6.31 6.53 7.13 7.12 7.13 7.21 7.21 6.83 6.84 6.81 6.83 6.85 1.60 1.60 -4.511451 6.779941 -0.340122 -4.473742 6.766597 -0.340122 1261.880200 magnum 50.372856
ODOM -4.424572 6.749198 -0.338289 0.513500 0.000050 0.000000 1262.003289 magnum 50.482768
ODOM -4.376969 6.732451 -0.336755 0.492500 0.000095 0.000000 1262.122842 magnum 50.602754
FLASER 360 1.02 1.02 1.02 1.02 1.03 1.03 1.03 1.03 1.04 1.04 1.04 1.04 1.04 1.05 1.05 1.05 1.06 1.06 1.06 1.07 1.07 1.07 1.07 1.08 1.08 1.08 1.08 1.08 1.09 1.09 1.09 1.09 1.10 1.10 1.11 1.11 1.11 1.13 1.12 1.12 1.13 1.13 1.14 1.14 1.14 1.15 1.15 1.16 1.16 1.17 1.17 1.18 1.19 1.20 1.20 1.20 1.20 1.22 1.22 1.24 1.24 1.25 1.26 1.26 1.27 1.28 1.29 1.30 1.30 1.31 1.32 1.33 1.35 1.36 1.36 1.37 1.38 1.39 1.40 1.41 1.43 1.44 1.45 1.47 1.48 1.50 1.51 1.52 1.53 1.55 1.57 1.59 1.60 1.62 1.63 1.65 1.66 1.65 1.64 1.63 1.65 1.80 1.67 2.74 2.73 2.69 2.69 2.66 2.66 2.63 2.62 2.59 2.58 2.55 2.56 2.54 2.53 2.51 2.51 2.47 2.51 2.52 2.52 2.49 2.50 2.46 2.54 2.65 2.71 2.77 2.86 2.87 2.89 2.95 3.05 3.15 3.27 3.37 3.45 3.57 3.61 3.58 3.65 3.82 3.82 3.96 4.30 4.28 4.27 4.30 4.39 5.88 5.93 6.81 6.86 6.92 7.29 7.32 7.32 7.30 7.34 7.33 7.34 7.32 7.32 7.31 7.31 7.28 7.27 25.15 25.16 25.14 25.15 25.14 25.17 25.17 25.19 25.24 25.22 22.26 19.30 17.83 14.84 14.79 7.31 7.34 7.37 7.37 7.39 7.39 7.41 7.42 7.42 7.35 7.22 6.90 6.65 6.38 6.13 5.89 5.74 5.51 5.36 5.15 5.10 4.92 4.80 4.66 4.58 4.45 4.45 4.44 4.46 4.47 4.43 4.40 4.31 4.14 4.04 4.03 4.07 4.07 4.06 4.09 4.16 4.23 4.30 4.36 4.42 4.50 4.56 3.27 3.16 3.17 3.17 3.12 3.07 3.04 3.00 2.96 2.92 2.88 2.85 2.81 2.78 2.74 2.71 2.68 2.65 2.63 2.60 2.56 2.54 2.51 2.49 2.46 2.44 2.41 2.40 2.37 2.34 2.32 2.30 2.28 2.26 2.24 2.22 2.20 2.13 2.10 2.09 2.08 2.06 2.04 2.03 2.01 2.01 2.00 1.97 1.95 1.96 1.96 1.96 1.95 1.94 1.93 1.93 1.92 1.90 1.88 1.88 1.86 1.86 1.85 1.84 1.83 1.83 1.80 1.80 1.77 1.75 1.74 1.75 1.77 1.84 1.83 1.83 1.82 1.85 1.88 1.95 2.01 2.09 2.12 2.18 2.22 2.29 2.35 2.47 2.53 2.59 2.68 3.23 3.44 3.07 3.05 3.19 3.31 3.46 3.62 3.82 4.11 6.88 6.67 6.64 6.65 6.67 6.73 6.79 6.33 6.31 6.31 6.31 6.31 6.31 6.30 6.33 7.13 7.10 7.13 7.20 7.20 6.84 6.83 6.82 6.82 6.84 6.90 7.12 6.77 -4.425272 6.749393 -0.337095 -4.387523 6.736163 -0.337095 1262.090598 magnum 50.602931
ODOM -4.330783 6.716281 -0.335221 0.483500 0.000006 0.000000 1262.242424 magnum 50.721728
ODOM -4.237363 6.683736 -0.335221 0.501000 0.000000 0.000000 1262.363083 magnum 50.844568
FLASER 360 1.03 1.03 1.03 1.03 1.03 1.03 1.04 1.04 1.04 1.05 1.05 1.05 1.06 1.05 1.06 1.06 1.07 1.07 1.07 1.08 1.08 1.08 1.08 1.08 1.09 1.10 1.10 1.09 1.10 1.10 1.10 1.11 1.11 1.12 1.12 1.12 1.12 1.12 1.13 1.13 1.14 1.14 1.14 1.15 1.16 1.16 1.17 1.17 1.18 1.18 1.18 1.20 1.21 1.21 1.21 1.21 1.22 1.23 1.23 1.25 1.26 1.27 1.27 1.28 1.29 1.30 1.30 1.31 1.32 1.33 1.34 1.35 1.36 1.36 1.37 1.38 1.39 1.41 1.42 1.44 1.44 1.46 1.47 1.49 1.50 1.52 1.52 1.54 1.56 1.57 1.59 1.57 1.57 1.56 1.57 1.64 1.72 2.69 2.68 2.67 2.67 2.63 2.63 2.59 2.58 2.56 2.55 2.52 2.51 2.47 2.47 2.45 2.45 2.43 2.42 2.40 2.40 2.43 2.43 2.42 2.40 2.38 2.38 2.44 2.54 2.60 2.65 2.72 2.78 2.76 2.83 2.89 2.96 3.07 3.17 3.26 3.35 3.45 3.52 3.46 3.53 3.70 3.70 3.80 4.19 4.18 4.18 4.16 4.22 4.38 5.79 5.86 6.29 6.75 6.80 7.18 7.23 7.22 7.21 7.23 7.24 7.23 7.23 7.21 7.22 7.20 7.20 7.15 7.31 25.03 25.05 25.04 25.03 25.04 25.05 25.05 25.09 25.14 23.87 19.19 19.16 17.85 14.70 7.23 7.22 7.25 7.28 7.28 7.29 7.30 7.31 7.31 7.31 7.23 7.02 6.74 6.48 6.21 5.98 5.76 5.58 5.39 5.23 5.02 4.97 4.83 4.69 4.57 4.47 4.36 4.34 4.34 4.36 4.38 4.34 4.30 4.24 4.15 3.96 3.93 3.96 3.98 3.97 3.97 4.03 4.09 4.17 4.22 4.29 4.35 4.42 4.49 3.18 3.07 3.09 3.07 3.04 3.00 2.96 2.91 2.88 2.85 2.81 2.78 2.75 2.71 2.68 2.65 2.63 2.60 2.57 2.54 2.53 2.49 2.46 2.43 2.40 2.40 2.37 2.34 2.33 2.30 2.28 2.26 2.24 2.22 2.21 2.19 2.18 2.16 2.14 2.09 2.04 2.02 2.02 2.01 1.98 1.96 1.95 1.94 1.95 1.94 1.91 1.89 1.90 1.91 1.90 1.89 1.88 1.87 1.86 1.85 1.84 1.83 1.83 1.82 1.81 1.80 1.79 1.78 1.78 1.77 1.76 1.75 1.72 1.70 1.69 1.69 1.70 1.77 1.80 1.80 1.78 1.78 1.84 1.88 1.99 2.02 2.10 2.16 2.24 2.27 2.42 2.47 2.56 2.72 3.47 3.06 3.00 3.11 3.32 3.45 3.69 3.88 6.78 6.59 6.69 6.68 6.75 6.79 6.40 6.30 6.33 6.33 6.32 6.31 6.31 6.30 7.10 7.09 7.12 7.19 7.19 6.94 6.89 6.84 6.84 6.89 6.91 6.78 -4.319084 6.712206 -0.335221 -4.281310 6.699046 -0.335221 1262.300236 magnum 50.844725
ODOM -4.190262 6.667328 -0.333687 0.508000 0.000011 0.000000 1262.482942 magnum 50.961367
ODOM -4.142582 6.650800 -0.338289 0.493500 -0.000017 0.000000 1262.602920 magnum 51.082588
FLASER 360 1.05 1.05 1.05 1.05 1.05 1.06 1.06 1.05 1.05 1.06 1.06 1.07 1.07 1.07 1.08 1.08 1.08 1.08 1.08 1.09 1.08 1.08 1.08 1.09 1.09 1.10 1.11 1.11 1.11 1.11 1.11 1.12 1.12 1.12 1.13 1.13 1.13 1.14 1.14 1.14 1.15 1.15 1.16 1.16 1.17 1.17 1.18 1.18 1.19 1.20 1.19 1.21 1.21 1.22 1.22 1.23 1.23 1.24 1.25 1.26 1.27 1.27 1.28 1.29 1.30 1.30 1.31 1.32 1.32 1.34 1.35 1.37 1.37 1.38 1.39 1.40 1.41 1.42 1.44 1.44 1.46 1.47 1.49 1.51 1.51 1.50 1.50 1.47 1.48 1.50 1.59 2.67 2.66 2.64 2.63 2.60 2.60 2.57 2.56 2.52 2.51 2.47 2.47 2.44 2.44 2.41 2.40 2.37 2.36 2.34 2.35 2.32 2.32 2.29 2.31 2.34 2.34 2.30 2.30 2.28 2.31 2.41 2.47 2.53 2.58 2.65 2.69 2.68 2.74 2.79 2.86 2.94 3.06 3.14 3.21 3.31 3.39 3.39 3.40 3.59 3.60 3.59 3.71 4.08 4.08 4.07 4.07 4.12 4.26 5.69 5.71 5.88 6.66 6.65 7.00 7.12 7.12 7.10 7.12 7.14 7.14 7.12 7.12 7.11 7.11 7.10 7.08 7.07 24.94 24.93 24.95 24.92 24.94 24.93 24.96 24.95 25.00 25.02 23.72 19.09 19.04 14.72 14.61 7.12 7.11 7.16 7.16 7.17 7.18 7.19 7.21 7.21 7.20 7.13 6.91 6.63 6.39 6.13 5.90 5.69 5.51 5.32 5.16 4.97 4.89 4.77 4.64 4.51 4.42 4.31 4.25 4.24 4.25 4.27 4.27 4.22 4.20 4.10 3.99 3.84 3.84 3.85 3.89 3.87 3.88 3.93 4.01 4.07 4.14 4.20 4.28 4.33 4.41 3.04 3.02 2.98 2.99 2.98 2.93 2.90 2.85 2.82 2.79 2.76 2.72 2.70 2.66 2.64 2.61 2.58 2.55 2.52 2.50 2.47 2.44 2.41 2.40 2.37 2.35 2.33 2.31 2.29 2.26 2.25 2.23 2.21 2.19 2.18 2.16 2.14 2.12 2.10 2.10 2.08 2.06 2.03 1.97 1.95 1.94 1.95 1.92 1.91 1.89 1.88 1.87 1.87 1.85 1.83 1.83 1.83 1.84 1.84 1.83 1.82 1.81 1.80 1.79 1.78 1.78 1.78 1.77 1.77 1.75 1.75 1.74 1.73 1.72 1.71 1.71 1.70 1.68 1.66 1.66 1.66 1.65 1.71 1.76 1.76 1.74 1.74 1.82 1.86 1.99 2.03 2.13 2.19 2.31 2.41 2.51 2.63 3.09 3.01 2.99 3.18 3.45 3.65 3.92 6.67 6.68 6.71 6.76 6.78 6.31 6.29 6.30 6.31 6.31 6.29 6.29 6.29 7.11 7.09 7.13 7.18 7.18 6.90 6.91 6.88 6.90 6.92 -4.210838 6.674531 -0.335347 -4.173066 6.661367 -0.335347 1262.520164 magnum 51.082743
ODOM -4.095976 6.634403 -0.339823 0.503000 -0.000112 0.000000 1262.722419 magnum 51.201563
ODOM -4.048061 6.617464 -0.341357 0.512000 -0.000034 0.000000 1262.843227 magnum 51.325038
FLASER 360 1.05 1.07 1.07 1.07 1.07 1.07 1.06 1.07 1.07 1.07 1.08 1.08 1.08 1.08 1.08 1.09 1.09 1.09 1.09 1.09 1.09 1.10 1.10 1.10 1.11 1.11 1.11 1.11 1.13 1.13 1.13 1.13 1.13 1.14 1.14 1.14 1.15 1.15 1.15 1.15 1.16 1.16 1.16 1.17 1.18 1.18 1.19 1.19 1.20 1.21 1.21 1.22 1.22 1.22 1.23 1.23 1.24 1.25 1.26 1.27 1.27 1.28 1.29 1.30 1.31 1.32 1.32 1.33 1.35 1.35 1.37 1.37 1.38 1.39 1.40 1.41 1.43 1.44 1.45 1.44 1.43 1.40 1.42 1.43 1.49 1.44 2.67 2.63 2.61 2.57 2.57 2.54 2.53 2.52 2.49 2.46 2.44 2.41 2.40 2.37 2.36 2.34 2.33 2.31 2.30 2.28 2.27 2.25 2.25 2.23 2.23 2.23 2.25 2.25 2.23 2.21 2.21 2.21 2.27 2.35 2.39 2.44 2.50 2.56 2.59 2.58 2.65 2.68 2.76 2.83 2.94 3.00 3.08 3.15 3.24 3.32 3.29 3.32 3.50 3.50 3.50 3.60 4.00 3.99 3.98 3.96 3.99 4.11 4.17 5.59 5.68 6.52 6.56 6.58 6.97 7.02 7.02 7.01 7.02 7.03 7.03 7.01 7.01 7.00 7.01 7.00 6.97 6.97 24.85 24.83 24.83 24.83 24.83 24.84 24.85 24.84 24.88 24.93 23.64 18.98 18.95 17.64 14.50 7.01 7.01 7.05 7.07 7.07 7.08 7.08 7.10 7.10 7.11 7.08 6.90 6.65 6.36 6.16 5.88 5.70 5.50 5.33 5.16 4.98 4.82 4.76 4.63 4.52 4.40 4.30 4.20 4.14 4.15 4.14 4.18 4.16 4.12 4.11 4.01 3.94 3.75 3.71 3.73 3.79 3.75 3.73 3.82 3.87 3.96 4.01 4.09 4.13 4.22 4.28 4.37 2.95 2.95 2.88 2.90 2.88 2.85 2.81 2.78 2.74 2.72 2.68 2.65 2.62 2.59 2.57 2.53 2.52 2.49 2.45 2.43 2.41 2.39 2.37 2.34 2.33 2.30 2.28 2.26 2.24 2.22 2.20 2.19 2.17 2.15 2.13 2.11 2.10 2.08 2.07 2.05 2.04 2.03 2.01 1.99 1.98 1.94 1.90 1.88 1.88 1.88 1.87 1.84 1.82 1.82 1.81 1.81 1.81 1.79 1.78 1.77 1.76 1.79 1.78 1.78 1.77 1.76 1.75 1.74 1.74 1.73 1.72 1.72 1.71 1.71 1.70 1.69 1.68 1.68 1.68 1.67 1.66 1.66 1.65 1.62 1.61 1.61 1.60 1.70 1.69 1.71 1.69 1.72 1.80 1.96 2.00 2.15 2.19 2.40 2.45 3.00 3.00 2.95 3.17 3.54 3.79 6.60 6.65 6.72 6.75 6.34 6.28 6.27 6.28 6.27 6.26 6.26 6.27 7.09 7.08 7.16 7.17 7.17 6.83 6.85 6.82 -4.128217 6.645809 -0.339998 -4.090507 6.632470 -0.339998 1262.730238 magnum 51.325239
ODOM -4.000173 6.600450 -0.344425 0.499500 -0.000118 0.000000 1262.950965 magnum 51.435818
FLASER 360 1.07 1.07 1.06 1.08 1.08 1.08 1.07 1.08 1.08 1.08 1.08 1.09 1.09 1.09 1.09 1.09 1.09 1.09 1.10 1.09 1.11 1.11 1.11 1.12 1.12 1.12 1.13 1.13 1.13 1.13 1.14 1.14 1.14 1.15 1.15 1.15 1.15 1.15 1.15 1.16 1.17 1.17 1.17 1.18 1.18 1.19 1.19 1.20 1.20 1.21 1.22 1.22 1.22 1.23 1.24 1.25 1.25 1.26 1.27 1.28 1.28 1.29 1.30 1.31 1.31 1.32 1.33 1.34 1.36 1.37 1.38 1.38 1.38 1.35 1.34 1.34 1.35 1.39 1.48 2.68 2.66 2.63 2.61 2.57 2.56 2.52 2.50 2.46 2.45 2.44 2.43 2.39 2.38 2.35 2.33 2.30 2.29 2.27 2.26 2.23 2.22 2.21 2.20 2.18 2.17 2.14 2.14 2.12 2.13 2.16 2.16 2.14 2.14 2.11 2.11 2.15 2.23 2.28 2.32 2.36 2.40 2.46 2.50 2.47 2.54 2.57 2.66 2.70 2.78 2.87 2.94 3.01 3.09 3.17 3.22 3.16 3.22 3.40 3.41 3.39 3.49 3.89 3.89 3.87 3.86 3.86 3.97 4.11 5.39 5.49 5.58 6.43 6.45 6.48 6.88 6.91 6.91 6.89 6.92 6.92 6.92 6.91 6.91 6.90 6.90 6.89 6.87 6.85 7.01 24.72 24.72 24.72 24.73 24.72 24.73 24.73 24.75 24.82 24.48 18.88 18.86 17.59 14.40 14.37 6.90 6.91 6.96 6.96 6.96 6.96 6.98 6.99 7.00 6.98 6.91 6.68 6.41 6.17 5.95 5.72 5.53 5.34 5.17 4.99 4.85 4.70 4.64 4.52 4.41 4.29 4.21 4.10 4.04 4.03 4.04 4.05 4.08 4.02 4.01 3.94 3.87 3.69 3.62 3.61 3.66 3.66 3.65 3.66 3.72 3.80 3.89 3.94 4.01 4.07 4.14 4.20 4.30 4.35 2.88 2.80 2.80 2.80 2.78 2.74 2.72 2.68 2.65 2.62 2.59 2.56 2.54 2.52 2.47 2.44 2.43 2.41 2.39 2.36 2.33 2.32 2.29 2.27 2.26 2.24 2.21 2.20 2.19 2.17 2.15 2.12 2.11 2.10 2.08 2.06 2.05 2.04 2.02 2.00 1.99 1.98 1.97 1.95 1.94 1.92 1.93 1.91 1.85 1.83 1.81 1.80 1.81 1.79 1.78 1.77 1.76 1.75 1.75 1.75 1.73 1.71 1.70 1.70 1.73 1.72 1.73 1.71 1.72 1.71 1.69 1.68 1.68 1.68 1.68 1.68 1.67 1.67 1.65 1.65 1.65 1.64 1.63 1.63 1.63 1.62 1.61 1.60 1.58 1.58 1.58 1.59 1.68 1.68 1.68 1.67 1.81 1.95 2.11 2.18 2.44 2.68 2.95 2.95 3.61 3.87 6.69 6.74 6.40 6.25 6.27 6.26 6.25 6.25 6.26 6.26 6.53 7.09 7.11 7.17 7.18 6.87 -4.040056 6.614744 -0.344282 -4.002403 6.601243 -0.344282 1262.940310 magnum 51.436020
ODOM -3.905938 6.566646 -0.350561 0.506500 -0.000162 0.000000 1263.063614 magnum 51.543303
ODOM -3.858754 6.549393 -0.353629 0.493000 0.000034 0.000000 1263.170446 magnum 51.662736
FLASER 360 1.07 1.08 1.09 1.09 1.08 1.08 1.09 1.09 1.09 1.09 1.09 1.09 1.09 1.09 1.09 1.10 1.10 1.10 1.11 1.11 1.12 1.12 1.12 1.13 1.12 1.14 1.14 1.14 1.14 1.15 1.15 1.15 1.15 1.15 1.15 1.15 1.15 1.16 1.16 1.17 1.17 1.17 1.18 1.18 1.19 1.20 1.20 1.21 1.22 1.22 1.22 1.22 1.23 1.24 1.25 1.26 1.27 1.27 1.28 1.28 1.29 1.30 1.31 1.32 1.32 1.31 1.31 1.29 1.29 1.29 1.31 1.32 1.30 2.69 2.67 2.63 2.61 2.58 2.56 2.53 2.51 2.46 2.44 2.41 2.41 2.38 2.37 2.35 2.33 2.28 2.28 2.24 2.23 2.21 2.20 2.17 2.17 2.14 2.13 2.10 2.10 2.08 2.08 2.06 2.05 2.07 2.08 2.07 2.07 2.03 2.03 2.02 2.06 2.13 2.18 2.21 2.24 2.27 2.31 2.39 2.40 2.38 2.45 2.46 2.55 2.58 2.67 2.75 2.81 2.87 2.93 3.00 3.08 3.11 3.07 3.13 3.31 3.32 3.32 3.39 3.74 3.79 3.79 3.75 3.75 3.80 3.92 5.05 5.34 5.39 5.50 6.33 6.34 6.39 6.76 6.80 6.80 6.80 6.81 6.81 6.81 6.80 6.81 6.80 6.79 6.79 6.77 6.74 6.90 24.62 24.61 24.62 24.60 24.62 24.61 24.64 24.63 24.69 24.70 23.37 18.78 18.73 14.39 14.27 6.82 6.79 6.84 6.84 6.86 6.87 6.87 6.87 6.89 6.88 6.88 6.74 6.48 6.25 6.01 5.78 5.58 5.39 5.22 5.04 4.88 4.75 4.61 4.55 4.43 4.32 4.22 4.12 4.02 3.94 3.93 3.93 3.94 3.98 3.94 3.92 3.88 3.80 3.72 3.55 3.52 3.53 3.57 3.56 3.55 3.56 3.63 3.70 3.79 3.84 3.93 3.99 4.07 4.12 4.22 4.26 2.76 2.80 2.70 2.70 2.71 2.68 2.65 2.62 2.59 2.55 2.54 2.51 2.47 2.45 2.42 2.41 2.37 2.36 2.34 2.32 2.29 2.27 2.26 2.24 2.21 2.20 2.18 2.17 2.14 2.12 2.11 2.10 2.08 2.06 2.04 2.03 2.02 2.00 1.98 1.98 1.96 1.95 1.93 1.92 1.92 1.90 1.89 1.88 1.87 1.86 1.86 1.85 1.79 1.77 1.75 1.74 1.76 1.75 1.72 1.71 1.71 1.69 1.69 1.69 1.70 1.68 1.66 1.66 1.67 1.67 1.68 1.68 1.67 1.67 1.66 1.66 1.66 1.65 1.65 1.64 1.64 1.63 1.63 1.63 1.63 1.62 1.61 1.60 1.60 1.60 1.59 1.60 1.59 1.58 1.56 1.55 1.56 1.56 1.67 1.66 1.66 1.65 2.05 2.20 2.60 2.93 3.63 6.69 6.83 6.27 6.25 6.25 6.25 6.25 6.26 6.25 6.31 7.08 7.09 7.17 -3.898435 6.564027 -0.353489 -3.860908 6.550180 -0.353489 1263.160609 magnum 51.662913
ODOM -3.812511 6.532322 -0.353629 0.485000 -0.000022 0.000000 1263.282841 magnum 51.762399
ODOM -3.765380 6.514924 -0.355163 0.497500 -0.000129 0.000000 1263.389897 magnum 51.868340
FLASER 360 1.09 1.09 1.09 1.10 1.09 1.10 1.09 1.09 1.09 1.09 1.10 1.09 1.10 1.10 1.10 1.11 1.11 1.11 1.12 1.12 1.12 1.13 1.13 1.13 1.13 1.14 1.14 1.14 1.15 1.15 1.15 1.15 1.15 1.15 1.15 1.16 1.16 1.17 1.17 1.18 1.18 1.18 1.19 1.19 1.20 1.20 1.21 1.22 1.22 1.22 1.22 1.24 1.24 1.25 1.26 1.26 1.27 1.26 1.25 1.22 1.23 1.24 1.25 1.24 1.27 5.49 5.44 5.36 5.32 2.64 2.62 2.57 2.56 2.54 2.52 2.47 2.44 2.41 2.39 2.36 2.34 2.31 2.30 2.28 2.26 2.23 2.22 2.19 2.18 2.14 2.13 2.10 2.09 2.06 2.07 2.04 2.03 2.01 2.00 1.97 1.97 1.95 1.98 1.99 2.00 1.96 1.95 1.94 1.94 1.97 2.03 2.07 2.10 2.14 2.18 2.21 2.23 2.30 2.31 2.29 2.35 2.37 2.43 2.49 2.54 2.63 2.68 2.74 2.80 2.86 2.92 3.00 3.02 2.96 3.04 3.20 3.21 3.19 3.28 3.61 3.68 3.66 3.65 3.65 3.65 3.74 3.87 5.00 5.29 5.29 5.43 6.23 6.23 6.28 6.65 6.70 6.70 6.69 6.70 6.72 6.71 6.70 6.70 6.68 6.69 6.68 6.67 6.63 6.72 24.52 24.52 24.51 24.51 24.51 24.52 24.51 24.53 24.53 24.62 23.41 18.67 18.64 17.37 14.18 14.16 6.68 6.71 6.73 6.74 6.74 6.76 6.77 6.78 6.78 6.78 6.71 6.57 6.31 6.08 5.87 5.64 5.45 5.28 5.10 4.93 4.78 4.64 4.50 4.46 4.34 4.24 4.13 4.04 3.96 3.85 3.81 3.84 3.83 3.86 3.87 3.82 3.81 3.73 3.66 3.59 3.44 3.43 3.43 3.48 3.45 3.45 3.47 3.54 3.62 3.70 3.75 3.83 3.89 3.98 4.04 4.14 4.17 4.31 2.67 2.64 2.60 2.62 2.62 2.59 2.56 2.53 2.50 2.46 2.44 2.43 2.40 2.38 2.35 2.34 2.31 2.29 2.27 2.25 2.23 2.21 2.20 2.19 2.17 2.14 2.12 2.11 2.09 2.08 2.05 2.04 2.04 2.02 2.00 1.98 1.98 1.96 1.94 1.93 1.92 1.92 1.90 1.89 1.88 1.87 1.85 1.85 1.84 1.83 1.81 1.81 1.80 1.79 1.79 1.76 1.72 1.70 1.69 1.69 1.70 1.68 1.67 1.66 1.65 1.65 1.64 1.65 1.65 1.63 1.62 1.61 1.61 1.64 1.63 1.63 1.63 1.62 1.62 1.61 1.61 1.61 1.60 1.60 1.60 1.60 1.59 1.58 1.59 1.58 1.58 1.58 1.57 1.57 1.57 1.57 1.57 1.58 1.56 1.54 1.53 1.53 1.55 1.64 1.66 1.66 1.68 2.92 6.36 6.25 6.26 6.25 6.25 6.25 6.26 6.26 6.59 -3.809198 6.531156 -0.354958 -3.771691 6.517254 -0.354958 1263.370626 magnum 51.868508
ODOM -3.718376 6.497491 -0.356697 0.495000 0.000067 0.000000 1263.503387 magnum 51.982257
ODOM -3.672285 6.480316 -0.358231 0.502000 -0.000011 0.000000 1263.611145 magnum 52.088360
FLASER 360 1.10 1.09 1.09 1.09 1.09 1.09 1.09 1.10 1.09 1.10 1.10 1.10 1.10 1.11 1.11 1.11 1.11 1.12 1.12 1.13 1.13 1.13 1.14 1.14 1.14 1.15 1.15 1.15 1.15 1.16 1.16 1.16 1.16 1.16 1.17 1.17 1.17 1.18 1.18 1.18 1.18 1.19 1.20 1.20 1.21 1.22 1.22 1.22 1.21 1.20 1.19 1.17 1.17 1.18 1.19 1.22 1.21 3.89 3.90 6.38 6.41 6.46 5.59 5.45 5.39 2.59 2.56 2.52 2.50 2.46 2.44 2.40 2.38 2.34 2.32 2.28 2.27 2.24 2.23 2.21 2.20 2.16 2.14 2.11 2.10 2.06 2.06 2.02 2.01 1.99 1.97 1.96 1.95 1.93 1.92 1.89 1.88 1.87 1.91 1.90 1.92 1.88 1.87 1.84 1.86 1.87 1.92 1.98 1.99 2.03 2.06 2.09 2.12 2.15 2.21 2.22 2.21 2.25 2.28 2.32 2.37 2.40 2.47 2.56 2.60 2.65 2.70 2.76 2.83 2.89 2.93 2.87 2.92 3.10 3.11 3.11 3.10 3.24 3.55 3.57 3.57 3.56 3.56 3.56 3.65 3.75 4.84 5.11 5.19 5.28 6.11 6.13 6.13 6.42 6.58 6.59 6.59 6.57 6.61 6.60 6.61 6.59 6.59 6.58 6.58 6.57 6.56 6.52 6.68 24.42 24.40 24.40 24.41 24.40 24.41 24.41 24.42 24.44 24.52 23.28 18.56 18.53 17.25 14.06 14.04 6.56 6.60 6.62 6.64 6.64 6.65 6.65 6.67 6.67 6.68 6.66 6.52 6.27 6.04 5.82 5.61 5.41 5.24 5.05 4.90 4.75 4.61 4.47 4.39 4.32 4.21 4.10 4.00 3.92 3.83 3.73 3.70 3.71 3.72 3.73 3.76 3.70 3.70 3.64 3.57 3.52 3.38 3.32 3.34 3.35 3.38 3.36 3.36 3.41 3.50 3.55 3.62 3.69 3.75 3.83 3.92 3.98 4.07 4.10 4.29 4.35 2.64 2.52 2.53 2.54 2.52 2.49 2.46 2.43 2.42 2.39 2.37 2.34 2.33 2.29 2.27 2.26 2.24 2.22 2.20 2.19 2.17 2.15 2.13 2.11 2.10 2.08 2.07 2.04 2.04 2.02 2.01 1.99 1.98 1.97 1.96 1.94 1.92 1.92 1.90 1.89 1.88 1.86 1.85 1.85 1.84 1.83 1.81 1.80 1.79 1.79 1.78 1.77 1.77 1.76 1.76 1.75 1.74 1.73 1.71 1.68 1.66 1.65 1.64 1.64 1.64 1.62 1.62 1.61 1.61 1.60 1.60 1.60 1.61 1.59 1.58 1.58 1.57 1.58 1.60 1.59 1.59 1.59 1.59 1.58 1.58 1.58 1.58 1.57 1.57 1.58 1.57 1.57 1.58 1.56 1.57 1.56 1.57 1.56 1.56 1.56 1.55 1.56 1.56 1.54 1.52 1.52 1.51 1.55 1.65 1.65 1.63 6.26 6.24 6.24 -3.720820 6.498451 -0.357863 -3.683354 6.484440 -0.357863 1263.580229 magnum 52.088519
ODOM -3.624793 6.462535 -0.358231 0.503000 -0.000034 0.000000 1263.723416 magnum 52.202196
ODOM -3.578285 6.445123 -0.359765 0.502000 -0.000078 0.000000 1263.850846 magnum 52.327543
FLASER 360 1.10 1.10 1.10 1.10 1.10 1.10 1.10 1.10 1.10 1.11 1.11 1.11 1.11 1.11 1.12 1.12 1.13 1.13 1.13 1.13 1.13 1.14 1.15 1.14 1.14 1.15 1.15 1.15 1.16 1.16 1.16 1.17 1.17 1.17 1.17 1.18 1.18 1.18 1.18 1.18 1.16 1.14 1.13 1.14 1.14 1.15 1.17 4.19 4.22 4.14 4.10 4.01 3.86 3.80 3.82 3.85 6.27 6.31 6.35 6.39 5.72 2.53 2.50 2.44 2.44 2.40 2.38 2.34 2.31 2.27 2.25 2.21 2.21 2.17 2.17 2.12 2.12 2.07 2.05 2.03 2.01 1.98 1.97 1.93 1.93 1.90 1.90 1.87 1.87 1.85 1.84 1.81 1.81 1.82 1.83 1.83 1.83 1.79 1.79 1.77 1.77 1.79 1.83 1.88 1.91 1.93 1.96 1.99 2.01 2.04 2.06 2.13 2.14 2.11 2.14 2.18 2.22 2.27 2.29 2.34 2.41 2.46 2.52 2.56 2.61 2.67 2.72 2.77 2.84 2.80 2.80 2.98 3.02 3.01 3.02 3.06 3.33 3.45 3.48 3.46 3.46 3.45 3.45 3.55 3.63 4.67 4.88 5.06 5.11 5.40 6.03 6.02 6.06 6.44 6.50 6.49 6.49 6.48 6.51 6.50 6.50 6.48 6.48 6.47 6.47 6.46 6.44 6.42 6.57 24.30 24.29 24.30 24.30 24.29 24.30 24.29 24.31 24.32 24.41 24.05 18.47 18.42 17.18 13.96 13.94 6.46 6.48 6.51 6.52 6.53 6.54 6.54 6.57 6.56 6.57 6.56 6.48 6.26 6.04 5.80 5.62 5.40 5.23 5.05 4.89 4.74 4.60 4.46 4.34 4.28 4.20 4.09 3.99 3.91 3.82 3.71 3.64 3.59 3.61 3.61 3.62 3.65 3.61 3.58 3.57 3.50 3.44 3.37 3.25 3.21 3.24 3.28 3.27 3.26 3.28 3.33 3.43 3.48 3.55 3.60 3.69 3.74 3.85 3.92 4.00 4.05 4.24 4.27 2.49 2.54 2.42 2.43 2.44 2.42 2.41 2.38 2.35 2.33 2.31 2.29 2.27 2.25 2.23 2.21 2.19 2.17 2.16 2.14 2.12 2.10 2.09 2.07 2.06 2.04 2.03 2.02 2.00 1.98 1.97 1.96 1.95 1.93 1.92 1.91 1.90 1.89 1.87 1.86 1.85 1.84 1.83 1.82 1.80 1.80 1.79 1.78 1.77 1.77 1.76 1.76 1.74 1.74 1.73 1.72 1.71 1.70 1.70 1.70 1.69 1.69 1.67 1.66 1.61 1.61 1.60 1.60 1.61 1.61 1.58 1.58 1.58 1.58 1.57 1.57 1.57 1.57 1.56 1.55 1.55 1.54 1.56 1.57 1.57 1.57 1.57 1.57 1.56 1.56 1.56 1.56 1.56 1.56 1.56 1.56 1.56 1.56 1.56 1.55 1.55 1.55 1.55 1.55 1.55 1.55 1.55 1.55 1.55 1.54 1.51 1.51 -3.632190 6.465347 -0.359222 -3.594743 6.451285 -0.359222 1263.800163 magnum 52.327723
ODOM -3.483994 6.409657 -0.362833 0.503500 0.000006 0.000000 1263.963178 magnum 52.442475
ODOM -3.437662 6.392068 -0.365901 0.497500 -0.000095 0.000000 1264.082806 magnum 52.561603
FLASER 360 1.11 1.11 1.11 1.11 1.11 1.12 1.11 1.12 1.12 1.12 1.12 1.12 1.12 1.13 1.13 1.13 1.14 1.14 1.15 1.14 1.15 1.15 1.15 1.15 1.15 1.15 1.15 1.16 1.16 1.15 1.14 1.11 1.11 1.11 1.11 1.11 1.13 4.76 4.71 4.36 4.11 4.08 4.07 4.10 4.10 4.18 4.16 4.07 4.01 3.85 3.75 3.75 3.80 3.80 6.16 6.23 6.28 2.48 2.44 2.39 2.37 2.35 2.32 2.27 2.26 2.21 2.19 2.14 2.13 2.11 2.10 2.05 2.04 1.99 1.99 1.95 1.93 1.91 1.89 1.86 1.85 1.82 1.81 1.79 1.79 1.76 1.75 1.73 1.73 1.76 1.76 1.75 1.76 1.70 1.70 1.69 1.69 1.71 1.77 1.80 1.82 1.84 1.86 1.89 1.92 1.93 1.95 1.99 2.04 2.03 2.02 2.06 2.10 2.12 2.14 2.20 2.22 2.28 2.34 2.38 2.42 2.46 2.52 2.56 2.61 2.67 2.72 2.73 2.68 2.76 2.90 2.90 2.91 2.89 3.00 3.31 3.36 3.38 3.37 3.35 3.35 3.34 3.43 3.51 3.58 4.65 4.87 4.96 5.04 5.90 5.93 5.92 5.97 6.33 6.39 6.39 6.39 6.37 6.40 6.39 6.39 6.38 6.38 6.37 6.37 6.36 6.35 6.31 6.45 24.00 24.19 24.18 24.19 24.18 24.20 24.18 24.21 24.20 24.27 24.24 21.30 18.33 18.29 13.96 13.84 6.35 6.36 6.39 6.42 6.42 6.43 6.44 6.44 6.45 6.47 6.45 6.45 6.31 6.07 5.85 5.65 5.45 5.26 5.06 4.91 4.76 4.62 4.49 4.38 4.25 4.18 4.10 4.00 3.90 3.82 3.71 3.64 3.57 3.51 3.50 3.52 3.52 3.55 3.55 3.50 3.50 3.44 3.39 3.33 3.24 3.14 3.12 3.14 3.18 3.17 3.17 3.17 3.24 3.33 3.37 3.46 3.51 3.59 3.65 3.74 3.83 3.90 3.97 4.15 4.18 4.23 4.24 2.45 2.35 2.33 2.35 2.34 2.33 2.31 2.28 2.26 2.25 2.22 2.20 2.19 2.17 2.16 2.14 2.11 2.10 2.08 2.07 2.05 2.04 2.02 2.01 1.99 1.98 1.97 1.96 1.94 1.92 1.92 1.90 1.89 1.88 1.87 1.85 1.85 1.84 1.83 1.82 1.81 1.79 1.79 1.78 1.78 1.77 1.76 1.75 1.74 1.73 1.73 1.72 1.72 1.71 1.70 1.68 1.68 1.67 1.66 1.66 1.67 1.65 1.66 1.65 1.65 1.64 1.63 1.59 1.58 1.57 1.56 1.57 1.58 1.56 1.55 1.54 1.54 1.54 1.53 1.53 1.54 1.54 1.53 1.52 1.52 1.52 1.53 1.53 1.54 1.54 1.54 1.54 1.54 1.55 1.54 1.54 1.54 1.54 1.55 1.54 1.54 1.54 1.54 1.54 1.55 1.54 1.54 1.55 -3.500856 6.416117 -0.364192 -3.463479 6.401869 -0.364192 1264.010586 magnum 52.561740
ODOM -3.391290 6.374300 -0.367435 0.505500 -0.000084 0.000000 1264.203488 magnum 52.684194
ODOM -3.344597 6.356327 -0.368969 0.496000 0.000045 0.000000 1264.342116 magnum 52.821336
FLASER 360 1.11 1.11 1.11 1.12 1.11 1.12 1.12 1.13 1.12 1.12 1.13 1.13 1.13 1.13 1.14 1.14 1.15 1.15 1.13 1.13 1.09 1.08 1.09 1.09 1.09 1.10 1.11 5.66 5.68 5.62 5.47 5.32 5.22 5.06 4.96 4.69 4.67 4.06 4.07 4.04 4.04 4.07 4.10 4.14 4.08 3.99 3.94 3.71 3.71 3.73 3.75 5.96 5.91 2.41 2.39 2.34 2.31 2.28 2.26 2.21 2.19 2.13 2.12 2.07 2.06 2.04 2.02 1.98 1.96 1.92 1.90 1.86 1.86 1.82 1.81 1.78 1.78 1.74 1.74 1.70 1.70 1.67 1.66 1.65 1.70 1.69 1.68 1.68 1.65 1.62 1.62 1.61 1.63 1.68 1.71 1.73 1.75 1.77 1.78 1.81 1.83 1.85 1.86 1.90 1.93 1.96 1.95 1.95 1.98 2.01 2.03 2.05 2.12 2.12 2.16 2.23 2.27 2.30 2.34 2.39 2.43 2.47 2.52 2.57 2.63 2.64 2.59 2.67 2.81 2.82 2.83 2.82 2.84 3.14 3.22 3.28 3.29 3.27 3.27 3.25 3.26 3.33 3.42 4.33 4.50 4.68 4.85 4.87 5.01 5.81 5.84 5.81 5.95 6.24 6.29 6.28 6.28 6.28 6.30 6.29 6.29 6.28 6.28 6.28 6.27 6.26 6.24 6.21 6.35 23.89 24.09 24.08 24.09 24.08 24.09 24.09 24.11 24.10 24.15 24.17 22.85 18.23 18.19 16.85 13.74 13.71 6.26 6.28 6.30 6.30 6.32 6.33 6.35 6.34 6.37 6.36 6.35 6.28 6.08 5.85 5.66 5.47 5.27 5.09 4.91 4.75 4.62 4.49 4.37 4.26 4.13 4.07 4.00 3.91 3.82 3.71 3.63 3.56 3.49 3.43 3.41 3.41 3.42 3.43 3.46 3.43 3.41 3.39 3.32 3.27 3.22 3.12 3.04 3.03 3.06 3.11 3.09 3.08 3.09 3.15 3.24 3.29 3.36 3.42 3.51 3.56 3.66 3.74 3.81 3.91 4.07 4.10 4.14 4.15 4.20 2.41 2.27 2.25 2.27 2.28 2.26 2.23 2.22 2.20 2.19 2.17 2.15 2.13 2.11 2.09 2.08 2.06 2.04 2.03 2.01 2.00 1.98 1.98 1.96 1.94 1.93 1.92 1.92 1.90 1.89 1.88 1.86 1.85 1.85 1.83 1.82 1.81 1.80 1.79 1.78 1.77 1.77 1.76 1.75 1.74 1.74 1.73 1.72 1.71 1.70 1.69 1.70 1.68 1.68 1.67 1.66 1.67 1.66 1.66 1.65 1.64 1.63 1.63 1.62 1.62 1.61 1.62 1.60 1.61 1.61 1.59 1.56 1.56 1.54 1.53 1.53 1.53 1.53 1.53 1.51 1.51 1.51 1.51 1.50 1.50 1.51 1.52 1.51 1.50 1.49 1.49 1.50 1.52 1.53 1.53 1.53 1.54 1.54 1.54 1.54 1.54 1.54 1.54 1.53 1.53 -3.421058 6.385769 -0.367683 -3.383731 6.371390 -0.367683 1264.220253 magnum 52.821456
ODOM -3.298374 6.338454 -0.370503 0.495000 0.000056 0.000000 1264.450024 magnum 52.940508
FLASER 360 1.12 1.12 1.13 1.12 1.13 1.13 1.13 1.12 1.14 1.07 1.08 1.06 1.07 1.07 1.08 1.09 1.09 5.57 5.56 5.58 5.59 5.62 5.62 5.62 5.62 5.64 5.65 5.60 5.42 5.29 5.16 5.01 4.91 4.65 4.20 4.04 4.01 4.01 4.02 4.04 4.11 4.04 3.98 3.90 3.70 3.66 3.69 3.70 6.12 2.34 2.32 2.26 2.25 2.20 2.18 2.12 2.10 2.05 2.04 2.00 2.00 1.95 1.93 1.88 1.87 1.83 1.80 1.78 1.77 1.73 1.71 1.69 1.68 1.65 1.63 1.62 1.61 1.59 1.61 1.62 1.62 1.61 1.62 1.56 1.56 1.54 1.56 1.57 1.60 1.64 1.65 1.67 1.68 1.70 1.72 1.74 1.76 1.78 1.79 1.81 1.84 1.88 1.87 1.86 1.88 1.93 1.94 1.96 1.99 2.03 2.04 2.10 2.14 2.18 2.21 2.24 2.28 2.31 2.36 2.40 2.44 2.49 2.55 2.54 2.49 2.59 2.71 2.71 2.73 2.71 2.72 2.89 3.11 3.14 3.19 3.18 3.18 3.15 3.16 3.16 3.25 3.31 4.22 4.37 4.52 4.72 4.76 4.86 5.70 5.72 5.73 5.72 6.10 6.17 6.19 6.18 6.18 6.19 6.20 6.19 6.19 6.18 6.18 6.16 6.16 6.16 6.13 6.11 6.25 23.81 23.97 23.95 23.97 23.95 23.97 23.96 23.98 23.98 24.04 24.08 22.75 18.12 18.09 16.77 13.63 13.60 6.16 6.16 6.20 6.20 6.22 6.23 6.24 6.23 6.25 6.26 6.24 6.20 6.07 5.84 5.65 5.45 5.27 5.06 4.90 4.76 4.60 4.48 4.37 4.24 4.12 4.01 3.97 3.90 3.80 3.71 3.62 3.55 3.47 3.41 3.34 3.30 3.32 3.32 3.33 3.35 3.35 3.31 3.31 3.28 3.21 3.16 3.11 3.00 2.95 2.94 2.95 3.01 2.98 2.98 2.99 3.05 3.15 3.19 3.28 3.33 3.42 3.48 3.58 3.66 3.71 3.85 4.01 4.01 4.06 4.08 4.12 4.14 2.23 2.25 2.18 2.17 2.19 2.20 2.17 2.16 2.14 2.11 2.10 2.08 2.07 2.05 2.04 2.02 2.01 2.00 1.98 1.96 1.95 1.93 1.92 1.92 1.90 1.89 1.88 1.87 1.86 1.85 1.84 1.83 1.82 1.80 1.79 1.78 1.78 1.78 1.76 1.75 1.75 1.74 1.72 1.72 1.71 1.71 1.70 1.69 1.68 1.68 1.68 1.68 1.66 1.65 1.66 1.65 1.64 1.63 1.63 1.63 1.62 1.62 1.61 1.61 1.60 1.60 1.59 1.59 1.58 1.58 1.59 1.58 1.57 1.58 1.57 1.56 1.53 1.52 1.51 1.50 1.51 1.50 1.51 1.50 1.49 1.50 1.50 1.51 1.50 1.50 1.51 1.50 1.51 1.49 1.49 1.49 1.50 1.50 1.52 1.53 1.53 1.53 -3.337662 6.353709 -0.370437 -3.300375 6.339228 -0.370437 1264.440219 magnum 52.940645
ODOM -3.204213 6.301878 -0.376639 0.499000 -0.000213 0.000000 1264.563392 magnum 53.040484
ODOM -3.158220 6.283686 -0.379707 0.493000 0.000034 0.000000 1264.670445 magnum 53.148982
FLASER 360 1.06 1.07 1.07 1.07 1.08 5.75 5.75 5.76 5.77 5.78 5.88 6.68 6.38 6.20 5.98 5.58 5.53 5.56 5.58 5.59 5.60 5.60 5.61 5.62 5.64 5.63 5.44 5.27 5.16 5.00 4.83 4.24 4.03 3.98 3.97 3.99 4.00 4.05 4.06 3.97 3.91 3.66 3.62 3.65 2.41 2.29 2.25 2.21 2.20 2.13 2.11 2.05 2.02 1.97 1.95 1.94 1.91 1.86 1.83 1.79 1.78 1.73 1.71 1.68 1.66 1.62 1.62 1.59 1.58 1.56 1.55 1.53 1.55 1.55 1.56 1.55 1.55 1.49 1.49 1.47 1.48 1.49 1.50 1.56 1.57 1.58 1.59 1.61 1.62 1.64 1.66 1.68 1.69 1.71 1.73 1.75 1.77 1.80 1.79 1.79 1.80 1.84 1.84 1.87 1.89 1.93 1.96 1.96 2.01 2.06 2.09 2.12 2.14 2.18 2.22 2.24 2.29 2.31 2.36 2.40 2.45 2.43 2.40 2.55 2.60 2.63 2.64 2.62 2.62 2.70 2.98 3.02 3.07 3.09 3.09 3.07 3.07 3.05 3.07 3.14 3.24 3.59 4.22 4.35 4.51 4.66 4.68 4.83 5.60 5.64 5.61 5.64 6.01 6.08 6.09 6.08 6.08 6.09 6.10 6.08 6.08 6.07 6.08 6.06 6.06 6.05 6.03 6.01 6.14 23.66 23.87 23.86 23.87 23.86 23.87 23.87 23.89 23.87 23.91 23.97 22.44 18.03 18.01 16.76 13.55 13.51 6.06 6.05 6.10 6.10 6.10 6.11 6.13 6.12 6.14 6.14 6.15 6.14 6.07 5.89 5.67 5.49 5.31 5.12 4.92 4.78 4.64 4.51 4.37 4.26 4.14 4.04 3.93 3.87 3.80 3.71 3.63 3.56 3.47 3.41 3.34 3.28 3.22 3.20 3.22 3.21 3.24 3.25 3.25 3.20 3.21 3.17 3.11 3.08 3.01 2.93 2.85 2.84 2.87 2.88 2.91 2.90 2.89 2.93 3.02 3.08 3.16 3.22 3.32 3.37 3.47 3.54 3.61 3.69 3.91 3.93 3.97 3.99 4.03 4.05 4.05 3.98 2.26 2.17 2.09 2.09 2.11 2.11 2.10 2.08 2.06 2.05 2.04 2.02 2.00 1.99 1.98 1.97 1.95 1.93 1.93 1.92 1.89 1.88 1.87 1.86 1.85 1.84 1.83 1.82 1.81 1.80 1.79 1.78 1.78 1.77 1.76 1.75 1.74 1.73 1.72 1.71 1.70 1.70 1.69 1.68 1.68 1.68 1.67 1.67 1.66 1.65 1.64 1.64 1.63 1.63 1.63 1.61 1.61 1.61 1.61 1.60 1.60 1.59 1.59 1.59 1.59 1.58 1.58 1.57 1.57 1.57 1.56 1.56 1.56 1.56 1.57 1.56 1.56 1.56 1.56 1.55 1.53 1.51 1.49 1.49 1.48 1.49 1.51 1.49 1.49 1.49 1.48 1.48 1.48 1.48 1.49 1.49 1.50 1.50 -3.201447 6.300898 -0.379302 -3.164290 6.286087 -0.379302 1264.650919 magnum 53.149336
ODOM -3.111840 6.265178 -0.381241 0.512000 -0.000067 0.000000 1264.783288 magnum 53.262458
ODOM -3.065489 6.246598 -0.384309 0.491500 -0.000095 0.000000 1264.890773 magnum 53.367882
FLASER 360 5.81 5.75 5.74 5.74 5.74 5.75 5.76 5.78 5.79 6.67 6.65 6.26 6.12 5.70 5.52 5.53 5.55 5.56 5.59 5.57 5.58 5.59 5.61 5.63 5.49 5.28 5.15 4.98 4.78 4.01 3.99 3.95 3.95 3.97 3.98 4.06 4.00 3.90 3.74 3.58 2.42 2.22 2.18 2.16 2.12 2.06 2.03 1.96 1.93 1.90 1.89 1.83 1.81 1.76 1.74 1.69 1.68 1.63 1.62 1.58 1.56 1.53 1.52 1.48 1.48 1.47 1.51 1.50 1.50 1.49 1.48 1.42 1.41 1.41 1.42 1.42 1.44 1.49 1.50 1.51 1.52 1.54 1.55 1.57 1.57 1.59 1.60 1.61 1.63 1.64 1.66 1.68 1.70 1.72 1.72 1.72 1.71 1.77 1.77 1.78 1.81 1.83 1.87 1.87 1.89 1.95 1.98 2.01 2.02 2.06 2.09 2.12 2.15 2.18 2.22 2.24 2.28 2.33 2.36 2.32 2.31 2.46 2.51 2.52 2.54 2.53 2.52 2.59 2.83 2.91 2.93 2.99 3.00 2.98 2.98 2.96 2.96 2.97 3.04 3.12 3.25 4.07 4.20 4.32 4.48 4.56 4.63 5.46 5.51 5.53 5.52 5.56 5.93 5.98 5.98 5.97 5.97 5.98 5.99 5.97 5.97 5.96 5.97 5.95 5.95 5.94 5.93 5.90 6.02 21.45 23.71 23.76 23.76 23.75 23.76 23.76 23.76 23.77 23.77 23.84 23.85 20.89 17.91 17.85 16.54 13.42 13.39 5.93 5.95 5.99 6.00 6.01 6.02 6.02 6.03 6.04 6.05 6.04 6.04 5.94 5.75 5.54 5.36 5.19 4.98 4.82 4.67 4.53 4.41 4.29 4.18 4.06 3.96 3.86 3.76 3.72 3.65 3.57 3.49 3.42 3.34 3.29 3.22 3.17 3.12 3.11 3.13 3.13 3.14 3.15 3.15 3.11 3.12 3.09 3.03 2.98 2.95 2.89 2.79 2.75 2.77 2.76 2.82 2.79 2.81 2.80 2.88 2.94 3.04 3.10 3.18 3.25 3.34 3.41 3.53 3.54 3.75 3.83 3.87 3.90 3.93 3.96 3.99 3.92 3.93 4.05 2.07 2.13 2.02 2.02 2.03 2.04 2.03 2.01 1.99 1.99 1.98 1.96 1.94 1.93 1.93 1.91 1.89 1.88 1.87 1.86 1.86 1.84 1.83 1.81 1.80 1.79 1.79 1.79 1.78 1.76 1.75 1.75 1.74 1.73 1.72 1.71 1.71 1.70 1.69 1.69 1.68 1.67 1.66 1.66 1.66 1.65 1.64 1.63 1.63 1.63 1.62 1.62 1.61 1.60 1.60 1.60 1.59 1.59 1.58 1.58 1.57 1.58 1.57 1.57 1.56 1.56 1.57 1.57 1.56 1.56 1.56 1.55 1.55 1.55 1.54 1.55 1.55 1.55 1.55 1.54 1.54 1.54 1.54 1.54 1.53 1.53 1.48 1.48 1.47 1.47 1.48 1.50 1.48 1.48 -3.113365 6.265890 -0.383595 -3.076272 6.250920 -0.383595 1264.860280 magnum 53.368030
ODOM -3.019281 6.227910 -0.387377 0.498500 -0.000196 0.000000 1265.002816 magnum 53.481872
ODOM -2.972164 6.208687 -0.390445 0.509500 0.000006 0.000000 1265.110606 magnum 53.587545
FLASER 360 5.75 5.74 5.74 5.74 5.75 5.77 5.79 6.66 6.68 6.35 6.21 5.89 5.51 5.52 5.52 5.54 5.55 5.56 5.57 5.58 5.58 5.60 5.52 5.29 5.14 4.96 4.15 3.97 3.95 3.92 3.93 3.94 3.98 3.99 3.92 2.32 2.23 2.15 2.14 2.06 2.03 1.94 1.93 1.87 1.86 1.79 1.78 1.72 1.69 1.64 1.62 1.57 1.56 1.52 1.51 1.48 1.46 1.41 1.41 1.46 1.47 1.44 1.43 1.40 1.39 1.35 1.35 1.36 1.36 1.37 1.38 1.42 1.43 1.44 1.45 1.46 1.48 1.49 1.50 1.51 1.53 1.54 1.56 1.57 1.58 1.59 1.60 1.63 1.65 1.63 1.63 1.63 1.66 1.69 1.70 1.71 1.72 1.75 1.79 1.80 1.81 1.84 1.88 1.90 1.93 1.95 1.98 2.01 2.03 2.06 2.08 2.12 2.15 2.18 2.21 2.25 2.27 2.21 2.25 2.39 2.41 2.43 2.44 2.43 2.42 2.49 2.69 2.79 2.84 2.85 2.91 2.89 2.89 2.87 2.87 2.85 2.88 2.96 3.03 3.20 3.90 4.05 4.16 4.31 4.45 4.46 4.57 5.39 5.43 5.43 5.41 5.50 5.82 5.87 5.87 5.86 5.87 5.87 5.88 5.86 5.87 5.87 5.86 5.85 5.86 5.84 5.83 5.79 5.88 19.72 23.59 23.67 23.68 23.66 23.68 23.66 23.68 23.68 23.70 23.69 23.77 22.50 17.81 17.77 16.51 13.34 13.30 5.84 5.84 5.87 5.88 5.89 5.91 5.91 5.93 5.92 5.94 5.95 5.93 5.93 5.79 5.59 5.40 5.23 5.04 4.86 4.70 4.57 4.43 4.32 4.20 4.09 3.99 3.89 3.79 3.68 3.64 3.57 3.50 3.44 3.36 3.29 3.22 3.17 3.12 3.06 3.01 3.01 3.03 3.02 3.05 3.05 3.06 3.02 3.02 3.00 2.95 2.90 2.87 2.82 2.74 2.68 2.66 2.67 2.71 2.73 2.73 2.71 2.74 2.79 2.90 2.96 3.05 3.11 3.21 3.28 3.40 3.45 3.57 3.72 3.76 3.80 3.84 3.87 3.91 3.90 3.81 3.89 4.04 4.06 3.98 1.99 1.96 1.95 1.94 1.96 1.97 1.95 1.94 1.93 1.92 1.90 1.89 1.88 1.87 1.86 1.85 1.84 1.82 1.81 1.80 1.79 1.79 1.78 1.76 1.76 1.75 1.74 1.73 1.72 1.72 1.71 1.69 1.69 1.69 1.69 1.68 1.67 1.66 1.66 1.65 1.65 1.63 1.63 1.62 1.62 1.61 1.61 1.61 1.60 1.59 1.59 1.59 1.58 1.58 1.58 1.57 1.57 1.57 1.57 1.56 1.56 1.56 1.56 1.56 1.56 1.56 1.54 1.54 1.54 1.55 1.54 1.54 1.54 1.54 1.54 1.54 1.53 1.52 1.53 1.53 1.53 1.52 1.52 1.51 1.51 1.52 1.52 1.53 1.53 -3.019955 6.228287 -0.389742 -2.982954 6.213089 -0.389742 1265.080195 magnum 53.587691
ODOM -2.926151 6.189749 -0.395047 0.484500 -0.000241 0.000000 1265.222885 magnum 53.701938
ODOM -2.879706 6.170383 -0.398115 0.514500 -0.000050 0.000000 1265.343212 magnum 53.820283
FLASER 360 5.74 5.74 5.74 5.75 5.77 5.81 6.68 6.68 6.28 6.15 5.80 5.51 5.51 5.52 5.53 5.55 5.54 5.54 5.56 5.59 5.59 5.38 5.20 5.02 4.14 3.94 3.90 3.91 3.91 3.92 3.97 2.20 2.16 2.10 2.07 1.97 1.93 1.86 1.83 1.78 1.76 1.67 1.65 1.58 1.56 1.51 1.49 1.46 1.45 1.40 1.39 1.37 1.38 1.39 1.38 1.38 1.38 1.32 1.30 1.29 1.30 1.31 1.32 1.33 1.38 1.37 1.38 1.39 1.40 1.41 1.42 1.42 1.43 1.44 1.45 1.47 1.48 1.49 1.49 1.51 1.52 1.53 1.56 1.58 1.58 1.55 1.57 1.58 1.61 1.61 1.62 1.63 1.65 1.68 1.72 1.72 1.72 1.76 1.80 1.81 1.83 1.85 1.88 1.89 1.92 1.95 1.96 1.99 2.02 2.05 2.08 2.10 2.14 2.17 2.19 2.12 2.18 2.30 2.31 2.32 2.34 2.33 2.33 2.35 2.49 2.64 2.71 2.74 2.78 2.80 2.80 2.79 2.78 2.76 2.76 2.78 2.85 2.91 2.98 3.73 3.86 3.96 4.08 4.22 4.35 4.36 4.48 5.29 5.32 5.34 5.31 5.34 5.70 5.76 5.77 5.76 5.76 5.76 5.79 5.78 5.78 5.76 5.76 5.75 5.75 5.74 5.74 5.70 5.71 5.81 21.21 23.51 23.57 23.56 23.57 23.56 23.58 23.56 23.58 23.58 23.63 23.65 22.32 17.69 17.66 16.35 13.21 13.18 5.75 5.72 5.77 5.78 5.80 5.80 5.81 5.81 5.82 5.82 5.85 5.83 5.83 5.73 5.51 5.35 5.17 4.98 4.81 4.65 4.53 4.40 4.27 4.16 4.05 3.94 3.84 3.73 3.65 3.57 3.54 3.47 3.40 3.33 3.27 3.19 3.13 3.09 3.04 2.98 2.93 2.91 2.93 2.93 2.93 2.96 2.98 2.95 2.93 2.92 2.90 2.84 2.81 2.77 2.73 2.68 2.60 2.57 2.59 2.59 2.65 2.62 2.63 2.61 2.70 2.76 2.88 2.93 3.03 3.10 3.20 3.29 3.37 3.44 3.65 3.67 3.72 3.74 3.80 3.82 3.81 3.72 3.85 3.95 4.01 4.03 3.71 3.65 1.93 1.97 1.88 1.87 1.88 1.89 1.90 1.88 1.87 1.86 1.85 1.84 1.83 1.82 1.80 1.79 1.79 1.78 1.77 1.76 1.75 1.74 1.74 1.73 1.71 1.70 1.69 1.69 1.69 1.68 1.68 1.67 1.66 1.65 1.65 1.64 1.64 1.63 1.63 1.62 1.62 1.61 1.61 1.60 1.60 1.59 1.58 1.59 1.58 1.58 1.58 1.58 1.57 1.57 1.57 1.56 1.56 1.56 1.56 1.55 1.54 1.54 1.54 1.53 1.54 1.53 1.53 1.54 1.53 1.53 1.53 1.53 1.52 1.53 1.52 1.52 1.52 1.52 1.51 1.52 1.53 1.52 1.52 1.52 -2.934489 6.193307 -0.396933 -2.897599 6.177844 -0.396933 1265.290611 magnum 53.820423
ODOM -2.787535 6.131618 -0.405785 0.493000 -0.000078 0.000000 1265.463297 magnum 53.942512
ODOM -2.741016 6.111632 -0.410387 0.509000 -0.000034 0.000000 1265.582839 magnum 54.061961
FLASER 360 5.75 5.75 5.76 5.78 5.91 6.67 6.66 6.26 6.07 5.49 5.50 5.50 5.51 5.53 5.53 5.53 5.54 5.54 5.57 5.50 5.28 5.07 3.92 3.92 3.88 3.88 2.22 2.11 2.09 2.02 1.95 1.85 1.81 1.78 1.72 1.64 1.60 1.54 1.50 1.45 1.42 1.38 1.36 1.32 1.34 1.37 1.35 1.33 1.33 1.27 1.26 1.24 1.25 1.25 1.26 1.29 1.29 1.31 1.32 1.33 1.34 1.34 1.35 1.35 1.36 1.37 1.38 1.39 1.40 1.41 1.41 1.42 1.43 1.44 1.45 1.47 1.48 1.51 1.51 1.49 1.49 1.50 1.50 1.55 1.54 1.55 1.57 1.58 1.59 1.63 1.64 1.63 1.66 1.69 1.71 1.73 1.75 1.77 1.79 1.81 1.82 1.85 1.87 1.89 1.91 1.93 1.96 1.99 2.01 2.03 2.08 2.10 2.07 2.06 2.18 2.21 2.23 2.24 2.25 2.24 2.24 2.24 2.36 2.53 2.58 2.64 2.64 2.71 2.71 2.70 2.69 2.68 2.67 2.66 2.69 2.74 2.81 2.86 3.58 3.67 3.79 3.89 4.01 4.15 4.26 4.26 4.41 5.19 5.20 5.24 5.22 5.22 5.59 5.65 5.68 5.65 5.65 5.65 5.68 5.67 5.67 5.65 5.65 5.64 5.65 5.64 5.64 5.61 5.59 5.62 12.52 21.11 23.44 23.43 23.44 23.43 23.44 23.43 23.45 23.45 23.45 23.51 23.50 20.57 17.59 17.54 16.22 13.09 13.06 5.62 5.62 5.65 5.68 5.68 5.70 5.70 5.71 5.71 5.73 5.73 5.73 5.72 5.62 5.47 5.27 5.11 4.91 4.78 4.60 4.48 4.35 4.24 4.11 4.00 3.89 3.81 3.70 3.62 3.53 3.46 3.43 3.36 3.30 3.24 3.17 3.11 3.06 3.01 2.95 2.90 2.85 2.81 2.82 2.82 2.84 2.84 2.88 2.87 2.84 2.83 2.84 2.80 2.75 2.71 2.68 2.65 2.60 2.53 2.49 2.47 2.50 2.53 2.55 2.55 2.54 2.54 2.66 2.73 2.83 2.89 3.00 3.08 3.21 3.28 3.37 3.54 3.60 3.62 3.66 3.69 3.73 3.73 3.64 3.68 3.83 3.86 3.91 3.92 3.66 3.67 3.74 3.79 1.84 1.90 1.82 1.80 1.81 1.82 1.83 1.81 1.80 1.79 1.79 1.78 1.77 1.77 1.75 1.74 1.73 1.73 1.71 1.71 1.70 1.69 1.69 1.69 1.68 1.67 1.66 1.65 1.64 1.64 1.63 1.63 1.62 1.61 1.61 1.60 1.60 1.60 1.60 1.59 1.58 1.58 1.58 1.58 1.57 1.57 1.56 1.56 1.56 1.56 1.55 1.55 1.55 1.55 1.54 1.54 1.54 1.53 1.54 1.54 1.53 1.53 1.53 1.53 1.52 1.52 1.52 1.52 1.52 1.52 1.52 1.51 1.51 1.51 1.51 1.53 1.52 1.52 -2.807183 6.140133 -0.407474 -2.770458 6.124282 -0.407474 1265.500255 magnum 54.062104
ODOM -2.695466 6.091814 -0.413455 0.503500 -0.000062 0.000000 1265.703547 magnum 54.182144
ODOM -2.649611 6.071695 -0.416523 0.491500 -0.000017 0.000000 1265.822779 magnum 54.304396
FLASER 360 5.75 5.76 5.78 6.66 6.64 6.56 6.24 5.62 5.48 5.50 5.51 5.50 5.51 5.52 5.52 5.52 5.54 5.55 5.35 3.92 3.89 2.18 2.13 2.06 2.00 1.84 1.79 1.73 1.67 1.55 1.52 1.44 1.41 1.36 1.33 1.30 1.30 1.33 1.32 1.29 1.29 1.21 1.19 1.20 1.20 1.21 1.22 1.30 1.24 1.28 1.27 1.26 1.27 1.28 1.29 1.30 1.30 1.31 1.32 1.33 1.34 1.34 1.35 1.35 1.36 1.37 1.38 1.38 1.39 1.40 1.41 1.44 1.44 1.42 1.42 1.42 1.43 1.47 1.48 1.47 1.48 1.49 1.50 1.52 1.55 1.56 1.56 1.58 1.59 1.63 1.65 1.66 1.68 1.70 1.71 1.73 1.74 1.76 1.78 1.80 1.82 1.84 1.87 1.88 1.90 1.93 1.95 1.98 2.01 1.97 1.95 2.07 2.11 2.13 2.15 2.15 2.16 2.15 2.15 2.18 2.30 2.42 2.46 2.52 2.55 2.57 2.62 2.60 2.60 2.59 2.59 2.57 2.56 2.60 2.66 2.71 2.77 3.44 3.54 3.62 3.73 3.82 3.95 4.07 4.16 4.18 4.40 5.09 5.10 5.12 5.11 5.11 5.48 5.53 5.57 5.55 5.56 5.53 5.57 5.57 5.57 5.55 5.55 5.53 5.54 5.52 5.53 5.52 5.49 5.48 5.62 19.39 23.14 23.33 23.34 23.33 23.33 23.33 23.34 23.33 23.35 23.35 23.45 23.11 17.54 17.45 16.03 13.13 12.99 12.94 5.51 5.51 5.56 5.56 5.58 5.58 5.59 5.59 5.61 5.62 5.64 5.62 5.61 5.53 5.37 5.21 5.01 4.86 4.71 4.55 4.42 4.30 4.17 4.06 3.96 3.85 3.75 3.66 3.57 3.50 3.41 3.35 3.32 3.26 3.19 3.14 3.08 3.02 2.96 2.92 2.87 2.83 2.78 2.74 2.72 2.72 2.74 2.73 2.76 2.79 2.79 2.74 2.74 2.73 2.69 2.66 2.63 2.59 2.57 2.54 2.45 2.40 2.38 2.38 2.43 2.46 2.44 2.44 2.44 2.47 2.61 2.68 2.80 2.87 2.99 3.07 3.20 3.22 3.48 3.51 3.56 3.57 3.62 3.65 3.66 3.57 3.61 3.71 3.76 3.81 3.86 3.60 3.62 3.66 3.72 3.75 3.84 3.87 1.78 1.84 1.75 1.73 1.74 1.75 1.77 1.76 1.75 1.74 1.73 1.72 1.72 1.71 1.70 1.69 1.68 1.68 1.68 1.67 1.66 1.65 1.65 1.64 1.64 1.63 1.63 1.61 1.61 1.60 1.60 1.60 1.59 1.59 1.58 1.58 1.57 1.57 1.56 1.56 1.56 1.56 1.56 1.56 1.56 1.56 1.55 1.55 1.54 1.54 1.53 1.53 1.53 1.53 1.53 1.53 1.53 1.52 1.52 1.51 1.52 1.51 1.52 1.51 1.52 1.51 1.52 1.51 1.51 1.50 1.51 1.52 -2.723068 6.103951 -0.414058 -2.686448 6.087857 -0.414058 1265.720211 magnum 54.304528
ODOM -2.604255 6.051630 -0.418057 0.508000 -0.000045 0.000000 1265.942730 magnum 54.438386
FLASER 360 5.76 5.97 6.64 6.65 6.33 6.11 5.48 5.49 5.48 5.50 5.49 5.50 5.49 5.51 5.51 5.54 5.48 2.04 2.03 1.82 1.77 1.66 1.59 1.43 1.40 1.31 1.27 1.27 1.27 1.28 1.28 1.24 1.22 1.17 1.17 1.17 1.17 1.17 1.29 2.43 1.25 1.23 1.23 1.23 1.24 1.23 1.23 1.24 1.25 1.25 1.26 1.26 1.27 1.28 1.28 1.29 1.31 1.31 1.32 1.32 1.33 1.33 1.34 1.36 1.38 1.38 1.37 1.35 1.36 1.36 1.38 1.42 1.42 1.41 1.41 1.42 1.43 1.45 1.46 1.50 1.49 1.49 1.51 1.54 1.57 1.57 1.59 1.60 1.61 1.63 1.64 1.66 1.68 1.68 1.70 1.72 1.74 1.76 1.78 1.79 1.81 1.83 1.85 1.87 1.90 1.93 1.88 1.90 1.98 2.00 2.04 2.05 2.06 2.06 2.07 2.06 2.06 2.14 2.28 2.32 2.36 2.41 2.45 2.45 2.51 2.52 2.51 2.49 2.49 2.46 2.46 2.46 2.52 2.57 2.63 2.69 3.33 3.41 3.50 3.59 3.69 3.78 3.90 4.03 4.06 4.13 4.96 4.96 4.98 5.00 4.98 5.00 5.37 5.43 5.46 5.44 5.45 5.44 5.45 5.46 5.46 5.44 5.44 5.43 5.44 5.42 5.43 5.42 5.39 5.37 5.48 12.30 20.92 23.17 23.22 23.21 23.22 23.21 23.22 23.22 23.23 23.23 23.28 23.31 21.99 17.37 17.33 16.04 12.91 12.85 12.82 5.41 5.42 5.44 5.47 5.46 5.48 5.48 5.51 5.51 5.51 5.52 5.52 5.51 5.43 5.28 5.10 4.92 4.77 4.63 4.48 4.35 4.22 4.11 4.00 3.90 3.80 3.69 3.61 3.53 3.44 3.37 3.30 3.25 3.22 3.16 3.10 3.04 2.99 2.94 2.88 2.84 2.80 2.75 2.70 2.67 2.63 2.62 2.64 2.64 2.65 2.68 2.71 2.69 2.65 2.65 2.66 2.61 2.56 2.54 2.51 2.47 2.44 2.42 2.33 2.29 2.30 2.31 2.36 2.37 2.37 2.36 2.35 2.43 2.58 2.65 2.77 2.86 2.97 3.10 3.16 3.36 3.45 3.47 3.52 3.54 3.58 3.59 3.50 3.52 3.67 3.71 3.75 3.81 3.55 3.48 3.56 3.58 3.65 3.68 3.74 3.81 3.85 3.87 1.74 1.70 1.69 1.69 1.67 1.68 1.71 1.71 1.69 1.68 1.68 1.67 1.67 1.66 1.66 1.66 1.64 1.64 1.63 1.63 1.62 1.61 1.61 1.61 1.60 1.60 1.60 1.59 1.58 1.58 1.57 1.56 1.57 1.56 1.56 1.55 1.55 1.55 1.55 1.54 1.55 1.54 1.54 1.54 1.54 1.53 1.53 1.53 1.53 1.53 1.52 1.52 1.52 1.51 1.51 1.51 1.51 1.51 1.51 1.51 1.51 1.51 1.50 1.50 1.50 1.52 -2.643163 6.068906 -0.417978 -2.606607 6.052670 -0.417978 1265.930638 magnum 54.438514
ODOM -2.512661 6.010939 -0.421125 0.487500 -0.000084 0.000000 1266.063388 magnum 54.544888
ODOM -2.467465 5.990695 -0.425727 0.503500 -0.000039 0.000000 1266.170608 magnum 54.656002
FLASER 360 6.66 6.64 6.53 6.25 5.47 5.48 5.49 5.50 5.48 5.49 5.49 2.04 2.02 1.78 1.72 1.38 1.34 1.24 1.24 1.24 1.24 1.23 1.23 1.14 1.15 1.15 1.15 1.16 1.16 2.04 81.91 1.20 1.19 1.19 1.19 1.20 1.21 1.20 1.21 1.21 1.22 1.22 1.23 1.23 1.23 1.23 1.23 1.24 1.25 1.25 1.26 1.27 1.27 1.28 1.28 1.30 1.32 1.33 1.32 1.30 1.30 1.30 1.31 1.34 1.36 1.34 1.34 1.35 1.36 1.37 1.38 1.40 1.41 1.42 1.42 1.42 1.43 1.47 1.49 1.50 1.51 1.53 1.54 1.55 1.56 1.57 1.58 1.60 1.62 1.63 1.65 1.66 1.68 1.68 1.70 1.72 1.75 1.76 1.78 1.79 1.82 1.84 1.81 1.81 1.89 1.92 1.94 1.95 1.97 1.97 1.98 1.97 1.98 1.97 2.07 2.18 2.21 2.25 2.29 2.34 2.36 2.36 2.43 2.41 2.41 2.39 2.38 2.37 2.37 2.37 2.41 2.45 2.51 2.58 3.11 3.26 3.34 3.42 3.50 3.59 3.68 3.78 3.93 3.94 3.97 4.25 4.87 4.86 4.90 4.88 4.87 5.01 5.29 5.34 5.35 5.34 5.34 5.33 5.36 5.35 5.35 5.34 5.34 5.33 5.33 5.32 5.32 5.31 5.28 5.27 5.40 12.19 20.78 23.08 23.14 23.13 23.14 23.13 23.14 23.14 23.14 23.14 23.17 23.22 21.95 17.28 17.24 16.02 12.82 12.76 12.71 5.30 5.30 5.33 5.35 5.35 5.37 5.37 5.39 5.40 5.41 5.41 5.43 5.40 5.41 5.28 5.11 4.93 4.78 4.64 4.50 4.37 4.23 4.11 4.00 3.90 3.81 3.70 3.61 3.53 3.45 3.37 3.30 3.23 3.17 3.13 3.10 3.05 2.99 2.94 2.89 2.84 2.79 2.75 2.71 2.67 2.62 2.58 2.56 2.53 2.54 2.55 2.56 2.56 2.60 2.60 2.58 2.55 2.57 2.56 2.51 2.47 2.44 2.42 2.39 2.36 2.33 2.28 2.22 2.22 2.23 2.23 2.29 2.28 2.28 2.27 2.30 2.40 2.56 2.64 2.78 2.87 3.05 3.06 3.34 3.37 3.42 3.44 3.49 3.51 3.50 3.42 3.51 3.64 3.70 3.73 3.76 3.46 3.41 3.45 3.52 3.55 3.60 3.62 3.69 3.71 3.82 3.88 3.95 3.99 4.33 1.66 1.64 1.63 1.62 1.62 1.66 1.67 1.65 1.64 1.64 1.63 1.63 1.63 1.62 1.61 1.61 1.61 1.60 1.59 1.59 1.58 1.58 1.57 1.57 1.56 1.57 1.56 1.56 1.56 1.54 1.54 1.54 1.54 1.54 1.54 1.54 1.53 1.53 1.53 1.52 1.52 1.52 1.52 1.52 1.51 1.51 1.51 1.51 1.51 1.51 1.51 1.51 1.51 1.51 1.51 1.50 1.52 1.49 1.51 -2.509643 6.009764 -0.425143 -2.473204 5.993266 -0.425143 1266.151302 magnum 54.656141
ODOM -2.420987 5.969619 -0.427261 0.498000 -0.000034 0.000000 1266.283333 magnum 54.761916
ODOM -2.375917 5.949098 -0.433397 0.485500 -0.000230 0.000000 1266.410627 magnum 54.887403
FLASER 360 6.63 6.26 5.51 5.48 5.48 5.49 2.01 1.25 1.23 1.24 1.24 1.23 1.22 1.13 1.12 1.13 1.13 1.14 1.14 3.41 3.41 1.18 1.19 1.17 1.17 1.18 1.18 1.18 1.18 1.18 1.19 1.19 1.19 1.19 1.20 1.20 1.20 1.21 1.21 1.22 1.22 1.22 1.22 1.22 1.22 1.23 1.23 1.25 1.27 1.30 1.28 1.24 1.24 1.24 1.25 1.27 1.28 1.30 1.29 1.29 1.30 1.31 1.31 1.33 1.33 1.35 1.36 1.35 1.36 1.37 1.38 1.40 1.41 1.43 1.43 1.45 1.47 1.47 1.48 1.50 1.51 1.52 1.54 1.55 1.55 1.57 1.58 1.60 1.61 1.63 1.64 1.66 1.67 1.68 1.69 1.71 1.74 1.76 1.75 1.74 1.79 1.82 1.84 1.86 1.87 1.88 1.89 1.89 1.89 1.87 1.87 2.00 2.07 2.10 2.13 2.17 2.21 2.25 2.26 2.27 2.33 2.32 2.31 2.28 2.29 2.28 2.27 2.26 2.29 2.34 2.38 2.43 2.50 3.08 3.16 3.23 3.30 3.37 3.45 3.54 3.62 3.71 3.85 3.85 3.89 4.79 4.77 4.76 4.81 4.78 4.76 4.91 5.19 5.24 5.26 5.23 5.24 5.22 5.25 5.25 5.25 5.24 5.23 5.22 5.22 5.21 5.21 5.20 5.20 5.16 5.19 5.27 12.07 22.88 23.03 23.02 23.02 23.02 23.02 23.01 23.03 23.04 23.03 23.09 23.10 21.76 17.14 17.10 15.82 12.68 12.64 12.60 5.19 5.20 5.23 5.25 5.26 5.26 5.27 5.28 5.30 5.30 5.32 5.32 5.31 5.31 5.20 5.02 4.87 4.73 4.58 4.45 4.32 4.18 4.06 3.95 3.87 3.75 3.67 3.57 3.50 3.41 3.34 3.27 3.20 3.14 3.08 3.04 3.01 2.97 2.91 2.86 2.82 2.76 2.72 2.68 2.65 2.61 2.57 2.54 2.50 2.44 2.43 2.44 2.45 2.44 2.46 2.50 2.52 2.51 2.46 2.45 2.49 2.44 2.41 2.37 2.34 2.32 2.30 2.27 2.25 2.20 2.15 2.12 2.13 2.15 2.21 2.21 2.19 2.20 2.19 2.30 2.49 2.57 2.73 2.84 2.98 3.05 3.30 3.32 3.37 3.40 3.44 3.47 3.38 3.36 3.54 3.60 3.64 3.69 3.57 3.37 3.37 3.41 3.48 3.51 3.55 3.62 3.65 3.71 3.81 3.86 3.94 4.05 4.25 4.24 4.22 3.95 1.61 1.59 1.58 1.58 1.57 1.58 1.62 1.61 1.60 1.60 1.59 1.59 1.59 1.58 1.58 1.58 1.57 1.57 1.56 1.55 1.55 1.55 1.55 1.54 1.53 1.54 1.53 1.53 1.53 1.53 1.53 1.52 1.52 1.52 1.51 1.51 1.51 1.51 1.51 1.51 1.51 1.50 1.50 1.51 1.50 1.50 1.50 1.50 1.50 1.49 1.50 1.51 -2.427897 5.972941 -0.431267 -2.391559 5.956220 -0.431267 1266.360251 magnum 54.887553
ODOM -2.330600 5.928128 -0.437999 0.492500 -0.000095 0.000000 1266.522901 magnum 55.004959
ODOM -2.284509 5.906542 -0.444135 0.513000 0.000034 0.000000 1266.643496 magnum 55.122627
FLASER 360 1.25 1.25 1.25 1.13 1.12 1.12 1.12 1.12 1.13 3.86 3.86 3.80 1.17 1.16 1.16 1.15 1.15 1.16 1.16 1.16 1.16 1.17 1.17 1.17 1.18 1.18 1.18 1.19 1.19 1.18 1.19 1.20 1.20 1.21 1.20 1.21 1.21 1.21 1.22 1.22 1.24 1.25 1.25 1.21 1.22 1.21 1.22 1.23 1.25 1.25 1.24 1.24 1.24 1.25 1.26 1.26 1.27 1.28 1.31 1.31 1.31 1.32 1.32 1.33 1.34 1.37 1.38 1.39 1.39 1.40 1.40 1.41 1.42 1.43 1.44 1.45 1.46 1.47 1.48 1.49 1.50 1.52 1.53 1.54 1.56 1.56 1.58 1.60 1.61 1.62 1.63 1.66 1.67 1.68 1.65 1.69 1.72 1.74 1.76 1.78 1.79 1.80 1.81 1.81 1.82 1.80 1.80 1.83 1.93 1.97 1.99 2.03 2.05 2.10 2.14 2.17 2.18 2.20 2.24 2.23 2.23 2.21 2.21 2.19 2.18 2.17 2.21 2.24 2.28 2.32 2.37 2.55 2.99 3.05 3.11 3.19 3.26 3.33 3.41 3.48 3.57 3.67 3.74 3.72 3.83 4.69 4.68 4.66 4.73 4.68 4.68 4.78 5.05 5.13 5.16 5.14 5.15 5.13 5.15 5.15 5.15 5.13 5.13 5.13 5.13 5.11 5.12 5.10 5.11 5.05 5.06 5.18 17.00 18.96 22.92 22.92 22.92 22.91 22.93 22.91 22.94 22.92 22.94 22.93 23.01 22.90 20.02 17.04 17.00 15.67 12.57 12.53 12.49 5.09 5.10 5.13 5.14 5.14 5.16 5.17 5.19 5.18 5.20 5.20 5.21 5.21 5.21 5.14 4.97 4.82 4.67 4.54 4.41 4.29 4.13 4.02 3.92 3.83 3.72 3.63 3.54 3.47 3.38 3.32 3.25 3.19 3.12 3.07 3.01 2.96 2.94 2.89 2.85 2.81 2.76 2.71 2.67 2.63 2.58 2.55 2.52 2.47 2.44 2.41 2.37 2.35 2.34 2.34 2.37 2.37 2.40 2.42 2.43 2.40 2.36 2.37 2.39 2.34 2.32 2.29 2.27 2.25 2.22 2.20 2.18 2.15 2.08 2.06 2.06 2.06 2.09 2.12 2.13 2.13 2.13 2.11 2.35 2.45 2.65 2.77 2.91 3.09 3.25 3.27 3.32 3.34 3.40 3.38 3.31 3.32 3.48 3.51 3.57 3.60 3.64 3.34 3.36 3.42 3.48 3.53 3.62 3.67 3.71 3.84 3.89 3.97 4.12 4.21 4.19 4.17 4.03 3.86 4.01 4.10 4.09 4.08 1.55 1.64 1.54 1.54 1.53 1.54 1.58 1.58 1.57 1.56 1.55 1.55 1.55 1.55 1.55 1.54 1.54 1.54 1.54 1.53 1.53 1.53 1.53 1.53 1.52 1.53 1.52 1.51 1.52 1.52 1.51 1.51 1.51 1.51 1.50 1.50 1.50 1.51 1.51 1.50 1.50 1.50 1.48 1.49 -2.346181 5.935547 -0.440741 -2.310004 5.918482 -0.440741 1266.570648 magnum 55.122771
ODOM -2.194445 5.863686 -0.450271 0.509500 -0.000006 0.000000 1266.768671 magnum 55.246033
ODOM -2.149112 5.841773 -0.453339 0.498000 0.000022 0.000000 1266.883208 magnum 55.361816
FLASER 360 1.18 1.16 5.47 1.15 1.15 1.15 1.15 1.14 1.16 1.15 1.15 1.15 1.15 1.15 1.15 1.15 1.16 1.16 1.16 1.17 1.17 1.17 1.17 1.17 1.17 1.18 1.18 1.18 1.18 1.18 1.19 1.22 1.23 1.20 1.18 1.17 1.17 1.18 1.19 1.20 1.21 1.20 1.20 1.20 1.21 1.21 1.21 1.22 1.23 1.24 1.24 1.26 1.25 1.25 1.25 1.26 1.27 1.30 1.31 1.31 1.32 1.32 1.33 1.33 1.34 1.35 1.36 1.37 1.37 1.39 1.39 1.40 1.40 1.42 1.43 1.44 1.45 1.47 1.47 1.48 1.49 1.51 1.52 1.53 1.55 1.56 1.57 1.58 1.60 1.59 1.56 1.62 1.64 1.66 1.67 1.69 1.70 1.70 1.72 1.72 1.73 1.72 1.72 1.70 1.76 1.86 1.89 1.91 1.93 1.97 1.99 2.02 2.05 2.08 2.08 2.10 2.15 2.14 2.14 2.11 2.11 2.09 2.09 2.07 2.09 2.12 2.15 2.19 2.22 2.29 2.57 2.87 2.94 2.99 3.06 3.12 3.18 3.24 3.34 3.40 3.48 3.58 3.64 3.62 3.68 4.60 4.57 4.55 4.59 4.59 4.57 4.59 4.92 4.97 5.03 5.03 5.02 5.02 5.00 5.02 5.02 5.01 5.01 5.00 5.00 4.98 4.99 4.97 4.97 4.96 4.93 4.93 5.07 11.88 18.88 22.63 22.78 22.77 22.77 22.75 22.77 22.77 22.79 22.79 22.80 22.86 22.84 19.91 16.93 16.89 15.59 12.45 12.43 12.39 4.97 4.95 5.00 5.01 5.02 5.02 5.03 5.03 5.05 5.05 5.10 5.10 5.12 5.06 5.10 4.96 4.82 4.68 4.54 4.42 4.29 4.17 4.03 3.93 3.83 3.72 3.63 3.54 3.47 3.39 3.31 3.25 3.18 3.12 3.06 3.00 2.94 2.89 2.86 2.84 2.80 2.75 2.71 2.66 2.62 2.58 2.55 2.51 2.46 2.44 2.41 2.37 2.35 2.31 2.28 2.25 2.25 2.26 2.28 2.28 2.29 2.31 2.34 2.31 2.28 2.28 2.30 2.28 2.24 2.22 2.20 2.19 2.16 2.13 2.11 2.10 2.07 2.03 2.00 1.98 1.98 1.98 2.06 2.05 2.05 2.05 2.05 2.09 2.45 2.59 2.83 2.89 3.17 3.20 3.25 3.27 3.32 3.32 3.24 3.22 3.36 3.40 3.45 3.49 3.55 3.57 3.44 3.47 3.63 3.64 3.82 3.81 4.10 4.09 4.16 4.14 4.17 4.16 4.15 4.12 4.05 3.83 3.98 4.05 4.05 4.04 4.03 4.03 4.17 4.26 4.39 1.54 1.51 1.50 1.50 1.50 1.54 1.54 1.54 1.54 1.54 1.53 1.53 1.53 1.54 1.53 1.53 1.53 1.52 1.51 1.51 1.51 1.51 1.50 1.50 1.50 1.51 1.50 1.50 1.49 1.50 1.50 1.49 1.50 1.49 1.49 -2.219105 5.875640 -0.451039 -2.183105 5.858204 -0.451039 1266.790592 magnum 55.361965
ODOM -2.104280 5.819931 -0.456407 0.498000 0.000090 0.000000 1267.009857 magnum 55.493996
FLASER 360 1.15 1.15 1.15 1.15 1.15 1.15 1.15 1.15 1.15 1.15 1.15 1.15 1.16 1.16 1.16 1.16 1.16 1.16 1.16 1.16 1.16 1.21 1.23 1.20 1.18 1.15 1.15 1.15 1.16 1.17 1.18 1.18 1.18 1.18 1.18 1.18 1.18 1.18 1.18 1.19 1.19 1.21 1.22 1.21 1.21 1.21 1.21 1.22 1.22 1.24 1.25 1.25 1.26 1.26 1.28 1.29 1.29 1.30 1.30 1.31 1.32 1.32 1.33 1.33 1.34 1.34 1.35 1.36 1.37 1.38 1.39 1.40 1.41 1.42 1.43 1.44 1.45 1.46 1.47 1.48 1.49 1.50 1.51 1.54 1.53 1.54 1.55 1.56 1.59 1.60 1.61 1.62 1.63 1.64 1.65 1.65 1.65 1.64 1.64 1.64 1.71 1.79 1.80 1.82 1.84 1.87 1.89 1.92 1.94 1.97 1.99 1.99 2.00 2.06 2.06 2.03 2.03 2.01 2.01 1.99 1.98 1.98 2.00 2.04 2.08 2.11 2.13 2.22 2.41 2.75 2.80 2.85 2.91 2.97 3.03 3.09 3.16 3.23 3.29 3.36 3.46 3.53 3.53 3.57 4.50 4.47 4.46 4.45 4.51 4.47 4.46 4.53 4.83 4.88 4.93 4.92 4.91 4.90 4.89 4.92 4.92 4.91 4.91 4.89 4.89 4.87 4.88 4.87 4.87 4.87 4.83 4.82 4.97 11.77 11.75 22.53 22.70 22.70 22.71 22.69 22.70 22.69 22.70 22.70 22.70 22.73 22.78 21.50 16.83 16.82 15.37 12.48 12.34 12.31 12.28 4.85 4.86 4.88 4.91 4.91 4.93 4.93 4.94 4.95 4.96 4.96 4.98 4.98 4.96 4.97 4.86 4.73 4.58 4.46 4.33 4.21 4.10 3.97 3.87 3.75 3.67 3.58 3.49 3.41 3.35 3.27 3.21 3.15 3.08 3.02 2.97 2.91 2.86 2.81 2.76 2.75 2.72 2.68 2.64 2.60 2.56 2.52 2.49 2.45 2.41 2.37 2.35 2.31 2.29 2.26 2.23 2.20 2.18 2.15 2.16 2.17 2.20 2.20 2.23 2.24 2.25 2.22 2.21 2.21 2.22 2.20 2.16 2.15 2.13 2.11 2.09 2.06 2.05 2.03 2.01 1.99 1.95 1.92 1.90 1.90 1.92 1.96 1.99 1.99 1.99 1.97 2.25 2.47 2.76 2.86 3.12 3.15 3.20 3.24 3.29 3.22 3.17 3.20 3.36 3.40 3.45 3.50 3.55 3.25 3.30 3.32 3.46 3.52 3.59 3.63 3.80 3.82 3.97 3.99 4.11 4.10 4.08 4.07 3.80 3.78 4.02 4.02 4.00 3.99 3.99 4.09 4.24 4.33 4.49 4.59 4.77 4.90 5.12 1.51 1.48 1.48 1.48 1.47 1.48 1.52 1.52 1.52 1.51 1.52 1.51 1.51 1.51 1.51 1.50 1.50 1.51 1.50 1.50 1.50 1.50 1.49 1.49 1.49 1.50 1.49 -2.141317 5.838108 -0.456330 -2.105410 5.820481 -0.456330 1267.000220 magnum 55.494126
ODOM -2.059567 5.797978 -0.459475 0.490500 -0.000106 0.000000 1267.123357 magnum 55.603977
ODOM -2.014490 5.775674 -0.461009 0.502000 0.000045 0.000000 1267.242465 magnum 55.722313
FLASER 360 1.15 1.15 1.15 1.16 1.15 1.15 1.14 1.15 1.15 1.15 1.15 1.30 1.33 1.35 1.16 1.13 1.14 1.13 1.13 1.14 1.16 1.17 1.17 1.14 1.15 1.15 1.15 1.16 1.16 1.17 1.17 1.18 1.18 1.19 1.18 1.18 1.18 1.18 1.18 1.20 1.20 1.22 1.21 1.22 1.22 1.23 1.23 1.23 1.23 1.24 1.24 1.25 1.25 1.27 1.27 1.28 1.29 1.29 1.30 1.30 1.31 1.32 1.33 1.33 1.33 1.34 1.34 1.36 1.37 1.38 1.39 1.41 1.41 1.41 1.42 1.43 1.44 1.45 1.45 1.46 1.47 1.49 1.50 1.52 1.53 1.54 1.56 1.56 1.57 1.58 1.58 1.58 1.57 1.57 1.56 1.62 1.69 1.70 1.72 1.74 1.76 1.78 1.80 1.82 1.84 1.87 1.88 1.90 1.91 1.92 1.96 1.96 1.95 1.94 1.93 1.91 1.91 1.89 1.89 1.90 1.93 1.95 1.99 2.02 2.06 2.11 2.52 2.64 2.68 2.71 2.78 2.82 2.89 2.95 3.01 3.06 3.13 3.19 3.27 3.33 3.42 3.43 3.43 3.47 4.40 4.36 4.35 4.36 4.41 4.37 4.36 4.51 4.74 4.79 4.83 4.81 4.80 4.81 4.80 4.81 4.82 4.80 4.80 4.79 4.79 4.77 4.78 4.76 4.77 4.75 4.74 4.71 4.78 11.79 11.67 20.23 22.45 22.58 22.60 22.58 22.59 22.56 22.59 22.57 22.59 22.58 22.68 22.63 19.70 16.71 16.68 15.38 12.26 12.21 12.19 12.17 4.76 4.75 4.80 4.80 4.81 4.81 4.83 4.83 4.85 4.85 4.87 4.87 4.88 4.86 4.88 4.77 4.65 4.51 4.39 4.28 4.15 4.06 3.92 3.82 3.70 3.62 3.53 3.46 3.38 3.32 3.24 3.18 3.11 3.06 3.00 2.94 2.88 2.83 2.78 2.74 2.69 2.68 2.65 2.61 2.57 2.54 2.50 2.46 2.43 2.40 2.36 2.33 2.29 2.27 2.24 2.22 2.20 2.16 2.13 2.11 2.09 2.07 2.08 2.09 2.11 2.10 2.15 2.16 2.18 2.15 2.13 2.12 2.15 2.15 2.09 2.08 2.06 2.05 2.03 2.00 1.99 1.98 1.96 1.93 1.93 1.90 1.86 1.84 1.83 1.83 1.90 1.91 1.93 1.94 1.92 1.92 2.70 2.76 3.08 3.11 3.16 3.19 3.22 3.15 3.11 3.18 3.33 3.37 3.43 3.47 3.53 3.20 3.24 3.29 3.41 3.48 3.57 3.61 3.74 3.80 3.90 4.04 4.06 4.06 4.04 4.02 3.72 3.90 3.99 3.98 3.97 3.96 4.04 4.14 4.29 4.40 4.59 4.71 4.94 5.09 5.33 5.52 5.79 6.05 6.43 6.70 1.47 1.46 1.46 1.45 1.45 1.46 1.50 1.50 1.51 1.50 1.50 1.50 1.49 1.50 1.49 1.49 1.50 1.50 -2.059998 5.798245 -0.460680 -2.024168 5.780463 -0.460680 1267.210645 magnum 55.722439
ODOM -1.925318 5.731382 -0.467145 0.502000 -0.000213 0.000000 1267.369127 magnum 55.846327
ODOM -1.880031 5.708540 -0.471747 0.503000 -0.000078 0.000000 1267.482870 magnum 55.962173
FLASER 360 1.15 1.16 1.18 1.13 1.12 1.12 1.12 1.12 1.12 1.13 1.13 1.14 1.14 1.13 1.13 1.13 1.13 1.13 1.13 1.14 1.14 1.14 1.16 1.17 1.17 1.15 1.15 1.15 1.15 1.16 1.18 1.18 1.18 1.18 1.19 1.19 1.19 1.19 1.20 1.20 1.20 1.21 1.21 1.21 1.22 1.22 1.23 1.23 1.24 1.24 1.24 1.24 1.25 1.25 1.26 1.27 1.29 1.29 1.30 1.31 1.31 1.32 1.32 1.33 1.34 1.34 1.35 1.36 1.37 1.38 1.39 1.38 1.39 1.39 1.41 1.42 1.43 1.45 1.46 1.47 1.48 1.48 1.49 1.49 1.50 1.50 1.50 1.49 1.48 1.47 1.55 1.61 1.63 1.64 1.65 1.67 1.69 1.70 1.72 1.74 1.76 1.78 1.80 1.81 1.82 1.83 1.85 1.89 1.89 1.86 1.85 1.83 1.83 1.81 1.81 1.80 1.81 1.83 1.86 1.88 1.92 1.94 1.98 2.05 2.47 2.53 2.57 2.61 2.65 2.71 2.75 2.80 2.86 2.92 2.97 3.04 3.10 3.17 3.24 3.31 3.35 3.32 3.36 4.32 4.29 4.25 4.25 4.30 4.29 4.25 4.27 4.53 4.65 4.69 4.72 4.71 4.71 4.69 4.69 4.71 4.71 4.70 4.69 4.68 4.68 4.67 4.67 4.66 4.66 4.65 4.63 4.62 4.64 4.74 11.55 18.34 22.33 22.49 22.49 22.49 22.49 22.48 22.48 22.49 22.50 22.49 22.55 22.56 21.27 16.63 16.60 15.17 12.33 12.12 12.11 12.06 4.70 4.64 4.66 4.69 4.70 4.70 4.72 4.72 4.74 4.74 4.75 4.76 4.77 4.78 4.76 4.76 4.67 4.58 4.43 4.32 4.21 4.10 3.99 3.90 3.75 3.66 3.56 3.49 3.41 3.35 3.27 3.21 3.14 3.08 3.01 2.96 2.90 2.86 2.81 2.76 2.71 2.67 2.63 2.58 2.58 2.55 2.51 2.47 2.44 2.41 2.37 2.34 2.30 2.28 2.25 2.23 2.20 2.17 2.15 2.13 2.09 2.07 2.05 2.03 2.01 2.00 2.00 2.01 2.03 2.03 2.04 2.07 2.10 2.08 2.06 2.04 2.06 2.06 2.04 2.01 2.01 1.99 1.97 1.96 1.93 1.93 1.91 1.89 1.87 1.87 1.85 1.81 1.80 1.78 1.77 1.79 1.85 1.85 1.88 1.88 1.88 1.95 3.02 3.05 3.12 3.15 3.14 3.09 3.08 3.18 3.33 3.37 3.45 3.49 3.53 3.13 3.10 3.14 3.32 3.30 3.43 3.50 3.61 3.66 3.81 4.01 4.03 4.01 4.00 3.74 3.76 3.94 3.95 3.93 3.93 3.93 4.09 4.21 4.39 4.53 4.75 4.91 5.19 5.35 5.66 5.89 6.33 6.60 7.00 7.01 7.01 6.99 7.01 7.00 1.46 1.46 1.44 1.44 1.44 1.44 1.49 1.50 1.50 1.50 -1.934014 5.735890 -0.469886 -1.898349 5.717779 -0.469886 1267.430631 magnum 55.962324
ODOM -1.835709 5.685928 -0.476349 0.491500 -0.000050 0.000000 1267.603390 magnum 56.082642
ODOM -1.791535 5.663136 -0.480951 0.497500 -0.000062 0.000000 1267.723345 magnum 56.202171
FLASER 360 1.14 1.14 1.14 1.13 1.12 1.12 1.13 1.13 1.13 1.13 1.13 1.13 1.13 1.15 1.15 1.13 1.13 1.13 1.14 1.13 1.14 1.16 1.17 1.17 1.17 1.17 1.17 1.17 1.17 1.17 1.17 1.18 1.18 1.18 1.18 1.18 1.19 1.19 1.19 1.20 1.20 1.20 1.21 1.21 1.22 1.22 1.23 1.23 1.23 1.24 1.24 1.24 1.25 1.25 1.26 1.27 1.28 1.28 1.29 1.29 1.30 1.32 1.32 1.33 1.32 1.32 1.34 1.35 1.36 1.36 1.37 1.39 1.40 1.41 1.42 1.42 1.42 1.42 1.42 1.43 1.42 1.42 1.41 1.40 1.42 1.52 1.54 1.55 1.56 1.58 1.58 1.59 1.61 1.62 1.64 1.66 1.68 1.70 1.71 1.73 1.74 1.74 1.76 1.79 1.82 1.79 1.78 1.76 1.76 1.74 1.73 1.71 1.71 1.72 1.75 1.77 1.80 1.82 1.84 1.87 1.90 2.05 2.36 2.40 2.44 2.49 2.54 2.58 2.62 2.67 2.72 2.76 2.81 2.87 2.93 2.98 3.04 3.10 3.18 3.24 3.24 3.25 3.27 4.22 4.18 4.17 4.15 4.20 4.19 4.16 4.17 4.42 4.55 4.58 4.63 4.61 4.61 4.60 4.59 4.61 4.62 4.60 4.60 4.58 4.59 4.58 4.57 4.56 4.56 4.56 4.55 4.52 4.51 4.61 12.60 16.46 18.43 22.33 22.40 22.39 22.38 22.38 22.38 22.37 22.39 22.39 22.41 22.44 22.45 21.14 16.52 16.48 15.28 15.05 12.03 12.00 11.95 10.71 4.54 4.54 4.58 4.60 4.61 4.61 4.62 4.63 4.63 4.64 4.66 4.66 4.68 4.67 4.66 4.65 4.54 4.43 4.30 4.19 4.07 3.98 3.87 3.76 3.64 3.55 3.48 3.41 3.33 3.28 3.20 3.13 3.07 3.01 2.95 2.90 2.84 2.80 2.75 2.71 2.66 2.63 2.58 2.55 2.50 2.47 2.47 2.43 2.40 2.37 2.34 2.30 2.28 2.24 2.22 2.20 2.17 2.15 2.12 2.09 2.08 2.06 2.03 2.02 1.98 1.96 1.95 1.93 1.92 1.91 1.94 1.94 1.96 1.96 2.01 2.03 2.01 1.99 1.97 1.96 2.00 2.00 1.95 1.95 1.93 1.91 1.90 1.89 1.88 1.87 1.84 1.83 1.81 1.80 1.80 1.78 1.73 1.72 1.70 1.71 1.75 1.78 1.81 1.82 1.83 1.84 3.05 3.09 3.12 3.06 3.02 3.07 3.30 3.33 3.41 3.46 3.53 3.29 3.03 3.07 3.22 3.25 3.34 3.42 3.53 3.61 3.73 3.97 3.98 3.97 3.97 3.74 3.71 3.91 3.92 3.92 3.91 3.91 4.11 4.24 4.46 4.62 4.86 5.07 5.36 5.62 5.98 6.34 6.83 7.02 6.99 6.97 6.99 6.98 6.97 6.98 6.95 6.97 7.05 7.04 81.91 6.50 -1.855395 5.696160 -0.477998 -1.819878 5.677760 -0.477998 1267.640239 magnum 56.202335
ODOM -1.746222 5.639490 -0.485553 0.509500 -0.000039 0.000000 1267.843191 magnum 56.323132
ODOM -1.658378 5.593136 -0.493223 0.505500 -0.000140 0.000000 1267.963226 magnum 56.442370
FLASER 360 1.13 1.13 1.13 1.14 1.14 1.13 1.13 1.13 1.12 1.13 1.13 1.15 1.14 1.15 1.15 1.15 1.16 1.16 1.16 1.16 1.16 1.17 1.17 1.17 1.17 1.17 1.17 1.17 1.17 1.17 1.17 1.17 1.18 1.18 1.18 1.18 1.18 1.19 1.19 1.19 1.19 1.20 1.20 1.21 1.21 1.21 1.22 1.22 1.23 1.23 1.24 1.25 1.25 1.26 1.26 1.26 1.27 1.26 1.27 1.28 1.29 1.30 1.31 1.31 1.32 1.32 1.33 1.34 1.35 1.36 1.36 1.36 1.36 1.36 1.36 1.35 1.35 1.33 1.37 1.45 1.46 1.47 1.48 1.49 1.50 1.51 1.52 1.54 1.55 1.57 1.58 1.59 1.61 1.62 1.63 1.66 1.67 1.66 1.67 1.70 1.72 1.71 1.71 1.69 1.68 1.66 1.66 1.64 1.63 1.62 1.65 1.66 1.68 1.70 1.72 1.74 1.77 1.79 1.85 2.21 2.25 2.29 2.33 2.37 2.40 2.44 2.49 2.54 2.58 2.62 2.67 2.72 2.77 2.82 2.86 2.93 2.98 3.04 3.11 3.13 3.13 3.19 4.78 4.12 4.09 4.06 4.04 4.07 4.08 4.05 4.06 4.24 4.43 4.47 4.52 4.50 4.50 4.49 4.49 4.49 4.51 4.49 4.49 4.48 4.47 4.47 4.47 4.46 4.46 4.45 4.44 4.44 4.41 4.39 4.54 11.55 11.36 18.33 22.06 22.26 22.25 22.24 22.26 22.24 22.26 22.26 22.27 22.26 22.33 22.36 21.03 16.40 16.38 14.96 14.93 11.92 11.89 11.85 10.60 4.44 4.44 4.45 4.48 4.48 4.50 4.50 4.53 4.52 4.54 4.54 4.55 4.55 4.57 4.55 4.56 4.48 4.41 4.31 4.18 4.08 3.97 3.88 3.76 3.68 3.55 3.48 3.39 3.33 3.26 3.20 3.13 3.08 3.01 2.96 2.89 2.85 2.80 2.76 2.70 2.66 2.61 2.58 2.55 2.51 2.46 2.43 2.39 2.38 2.36 2.33 2.30 2.28 2.24 2.23 2.20 2.17 2.15 2.12 2.09 2.07 2.05 2.02 2.01 1.99 1.96 1.96 1.92 1.90 1.88 1.87 1.85 1.84 1.84 1.84 1.87 1.88 1.89 1.88 1.95 1.96 1.93 1.91 1.89 1.90 1.93 1.93 1.88 1.88 1.86 1.85 1.84 1.82 1.81 1.80 1.80 1.79 1.77 1.75 1.74 1.74 1.70 1.69 1.67 1.66 1.66 1.68 1.74 1.75 1.76 1.76 1.83 1.88 2.98 2.97 3.07 3.13 3.24 3.27 3.37 3.42 3.52 3.55 3.65 3.73 4.01 4.01 3.99 3.98 3.97 3.97 3.95 3.94 3.93 3.90 3.65 3.91 3.90 3.88 3.87 3.88 4.09 4.24 4.50 4.68 4.99 5.21 5.61 5.88 6.42 6.83 6.98 6.97 6.97 6.97 6.97 6.97 6.96 6.95 6.96 7.04 -1.771565 5.652903 -0.486428 -1.736205 5.634204 -0.486428 1267.850748 magnum 56.442531
ODOM -1.613818 5.569183 -0.497825 0.489500 0.000073 0.000000 1268.070509 magnum 56.557377
FLASER 360 1.15 1.14 1.14 1.13 1.13 1.14 1.14 1.14 1.14 1.14 1.14 1.14 1.15 1.15 1.15 1.15 1.15 1.15 1.16 1.16 1.16 1.16 1.16 1.17 1.17 1.17 1.17 1.17 1.17 1.17 1.17 1.17 1.17 1.17 1.18 1.18 1.18 1.18 1.18 1.19 1.19 1.19 1.19 1.20 1.21 1.22 1.22 1.22 1.21 1.21 1.22 1.23 1.24 1.24 1.24 1.25 1.26 1.26 1.27 1.28 1.28 1.29 1.30 1.30 1.31 1.30 1.30 1.29 1.29 1.28 1.28 1.36 1.38 1.39 1.40 1.41 1.42 1.42 1.43 1.44 1.45 1.46 1.47 1.49 1.49 1.50 1.52 1.53 1.55 1.56 1.58 1.59 1.59 1.59 1.59 1.62 1.65 1.63 1.62 1.59 1.59 1.57 1.57 1.55 1.55 1.53 1.56 1.58 1.59 1.61 1.63 1.64 1.66 1.68 1.70 1.77 2.09 2.14 2.18 2.20 2.24 2.27 2.31 2.34 2.38 2.41 2.45 2.51 2.55 2.59 2.64 2.68 2.73 2.79 2.83 2.87 2.94 3.00 3.04 3.03 3.05 3.06 4.67 4.00 3.97 3.95 3.94 3.98 3.98 3.95 3.96 4.21 4.33 4.36 4.41 4.40 4.40 4.39 4.38 4.37 4.41 4.39 4.39 4.37 4.37 4.36 4.36 4.35 4.35 4.34 4.34 4.34 4.32 4.28 4.34 4.42 11.44 11.62 19.85 21.96 22.15 22.14 22.14 22.14 22.14 22.15 22.16 22.16 22.17 22.25 22.15 19.27 16.29 16.26 15.01 11.93 11.79 11.77 11.74 10.46 4.35 4.33 4.35 4.37 4.39 4.39 4.40 4.40 4.43 4.43 4.44 4.44 4.46 4.46 4.46 4.45 4.47 4.35 4.27 4.15 4.03 3.94 3.84 3.73 3.65 3.56 3.45 3.38 3.31 3.25 3.17 3.11 3.06 3.00 2.94 2.90 2.83 2.79 2.74 2.69 2.65 2.62 2.58 2.54 2.50 2.45 2.42 2.39 2.35 2.31 2.31 2.29 2.26 2.24 2.21 2.19 2.16 2.14 2.11 2.09 2.07 2.04 2.02 2.00 1.98 1.96 1.94 1.92 1.91 1.89 1.86 1.85 1.83 1.81 1.80 1.79 1.77 1.76 1.76 1.77 1.81 1.80 1.82 1.85 1.89 1.89 1.85 1.83 1.83 1.84 1.88 1.87 1.82 1.81 1.80 1.79 1.78 1.77 1.76 1.75 1.74 1.73 1.71 1.70 1.69 1.69 1.69 1.68 1.63 1.62 1.61 1.60 1.63 1.66 1.71 1.71 1.71 1.72 2.97 3.07 3.15 3.21 3.31 3.37 3.49 3.55 3.63 3.92 3.98 3.96 3.96 3.95 3.94 3.93 3.91 3.91 3.90 3.87 3.62 3.87 3.87 3.87 3.86 3.88 4.16 4.34 4.66 4.87 5.25 5.58 6.14 6.57 6.99 6.98 6.97 6.97 6.97 6.96 6.96 6.97 -1.650833 5.589280 -0.497632 -1.615684 5.570186 -0.497632 1268.060653 magnum 56.557535
ODOM -1.569794 5.545257 -0.499359 0.490500 0.000017 0.000000 1268.183390 magnum 56.662516
ODOM -1.525807 5.521264 -0.502427 0.491000 -0.000022 0.000000 1268.291112 magnum 57.051492
ODOM -1.482318 5.497368 -0.503961 0.500500 -0.000129 0.000000 1268.402466 magnum 57.051654
ODOM -1.438473 5.473189 -0.505495 0.502000 -0.000011 0.000000 1268.509334 magnum 57.051769
ODOM -1.394664 5.448943 -0.508563 0.500000 0.000000 0.000000 1268.622847 magnum 57.101142
FLASER 360 1.13 1.12 1.13 1.13 1.13 1.13 1.13 1.13 1.13 1.13 1.13 1.13 1.14 1.14 1.14 1.14 1.14 1.14 1.15 1.15 1.15 1.15 1.16 1.16 1.16 1.16 1.16 1.16 1.16 1.14 1.14 1.15 1.16 1.16 1.17 1.17 1.17 1.18 1.17 1.18 1.18 1.18 1.19 1.18 1.19 1.19 1.20 1.20 1.20 1.20 1.19 1.19 1.19 1.15 1.14 1.25 1.25 1.25 1.26 1.26 1.28 1.28 1.29 1.30 1.31 1.31 1.32 1.33 1.33 1.35 1.35 1.36 1.36 1.37 1.38 1.38 1.39 1.41 1.42 1.42 1.44 1.44 1.43 1.44 1.45 1.48 1.50 1.49 1.47 1.45 1.44 1.42 1.42 1.39 1.40 1.38 1.38 1.40 1.42 1.42 1.43 1.45 1.46 1.48 1.49 1.50 1.53 1.56 1.61 1.90 1.92 1.95 1.98 2.00 2.03 2.05 2.08 2.11 2.14 2.16 2.20 2.22 2.25 2.29 2.33 2.36 2.40 2.44 2.49 2.53 2.57 2.62 2.66 2.71 2.76 2.81 2.85 2.83 2.84 2.86 4.51 4.47 3.82 3.74 3.74 3.71 3.74 3.75 3.73 3.72 3.82 4.04 4.14 4.16 4.21 4.19 4.19 4.17 4.17 4.17 4.19 4.18 4.17 4.16 4.17 4.16 4.16 4.14 4.14 4.12 4.14 4.13 4.12 4.08 4.08 4.20 11.23 11.16 11.01 19.59 21.75 21.93 21.94 21.92 21.93 21.92 21.93 21.93 21.95 21.94 22.02 22.03 20.70 16.08 16.06 16.01 14.62 11.60 11.57 11.53 11.57 10.16 4.14 4.11 4.12 4.16 4.17 4.17 4.19 4.19 4.22 4.22 4.23 4.23 4.24 4.24 4.26 4.25 4.25 4.25 4.14 4.07 3.97 3.87 3.79 3.69 3.59 3.52 3.44 3.36 3.27 3.20 3.14 3.08 3.01 2.96 2.91 2.86 2.81 2.76 2.71 2.68 2.62 2.59 2.56 2.52 2.47 2.44 2.40 2.37 2.33 2.30 2.27 2.24 2.22 2.19 2.16 2.13 2.13 2.12 2.10 2.08 2.05 2.03 2.02 1.99 1.97 1.95 1.93 1.91 1.89 1.88 1.86 1.83 1.82 1.81 1.80 1.79 1.76 1.75 1.73 1.72 1.71 1.70 1.69 1.68 1.66 1.65 1.64 1.63 1.63 1.63 1.67 1.68 1.68 1.68 1.76 1.77 1.73 1.72 1.71 1.71 1.75 1.77 1.74 1.71 1.70 1.70 1.69 1.69 1.67 1.67 1.66 1.65 1.64 1.64 1.62 1.62 1.61 1.60 1.60 1.60 1.60 1.58 1.55 1.54 1.53 1.53 1.61 1.62 1.65 1.66 1.70 1.74 3.58 2.79 3.90 3.90 3.88 3.88 3.88 3.87 3.87 3.86 3.85 3.73 3.65 3.84 3.83 3.83 3.84 4.06 4.47 4.80 5.31 5.68 6.72 6.97 6.97 6.98 -1.472571 5.492064 -0.505558 -1.437575 5.472692 -0.505558 1268.280245 magnum 57.101310
ODOM -1.350931 5.424563 -0.508563 0.497000 -0.000011 0.000000 1268.730165 magnum 57.215494
ODOM -1.306775 5.399947 -0.508563 0.504500 0.000050 0.000000 1268.843404 magnum 57.322715
FLASER 360 1.12 1.12 1.12 1.12 1.12 1.13 1.13 1.13 1.13 1.13 1.13 1.13 1.13 1.13 1.14 1.13 1.14 1.11 1.11 1.11 1.11 1.12 1.13 1.14 1.15 1.14 1.14 1.15 1.15 1.15 1.16 1.16 1.16 1.17 1.17 1.17 1.17 1.17 1.17 1.17 1.17 1.16 1.16 1.09 1.09 1.19 1.20 1.20 1.21 1.21 1.22 1.23 1.23 1.23 1.24 1.24 1.25 1.25 1.25 1.26 1.26 1.27 1.28 1.29 1.29 1.30 1.31 1.31 1.32 1.33 1.34 1.35 1.35 1.36 1.38 1.36 1.37 1.38 1.38 1.42 1.43 1.41 1.41 1.37 1.36 1.35 1.33 1.32 1.31 1.29 1.30 1.31 1.32 1.34 1.35 1.36 1.38 1.39 1.40 1.41 1.42 1.43 1.45 1.50 1.68 1.80 1.83 1.85 1.87 1.90 1.92 1.93 1.96 1.99 2.01 2.04 2.06 2.09 2.12 2.15 2.18 2.20 2.24 2.27 2.30 2.34 2.38 2.41 2.44 2.49 2.54 2.58 2.63 2.67 2.72 2.73 2.74 2.75 2.77 4.40 4.39 3.72 3.67 3.63 3.63 3.62 3.67 3.64 3.63 3.62 3.84 3.99 4.04 4.07 4.10 4.08 4.08 4.07 4.07 4.07 4.09 4.07 4.07 4.06 4.05 4.05 4.05 4.03 4.03 4.03 4.03 4.02 4.02 3.98 3.97 3.99 4.10 11.24 11.21 17.82 21.58 21.85 21.83 21.82 21.82 21.81 21.83 21.82 21.84 21.84 21.86 21.94 21.62 18.94 15.97 15.92 14.68 11.63 11.48 11.45 11.42 10.06 10.03 4.05 4.02 4.02 4.06 4.06 4.08 4.08 4.09 4.09 4.11 4.12 4.12 4.13 4.14 4.14 4.16 4.13 4.16 4.08 4.01 3.92 3.83 3.71 3.65 3.56 3.49 3.42 3.34 3.27 3.18 3.11 3.06 3.00 2.95 2.89 2.83 2.79 2.75 2.70 2.66 2.61 2.58 2.54 2.50 2.46 2.42 2.39 2.35 2.32 2.29 2.26 2.23 2.21 2.19 2.15 2.13 2.10 2.07 2.06 2.04 2.03 2.02 2.01 1.98 1.96 1.95 1.93 1.91 1.89 1.88 1.86 1.84 1.82 1.80 1.80 1.78 1.76 1.74 1.73 1.71 1.71 1.70 1.68 1.67 1.66 1.65 1.64 1.63 1.61 1.61 1.60 1.59 1.58 1.58 1.58 1.59 1.59 1.62 1.62 1.69 1.71 1.71 1.68 1.67 1.66 1.68 1.68 1.76 1.70 1.67 1.66 1.65 1.64 1.64 1.63 1.62 1.62 1.61 1.61 1.60 1.60 1.58 1.58 1.57 1.57 1.58 1.57 1.57 1.55 1.51 1.51 1.50 1.50 1.60 1.59 1.63 1.63 1.70 1.63 3.87 3.86 3.85 3.85 3.84 3.84 3.84 3.69 3.62 3.83 3.82 3.81 3.85 4.27 4.82 5.39 6.33 6.97 -1.385149 5.443638 -0.508563 -1.350211 5.424161 -0.508563 1268.710620 magnum 57.322877
ODOM -1.219668 5.351387 -0.480951 0.494500 0.000465 0.000000 1268.983904 magnum 57.463507
FLASER 360 1.12 1.13 1.12 1.13 1.13 1.10 1.10 1.10 1.10 1.11 1.11 1.11 1.11 1.11 1.12 1.12 1.12 1.13 1.13 1.13 1.13 1.13 1.13 1.13 1.14 1.14 1.14 1.13 1.13 1.13 1.13 1.10 1.09 1.06 1.09 1.17 1.17 1.18 1.18 1.18 1.18 1.18 1.18 1.19 1.19 1.19 1.20 1.20 1.20 1.21 1.22 1.22 1.22 1.23 1.23 1.24 1.25 1.25 1.25 1.25 1.26 1.27 1.28 1.28 1.29 1.31 1.31 1.32 1.31 1.30 1.31 1.32 1.35 1.36 1.35 1.32 1.32 1.28 1.27 1.25 1.24 1.22 1.23 1.24 1.24 1.25 1.25 1.26 1.27 1.29 1.29 1.31 1.31 1.34 1.35 1.36 1.36 1.40 1.47 1.70 1.72 1.73 1.75 1.77 1.78 1.81 1.83 1.85 1.86 1.90 1.92 1.93 1.96 1.98 2.01 2.04 2.06 2.09 2.10 2.14 2.17 2.19 2.23 2.26 2.29 2.33 2.36 2.41 2.44 2.47 2.53 2.57 2.62 2.64 2.64 2.63 2.74 4.32 4.31 4.28 3.61 3.55 3.54 3.52 3.53 3.56 3.54 3.52 3.52 3.69 3.86 3.93 3.95 4.00 3.99 3.97 3.97 3.96 3.96 3.97 3.99 3.97 3.97 3.96 3.95 3.94 3.94 3.93 3.94 3.92 3.92 3.91 3.92 3.87 3.87 3.91 3.99 10.97 11.01 17.64 21.47 21.72 21.72 21.71 21.71 21.71 21.72 21.71 21.73 21.73 21.75 21.83 21.69 18.87 15.87 15.83 14.64 14.39 11.39 11.36 11.32 11.37 9.95 9.84 3.92 3.90 3.94 3.96 3.97 3.97 3.99 3.99 4.01 4.01 4.03 4.02 4.03 4.03 4.05 4.05 4.03 4.05 4.00 3.92 3.85 3.73 3.66 3.57 3.50 3.43 3.35 3.29 3.22 3.15 3.07 3.01 2.95 2.90 2.85 2.80 2.77 2.71 2.68 2.63 2.59 2.55 2.51 2.46 2.43 2.40 2.37 2.33 2.30 2.27 2.24 2.22 2.19 2.16 2.14 2.11 2.09 2.07 2.04 2.01 2.00 1.98 1.96 1.96 1.95 1.93 1.91 1.89 1.88 1.86 1.84 1.83 1.82 1.81 1.79 1.77 1.76 1.74 1.73 1.72 1.70 1.69 1.67 1.66 1.65 1.64 1.63 1.62 1.61 1.60 1.59 1.58 1.58 1.56 1.56 1.55 1.53 1.53 1.52 1.51 1.53 1.52 1.57 1.57 1.57 1.61 1.67 1.65 1.63 1.62 1.61 1.61 1.67 1.72 1.65 1.62 1.61 1.61 1.60 1.60 1.60 1.59 1.58 1.58 1.58 1.58 1.57 1.56 1.56 1.55 1.54 1.55 1.54 1.54 1.55 1.54 1.49 1.49 1.49 1.49 1.56 1.58 1.62 1.62 1.70 3.83 3.83 3.83 3.81 3.55 3.83 3.83 3.82 3.81 4.35 5.01 -1.281061 5.384727 -0.489220 -1.245753 5.365929 -0.489220 1268.920231 magnum 57.463661
ODOM -1.175556 5.328369 -0.453339 0.506500 0.000622 0.000000 1269.103462 magnum 57.582082
ODOM -1.130666 5.306499 -0.419591 0.495000 0.000728 0.000000 1269.222385 magnum 57.701752
FLASER 360 1.12 1.12 1.12 1.12 1.12 1.12 1.12 1.12 1.12 1.12 1.11 1.11 1.12 1.11 1.11 1.12 1.11 1.03 1.03 1.09 1.09 1.15 1.15 1.15 1.15 1.16 1.16 1.16 1.16 1.16 1.16 1.17 1.17 1.17 1.17 1.18 1.18 1.18 1.19 1.19 1.19 1.19 1.19 1.19 1.20 1.21 1.21 1.21 1.22 1.22 1.22 1.24 1.24 1.25 1.25 1.26 1.26 1.25 1.26 1.27 1.27 1.29 1.30 1.27 1.27 1.23 1.23 1.20 1.20 1.17 1.17 1.16 1.17 1.18 1.19 1.19 1.19 1.21 1.21 1.22 1.23 1.24 1.25 1.26 1.26 1.27 1.28 1.31 1.32 1.61 1.62 1.63 1.65 1.67 1.68 1.69 1.70 1.73 1.74 1.76 1.77 1.80 1.81 1.84 1.85 1.88 1.90 1.92 1.94 1.97 1.98 2.02 2.03 2.07 2.09 2.12 2.14 2.18 2.20 2.24 2.27 2.31 2.34 2.38 2.41 2.45 2.49 2.55 2.56 2.53 2.54 4.24 4.24 4.21 4.21 3.51 3.50 3.44 3.44 3.41 3.45 3.44 3.44 3.41 3.45 3.69 3.76 3.82 3.86 3.90 3.89 3.87 3.87 3.85 3.85 3.89 3.89 3.87 3.87 3.85 3.85 3.83 3.83 3.82 3.82 3.82 3.82 3.81 3.81 3.75 3.74 3.79 3.90 10.89 10.86 17.39 19.27 21.54 21.62 21.61 21.61 21.60 21.61 21.61 21.62 21.62 21.63 21.71 21.73 20.37 18.74 15.74 15.71 14.31 11.44 11.26 11.26 11.22 9.88 9.80 9.67 3.80 3.80 3.83 3.85 3.87 3.88 3.89 3.89 3.89 3.91 3.92 3.93 3.93 3.94 3.94 3.96 3.94 3.95 3.96 3.86 3.79 3.72 3.59 3.56 3.45 3.40 3.31 3.27 3.18 3.13 3.05 3.00 2.92 2.89 2.82 2.79 2.73 2.70 2.65 2.62 2.57 2.55 2.49 2.46 2.41 2.39 2.34 2.32 2.28 2.26 2.23 2.21 2.17 2.15 2.12 2.11 2.08 2.06 2.02 2.01 1.99 1.97 1.95 1.94 1.90 1.89 1.88 1.89 1.87 1.86 1.83 1.82 1.81 1.80 1.78 1.77 1.75 1.74 1.71 1.71 1.69 1.69 1.66 1.66 1.64 1.63 1.62 1.61 1.60 1.60 1.59 1.58 1.57 1.56 1.55 1.55 1.53 1.53 1.52 1.51 1.50 1.50 1.49 1.49 1.48 1.47 1.46 1.47 1.49 1.53 1.51 1.52 1.62 1.62 1.60 1.59 1.58 1.58 1.61 1.68 1.66 1.59 1.59 1.59 1.58 1.58 1.57 1.57 1.57 1.56 1.56 1.55 1.55 1.55 1.54 1.54 1.53 1.53 1.52 1.52 1.52 1.51 1.67 1.50 1.47 1.47 1.47 1.47 1.57 1.60 1.60 1.69 3.56 3.82 3.81 3.81 4.21 5.32 6.97 -1.193277 5.336384 -0.439447 -1.157077 5.319366 -0.439447 1269.130642 magnum 57.701936
ODOM -1.084710 5.285999 -0.376639 0.499500 0.000745 0.000000 1269.350503 magnum 57.835400
ODOM -0.989955 5.248522 -0.342891 0.503500 0.000039 0.000000 1269.468898 magnum 57.946096
FLASER 360 1.03 1.13 1.13 1.13 1.13 1.13 1.13 1.13 1.13 1.14 1.14 1.14 1.14 1.15 1.15 1.15 1.15 1.16 1.15 1.16 1.16 1.16 1.16 1.17 1.17 1.17 1.17 1.18 1.18 1.19 1.19 1.18 1.19 1.20 1.20 1.20 1.20 1.21 1.21 1.20 1.20 1.21 1.21 1.22 1.22 1.25 1.25 1.22 1.22 1.17 1.17 1.14 1.14 1.10 1.11 1.11 1.12 1.12 1.12 1.13 1.13 1.14 1.15 1.17 1.17 1.18 1.18 1.19 1.19 1.20 1.20 1.22 1.22 1.42 1.40 1.54 1.54 1.57 1.57 1.58 1.59 1.61 1.61 1.63 1.64 1.67 1.68 1.69 1.70 1.73 1.74 1.76 1.77 1.80 1.81 1.84 1.85 1.88 1.89 1.93 1.93 1.97 1.98 2.01 2.03 2.07 2.08 2.12 2.13 2.19 2.20 2.24 2.26 2.30 2.32 2.38 2.39 2.44 2.45 2.42 2.43 2.45 4.16 4.13 4.13 4.09 3.59 3.36 3.36 3.32 3.32 3.36 3.37 3.33 3.33 3.43 3.50 3.68 3.72 3.76 3.79 3.75 3.75 3.75 3.75 3.72 3.73 3.75 3.75 3.74 3.75 3.73 3.73 3.71 3.72 3.70 3.71 3.69 3.69 3.68 3.69 3.63 3.63 3.76 3.80 10.79 10.72 17.28 17.56 21.40 21.53 21.50 21.51 21.49 21.51 21.51 21.51 21.51 21.53 21.56 21.62 20.29 20.23 15.66 15.63 14.28 14.20 11.15 11.15 11.09 11.12 9.71 9.70 8.47 3.71 3.69 3.70 3.74 3.75 3.75 3.76 3.76 3.79 3.80 3.81 3.83 3.82 3.84 3.85 3.86 3.86 3.84 3.86 3.73 3.71 3.60 3.58 3.45 3.43 3.30 3.29 3.19 3.16 3.06 3.04 2.94 2.91 2.82 2.81 2.73 2.71 2.64 2.63 2.57 2.55 2.49 2.47 2.41 2.40 2.34 2.32 2.28 2.27 2.23 2.22 2.17 2.16 2.12 2.11 2.08 2.07 2.02 2.02 1.98 1.98 1.95 1.94 1.90 1.90 1.87 1.87 1.83 1.83 1.81 1.81 1.80 1.80 1.78 1.77 1.75 1.74 1.72 1.72 1.70 1.69 1.67 1.66 1.64 1.64 1.62 1.62 1.60 1.60 1.59 1.58 1.57 1.56 1.55 1.54 1.53 1.52 1.51 1.51 1.50 1.50 1.49 1.49 1.47 1.47 1.46 1.46 1.44 1.44 1.43 1.43 1.43 1.43 1.42 1.43 1.46 1.48 1.48 1.56 1.57 1.56 1.55 1.55 1.54 1.57 1.62 1.81 1.62 1.56 1.55 1.55 1.54 1.54 1.54 1.54 1.53 1.53 1.52 1.53 1.52 1.52 1.51 1.51 1.51 1.50 1.50 1.50 1.50 1.50 1.55 1.48 1.46 1.46 1.46 1.46 1.47 1.59 1.70 1.70 6.96 6.98 6.99 6.96 6.98 6.97 6.97 -1.112901 5.297011 -0.373415 -1.075658 5.282419 -0.373415 1269.340341 magnum 57.946277
ODOM -0.943426 5.231911 -0.339823 0.493000 0.000034 0.000000 1269.590828 magnum 58.068253
FLASER 360 1.13 1.14 1.14 1.14 1.15 1.15 1.15 1.16 1.16 1.16 1.16 1.17 1.17 1.17 1.17 1.18 1.18 1.18 1.18 1.18 1.19 1.19 1.19 1.19 1.19 1.19 1.19 1.22 1.22 1.20 1.20 1.15 1.15 1.10 1.10 1.06 1.06 1.06 1.07 1.07 1.08 1.08 1.09 1.09 1.10 1.11 1.11 1.12 1.12 1.13 1.13 1.14 1.14 1.15 1.16 1.16 1.17 1.41 1.45 1.46 1.47 1.48 1.49 1.50 1.51 1.53 1.53 1.55 1.56 1.58 1.58 1.59 1.60 1.62 1.63 1.64 1.66 1.68 1.69 1.70 1.71 1.74 1.76 1.78 1.78 1.81 1.82 1.85 1.86 1.89 1.91 1.93 1.95 1.98 1.99 2.02 2.04 2.08 2.10 2.13 2.15 2.18 2.21 2.24 2.27 2.31 2.35 2.36 2.35 2.34 2.41 4.08 4.07 4.05 4.04 4.02 4.01 3.29 3.26 3.24 3.23 3.25 3.27 3.23 3.23 3.22 3.31 3.49 3.57 3.60 3.64 3.67 3.67 3.65 3.65 3.64 3.63 3.64 3.67 3.65 3.65 3.63 3.63 3.61 3.61 3.60 3.60 3.60 3.60 3.59 3.59 3.58 3.57 3.53 3.53 3.68 3.67 10.64 10.59 10.68 17.48 21.17 21.42 21.40 21.40 21.40 21.39 21.39 21.40 21.40 21.40 21.43 21.51 21.19 18.63 15.54 15.53 14.31 14.07 11.08 11.05 11.00 11.02 9.65 9.60 9.00 3.66 3.57 3.59 3.60 3.63 3.63 3.65 3.65 3.67 3.67 3.68 3.68 3.70 3.71 3.72 3.73 3.74 3.72 3.72 3.74 3.68 3.60 3.56 3.47 3.40 3.32 3.27 3.19 3.13 3.06 3.02 2.96 2.91 2.84 2.79 2.73 2.70 2.64 2.61 2.57 2.53 2.47 2.45 2.40 2.38 2.34 2.31 2.28 2.26 2.23 2.20 2.16 2.15 2.11 2.09 2.07 2.05 2.02 2.01 1.98 1.96 1.94 1.92 1.90 1.89 1.86 1.85 1.83 1.81 1.81 1.79 1.77 1.76 1.73 1.73 1.72 1.72 1.72 1.71 1.69 1.68 1.66 1.66 1.64 1.63 1.61 1.60 1.60 1.59 1.58 1.57 1.56 1.55 1.54 1.53 1.52 1.51 1.50 1.50 1.49 1.49 1.48 1.47 1.46 1.45 1.45 1.44 1.43 1.43 1.43 1.43 1.42 1.42 1.41 1.41 1.40 1.40 1.38 1.38 1.37 1.37 1.37 1.38 1.41 1.44 1.43 1.54 1.52 1.51 1.51 1.51 1.50 1.55 1.58 1.64 1.58 1.52 1.51 1.51 1.50 1.51 1.50 1.51 1.50 1.50 1.50 1.50 1.50 1.50 1.50 1.50 1.50 1.49 1.49 1.49 1.48 1.48 1.48 1.61 1.48 1.44 1.44 1.44 1.44 1.58 1.59 1.59 6.97 6.98 6.98 7.01 7.03 7.08 81.91 -0.984511 5.246457 -0.340046 -0.946801 5.233116 -0.340046 1269.560258 magnum 58.068390
ODOM -0.896505 5.215323 -0.341357 0.504500 -0.000095 0.000000 1269.703165 magnum 58.183021
ODOM -0.849506 5.198625 -0.345959 0.502500 -0.000106 0.000000 1269.823139 magnum 58.302761
FLASER 360 1.15 1.16 1.16 1.17 1.17 1.17 1.16 1.17 1.18 1.18 1.18 1.17 1.17 1.18 1.18 1.19 1.20 1.20 1.19 1.15 1.14 1.08 1.07 1.05 1.05 1.05 1.06 1.06 1.06 1.06 1.06 1.06 1.07 1.07 1.07 1.08 1.08 1.08 1.09 1.09 1.10 1.10 1.11 1.12 1.12 1.13 1.18 1.38 1.40 1.40 1.40 1.41 1.42 1.43 1.44 1.45 1.46 1.47 1.48 1.49 1.50 1.51 1.52 1.53 1.54 1.56 1.57 1.58 1.59 1.60 1.61 1.63 1.64 1.65 1.67 1.69 1.69 1.71 1.72 1.75 1.76 1.78 1.79 1.82 1.84 1.86 1.87 1.89 1.91 1.94 1.96 1.98 2.00 2.02 2.05 2.07 2.11 2.13 2.16 2.18 2.21 2.24 2.28 2.27 2.26 2.25 2.36 4.02 4.00 3.98 3.96 3.95 3.94 3.25 3.19 3.16 3.16 3.13 3.16 3.17 3.15 3.13 3.13 3.25 3.38 3.46 3.52 3.52 3.59 3.57 3.57 3.55 3.56 3.54 3.53 3.55 3.56 3.54 3.54 3.53 3.53 3.51 3.52 3.50 3.51 3.50 3.50 3.49 3.49 3.48 3.46 3.42 3.42 3.56 3.57 10.47 10.56 10.39 17.04 18.97 21.11 21.30 21.30 21.29 21.30 21.29 21.31 21.30 21.31 21.31 21.35 21.40 21.01 18.41 15.43 15.39 14.14 13.94 10.97 10.94 10.89 10.94 9.55 9.46 8.87 3.52 3.48 3.47 3.51 3.52 3.54 3.54 3.55 3.55 3.57 3.57 3.59 3.59 3.60 3.60 3.62 3.62 3.63 3.61 3.63 3.64 3.51 3.48 3.42 3.35 3.27 3.20 3.14 3.09 3.03 2.97 2.91 2.86 2.82 2.76 2.71 2.66 2.61 2.57 2.53 2.49 2.45 2.41 2.38 2.34 2.31 2.28 2.25 2.22 2.20 2.17 2.15 2.11 2.09 2.07 2.04 2.02 2.00 1.97 1.96 1.94 1.91 1.90 1.88 1.86 1.84 1.82 1.82 1.80 1.78 1.76 1.75 1.73 1.72 1.71 1.70 1.68 1.67 1.65 1.65 1.64 1.64 1.63 1.62 1.60 1.60 1.59 1.58 1.57 1.56 1.55 1.54 1.53 1.52 1.51 1.51 1.50 1.49 1.48 1.48 1.46 1.46 1.45 1.44 1.43 1.43 1.43 1.42 1.42 1.41 1.41 1.40 1.40 1.39 1.39 1.38 1.38 1.37 1.36 1.36 1.35 1.35 1.35 1.34 1.34 1.34 1.33 1.33 1.32 1.33 1.33 1.40 1.40 1.40 1.49 1.48 1.46 1.46 1.46 1.47 1.52 2.50 1.60 1.50 1.49 1.49 1.49 1.49 1.48 1.48 1.48 1.48 1.48 1.48 1.47 1.48 1.47 1.47 1.47 1.47 1.47 1.47 1.46 1.47 1.47 1.49 1.61 1.46 1.44 1.44 1.44 1.43 1.44 1.58 1.59 -0.899212 5.216430 -0.344778 -0.861566 5.202910 -0.344778 1269.770567 magnum 58.302926
ODOM -0.802243 5.181589 -0.352095 0.499000 -0.000213 0.000000 1269.943095 magnum 58.422523
ODOM -0.707585 5.146811 -0.364367 0.497500 -0.000162 0.000000 1270.063146 magnum 58.542461
FLASER 360 1.18 1.16 1.16 1.16 1.16 1.17 1.19 1.20 1.20 1.13 1.11 1.05 1.04 1.03 1.03 1.04 1.04 1.04 1.04 1.05 1.05 1.05 1.06 1.06 1.06 1.06 1.06 1.07 1.07 1.07 1.07 1.08 1.08 1.09 1.09 1.09 1.10 1.26 1.29 1.35 1.35 1.36 1.37 1.37 1.37 1.39 1.40 1.41 1.41 1.41 1.42 1.43 1.43 1.44 1.45 1.47 1.48 1.48 1.49 1.50 1.51 1.52 1.54 1.54 1.56 1.57 1.58 1.59 1.60 1.61 1.63 1.64 1.65 1.67 1.69 1.68 1.71 1.72 1.74 1.76 1.77 1.78 1.80 1.82 1.84 1.86 1.88 1.90 1.92 1.93 1.96 1.99 2.01 2.03 2.05 2.07 2.11 2.13 2.16 2.18 2.20 2.18 2.17 2.23 2.22 3.95 3.94 3.92 3.91 3.88 3.87 3.84 3.15 3.09 3.07 3.06 3.05 3.08 3.08 3.05 3.05 3.04 3.15 3.28 3.35 3.42 3.42 3.48 3.50 3.47 3.47 3.45 3.45 3.43 3.44 3.47 3.47 3.45 3.45 3.43 3.43 3.41 3.41 3.40 3.40 3.39 3.39 3.38 3.38 3.38 3.35 3.33 3.33 3.45 3.46 10.47 10.32 10.66 10.56 16.94 18.89 21.01 21.18 21.18 21.19 21.18 21.18 21.19 21.19 21.19 21.20 21.23 21.29 20.89 18.32 15.32 15.28 14.03 11.04 10.86 10.83 10.78 10.85 9.43 9.35 8.78 3.42 3.37 3.38 3.39 3.42 3.42 3.44 3.44 3.45 3.45 3.47 3.47 3.49 3.49 3.50 3.50 3.52 3.52 3.53 3.50 3.53 3.53 3.41 3.38 3.30 3.24 3.16 3.11 3.04 2.98 2.94 2.89 2.84 2.79 2.73 2.70 2.62 2.59 2.54 2.50 2.46 2.42 2.38 2.35 2.31 2.28 2.25 2.22 2.19 2.17 2.15 2.12 2.09 2.07 2.04 2.02 2.00 1.97 1.96 1.93 1.91 1.89 1.87 1.85 1.83 1.82 1.81 1.79 1.77 1.76 1.74 1.72 1.71 1.71 1.69 1.67 1.66 1.64 1.64 1.62 1.61 1.60 1.59 1.58 1.58 1.57 1.57 1.57 1.55 1.54 1.53 1.52 1.51 1.50 1.50 1.49 1.48 1.47 1.46 1.45 1.45 1.44 1.43 1.43 1.43 1.42 1.41 1.41 1.40 1.39 1.39 1.38 1.37 1.37 1.37 1.37 1.36 1.35 1.35 1.35 1.34 1.34 1.33 1.32 1.32 1.31 1.31 1.31 1.31 1.29 1.30 1.29 1.29 1.29 1.29 1.28 1.28 1.28 1.29 1.30 1.36 1.36 1.44 1.44 1.44 1.44 1.44 1.43 1.56 2.33 1.54 1.54 1.46 1.46 1.45 1.45 1.45 1.45 1.46 1.45 1.45 1.45 1.45 1.45 1.45 1.45 1.45 1.45 1.45 1.45 1.45 1.45 1.45 1.45 -0.793313 5.178565 -0.358110 -0.755850 5.164544 -0.358110 1269.980254 magnum 58.542623
ODOM -0.660837 5.128982 -0.368969 0.495500 -0.000028 0.000000 1270.183136 magnum 58.661718
ODOM -0.614614 5.111109 -0.370503 0.500000 -0.000146 0.000000 1270.303191 magnum 58.782623
FLASER 360 1.10 1.02 1.02 1.02 1.02 1.02 1.02 1.02 1.02 1.03 1.03 1.03 1.04 1.04 1.04 1.05 1.05 1.05 1.05 1.05 1.05 1.05 1.06 1.06 1.06 1.07 1.07 1.19 1.22 1.25 1.27 1.32 1.32 1.33 1.33 1.33 1.34 1.35 1.35 1.36 1.37 1.37 1.37 1.38 1.38 1.39 1.40 1.40 1.40 1.42 1.43 1.43 1.44 1.45 1.46 1.47 1.48 1.48 1.49 1.50 1.51 1.53 1.54 1.56 1.56 1.57 1.58 1.59 1.60 1.62 1.63 1.64 1.66 1.67 1.68 1.69 1.70 1.72 1.73 1.75 1.77 1.78 1.79 1.82 1.83 1.85 1.86 1.89 1.91 1.93 1.95 1.97 1.99 2.01 2.04 2.06 2.09 2.10 2.11 2.09 2.09 2.18 2.12 3.89 3.87 3.85 3.84 3.82 3.81 3.76 3.74 3.06 3.01 2.98 2.97 2.95 2.98 2.98 2.96 2.94 2.93 3.02 3.15 3.21 3.30 3.33 3.34 3.39 3.39 3.36 3.36 3.36 3.36 3.34 3.36 3.36 3.36 3.35 3.35 3.33 3.33 3.31 3.31 3.29 3.30 3.29 3.29 3.28 3.28 3.27 3.26 3.21 3.21 3.23 3.37 10.49 10.30 10.27 10.33 10.38 16.79 18.72 20.86 21.07 21.07 21.07 21.08 21.07 21.08 21.07 21.08 21.08 21.11 21.18 20.87 18.20 15.22 15.18 13.78 13.74 10.75 10.71 10.69 10.68 9.38 9.27 8.89 7.96 3.27 3.25 3.27 3.29 3.32 3.32 3.33 3.33 3.35 3.35 3.36 3.36 3.37 3.38 3.40 3.40 3.42 3.41 3.41 3.40 3.42 3.43 3.30 3.27 3.21 3.14 3.09 3.03 2.96 2.90 2.86 2.82 2.78 2.72 2.67 2.63 2.59 2.53 2.47 2.44 2.40 2.37 2.33 2.30 2.27 2.23 2.21 2.18 2.15 2.12 2.10 2.07 2.05 2.02 2.01 1.98 1.96 1.94 1.91 1.89 1.88 1.86 1.84 1.82 1.81 1.79 1.78 1.76 1.74 1.72 1.71 1.70 1.68 1.67 1.66 1.64 1.63 1.62 1.61 1.59 1.58 1.58 1.57 1.56 1.54 1.53 1.52 1.51 1.50 1.49 1.50 1.50 1.49 1.48 1.47 1.46 1.45 1.45 1.44 1.43 1.42 1.42 1.42 1.41 1.41 1.40 1.39 1.38 1.38 1.37 1.36 1.36 1.36 1.35 1.35 1.34 1.34 1.33 1.33 1.31 1.32 1.32 1.30 1.30 1.30 1.29 1.29 1.29 1.29 1.28 1.28 1.28 1.28 1.27 1.27 1.27 1.26 1.26 1.26 1.26 1.26 1.26 1.25 1.25 1.25 1.24 1.24 1.25 1.33 1.33 1.41 1.42 1.41 1.41 1.41 1.44 2.06 1.95 1.48 1.44 1.43 1.43 1.43 1.44 1.44 1.44 1.44 1.44 1.44 1.44 1.44 1.44 -0.683201 5.137651 -0.369465 -0.645900 5.123206 -0.369465 1270.200247 magnum 58.782762
ODOM -0.568419 5.093165 -0.376639 0.506000 -0.000213 0.000000 1270.429590 magnum 58.908547
ODOM -0.521452 5.074588 -0.379707 0.495500 -0.000196 0.000000 1270.542672 magnum 59.021973
FLASER 360 1.02 1.02 1.02 1.02 1.03 1.03 1.03 1.03 1.03 1.04 1.04 1.04 1.04 1.04 1.04 1.05 1.06 1.21 1.21 1.22 1.22 1.27 1.29 1.30 1.30 1.31 1.31 1.31 1.31 1.32 1.32 1.34 1.34 1.34 1.34 1.34 1.35 1.35 1.36 1.36 1.37 1.38 1.39 1.39 1.40 1.40 1.40 1.41 1.41 1.43 1.44 1.44 1.46 1.46 1.47 1.48 1.49 1.50 1.51 1.52 1.53 1.54 1.55 1.56 1.57 1.58 1.59 1.60 1.61 1.62 1.64 1.65 1.67 1.68 1.69 1.71 1.71 1.73 1.76 1.77 1.78 1.79 1.81 1.82 1.84 1.85 1.87 1.90 1.92 1.93 1.96 1.98 2.00 2.02 2.03 2.02 2.01 2.02 2.11 3.86 3.85 3.82 3.80 3.76 3.76 3.72 3.71 3.69 3.68 2.96 2.92 2.90 2.88 2.85 2.87 2.90 2.90 2.86 2.86 2.87 3.00 3.09 3.14 3.22 3.23 3.26 3.31 3.28 3.28 3.27 3.26 3.25 3.24 3.24 3.27 3.26 3.26 3.24 3.24 3.22 3.21 3.20 3.20 3.20 3.20 3.18 3.18 3.17 3.17 3.16 3.13 3.12 3.12 3.25 3.26 10.46 10.26 10.13 10.23 10.33 15.14 17.07 20.71 20.99 20.97 20.96 20.96 20.96 20.97 20.97 20.98 20.98 20.98 21.03 21.06 19.75 15.18 15.11 15.05 13.76 10.77 10.62 10.60 10.56 10.63 9.21 9.13 8.53 7.83 3.15 3.15 3.15 3.20 3.20 3.21 3.21 3.23 3.23 3.24 3.25 3.26 3.27 3.28 3.28 3.30 3.30 3.32 3.32 3.31 3.31 3.34 3.29 3.19 3.15 3.09 3.02 2.96 2.91 2.85 2.81 2.77 2.71 2.68 2.63 2.59 2.54 2.50 2.45 2.40 2.37 2.32 2.29 2.26 2.23 2.20 2.17 2.14 2.12 2.09 2.07 2.04 2.01 2.00 1.97 1.95 1.93 1.91 1.89 1.87 1.85 1.83 1.81 1.80 1.78 1.77 1.75 1.73 1.71 1.70 1.69 1.68 1.66 1.65 1.63 1.62 1.61 1.60 1.58 1.58 1.57 1.56 1.55 1.53 1.52 1.51 1.49 1.49 1.49 1.47 1.46 1.45 1.44 1.44 1.42 1.42 1.42 1.43 1.42 1.42 1.41 1.41 1.40 1.39 1.39 1.38 1.36 1.37 1.36 1.36 1.35 1.35 1.35 1.34 1.32 1.33 1.31 1.31 1.30 1.30 1.29 1.29 1.29 1.28 1.28 1.28 1.27 1.27 1.26 1.26 1.26 1.26 1.25 1.25 1.25 1.25 1.25 1.25 1.25 1.25 1.25 1.25 1.25 1.25 1.24 1.24 1.24 1.24 1.24 1.24 1.23 1.24 1.23 1.24 1.23 1.23 1.23 1.34 1.33 1.40 1.39 1.40 1.39 1.43 1.52 2.04 1.48 1.43 1.43 1.42 1.43 -0.604589 5.107473 -0.376706 -0.567394 5.092759 -0.376706 1270.410707 magnum 59.022118
ODOM -0.475158 5.056113 -0.382775 0.497000 -0.000246 0.000000 1270.650437 magnum 59.128130
FLASER 360 1.03 1.03 1.03 1.04 1.04 1.09 1.13 1.19 1.20 1.21 1.20 1.24 1.24 1.28 1.28 1.28 1.29 1.29 1.29 1.29 1.29 1.30 1.31 1.30 1.31 1.32 1.32 1.32 1.32 1.32 1.33 1.33 1.33 1.35 1.35 1.36 1.37 1.36 1.37 1.37 1.38 1.39 1.39 1.39 1.39 1.41 1.41 1.42 1.43 1.44 1.45 1.46 1.46 1.47 1.48 1.49 1.49 1.51 1.52 1.53 1.54 1.55 1.56 1.57 1.58 1.58 1.59 1.60 1.62 1.63 1.64 1.66 1.66 1.68 1.69 1.71 1.72 1.74 1.76 1.76 1.77 1.80 1.81 1.83 1.85 1.86 1.88 1.90 1.91 1.94 1.95 1.95 1.95 1.93 1.96 1.97 3.83 3.80 3.77 3.74 3.72 3.69 3.69 3.66 3.64 3.62 3.61 2.98 2.86 2.82 2.80 2.78 2.78 2.81 2.81 2.77 2.77 2.76 2.84 2.94 3.00 3.05 3.13 3.13 3.16 3.20 3.19 3.18 3.17 3.15 3.16 3.14 3.14 3.16 3.16 3.15 3.15 3.13 3.13 3.12 3.12 3.11 3.11 3.09 3.09 3.08 3.08 3.07 3.07 3.06 3.03 3.02 3.01 3.14 3.14 10.39 10.24 10.06 10.10 10.15 10.11 16.55 18.51 20.62 20.87 20.85 20.86 20.85 20.86 20.85 20.86 20.86 20.88 20.87 20.95 20.92 19.59 15.01 15.00 14.93 13.56 10.58 10.51 10.49 10.45 10.53 9.08 9.00 8.36 7.71 3.05 3.04 3.05 3.08 3.11 3.11 3.12 3.12 3.12 3.12 3.14 3.14 3.16 3.16 3.18 3.18 3.19 3.20 3.21 3.20 3.19 3.20 3.23 3.13 3.08 3.04 2.98 2.92 2.87 2.82 2.77 2.72 2.69 2.64 2.59 2.56 2.51 2.46 2.43 2.39 2.34 2.29 2.26 2.23 2.20 2.17 2.14 2.12 2.09 2.06 2.04 2.01 1.99 1.97 1.94 1.93 1.90 1.88 1.87 1.85 1.83 1.81 1.79 1.78 1.76 1.74 1.73 1.71 1.69 1.68 1.67 1.66 1.64 1.63 1.61 1.60 1.59 1.58 1.57 1.56 1.55 1.54 1.53 1.50 1.50 1.48 1.47 1.48 1.46 1.45 1.44 1.43 1.42 1.41 1.41 1.40 1.40 1.39 1.38 1.38 1.37 1.36 1.36 1.36 1.36 1.35 1.35 1.35 1.33 1.33 1.34 1.33 1.32 1.31 1.31 1.30 1.30 1.29 1.29 1.29 1.28 1.27 1.27 1.27 1.26 1.26 1.26 1.25 1.25 1.25 1.24 1.24 1.24 1.24 1.24 1.24 1.24 1.24 1.24 1.23 1.23 1.23 1.23 1.22 1.22 1.22 1.22 1.22 1.22 1.22 1.22 1.22 1.22 1.22 1.22 1.22 1.22 1.22 1.22 1.22 1.22 1.21 1.22 1.22 1.22 1.22 1.27 1.28 1.39 1.38 -0.516012 5.072538 -0.382527 -0.478903 5.057608 -0.382527 1270.620266 magnum 59.128244
ODOM -0.382600 5.018846 -0.390445 0.498500 -0.000263 0.000000 1270.771294 magnum 59.248902
ODOM -0.336507 4.999875 -0.393513 0.501000 -0.000336 0.000000 1270.882788 magnum 59.361572
FLASER 360 1.19 1.21 1.22 1.26 1.26 1.26 1.27 1.27 1.27 1.28 1.28 1.27 1.28 1.29 1.28 1.29 1.29 1.29 1.30 1.30 1.31 1.31 1.31 1.32 1.32 1.31 1.32 1.33 1.33 1.34 1.34 1.34 1.35 1.36 1.36 1.37 1.38 1.38 1.38 1.38 1.38 1.39 1.39 1.41 1.41 1.41 1.42 1.43 1.44 1.45 1.46 1.46 1.47 1.48 1.49 1.49 1.50 1.52 1.53 1.54 1.54 1.55 1.56 1.57 1.58 1.59 1.60 1.61 1.62 1.64 1.65 1.66 1.67 1.68 1.70 1.72 1.73 1.74 1.76 1.77 1.78 1.80 1.82 1.84 1.84 1.87 1.88 1.87 1.86 1.86 1.87 1.88 3.57 3.66 3.75 3.72 3.70 3.68 3.66 3.62 3.61 3.58 3.57 3.55 3.53 2.88 2.77 2.73 2.72 2.69 2.68 2.72 2.73 2.70 2.68 2.67 2.71 2.83 2.88 2.94 2.99 3.04 3.04 3.10 3.12 3.09 3.09 3.07 3.07 3.05 3.05 3.04 3.08 3.06 3.06 3.04 3.04 3.03 3.03 3.01 3.01 3.00 3.00 2.98 2.99 2.97 2.97 2.96 2.96 2.93 2.91 2.91 2.92 3.04 10.31 10.28 10.07 9.96 9.91 10.00 9.86 14.89 16.86 20.46 20.73 20.74 20.75 20.73 20.74 20.73 20.76 20.76 20.77 20.76 20.80 20.86 20.47 17.86 14.89 14.85 13.60 13.40 10.43 10.38 10.37 10.35 9.06 8.95 8.68 7.73 7.60 2.94 2.94 2.94 2.98 2.99 3.01 3.00 3.02 3.02 3.03 3.03 3.04 3.05 3.06 3.07 3.08 3.09 3.10 3.11 3.11 3.11 3.10 3.12 3.11 2.99 2.98 2.93 2.87 2.82 2.76 2.71 2.67 2.63 2.59 2.55 2.51 2.46 2.43 2.39 2.35 2.31 2.29 2.23 2.20 2.17 2.13 2.12 2.08 2.06 2.04 2.00 1.99 1.96 1.94 1.92 1.90 1.87 1.86 1.84 1.82 1.80 1.79 1.77 1.76 1.74 1.72 1.70 1.68 1.68 1.66 1.65 1.63 1.62 1.61 1.60 1.58 1.57 1.56 1.55 1.54 1.53 1.52 1.50 1.49 1.47 1.47 1.45 1.45 1.43 1.43 1.42 1.41 1.40 1.39 1.39 1.39 1.38 1.38 1.36 1.36 1.35 1.34 1.33 1.33 1.33 1.32 1.32 1.31 1.31 1.30 1.30 1.30 1.30 1.30 1.29 1.29 1.28 1.28 1.27 1.27 1.26 1.26 1.26 1.25 1.25 1.25 1.24 1.24 1.24 1.24 1.24 1.24 1.23 1.23 1.23 1.23 1.23 1.22 1.22 1.22 1.22 1.22 1.22 1.21 1.21 1.21 1.21 1.21 1.21 1.21 1.20 1.21 1.20 1.21 1.20 1.21 1.20 1.20 1.20 1.21 1.20 1.21 1.20 1.21 1.21 1.21 1.21 1.21 1.21 -0.380855 5.018240 -0.393021 -0.343905 5.002920 -0.393021 1270.840158 magnum 59.361711
ODOM -0.290553 4.980797 -0.398115 0.498000 0.000134 0.000000 1271.003353 magnum 59.484201
ODOM -0.244167 4.961288 -0.402717 0.501000 -0.000168 0.000000 1271.123218 magnum 59.602457
FLASER 360 1.27 1.27 1.27 1.28 1.28 1.27 1.28 1.27 1.28 1.28 1.28 1.28 1.29 1.29 1.29 1.30 1.30 1.31 1.31 1.30 1.31 1.31 1.31 1.32 1.32 1.33 1.33 1.34 1.34 1.35 1.35 1.35 1.36 1.37 1.37 1.38 1.38 1.38 1.38 1.38 1.39 1.39 1.40 1.41 1.42 1.42 1.43 1.44 1.45 1.44 1.46 1.46 1.48 1.49 1.49 1.50 1.51 1.52 1.53 1.54 1.55 1.55 1.56 1.57 1.58 1.59 1.60 1.61 1.62 1.64 1.65 1.65 1.67 1.68 1.69 1.71 1.73 1.74 1.76 1.77 1.78 1.80 1.82 1.80 1.79 1.79 1.80 1.88 1.81 3.49 3.49 3.51 3.65 3.66 3.64 3.62 3.61 3.56 3.55 3.52 3.50 3.48 3.47 3.44 2.70 2.65 2.64 2.62 2.60 2.63 2.64 2.62 2.60 2.58 2.59 2.68 2.77 2.82 2.86 2.91 2.96 2.96 3.01 3.02 3.02 2.99 2.98 2.96 2.97 2.95 2.95 2.97 2.97 2.96 2.96 2.94 2.94 2.92 2.92 2.91 2.91 2.90 2.90 2.89 2.88 2.87 2.87 2.86 2.86 2.84 2.82 2.80 2.88 2.94 8.87 10.16 10.06 10.07 10.29 13.34 9.84 9.72 16.32 16.75 20.52 20.67 20.66 20.66 20.66 20.65 20.66 20.66 20.67 20.66 20.67 20.70 20.75 19.25 17.75 14.78 14.74 13.46 13.30 10.32 10.30 10.25 10.27 8.96 8.83 8.60 7.60 7.49 2.85 2.83 2.85 2.86 2.89 2.90 2.90 2.90 2.91 2.91 2.94 2.94 2.95 2.95 2.96 2.96 2.98 2.98 3.00 3.00 3.02 3.00 3.00 3.02 3.03 2.91 2.88 2.85 2.79 2.75 2.68 2.65 2.61 2.56 2.52 2.47 2.44 2.40 2.36 2.32 2.29 2.26 2.22 2.20 2.16 2.13 2.09 2.06 2.04 2.01 1.99 1.97 1.94 1.93 1.90 1.88 1.86 1.84 1.82 1.80 1.78 1.78 1.75 1.74 1.72 1.70 1.69 1.67 1.66 1.65 1.63 1.61 1.61 1.59 1.58 1.57 1.56 1.55 1.54 1.53 1.51 1.50 1.49 1.47 1.46 1.45 1.44 1.43 1.42 1.41 1.41 1.40 1.39 1.39 1.38 1.37 1.37 1.36 1.35 1.34 1.34 1.33 1.32 1.32 1.32 1.31 1.30 1.30 1.29 1.29 1.28 1.28 1.27 1.27 1.26 1.26 1.25 1.24 1.24 1.25 1.26 1.25 1.24 1.24 1.24 1.23 1.23 1.23 1.23 1.23 1.23 1.23 1.22 1.22 1.22 1.22 1.22 1.21 1.21 1.21 1.21 1.21 1.20 1.20 1.20 1.20 1.20 1.20 1.20 1.19 1.19 1.19 1.19 1.19 1.19 1.19 1.19 1.19 1.19 1.19 1.19 1.19 1.19 1.19 1.19 1.19 1.19 1.19 -0.299373 4.984627 -0.400894 -0.262544 4.969017 -0.400894 1271.050815 magnum 59.602583
ODOM -0.197587 4.941445 -0.408853 0.498500 -0.000129 0.000000 1271.243228 magnum 59.722029
ODOM -0.105988 4.901758 -0.416523 0.507500 -0.000162 0.000000 1271.362915 magnum 59.842224
FLASER 360 1.26 1.27 1.28 1.27 1.28 1.28 1.28 1.28 1.29 1.29 1.29 1.30 1.30 1.30 1.30 1.31 1.31 1.32 1.32 1.32 1.31 1.32 1.32 1.32 1.33 1.34 1.34 1.35 1.35 1.35 1.36 1.36 1.37 1.37 1.38 1.38 1.38 1.38 1.38 1.39 1.40 1.40 1.41 1.42 1.42 1.43 1.44 1.45 1.45 1.46 1.46 1.47 1.48 1.49 1.50 1.51 1.52 1.52 1.54 1.54 1.54 1.55 1.56 1.58 1.59 1.59 1.60 1.62 1.63 1.64 1.65 1.66 1.67 1.68 1.70 1.71 1.73 1.74 1.75 1.72 1.72 1.71 1.74 1.89 3.08 3.28 3.59 3.45 3.41 3.42 3.50 3.61 3.58 3.54 3.54 3.50 3.48 3.46 3.45 3.41 3.40 3.36 2.62 2.56 2.55 2.52 2.52 2.54 2.56 2.54 2.52 2.49 2.50 2.56 2.66 2.70 2.75 2.78 2.84 2.87 2.86 2.91 2.92 2.91 2.90 2.88 2.88 2.86 2.86 2.84 2.88 2.87 2.87 2.85 2.85 2.84 2.84 2.82 2.82 2.81 2.81 2.79 2.79 2.78 2.78 2.77 2.77 2.76 2.76 2.71 2.71 2.69 2.81 2.84 8.71 8.83 10.07 9.93 10.14 9.73 9.67 9.71 9.64 16.21 18.16 20.36 20.55 20.53 20.54 20.52 20.52 20.52 20.52 20.52 20.53 20.53 20.61 20.63 19.38 17.65 14.68 14.63 13.33 13.19 10.20 10.17 10.14 10.14 8.83 8.73 8.46 7.70 7.38 7.38 2.73 2.72 2.74 2.77 2.78 2.78 2.80 2.80 2.81 2.82 2.83 2.83 2.84 2.84 2.86 2.86 2.88 2.88 2.90 2.90 2.91 2.90 2.89 2.90 2.92 2.89 2.78 2.77 2.71 2.68 2.62 2.58 2.54 2.50 2.45 2.42 2.37 2.35 2.30 2.28 2.24 2.22 2.18 2.15 2.12 2.10 2.06 2.02 2.00 1.97 1.95 1.93 1.91 1.88 1.87 1.85 1.82 1.80 1.79 1.78 1.75 1.74 1.72 1.70 1.68 1.68 1.66 1.65 1.63 1.62 1.61 1.59 1.58 1.57 1.56 1.54 1.54 1.52 1.51 1.50 1.48 1.47 1.47 1.45 1.44 1.43 1.42 1.41 1.40 1.39 1.39 1.39 1.38 1.37 1.36 1.35 1.34 1.34 1.33 1.33 1.32 1.32 1.31 1.30 1.30 1.29 1.29 1.28 1.27 1.27 1.26 1.26 1.25 1.25 1.24 1.23 1.23 1.23 1.23 1.22 1.22 1.22 1.21 1.21 1.21 1.20 1.21 1.21 1.21 1.21 1.21 1.21 1.21 1.21 1.21 1.20 1.20 1.20 1.20 1.20 1.19 1.19 1.19 1.19 1.19 1.19 1.19 1.19 1.19 1.18 1.18 1.18 1.18 1.18 1.18 1.18 1.18 1.18 1.18 1.18 1.18 1.18 1.18 1.18 1.18 1.18 -0.194156 4.940105 -0.412209 -0.157506 4.924079 -0.412209 1271.270588 magnum 59.842347
ODOM -0.060195 4.881499 -0.421125 0.502000 -0.000011 0.000000 1271.489985 magnum 59.993697
ODOM -0.014562 4.861059 -0.427261 0.498500 -0.000095 0.000000 1271.603258 magnum 60.082193
FLASER 360 1.28 1.28 1.29 1.28 1.28 1.29 1.29 1.30 1.29 1.30 1.30 1.31 1.31 1.31 1.31 1.31 1.32 1.32 1.32 1.32 1.33 1.33 1.33 1.34 1.34 1.34 1.35 1.36 1.36 1.36 1.36 1.37 1.37 1.38 1.38 1.39 1.39 1.39 1.39 1.40 1.40 1.40 1.41 1.41 1.43 1.44 1.44 1.45 1.45 1.46 1.47 1.47 1.48 1.49 1.50 1.50 1.51 1.53 1.54 1.55 1.55 1.55 1.57 1.57 1.58 1.59 1.60 1.61 1.63 1.64 1.65 1.66 1.67 1.68 1.68 1.64 1.65 1.67 1.73 3.07 3.04 3.01 3.02 3.41 3.53 3.39 3.34 3.35 3.38 3.54 3.52 3.48 3.46 3.43 3.42 3.38 3.36 3.34 3.32 2.59 2.52 2.46 2.45 2.43 2.42 2.46 2.47 2.43 2.42 2.39 2.40 2.46 2.56 2.60 2.64 2.67 2.71 2.78 2.78 2.78 2.83 2.83 2.82 2.80 2.79 2.78 2.78 2.76 2.76 2.78 2.78 2.77 2.77 2.75 2.75 2.73 2.73 2.71 2.71 2.70 2.70 2.69 2.69 2.68 2.68 2.67 2.67 2.66 2.64 2.60 2.61 2.60 2.73 2.73 8.58 8.62 9.97 9.97 9.86 9.72 9.68 9.92 9.87 9.89 16.17 18.08 20.20 20.44 20.43 20.43 20.43 20.42 20.43 20.43 20.44 20.44 20.44 20.50 20.52 19.24 14.65 14.58 14.52 13.23 13.07 10.08 10.07 10.03 10.04 8.74 8.62 8.42 7.68 7.27 7.28 2.63 2.63 2.62 2.65 2.67 2.68 2.68 2.70 2.70 2.70 2.71 2.73 2.72 2.74 2.75 2.76 2.76 2.78 2.78 2.78 2.79 2.81 2.79 2.78 2.79 2.82 2.81 2.69 2.67 2.65 2.59 2.56 2.52 2.47 2.43 2.39 2.36 2.32 2.29 2.25 2.23 2.20 2.17 2.14 2.11 2.07 2.05 2.02 2.00 1.97 1.94 1.91 1.89 1.87 1.85 1.83 1.81 1.79 1.78 1.76 1.74 1.72 1.71 1.69 1.68 1.66 1.65 1.63 1.62 1.61 1.59 1.58 1.57 1.56 1.55 1.53 1.52 1.50 1.49 1.48 1.47 1.47 1.46 1.44 1.43 1.42 1.41 1.40 1.40 1.39 1.38 1.37 1.37 1.36 1.35 1.34 1.33 1.33 1.32 1.32 1.31 1.30 1.30 1.29 1.29 1.28 1.28 1.27 1.26 1.26 1.25 1.24 1.23 1.23 1.23 1.23 1.22 1.22 1.21 1.21 1.21 1.21 1.20 1.20 1.20 1.19 1.19 1.18 1.18 1.18 1.18 1.17 1.17 1.17 1.18 1.17 1.17 1.18 1.18 1.19 1.18 1.17 1.17 1.18 1.17 1.18 1.17 1.17 1.17 1.16 1.17 1.17 1.17 1.17 1.17 1.17 1.17 1.17 1.17 1.17 1.17 1.17 1.17 1.17 1.17 -0.090888 4.895281 -0.421905 -0.054396 4.878901 -0.421905 1271.480233 magnum 60.082327
ODOM 0.031012 4.840309 -0.427261 0.496000 0.000112 0.000000 1271.710287 magnum 60.188698
ODOM 0.076519 4.819589 -0.433397 0.488000 -0.000314 0.000000 1271.823227 magnum 60.302024
FLASER 360 1.29 1.29 1.30 1.30 1.29 1.29 1.30 1.30 1.30 1.31 1.31 1.31 1.32 1.32 1.33 1.33 1.33 1.33 1.33 1.33 1.34 1.34 1.34 1.34 1.35 1.35 1.36 1.36 1.36 1.37 1.38 1.38 1.37 1.39 1.38 1.39 1.39 1.39 1.40 1.40 1.41 1.41 1.42 1.43 1.43 1.44 1.45 1.45 1.46 1.47 1.47 1.48 1.49 1.49 1.50 1.51 1.52 1.53 1.54 1.55 1.55 1.56 1.57 1.58 1.58 1.60 1.61 1.62 1.62 1.59 1.58 1.59 1.61 1.72 1.61 3.87 3.08 2.99 2.96 2.94 2.97 3.44 3.47 3.31 3.28 3.28 3.30 3.47 3.45 3.42 3.40 3.36 3.34 3.32 3.30 3.26 3.25 2.45 2.40 2.37 2.36 2.33 2.34 2.37 2.38 2.34 2.32 2.31 2.32 2.39 2.46 2.51 2.55 2.58 2.61 2.67 2.69 2.68 2.73 2.74 2.72 2.71 2.70 2.70 2.70 2.68 2.67 2.66 2.70 2.68 2.67 2.65 2.65 2.64 2.64 2.62 2.62 2.61 2.61 2.59 2.59 2.59 2.59 2.57 2.57 2.56 2.56 2.54 2.51 2.50 2.51 2.56 2.64 2.62 8.34 8.49 8.62 9.85 9.77 9.65 9.58 9.43 9.58 9.58 14.52 16.36 20.02 20.18 20.33 20.33 20.33 20.32 20.32 20.32 20.34 20.33 20.34 20.33 20.43 20.40 19.06 14.48 14.46 14.40 13.07 10.14 9.97 9.96 9.91 9.94 8.59 8.51 8.19 7.57 7.18 7.18 2.57 2.51 2.52 2.52 2.57 2.57 2.59 2.58 2.59 2.59 2.61 2.60 2.62 2.62 2.64 2.64 2.65 2.66 2.67 2.67 2.69 2.69 2.70 2.69 2.69 2.69 2.71 2.71 2.61 2.58 2.58 2.53 2.47 2.44 2.39 2.36 2.31 2.30 2.26 2.22 2.20 2.17 2.14 2.11 2.08 2.06 2.03 2.00 1.98 1.95 1.94 1.91 1.88 1.86 1.83 1.81 1.80 1.78 1.76 1.74 1.72 1.70 1.69 1.68 1.66 1.65 1.63 1.62 1.60 1.59 1.57 1.57 1.56 1.54 1.53 1.52 1.51 1.48 1.48 1.47 1.46 1.45 1.44 1.42 1.42 1.41 1.40 1.40 1.39 1.38 1.37 1.36 1.35 1.34 1.34 1.34 1.33 1.32 1.31 1.31 1.30 1.29 1.29 1.28 1.27 1.27 1.26 1.26 1.26 1.25 1.24 1.24 1.22 1.23 1.22 1.22 1.21 1.21 1.20 1.20 1.20 1.19 1.19 1.19 1.18 1.18 1.18 1.18 1.17 1.17 1.17 1.17 1.17 1.17 1.17 1.16 1.16 1.16 1.16 1.15 1.15 1.15 1.15 1.15 1.14 1.15 1.15 1.16 1.17 1.17 1.17 1.17 1.16 1.17 1.17 1.17 1.17 1.17 1.17 1.17 1.17 1.17 1.17 1.17 -0.003570 4.856065 -0.427506 0.032830 4.839481 -0.427506 1271.690402 magnum 60.302154
ODOM 0.167589 4.777447 -0.442601 0.521500 -0.000319 0.000000 1271.963446 magnum 60.442430
FLASER 360 1.29 1.30 1.30 1.30 1.30 1.30 1.31 1.31 1.31 1.31 1.32 1.32 1.33 1.32 1.33 1.33 1.33 1.33 1.33 1.34 1.35 1.35 1.36 1.35 1.36 1.36 1.37 1.37 1.37 1.37 1.38 1.38 1.39 1.39 1.39 1.39 1.39 1.40 1.40 1.40 1.41 1.41 1.42 1.43 1.43 1.44 1.45 1.46 1.46 1.47 1.47 1.48 1.48 1.49 1.50 1.51 1.52 1.53 1.54 1.55 1.55 1.56 1.57 1.55 1.53 1.53 1.54 1.63 1.56 3.56 3.58 3.60 3.66 3.06 2.96 2.90 2.88 2.87 3.06 3.38 3.39 3.23 3.20 3.19 3.24 3.40 3.39 3.35 3.33 3.29 3.27 3.24 3.23 3.20 2.39 2.32 2.30 2.28 2.27 2.25 2.29 2.29 2.28 2.23 2.24 2.23 2.26 2.34 2.39 2.42 2.45 2.49 2.53 2.58 2.60 2.59 2.61 2.66 2.64 2.62 2.62 2.60 2.60 2.59 2.58 2.57 2.58 2.59 2.59 2.57 2.56 2.54 2.55 2.53 2.53 2.52 2.52 2.50 2.50 2.49 2.49 2.47 2.47 2.46 2.46 2.45 2.45 2.41 2.40 2.39 2.42 2.52 2.53 7.06 7.89 8.37 8.42 9.74 9.76 9.59 9.49 9.44 9.65 9.57 9.59 15.89 17.83 19.95 20.25 20.22 20.23 20.22 20.22 20.21 20.22 20.22 20.24 20.22 20.26 20.33 20.00 17.44 14.37 14.33 14.28 12.94 9.91 9.85 9.85 9.80 9.88 8.48 8.39 8.07 7.20 7.06 7.08 5.55 2.41 2.40 2.41 2.42 2.46 2.46 2.47 2.47 2.49 2.49 2.50 2.50 2.52 2.52 2.53 2.53 2.55 2.55 2.57 2.57 2.59 2.59 2.60 2.60 2.58 2.58 2.61 2.62 2.58 2.50 2.46 2.46 2.40 2.37 2.32 2.30 2.26 2.23 2.21 2.18 2.13 2.12 2.08 2.07 2.02 2.02 1.98 1.95 1.94 1.91 1.89 1.87 1.85 1.82 1.80 1.80 1.76 1.74 1.72 1.71 1.69 1.68 1.66 1.65 1.63 1.62 1.60 1.59 1.56 1.57 1.56 1.54 1.52 1.52 1.50 1.49 1.48 1.47 1.45 1.44 1.43 1.42 1.41 1.40 1.40 1.40 1.39 1.38 1.37 1.35 1.35 1.34 1.34 1.33 1.33 1.32 1.31 1.30 1.29 1.29 1.27 1.28 1.27 1.25 1.25 1.24 1.24 1.24 1.23 1.23 1.23 1.22 1.21 1.21 1.21 1.20 1.20 1.20 1.19 1.19 1.18 1.18 1.18 1.18 1.17 1.17 1.17 1.17 1.17 1.17 1.17 1.16 1.16 1.16 1.16 1.15 1.15 1.15 1.14 1.14 1.14 1.14 1.14 1.14 1.14 1.14 1.13 1.13 1.12 1.13 1.13 1.12 1.13 1.13 1.12 1.13 1.15 1.15 1.16 1.15 1.16 1.16 0.112858 4.803096 -0.440726 0.149036 4.786032 -0.440726 1271.910543 magnum 60.442565
ODOM 0.213580 4.755649 -0.445669 0.498000 0.000000 0.000000 1272.082335 magnum 60.562254
ODOM 0.258145 4.734359 -0.451805 0.507500 -0.000084 0.000000 1272.202763 magnum 60.681776
FLASER 360 1.30 1.32 1.31 1.31 1.31 1.31 1.31 1.32 1.32 1.32 1.33 1.33 1.33 1.34 1.33 1.34 1.34 1.34 1.34 1.34 1.34 1.35 1.36 1.36 1.36 1.36 1.37 1.37 1.37 1.38 1.38 1.39 1.39 1.39 1.39 1.40 1.40 1.40 1.40 1.41 1.41 1.42 1.42 1.43 1.43 1.44 1.45 1.45 1.46 1.47 1.47 1.48 1.49 1.49 1.50 1.51 1.52 1.49 1.48 1.47 1.49 1.57 1.63 3.42 3.45 3.46 3.48 3.49 3.52 3.55 3.57 2.93 2.87 2.82 2.81 2.85 3.28 3.30 3.33 3.15 3.13 3.13 3.16 3.34 3.31 3.27 3.26 3.23 3.21 3.17 3.15 2.36 2.27 2.23 2.22 2.19 2.18 2.20 2.22 2.20 2.18 2.16 2.15 2.15 2.20 2.27 2.30 2.34 2.37 2.40 2.43 2.46 2.51 2.49 2.51 2.55 2.57 2.54 2.54 2.52 2.51 2.50 2.49 2.47 2.46 2.49 2.50 2.47 2.47 2.46 2.46 2.44 2.44 2.42 2.42 2.40 2.40 2.39 2.39 2.38 2.38 2.36 2.36 2.35 2.35 2.33 2.32 2.30 2.29 2.29 2.36 2.41 2.41 6.92 7.44 8.04 8.28 8.36 9.66 9.67 9.70 9.64 12.75 9.16 9.29 14.35 15.81 17.71 19.86 20.13 20.11 20.11 20.11 20.10 20.11 20.10 20.11 20.11 20.12 20.13 20.23 19.98 17.23 14.25 14.23 14.17 12.83 9.84 9.75 9.74 9.70 9.75 8.40 8.30 8.06 7.56 6.96 6.97 5.49 5.34 2.29 2.29 2.30 2.31 2.35 2.35 2.36 2.36 2.38 2.38 2.39 2.39 2.40 2.40 2.42 2.42 2.43 2.44 2.45 2.45 2.47 2.47 2.49 2.49 2.50 2.47 2.49 2.50 2.53 2.49 2.39 2.37 2.37 2.32 2.29 2.24 2.22 2.19 2.15 2.13 2.10 2.08 2.04 2.02 2.00 1.98 1.95 1.92 1.90 1.88 1.86 1.83 1.81 1.80 1.78 1.76 1.75 1.73 1.71 1.69 1.67 1.65 1.64 1.62 1.61 1.60 1.57 1.57 1.56 1.54 1.53 1.52 1.50 1.49 1.48 1.47 1.46 1.45 1.43 1.43 1.41 1.41 1.40 1.40 1.39 1.38 1.37 1.36 1.35 1.35 1.34 1.33 1.33 1.32 1.31 1.30 1.30 1.29 1.28 1.28 1.27 1.26 1.26 1.25 1.24 1.25 1.24 1.23 1.22 1.22 1.21 1.21 1.20 1.20 1.20 1.20 1.19 1.19 1.18 1.18 1.18 1.17 1.17 1.17 1.17 1.17 1.17 1.16 1.16 1.16 1.16 1.16 1.15 1.15 1.14 1.15 1.13 1.14 1.13 1.13 1.13 1.13 1.13 1.13 1.13 1.13 1.12 1.12 1.13 1.13 1.13 1.13 1.13 1.12 1.13 1.13 1.13 1.13 1.13 1.12 0.200573 4.762003 -0.448840 0.236611 4.744647 -0.448840 1272.120223 magnum 60.681908
ODOM 0.303444 4.712377 -0.456407 0.501500 -0.000230 0.000000 1272.323202 magnum 60.802090
ODOM 0.348157 4.690423 -0.462543 0.495000 -0.000358 0.000000 1272.443054 magnum 60.921183
FLASER 360 1.30 1.31 1.31 1.32 1.32 1.32 1.32 1.32 1.33 1.33 1.33 1.33 1.33 1.34 1.34 1.34 1.34 1.34 1.34 1.35 1.35 1.35 1.35 1.36 1.36 1.36 1.37 1.37 1.38 1.38 1.39 1.39 1.39 1.39 1.39 1.40 1.40 1.40 1.40 1.40 1.41 1.41 1.42 1.43 1.43 1.44 1.45 1.45 1.46 1.46 1.46 1.41 1.42 1.43 1.43 1.55 1.46 3.30 3.31 3.33 3.35 3.36 3.39 3.40 3.42 3.45 3.46 3.49 3.12 2.83 2.79 2.74 2.76 3.01 3.22 3.23 3.25 3.07 3.07 3.07 3.10 3.27 3.25 3.21 3.19 3.16 3.14 3.10 3.08 2.19 2.16 2.13 2.12 2.09 2.11 2.13 2.13 2.09 2.09 2.06 2.07 2.09 2.16 2.21 2.23 2.25 2.29 2.31 2.34 2.37 2.42 2.40 2.41 2.45 2.49 2.45 2.44 2.42 2.42 2.40 2.40 2.38 2.38 2.37 2.40 2.39 2.39 2.37 2.35 2.34 2.34 2.33 2.32 2.31 2.31 2.30 2.30 2.28 2.28 2.27 2.27 2.25 2.25 2.25 2.25 2.24 2.20 2.19 2.19 2.23 2.26 2.30 2.30 6.82 6.84 7.55 8.12 8.19 8.25 9.55 9.58 9.58 9.47 12.66 9.24 9.20 14.27 15.72 17.63 19.75 20.04 20.01 20.01 20.00 20.00 20.00 20.02 20.00 20.01 20.00 20.04 20.11 19.77 17.15 14.14 14.12 14.05 12.72 9.75 9.66 9.65 9.59 9.63 8.32 8.21 8.06 7.49 6.85 6.86 6.89 5.33 2.22 2.20 2.19 2.20 2.21 2.25 2.25 2.25 2.25 2.27 2.27 2.29 2.28 2.30 2.30 2.31 2.31 2.32 2.33 2.34 2.34 2.36 2.36 2.38 2.38 2.39 2.39 2.39 2.38 2.41 2.42 2.38 2.32 2.28 2.28 2.24 2.22 2.17 2.14 2.11 2.09 2.07 2.03 2.02 1.98 1.96 1.94 1.92 1.89 1.87 1.85 1.83 1.81 1.80 1.78 1.76 1.74 1.71 1.70 1.69 1.67 1.66 1.64 1.62 1.60 1.59 1.58 1.57 1.55 1.54 1.52 1.50 1.49 1.48 1.47 1.47 1.45 1.44 1.42 1.42 1.41 1.40 1.40 1.39 1.38 1.37 1.36 1.35 1.35 1.34 1.34 1.32 1.32 1.31 1.30 1.29 1.29 1.28 1.27 1.27 1.26 1.26 1.25 1.24 1.25 1.24 1.23 1.22 1.22 1.22 1.21 1.20 1.20 1.19 1.19 1.19 1.18 1.18 1.18 1.17 1.17 1.17 1.17 1.17 1.17 1.16 1.16 1.15 1.15 1.15 1.15 1.15 1.14 1.14 1.14 1.14 1.13 1.13 1.13 1.13 1.12 1.12 1.13 1.13 1.12 1.12 1.12 1.13 1.13 1.12 1.12 1.12 1.12 1.13 1.13 1.12 1.12 1.12 1.12 0.279459 4.724226 -0.458039 0.315336 4.706538 -0.458039 1272.330633 magnum 60.921302
ODOM 0.437692 4.645779 -0.468679 0.501000 -0.000123 0.000000 1272.562789 magnum 61.042140
FLASER 360 1.32 1.31 1.32 1.32 1.32 1.32 1.33 1.33 1.33 1.33 1.33 1.33 1.34 1.34 1.34 1.34 1.34 1.34 1.34 1.35 1.35 1.36 1.36 1.36 1.36 1.37 1.37 1.37 1.37 1.38 1.38 1.39 1.39 1.39 1.39 1.40 1.40 1.40 1.40 1.40 1.41 1.42 1.42 1.40 1.39 1.39 1.38 1.38 1.39 1.38 3.43 3.37 3.30 3.23 3.24 3.25 3.27 3.28 3.31 3.32 3.34 3.35 3.37 3.39 3.41 3.36 2.85 2.73 2.69 2.69 2.78 3.14 3.16 3.18 3.17 3.00 3.00 3.00 3.05 3.21 3.19 3.14 3.12 3.08 3.06 2.17 2.11 2.07 2.07 2.03 2.02 2.06 2.05 2.05 2.02 1.98 1.97 1.99 2.01 2.08 2.11 2.14 2.16 2.19 2.21 2.23 2.26 2.30 2.32 2.31 2.31 2.36 2.38 2.36 2.35 2.33 2.32 2.31 2.31 2.29 2.28 2.27 2.30 2.29 2.28 2.27 2.26 2.25 2.24 2.24 2.23 2.23 2.22 2.21 2.21 2.19 2.19 2.18 2.18 2.16 2.16 2.15 2.16 2.14 2.14 2.09 2.10 2.08 2.09 2.15 2.21 2.20 5.28 6.78 6.72 7.11 7.63 8.06 8.10 9.45 9.45 9.46 9.33 9.61 10.18 9.12 9.37 14.02 15.79 17.57 19.65 19.91 19.90 19.89 19.89 19.89 19.90 19.89 19.90 19.89 19.90 19.93 20.01 19.62 17.01 14.02 14.00 13.94 12.61 9.65 9.54 9.52 9.48 9.51 8.23 8.10 7.96 7.46 6.76 6.75 6.78 5.33 4.93 2.14 2.09 2.09 2.10 2.10 2.14 2.15 2.16 2.16 2.16 2.16 2.18 2.18 2.19 2.20 2.21 2.21 2.23 2.22 2.24 2.24 2.25 2.25 2.27 2.27 2.29 2.29 2.29 2.27 2.29 2.29 2.33 2.31 2.26 2.18 2.19 2.17 2.14 2.11 2.07 2.04 2.02 2.00 1.97 1.95 1.92 1.90 1.88 1.86 1.83 1.81 1.80 1.78 1.77 1.74 1.73 1.71 1.70 1.68 1.66 1.65 1.63 1.62 1.60 1.59 1.58 1.57 1.56 1.53 1.52 1.49 1.48 1.48 1.46 1.45 1.44 1.43 1.42 1.41 1.41 1.40 1.39 1.38 1.37 1.36 1.35 1.35 1.34 1.33 1.33 1.32 1.31 1.30 1.29 1.29 1.28 1.27 1.27 1.26 1.26 1.25 1.25 1.25 1.24 1.23 1.22 1.22 1.21 1.21 1.20 1.20 1.19 1.19 1.19 1.18 1.18 1.18 1.17 1.17 1.17 1.17 1.16 1.16 1.16 1.16 1.16 1.15 1.15 1.15 1.14 1.14 1.14 1.14 1.13 1.13 1.13 1.13 1.12 1.12 1.12 1.12 1.11 1.12 1.12 1.12 1.12 1.12 1.12 1.12 1.11 1.12 1.11 1.12 1.12 1.12 1.11 1.12 0.392697 4.668460 -0.468042 0.428396 4.650415 -0.468042 1272.540207 magnum 61.042256
ODOM 0.482470 4.623108 -0.471747 0.489500 -0.000039 0.000000 1272.683325 magnum 61.162808
ODOM 0.527222 4.600277 -0.473281 0.512500 -0.000006 0.000000 1272.803798 magnum 61.285223
FLASER 360 1.33 1.33 1.33 1.32 1.32 1.33 1.33 1.33 1.33 1.33 1.33 1.34 1.34 1.34 1.34 1.34 1.34 1.34 1.35 1.35 1.35 1.35 1.36 1.36 1.36 1.37 1.37 1.38 1.38 1.38 1.38 1.39 1.39 1.39 1.40 1.39 1.36 1.35 1.36 1.36 1.37 1.37 3.79 3.69 3.63 3.54 3.48 3.40 3.35 3.25 3.20 3.19 3.20 3.21 3.23 3.25 3.27 3.27 3.29 3.31 3.33 3.35 3.26 2.72 2.67 2.62 2.64 2.95 3.06 3.10 3.11 3.12 2.96 2.94 2.93 2.97 3.13 3.12 3.09 3.06 3.04 2.14 2.04 2.01 1.99 1.95 1.96 1.97 1.98 1.97 1.97 1.91 1.90 1.90 1.92 1.98 2.01 2.04 2.06 2.08 2.10 2.12 2.14 2.16 2.21 2.24 2.24 2.22 2.24 2.28 2.28 2.26 2.26 2.25 2.24 2.22 2.22 2.20 2.19 2.18 2.21 2.21 2.19 2.17 2.17 2.15 2.15 2.14 2.14 2.13 2.13 2.11 2.11 2.09 2.09 2.07 2.08 2.06 2.07 2.05 2.05 2.04 2.04 2.03 2.00 1.97 1.97 2.01 2.06 2.10 2.11 5.15 5.17 6.69 6.62 6.73 7.42 7.92 7.98 9.28 9.35 9.37 9.33 9.24 12.42 8.86 8.99 13.99 15.46 15.98 19.49 19.70 19.80 19.78 19.79 19.78 19.78 19.78 19.79 19.78 19.79 19.79 19.88 19.87 18.58 17.06 13.92 13.86 12.62 12.44 9.46 9.42 9.41 9.37 9.44 8.07 7.98 7.77 7.26 6.65 6.66 6.67 5.22 4.87 4.73 2.03 1.98 1.98 1.99 1.99 2.03 2.04 2.05 2.05 2.06 2.07 2.08 2.08 2.09 2.09 2.10 2.10 2.11 2.12 2.14 2.13 2.15 2.15 2.15 2.16 2.17 2.18 2.21 2.19 2.18 2.19 2.21 2.23 2.21 2.18 2.10 2.09 2.08 2.06 2.02 2.00 1.97 1.95 1.93 1.91 1.88 1.86 1.84 1.82 1.80 1.79 1.77 1.75 1.73 1.71 1.70 1.69 1.66 1.65 1.63 1.62 1.61 1.59 1.58 1.57 1.56 1.54 1.53 1.51 1.50 1.49 1.49 1.48 1.44 1.43 1.42 1.41 1.41 1.40 1.39 1.38 1.37 1.36 1.35 1.35 1.34 1.33 1.32 1.32 1.31 1.30 1.29 1.29 1.28 1.27 1.27 1.26 1.25 1.25 1.25 1.23 1.23 1.22 1.22 1.21 1.21 1.20 1.20 1.20 1.19 1.19 1.18 1.18 1.18 1.18 1.17 1.17 1.17 1.17 1.17 1.16 1.16 1.16 1.15 1.15 1.15 1.15 1.14 1.14 1.13 1.13 1.13 1.12 1.12 1.12 1.12 1.12 1.11 1.11 1.12 1.11 1.12 1.12 1.12 1.11 1.11 1.11 1.11 1.11 1.11 1.11 1.11 1.11 1.11 1.11 0.477741 4.625568 -0.472806 0.513352 4.607353 -0.472806 1272.760229 magnum 61.285347
ODOM 0.571509 4.577598 -0.474815 0.496500 -0.000017 0.000000 1272.922621 magnum 61.401103
ODOM 0.616147 4.554652 -0.474815 0.494000 -0.000011 0.000000 1273.042691 magnum 61.522231
FLASER 360 1.33 1.33 1.32 1.33 1.33 1.33 1.33 1.33 1.33 1.34 1.34 1.34 1.34 1.34 1.34 1.34 1.34 1.34 1.35 1.35 1.35 1.36 1.36 1.36 1.36 1.37 1.37 1.33 1.31 1.32 1.33 1.32 1.33 4.43 4.26 4.16 4.06 3.95 3.87 3.75 3.67 3.57 3.51 3.42 3.36 3.28 3.20 3.14 3.14 3.15 3.18 3.19 3.20 3.21 3.23 3.24 3.27 3.27 3.29 2.72 2.62 2.57 2.57 2.79 3.00 3.00 3.02 3.05 3.04 2.87 2.88 2.87 2.91 3.08 3.06 3.02 3.00 1.98 1.95 1.92 1.90 1.88 1.88 1.90 1.90 1.89 1.86 1.83 1.82 1.83 1.85 1.91 1.94 1.95 1.98 2.00 2.01 2.03 2.06 2.07 2.10 2.14 2.16 2.15 2.14 2.17 2.22 2.18 2.18 2.16 2.15 2.14 2.14 2.12 2.11 2.09 2.09 2.11 2.12 2.09 2.09 2.08 2.08 2.05 2.06 2.03 2.03 2.03 2.03 2.02 2.01 2.00 1.99 1.97 1.97 1.96 1.96 1.95 1.96 1.94 1.95 1.93 1.90 1.87 1.88 1.87 1.96 1.95 2.00 1.99 4.88 5.10 5.31 5.51 5.30 5.30 5.34 7.85 7.88 9.25 9.25 9.26 9.06 9.32 12.31 9.94 8.98 9.19 15.34 16.01 18.52 19.49 19.69 19.68 19.68 19.68 19.68 19.67 19.69 19.68 19.69 19.68 19.74 19.77 18.25 16.77 13.81 13.77 12.38 12.37 9.43 9.34 9.32 9.27 9.30 7.95 7.89 7.83 7.32 6.76 6.54 6.55 5.11 5.02 4.68 4.61 4.62 1.90 1.89 1.88 1.89 1.89 1.94 1.93 1.95 1.94 1.96 1.96 1.97 1.97 1.98 1.98 2.00 2.00 2.02 2.02 2.03 2.03 2.04 2.04 2.06 2.06 2.08 2.08 2.09 2.10 2.10 2.08 2.10 2.10 2.14 2.13 2.09 2.05 2.00 2.00 1.97 1.95 1.93 1.90 1.88 1.86 1.84 1.82 1.80 1.79 1.77 1.75 1.72 1.71 1.70 1.68 1.66 1.65 1.63 1.62 1.60 1.59 1.58 1.57 1.55 1.54 1.53 1.52 1.50 1.49 1.48 1.47 1.46 1.45 1.44 1.43 1.41 1.41 1.40 1.38 1.37 1.36 1.35 1.35 1.34 1.34 1.32 1.31 1.31 1.30 1.29 1.29 1.28 1.27 1.26 1.26 1.25 1.25 1.25 1.23 1.23 1.22 1.22 1.21 1.20 1.20 1.20 1.20 1.19 1.19 1.18 1.18 1.17 1.17 1.17 1.17 1.17 1.16 1.16 1.16 1.16 1.15 1.15 1.15 1.15 1.14 1.14 1.14 1.13 1.13 1.13 1.13 1.12 1.12 1.12 1.11 1.12 1.13 1.11 1.11 1.12 1.12 1.11 1.11 1.11 1.11 1.11 1.11 1.11 1.11 1.11 1.11 1.11 1.11 0.556059 4.585540 -0.474815 0.591634 4.567253 -0.474815 1272.970610 magnum 61.522363
ODOM 0.705465 4.508739 -0.479417 0.486500 -0.000106 0.000000 1273.163647 magnum 61.646286
ODOM 0.749957 4.485609 -0.482485 0.505000 -0.000056 0.000000 1273.282835 magnum 61.762863
FLASER 360 1.33 1.33 1.33 1.33 1.33 1.34 1.34 1.33 1.33 1.34 1.34 1.34 1.34 1.34 1.34 1.34 1.34 1.35 1.35 1.29 1.29 1.29 1.30 1.31 1.32 5.11 5.02 4.84 4.70 4.56 4.40 4.27 4.17 4.04 3.96 3.83 3.73 3.63 3.54 3.45 3.38 3.29 3.22 3.10 3.10 3.11 3.12 3.12 3.14 3.15 3.17 3.18 3.20 3.20 3.23 2.62 2.57 2.52 2.51 2.74 2.97 2.94 2.96 2.97 2.99 2.85 2.81 2.80 2.82 2.93 3.03 2.98 1.97 1.87 1.87 1.83 1.81 1.82 1.85 1.83 1.82 1.79 1.77 1.75 1.76 1.78 1.80 1.85 1.87 1.88 1.89 1.92 1.94 1.95 1.97 2.00 2.01 2.04 2.07 2.07 2.05 2.07 2.09 2.11 2.11 2.09 2.08 2.05 2.06 2.04 2.04 2.02 2.02 1.99 2.02 2.03 2.01 1.99 1.99 1.97 1.97 1.96 1.96 1.94 1.94 1.92 1.92 1.90 1.90 1.89 1.89 1.88 1.87 1.86 1.86 1.84 1.84 1.83 1.83 1.82 1.80 1.78 1.78 1.77 1.84 1.84 1.90 1.88 1.86 4.75 4.81 4.96 5.20 5.28 5.19 5.21 5.24 7.74 7.76 9.16 9.15 9.13 8.93 9.22 10.91 9.76 8.84 9.06 13.80 15.82 17.71 19.45 19.55 19.55 19.55 19.55 19.55 19.54 19.54 19.55 19.55 19.55 19.60 19.68 19.33 16.74 13.71 13.68 13.64 12.30 11.09 9.29 9.21 9.16 9.15 9.24 7.82 7.75 7.45 7.05 6.43 6.43 6.46 4.97 4.79 4.55 4.51 4.51 4.52 1.79 1.77 1.77 1.79 1.79 1.83 1.82 1.83 1.83 1.84 1.84 1.86 1.86 1.88 1.88 1.89 1.89 1.91 1.90 1.92 1.92 1.94 1.94 1.96 1.96 1.97 1.97 1.99 2.00 2.02 2.01 2.00 1.99 2.02 2.03 2.04 2.01 1.98 1.92 1.91 1.91 1.88 1.86 1.84 1.82 1.80 1.78 1.76 1.74 1.72 1.70 1.70 1.68 1.66 1.65 1.63 1.62 1.60 1.59 1.58 1.57 1.56 1.54 1.53 1.51 1.50 1.49 1.49 1.47 1.46 1.45 1.44 1.43 1.41 1.41 1.40 1.39 1.39 1.37 1.36 1.35 1.35 1.34 1.33 1.32 1.31 1.30 1.29 1.29 1.28 1.27 1.26 1.26 1.24 1.24 1.23 1.23 1.22 1.22 1.21 1.21 1.20 1.20 1.19 1.19 1.19 1.18 1.18 1.17 1.17 1.17 1.17 1.17 1.16 1.16 1.16 1.16 1.15 1.15 1.15 1.14 1.14 1.14 1.14 1.13 1.13 1.13 1.13 1.12 1.12 1.12 1.11 1.11 1.11 1.11 1.11 1.11 1.12 1.12 1.11 1.11 1.10 1.11 1.11 1.10 1.11 1.10 1.11 1.10 1.11 1.10 0.682317 4.520811 -0.480267 0.717792 4.502331 -0.480267 1273.191171 magnum 61.762989
ODOM 0.794418 4.462322 -0.487087 0.506000 -0.000034 0.000000 1273.409989 magnum 61.896179
FLASER 360 1.33 1.33 1.33 1.34 1.34 1.34 1.34 1.34 1.34 1.28 1.28 1.28 1.28 1.29 1.28 5.54 5.62 5.23 5.54 5.48 5.47 5.54 4.91 5.08 5.02 4.83 4.68 4.50 4.35 4.19 4.11 3.97 3.88 3.72 3.63 3.52 3.45 3.34 3.28 3.15 3.08 3.06 3.07 3.08 3.09 3.11 3.12 3.12 3.14 3.15 3.17 2.63 2.53 2.47 2.45 2.64 2.95 2.89 2.89 2.90 2.91 2.93 2.79 2.75 2.75 2.77 2.88 1.86 1.83 1.79 1.77 1.74 1.75 1.77 1.76 1.75 1.75 1.70 1.69 1.69 1.70 1.73 1.77 1.80 1.81 1.81 1.83 1.85 1.86 1.88 1.90 1.92 1.94 1.95 1.98 1.99 1.99 1.97 1.99 2.04 2.03 2.02 2.01 1.98 1.97 1.97 1.96 1.95 1.94 1.91 1.91 1.93 1.94 1.91 1.91 1.89 1.89 1.88 1.88 1.86 1.86 1.84 1.83 1.82 1.81 1.81 1.81 1.79 1.79 1.78 1.78 1.76 1.76 1.75 1.75 1.73 1.74 1.72 1.70 1.68 1.68 1.66 1.70 1.75 1.78 1.79 1.79 4.66 4.66 4.65 4.73 4.87 5.09 5.06 5.09 5.12 5.14 7.58 7.67 7.99 9.05 9.04 8.77 9.08 9.23 9.70 8.71 8.95 13.73 15.20 16.63 18.35 19.51 19.46 19.48 19.46 19.49 19.45 19.48 19.46 19.49 19.48 19.51 19.54 19.55 18.29 16.60 13.60 13.54 12.15 12.13 9.22 9.11 9.10 9.06 9.06 9.13 7.69 7.63 7.23 6.90 6.33 6.33 6.35 4.87 4.73 4.46 4.40 4.41 4.41 4.42 1.72 1.67 1.66 1.67 1.67 1.70 1.71 1.73 1.73 1.74 1.74 1.76 1.76 1.77 1.77 1.79 1.78 1.80 1.80 1.81 1.81 1.83 1.83 1.85 1.85 1.87 1.87 1.88 1.89 1.90 1.90 1.93 1.91 1.91 1.90 1.93 1.94 1.95 1.92 1.88 1.84 1.82 1.82 1.80 1.79 1.77 1.75 1.73 1.71 1.70 1.68 1.67 1.65 1.63 1.62 1.60 1.59 1.58 1.57 1.56 1.54 1.53 1.52 1.50 1.49 1.49 1.47 1.46 1.45 1.44 1.43 1.42 1.42 1.41 1.38 1.38 1.36 1.36 1.35 1.35 1.34 1.34 1.32 1.32 1.31 1.30 1.29 1.29 1.28 1.27 1.25 1.25 1.25 1.25 1.24 1.23 1.22 1.21 1.21 1.20 1.20 1.20 1.19 1.19 1.18 1.18 1.18 1.17 1.17 1.17 1.17 1.16 1.16 1.16 1.16 1.15 1.15 1.14 1.14 1.14 1.14 1.13 1.13 1.13 1.12 1.12 1.12 1.11 1.11 1.11 1.11 1.11 1.11 1.12 1.11 1.11 1.11 1.11 1.11 1.11 1.11 1.10 1.11 1.10 1.10 1.10 1.11 1.11 1.11 0.757477 4.481870 -0.486923 0.792829 4.463154 -0.486923 1273.400203 magnum 61.896292
ODOM 0.838731 4.438851 -0.490155 0.494000 -0.000045 0.000000 1273.523251 magnum 62.003167
ODOM 0.883399 4.415017 -0.493223 0.506500 -0.000129 0.000000 1273.630233 magnum 62.109441
FLASER 360 1.33 1.27 1.27 1.27 1.27 1.27 1.29 6.82 5.05 4.83 6.85 4.73 4.82 5.52 5.66 5.26 5.41 5.71 5.43 5.69 4.94 5.04 5.04 4.84 4.68 4.48 4.34 4.13 4.07 3.90 3.79 3.63 3.54 3.43 3.34 3.24 3.15 3.03 3.03 3.04 3.04 3.05 3.06 3.08 3.09 3.10 3.11 2.69 2.51 2.41 2.42 2.50 2.86 2.91 2.84 2.85 2.85 2.86 2.87 2.72 2.70 2.69 1.90 1.76 1.74 1.70 1.69 1.71 1.73 1.70 1.70 1.64 1.63 1.61 1.62 1.63 1.65 1.71 1.71 1.72 1.74 1.75 1.77 1.78 1.80 1.81 1.83 1.84 1.86 1.87 1.89 1.92 1.92 1.89 1.90 1.93 1.97 1.94 1.94 1.91 1.90 1.89 1.88 1.87 1.86 1.83 1.83 1.82 1.84 1.83 1.83 1.82 1.82 1.81 1.80 1.78 1.78 1.76 1.76 1.74 1.73 1.72 1.72 1.71 1.71 1.70 1.69 1.68 1.68 1.66 1.67 1.65 1.65 1.64 1.64 1.62 1.59 1.58 1.58 1.57 1.57 1.64 1.66 1.69 1.69 1.65 4.57 4.56 4.56 4.55 4.63 4.77 4.98 4.95 4.99 5.00 5.04 7.37 7.55 7.60 8.95 8.90 8.79 8.85 9.02 11.98 8.75 8.61 8.88 13.57 15.57 17.04 19.25 19.38 19.37 19.36 19.36 19.36 19.36 19.36 19.36 19.37 19.38 19.41 19.47 19.41 18.08 13.54 13.49 13.42 12.14 12.00 9.07 8.99 8.99 8.93 8.98 9.00 7.57 7.52 7.10 6.80 6.22 6.23 6.25 4.80 4.69 4.45 4.31 4.30 4.32 4.32 4.34 4.33 1.59 1.57 1.57 1.57 1.58 1.60 1.63 1.63 1.64 1.64 1.65 1.65 1.66 1.67 1.68 1.68 1.69 1.69 1.71 1.71 1.72 1.72 1.74 1.74 1.76 1.76 1.78 1.77 1.80 1.80 1.82 1.82 1.82 1.82 1.82 1.82 1.83 1.85 1.87 1.84 1.81 1.80 1.74 1.73 1.74 1.72 1.71 1.69 1.67 1.66 1.64 1.63 1.61 1.60 1.58 1.58 1.56 1.55 1.54 1.52 1.51 1.49 1.48 1.48 1.46 1.45 1.44 1.43 1.42 1.41 1.41 1.39 1.38 1.37 1.36 1.35 1.35 1.35 1.34 1.33 1.32 1.31 1.30 1.30 1.29 1.28 1.27 1.26 1.26 1.25 1.25 1.25 1.25 1.24 1.24 1.23 1.21 1.20 1.20 1.20 1.19 1.18 1.18 1.17 1.17 1.17 1.17 1.17 1.16 1.17 1.16 1.15 1.15 1.15 1.15 1.14 1.13 1.13 1.13 1.13 1.13 1.12 1.12 1.12 1.11 1.11 1.11 1.11 1.11 1.11 1.11 1.11 1.10 1.11 1.11 1.10 1.10 1.10 1.10 1.11 1.09 1.10 1.11 1.10 1.11 1.10 0.842270 4.437083 -0.492819 0.877510 4.418159 -0.492819 1273.610933 magnum 62.109563
ODOM 0.927106 4.391523 -0.494757 0.499000 -0.000011 0.000000 1273.743393 magnum 62.223944
ODOM 1.015300 4.343941 -0.499359 0.493500 -0.000084 0.000000 1273.861829 magnum 62.340770
FLASER 360 6.89 6.90 6.81 6.81 6.82 6.79 4.89 6.82 6.83 4.71 6.84 5.87 5.69 5.23 5.72 5.74 5.93 5.83 4.97 5.05 5.00 4.77 4.60 4.32 4.25 4.06 3.94 3.75 3.64 3.49 3.40 3.26 3.18 3.02 3.00 3.00 3.01 3.01 3.03 3.03 3.04 3.05 3.06 2.57 2.44 2.37 2.37 2.69 2.89 2.85 2.83 2.79 2.80 2.81 2.82 2.68 2.66 1.71 1.69 1.63 1.62 1.65 1.67 1.63 1.64 1.58 1.58 1.56 1.56 1.58 1.59 1.63 1.64 1.66 1.67 1.68 1.69 1.71 1.71 1.72 1.73 1.76 1.77 1.79 1.80 1.81 1.83 1.83 1.83 1.82 1.83 1.86 1.88 1.87 1.85 1.83 1.82 1.81 1.80 1.78 1.78 1.75 1.75 1.74 1.76 1.75 1.75 1.73 1.73 1.71 1.71 1.69 1.69 1.67 1.67 1.66 1.66 1.64 1.64 1.62 1.62 1.60 1.60 1.59 1.59 1.57 1.57 1.56 1.56 1.55 1.55 1.53 1.53 1.49 1.49 1.47 1.47 1.46 1.52 1.55 1.57 1.59 1.59 4.42 4.42 4.45 4.47 4.45 4.45 4.46 4.58 4.89 4.87 4.85 4.88 4.91 4.95 7.28 7.45 7.49 8.83 8.81 8.65 8.63 8.90 10.59 9.44 8.53 8.75 13.39 15.12 16.51 19.15 19.26 19.25 19.24 19.24 19.23 19.24 19.24 19.24 19.24 19.26 19.26 19.34 19.33 18.07 16.36 13.38 13.33 11.95 11.94 9.09 8.98 8.87 8.86 8.82 8.91 7.52 7.45 7.29 6.87 6.39 6.11 6.13 6.18 4.70 4.56 4.34 4.20 4.20 4.20 4.22 4.22 4.24 4.23 1.54 1.49 1.46 1.45 1.46 1.46 1.49 1.52 1.53 1.53 1.54 1.54 1.56 1.56 1.57 1.57 1.59 1.59 1.60 1.59 1.61 1.61 1.63 1.64 1.64 1.65 1.66 1.67 1.69 1.69 1.71 1.71 1.72 1.72 1.74 1.74 1.73 1.73 1.75 1.75 1.79 1.77 1.74 1.72 1.71 1.66 1.66 1.67 1.65 1.63 1.61 1.60 1.59 1.58 1.56 1.55 1.53 1.52 1.51 1.50 1.49 1.48 1.46 1.45 1.44 1.43 1.42 1.41 1.40 1.39 1.38 1.37 1.36 1.35 1.35 1.34 1.34 1.33 1.32 1.31 1.30 1.29 1.29 1.28 1.27 1.27 1.26 1.26 1.26 1.25 1.25 1.24 1.23 1.23 1.22 1.22 1.21 1.21 1.21 1.20 1.19 1.19 1.19 1.18 1.17 1.17 1.17 1.17 1.16 1.15 1.15 1.15 1.14 1.14 1.14 1.13 1.13 1.13 1.13 1.12 1.12 1.11 1.11 1.11 1.11 1.11 1.11 1.11 1.11 1.11 1.11 1.11 1.11 1.11 1.10 1.10 1.10 1.10 1.10 1.09 1.09 1.10 1.11 1.10 0.953941 4.377192 -0.497991 0.989083 4.358086 -0.497991 1273.820243 magnum 62.340898
ODOM 1.058438 4.320410 -0.502427 0.495000 -0.000090 0.000000 1273.982843 magnum 62.463029
ODOM 1.101897 4.296532 -0.503961 0.492000 -0.000134 0.000000 1274.102869 magnum 62.582478
FLASER 360 6.83 6.80 6.81 6.40 4.91 6.82 6.80 4.75 5.07 6.84 5.61 5.18 5.62 5.52 5.58 4.93 4.86 5.05 4.97 4.71 4.53 4.29 4.10 3.95 3.81 3.61 3.49 3.33 3.24 3.06 2.98 2.98 2.99 2.99 3.00 3.00 3.01 3.01 3.02 2.54 2.36 2.32 2.35 3.10 3.04 2.81 2.84 2.75 2.75 2.76 2.77 1.68 1.64 1.59 1.58 1.61 1.61 1.58 1.58 1.52 1.51 1.51 1.51 1.52 1.53 1.58 1.59 1.61 1.61 1.62 1.62 1.64 1.65 1.66 1.66 1.68 1.70 1.71 1.72 1.73 1.73 1.76 1.78 1.76 1.76 1.75 1.77 1.81 1.81 1.79 1.77 1.76 1.75 1.72 1.72 1.71 1.69 1.67 1.67 1.67 1.68 1.68 1.68 1.65 1.65 1.63 1.62 1.61 1.60 1.60 1.59 1.57 1.57 1.55 1.55 1.53 1.53 1.52 1.51 1.50 1.50 1.49 1.49 1.47 1.47 1.45 1.46 1.44 1.44 1.43 1.39 1.38 1.38 1.38 1.37 1.41 1.46 1.47 1.50 1.49 1.50 4.03 4.34 4.32 4.33 4.38 4.36 4.34 4.35 4.40 4.53 4.78 4.98 5.00 4.96 4.80 6.84 7.18 7.35 7.39 8.72 8.70 8.73 8.48 8.77 10.60 9.42 8.42 8.66 13.40 14.87 16.36 18.07 19.10 19.16 19.13 19.14 19.13 19.14 19.13 19.15 19.14 19.14 19.14 19.19 19.25 18.87 16.30 13.29 13.25 13.21 11.91 11.78 8.83 8.77 8.78 8.72 8.75 8.78 7.35 7.32 6.99 6.66 6.05 6.01 6.02 6.19 4.57 4.45 4.24 4.10 4.10 4.11 4.11 4.12 4.13 4.14 4.12 4.03 1.46 1.40 1.36 1.37 1.37 1.38 1.38 1.42 1.43 1.43 1.43 1.45 1.45 1.46 1.47 1.48 1.48 1.50 1.50 1.50 1.51 1.53 1.52 1.54 1.54 1.57 1.57 1.58 1.59 1.60 1.60 1.61 1.61 1.63 1.63 1.66 1.66 1.66 1.64 1.65 1.66 1.70 1.71 1.68 1.66 1.64 1.63 1.59 1.58 1.59 1.58 1.57 1.55 1.53 1.52 1.51 1.50 1.49 1.48 1.47 1.45 1.44 1.42 1.42 1.41 1.40 1.39 1.38 1.37 1.36 1.36 1.35 1.34 1.33 1.33 1.32 1.31 1.30 1.29 1.29 1.28 1.27 1.27 1.26 1.26 1.26 1.25 1.25 1.24 1.24 1.23 1.22 1.22 1.22 1.21 1.21 1.20 1.19 1.19 1.19 1.19 1.19 1.18 1.17 1.17 1.17 1.16 1.16 1.15 1.15 1.15 1.14 1.14 1.14 1.14 1.12 1.12 1.12 1.12 1.12 1.12 1.12 1.11 1.11 1.11 1.11 1.11 1.10 1.10 1.11 1.10 1.10 1.10 1.09 1.10 1.10 1.10 1.09 1.10 1.11 1.11 1.046564 4.326972 -0.503245 1.081605 4.307681 -0.503245 1274.040201 magnum 62.582607
ODOM 1.145773 4.272336 -0.505495 0.504000 0.000000 0.000000 1274.222878 magnum 62.701966
ODOM 1.189581 4.248090 -0.508563 0.490500 0.000118 0.000000 1274.342773 magnum 62.822961
FLASER 360 6.82 6.80 4.87 6.82 6.81 4.75 5.07 6.82 5.68 5.20 5.62 5.48 5.48 4.89 4.90 5.05 4.99 4.70 4.48 4.20 4.04 3.83 3.66 3.47 3.34 3.17 3.02 2.95 2.95 2.96 2.96 2.97 2.99 2.98 2.99 2.47 2.31 2.30 2.35 3.06 3.05 2.75 2.77 2.72 2.71 1.62 1.58 1.53 1.53 1.56 1.56 1.53 1.53 1.46 1.45 1.45 1.46 1.46 1.49 1.52 1.53 1.54 1.55 1.56 1.57 1.57 1.58 1.60 1.60 1.62 1.61 1.63 1.64 1.65 1.66 1.68 1.69 1.71 1.71 1.68 1.69 1.69 1.72 1.74 1.74 1.71 1.70 1.67 1.66 1.64 1.63 1.62 1.60 1.59 1.59 1.60 1.61 1.61 1.60 1.58 1.57 1.55 1.55 1.53 1.52 1.51 1.51 1.49 1.49 1.47 1.46 1.45 1.44 1.43 1.43 1.41 1.42 1.41 1.40 1.38 1.38 1.37 1.37 1.37 1.37 1.34 1.33 1.29 1.28 1.28 1.28 1.27 1.32 1.36 1.36 1.38 1.40 1.49 1.38 3.82 3.82 4.29 4.24 4.21 4.26 4.28 4.26 4.24 4.26 4.39 4.43 6.28 6.01 5.90 5.89 6.37 6.65 7.01 7.23 7.24 8.52 8.59 8.62 8.65 8.52 8.83 8.11 8.29 8.56 13.23 14.70 15.30 16.78 18.81 19.06 19.04 19.05 19.03 19.04 19.03 19.04 19.04 19.05 19.04 19.06 19.13 19.12 17.82 16.29 13.18 13.14 13.08 11.76 10.49 8.78 8.67 8.66 8.60 8.71 7.50 7.26 7.21 6.79 6.53 5.94 5.91 5.94 6.06 4.49 4.39 4.17 4.02 4.00 4.00 4.01 4.02 4.04 4.03 4.04 3.96 3.41 3.17 1.37 1.33 1.28 1.27 1.27 1.26 1.28 1.28 1.32 1.33 1.34 1.34 1.36 1.36 1.37 1.37 1.39 1.38 1.40 1.40 1.42 1.41 1.43 1.43 1.44 1.45 1.47 1.46 1.49 1.49 1.50 1.50 1.52 1.52 1.54 1.54 1.56 1.57 1.59 1.58 1.57 1.57 1.59 1.61 1.63 1.61 1.60 1.58 1.57 1.56 1.50 1.50 1.51 1.51 1.50 1.48 1.47 1.46 1.44 1.44 1.42 1.42 1.40 1.39 1.39 1.37 1.36 1.36 1.35 1.35 1.34 1.33 1.32 1.30 1.30 1.29 1.29 1.28 1.28 1.27 1.26 1.26 1.25 1.25 1.25 1.24 1.24 1.23 1.23 1.22 1.21 1.21 1.21 1.20 1.20 1.19 1.19 1.19 1.19 1.18 1.17 1.17 1.17 1.16 1.16 1.15 1.15 1.15 1.14 1.14 1.14 1.14 1.13 1.13 1.13 1.12 1.12 1.12 1.12 1.12 1.12 1.12 1.11 1.11 1.11 1.10 1.10 1.09 1.10 1.10 1.09 1.10 1.09 1.09 1.10 1.10 1.10 1.11 1.123392 4.284763 -0.506377 1.158372 4.265363 -0.506377 1274.250781 magnum 62.823081
ODOM 1.277443 4.199109 -0.516233 0.508000 -0.000056 0.000000 1274.470063 magnum 62.958310
FLASER 360 4.91 6.83 6.85 4.79 4.96 5.03 5.07 5.15 5.23 5.47 5.49 4.94 4.87 5.11 4.99 4.64 4.30 4.06 3.91 3.63 3.47 3.27 3.14 2.92 2.93 2.93 2.93 2.94 2.95 2.96 2.94 2.28 2.28 2.37 2.99 3.03 3.04 2.75 1.68 1.54 1.50 1.49 1.51 1.50 1.50 1.45 1.42 1.41 1.42 1.42 1.43 1.46 1.48 1.48 1.49 1.49 1.50 1.50 1.51 1.52 1.53 1.53 1.56 1.56 1.57 1.58 1.59 1.60 1.61 1.61 1.61 1.63 1.65 1.62 1.62 1.63 1.64 1.67 1.68 1.65 1.64 1.61 1.60 1.59 1.58 1.57 1.57 1.53 1.52 1.51 1.52 1.52 1.53 1.50 1.50 1.48 1.48 1.45 1.45 1.42 1.42 1.41 1.41 1.40 1.40 1.37 1.38 1.36 1.35 1.34 1.34 1.32 1.32 1.30 1.30 1.29 1.28 1.27 1.27 1.26 1.26 1.25 1.22 1.20 1.20 1.18 1.18 1.18 1.21 1.26 1.27 1.27 1.30 1.29 1.29 1.26 3.61 3.67 3.71 3.69 3.84 4.14 4.12 4.11 4.18 4.16 4.16 4.14 4.17 4.32 4.46 4.57 4.74 4.73 4.75 4.59 6.56 6.79 7.11 7.11 8.35 8.51 8.50 8.36 8.26 8.63 11.51 7.99 8.16 8.46 13.08 14.70 16.19 17.80 18.93 18.93 18.94 18.93 18.93 18.92 18.93 18.92 18.93 18.93 18.94 18.97 19.04 18.72 17.61 13.09 13.05 12.99 11.74 11.59 8.73 8.62 8.57 8.53 8.51 8.61 7.24 7.13 7.05 6.66 6.39 5.83 5.81 5.83 5.98 5.99 4.34 4.15 3.95 3.89 3.89 3.89 3.91 3.92 3.94 3.93 3.93 3.82 3.26 3.06 2.92 2.90 1.28 1.25 1.20 1.17 1.17 1.16 1.18 1.18 1.20 1.21 1.24 1.24 1.26 1.26 1.27 1.27 1.28 1.28 1.30 1.30 1.32 1.31 1.33 1.33 1.35 1.35 1.36 1.36 1.38 1.39 1.40 1.41 1.42 1.42 1.44 1.44 1.46 1.46 1.48 1.49 1.51 1.50 1.49 1.49 1.51 1.51 1.55 1.55 1.52 1.51 1.50 1.49 1.47 1.44 1.44 1.44 1.43 1.43 1.42 1.40 1.39 1.38 1.37 1.36 1.36 1.34 1.34 1.33 1.32 1.32 1.31 1.30 1.29 1.28 1.28 1.27 1.26 1.26 1.26 1.25 1.24 1.24 1.23 1.23 1.23 1.22 1.21 1.21 1.20 1.20 1.20 1.19 1.19 1.19 1.19 1.18 1.18 1.17 1.16 1.16 1.16 1.15 1.15 1.15 1.14 1.14 1.14 1.14 1.13 1.13 1.13 1.13 1.12 1.12 1.12 1.12 1.12 1.12 1.13 1.12 1.12 1.12 1.11 1.12 1.12 1.12 1.10 1.11 1.10 1.10 1.09 1.09 1.10 1.10 1.240161 4.220234 -0.516016 1.274953 4.200497 -0.516016 1274.460282 magnum 62.958424
ODOM 1.321383 4.174170 -0.520835 0.499500 -0.000084 0.000000 1274.583337 magnum 63.062747
ODOM 1.364765 4.149283 -0.525437 0.482000 -0.000022 0.000000 1274.702714 magnum 63.182327
FLASER 360 6.83 4.78 4.94 4.93 4.99 5.13 5.04 5.40 5.46 4.93 4.75 5.03 5.06 4.64 4.26 4.00 3.74 3.45 3.26 2.93 2.91 2.91 2.91 2.92 2.92 2.93 2.56 2.26 2.27 2.87 2.93 1.58 1.53 1.46 1.47 1.46 1.46 1.44 1.42 1.36 1.37 1.37 1.38 1.41 1.42 1.43 1.43 1.43 1.44 1.45 1.45 1.46 1.47 1.47 1.48 1.49 1.50 1.50 1.51 1.51 1.52 1.53 1.54 1.55 1.56 1.58 1.58 1.57 1.56 1.56 1.57 1.59 1.61 1.60 1.60 1.56 1.55 1.52 1.52 1.50 1.49 1.46 1.45 1.43 1.43 1.44 1.45 1.43 1.43 1.41 1.41 1.39 1.38 1.36 1.36 1.34 1.34 1.32 1.31 1.29 1.29 1.28 1.27 1.26 1.26 1.24 1.24 1.22 1.22 1.20 1.20 1.18 1.18 1.18 1.18 1.17 1.17 1.11 1.11 1.10 1.10 1.08 1.08 1.09 1.12 1.17 1.17 1.17 1.20 1.20 1.20 1.19 81.91 81.91 3.54 3.50 3.54 3.59 3.59 3.61 4.11 4.02 4.02 4.03 4.07 4.05 4.05 4.03 4.07 4.25 4.45 4.46 4.68 4.68 4.69 4.50 6.39 6.58 6.97 7.03 7.20 8.38 8.39 8.40 8.21 8.56 10.21 7.88 8.05 8.32 13.02 14.45 15.07 16.76 18.60 18.85 18.84 18.83 18.83 18.82 18.82 18.82 18.83 18.83 18.83 18.83 18.89 18.91 18.47 15.93 12.95 12.93 12.89 11.60 11.46 8.58 8.46 8.45 8.42 8.40 8.50 7.14 7.04 6.95 6.56 6.30 5.75 5.69 5.72 5.79 5.89 4.34 4.11 3.93 3.80 3.76 3.79 3.79 3.81 3.82 3.82 3.82 3.81 3.70 3.45 2.98 2.83 2.80 2.76 2.72 2.66 2.62 1.25 1.12 1.08 1.07 1.07 1.07 1.08 1.08 1.11 1.13 1.15 1.16 1.17 1.17 1.18 1.18 1.19 1.19 1.21 1.21 1.22 1.22 1.24 1.24 1.25 1.25 1.27 1.27 1.29 1.29 1.31 1.31 1.33 1.33 1.35 1.35 1.37 1.37 1.40 1.40 1.42 1.43 1.42 1.41 1.42 1.42 1.47 1.47 1.46 1.44 1.43 1.42 1.42 1.42 1.37 1.35 1.37 1.37 1.35 1.35 1.34 1.33 1.33 1.32 1.31 1.30 1.29 1.29 1.28 1.27 1.26 1.26 1.26 1.25 1.25 1.24 1.24 1.23 1.23 1.22 1.22 1.21 1.21 1.19 1.20 1.19 1.19 1.19 1.19 1.19 1.18 1.18 1.17 1.16 1.16 1.16 1.15 1.15 1.15 1.14 1.14 1.14 1.14 1.13 1.13 1.13 1.12 1.12 1.12 1.12 1.11 1.11 1.11 1.11 1.11 1.11 1.11 1.11 1.11 1.11 1.12 1.10 1.11 1.11 1.11 1.11 1.11 1.11 1.324208 4.172733 -0.524807 1.358825 4.152691 -0.524807 1274.680247 magnum 63.182452
ODOM 1.407614 4.124439 -0.528505 0.499000 0.000146 0.000000 1274.823275 magnum 63.303279
ODOM 1.450385 4.099464 -0.530039 0.487000 -0.000067 0.000000 1274.942801 magnum 63.424488
FLASER 360 5.05 4.91 4.96 5.12 4.98 5.27 5.35 5.89 4.87 4.97 5.20 4.68 4.24 3.89 3.57 3.21 2.91 2.89 2.89 2.90 2.91 2.90 2.34 2.23 2.31 1.45 1.43 1.43 1.44 1.43 1.42 1.34 1.34 1.35 1.35 1.36 1.37 1.40 1.40 1.40 1.41 1.41 1.41 1.42 1.42 1.42 1.42 1.43 1.43 1.44 1.45 1.45 1.46 1.46 1.47 1.48 1.49 1.49 1.50 1.52 1.52 1.52 1.50 1.50 1.50 1.52 1.53 1.54 1.54 1.50 1.48 1.46 1.45 1.42 1.42 1.40 1.39 1.37 1.36 1.37 1.38 1.37 1.37 1.34 1.34 1.31 1.31 1.29 1.29 1.26 1.26 1.24 1.24 1.22 1.22 1.20 1.20 1.18 1.18 1.17 1.17 1.15 1.15 1.13 1.13 1.11 1.11 1.10 1.10 1.08 1.09 1.05 1.03 1.01 1.00 1.00 1.00 0.99 1.01 1.02 1.05 1.06 1.07 1.09 1.10 1.10 1.11 1.09 1.09 81.91 9.17 9.18 81.91 3.47 3.42 3.41 3.49 3.50 3.51 3.60 3.98 3.92 3.91 3.95 3.97 3.95 3.94 3.93 3.98 4.18 6.00 5.98 5.82 5.61 5.58 5.68 6.16 6.40 6.74 6.92 6.93 8.14 8.28 8.29 8.24 8.15 8.42 11.32 7.95 7.94 8.25 12.96 14.39 16.14 18.37 18.50 18.73 18.72 18.72 18.71 18.71 18.71 18.71 18.71 18.72 18.71 18.74 18.79 18.80 17.50 15.98 12.84 12.81 12.76 11.48 11.34 8.44 8.34 8.37 8.31 8.31 8.39 7.04 6.92 6.87 6.48 6.23 5.78 5.60 5.60 5.64 5.77 4.18 4.12 3.93 3.76 3.66 3.66 3.67 3.67 3.70 3.70 3.71 3.70 3.69 3.60 3.61 2.92 2.79 2.71 2.70 2.64 2.60 2.56 2.50 2.45 2.43 1.06 1.08 1.02 1.00 0.98 0.98 0.98 0.99 0.99 1.00 1.01 1.06 1.06 1.08 1.08 1.09 1.09 1.10 1.10 1.12 1.11 1.13 1.13 1.16 1.16 1.17 1.17 1.18 1.19 1.21 1.21 1.23 1.23 1.24 1.24 1.27 1.27 1.29 1.30 1.32 1.31 1.34 1.34 1.36 1.35 1.34 1.34 1.36 1.38 1.41 1.41 1.39 1.38 1.36 1.35 1.35 1.34 1.31 1.28 1.32 1.31 1.30 1.29 1.28 1.28 1.27 1.26 1.26 1.25 1.25 1.25 1.24 1.23 1.23 1.22 1.22 1.22 1.21 1.20 1.19 1.20 1.18 1.18 1.17 1.17 1.17 1.17 1.17 1.16 1.16 1.16 1.15 1.15 1.15 1.15 1.14 1.14 1.13 1.13 1.13 1.13 1.13 1.12 1.12 1.12 1.11 1.11 1.11 1.11 1.12 1.11 1.11 1.11 1.11 1.11 1.11 1.12 1.11 1.12 1.12 1.11 1.11 1.11 1.402748 4.127330 -0.529569 1.437269 4.107123 -0.529569 1274.900238 magnum 63.424600
ODOM 1.537087 4.048660 -0.534641 0.496500 -0.000039 0.000000 1275.068601 magnum 63.547948
ODOM 1.579269 4.023681 -0.536175 0.492500 -0.000039 0.000000 1275.182673 magnum 63.711403
FLASER 360 6.80 6.80 5.15 5.59 5.47 4.87 5.05 5.03 5.19 4.23 4.01 3.39 2.89 2.87 2.87 2.88 2.88 1.51 1.45 1.42 1.42 1.42 1.37 1.31 1.31 1.32 1.33 1.35 1.35 1.37 1.37 1.37 1.38 1.38 1.38 1.38 1.39 1.39 1.39 1.40 1.40 1.41 1.41 1.41 1.41 1.41 1.42 1.42 1.43 1.43 1.45 1.46 1.45 1.47 1.47 1.44 1.44 1.44 1.45 1.48 1.49 1.48 1.47 1.43 1.41 1.39 1.38 1.35 1.34 1.31 1.30 1.30 1.31 1.31 1.32 1.29 1.29 1.26 1.26 1.24 1.24 1.21 1.21 1.18 1.18 1.17 1.17 1.15 1.15 1.12 1.12 1.09 1.09 1.08 1.08 1.06 1.06 1.04 1.03 1.03 1.03 1.01 1.01 1.00 0.99 0.93 0.92 0.92 0.93 0.90 0.91 0.92 0.93 0.94 0.96 0.98 0.99 0.98 1.00 1.01 1.01 1.01 1.02 4.59 4.58 4.56 4.61 4.64 4.75 9.07 9.09 9.08 3.37 3.31 3.32 3.40 3.41 3.41 3.47 3.89 3.83 3.80 3.82 3.87 3.86 3.84 3.83 3.85 3.94 4.02 5.89 5.87 5.62 5.49 5.48 5.65 6.06 6.32 6.66 6.81 6.82 7.97 8.17 8.18 8.22 8.02 8.25 10.13 7.67 7.82 8.11 12.81 14.26 14.89 16.35 18.37 18.63 18.60 18.60 18.60 18.60 18.59 18.60 18.61 18.61 18.61 18.61 18.65 18.71 18.33 15.77 12.76 12.72 12.67 11.47 11.27 9.95 8.33 8.24 8.23 8.18 8.24 8.24 6.84 6.82 6.66 6.30 6.07 5.58 5.48 5.51 5.54 5.67 5.69 4.04 3.87 3.71 3.57 3.57 3.57 3.58 3.58 3.60 3.60 3.61 3.60 3.53 3.51 3.56 2.83 2.71 2.62 2.61 2.58 2.53 2.46 2.43 2.39 2.35 2.31 2.28 2.23 2.21 2.17 1.04 0.96 0.93 0.91 0.90 0.89 0.89 0.89 0.90 0.91 0.93 0.95 0.98 0.98 1.00 1.00 1.02 1.02 1.02 1.02 1.04 1.04 1.06 1.06 1.08 1.08 1.09 1.09 1.11 1.12 1.14 1.14 1.16 1.16 1.18 1.18 1.20 1.21 1.23 1.23 1.24 1.24 1.27 1.27 1.28 1.27 1.26 1.27 1.31 1.32 1.35 1.34 1.33 1.32 1.30 1.29 1.29 1.28 1.27 1.25 1.23 1.26 1.25 1.25 1.24 1.24 1.23 1.23 1.22 1.22 1.21 1.21 1.20 1.19 1.18 1.18 1.18 1.17 1.17 1.17 1.17 1.17 1.17 1.16 1.16 1.15 1.15 1.15 1.14 1.14 1.14 1.13 1.13 1.13 1.13 1.12 1.12 1.12 1.11 1.11 1.11 1.11 1.11 1.11 1.11 1.10 1.10 1.10 1.10 1.10 1.10 1.10 1.11 1.11 1.11 1.10 1.519600 4.059044 -0.535256 1.554005 4.038641 -0.535256 1275.110790 magnum 63.711515
ODOM 1.622246 3.998142 -0.537709 0.500500 0.000006 0.000000 1275.289915 magnum 63.768230
ODOM 1.665184 3.972537 -0.537709 0.491000 -0.000045 0.000000 1275.409943 magnum 63.887817
FLASER 360 5.45 5.55 5.73 4.97 4.93 5.26 4.98 3.94 2.90 1.48 1.42 1.42 1.43 1.31 1.30 1.29 1.29 1.29 1.30 1.34 1.34 1.34 1.34 1.34 1.35 1.35 1.35 1.36 1.36 1.36 1.36 1.37 1.37 1.38 1.38 1.38 1.38 1.38 1.38 1.39 1.40 1.40 1.41 1.41 1.42 1.42 1.42 1.41 1.40 1.40 1.41 1.41 1.42 1.43 1.43 1.39 1.39 1.35 1.34 1.30 1.30 1.26 1.25 1.24 1.24 1.25 1.26 1.23 1.23 1.20 1.20 1.17 1.17 1.15 1.15 1.12 1.12 1.09 1.09 1.07 1.07 1.03 1.05 1.02 1.02 1.01 1.01 0.98 0.99 0.97 0.96 0.95 0.96 0.94 0.93 0.91 0.89 0.85 0.85 0.84 0.84 0.83 0.82 0.83 0.85 0.86 0.85 0.91 0.90 0.89 0.89 0.90 0.91 0.91 0.92 0.95 1.03 2.45 2.45 2.50 2.61 4.50 4.50 4.48 4.48 4.52 4.55 81.91 81.91 8.97 8.98 3.23 3.22 3.24 3.31 3.30 3.32 3.48 3.79 3.70 3.70 3.70 3.75 3.73 3.73 3.72 3.72 3.81 4.01 5.79 5.78 5.76 5.45 5.37 5.37 5.82 6.03 6.27 6.62 6.71 6.73 7.91 8.07 8.07 8.07 7.88 8.20 9.99 7.59 7.72 8.00 12.69 14.15 14.71 16.23 18.26 18.53 18.50 18.50 18.49 18.50 18.48 18.51 18.50 18.50 18.51 18.51 18.53 18.62 18.38 17.18 12.73 12.63 12.58 12.55 11.21 10.07 8.20 8.14 8.15 8.11 8.09 8.18 6.95 6.73 6.69 6.36 6.11 5.88 5.39 5.39 5.40 5.54 5.56 5.59 3.96 3.79 3.63 3.50 3.46 3.46 3.46 3.49 3.49 3.51 3.51 3.51 3.50 3.42 3.40 3.55 2.73 2.63 2.53 2.52 2.49 2.45 2.39 2.36 2.31 2.28 2.25 2.22 2.19 2.15 2.12 2.09 2.06 2.03 2.00 1.96 1.15 0.89 0.86 0.84 0.83 0.82 0.81 0.80 0.80 0.83 0.82 0.84 0.83 0.90 0.90 0.93 0.92 0.94 0.94 0.96 0.96 0.97 0.97 0.99 0.99 1.00 1.00 1.02 1.02 1.04 1.04 1.07 1.07 1.08 1.08 1.11 1.11 1.14 1.14 1.16 1.16 1.18 1.18 1.22 1.22 1.23 1.22 1.20 1.20 1.24 1.26 1.29 1.28 1.27 1.26 1.25 1.24 1.24 1.24 1.24 1.23 1.20 1.19 1.22 1.21 1.20 1.19 1.18 1.18 1.18 1.17 1.17 1.16 1.16 1.16 1.16 1.16 1.16 1.15 1.15 1.15 1.15 1.14 1.14 1.13 1.13 1.13 1.13 1.13 1.12 1.12 1.12 1.12 1.11 1.11 1.11 1.11 1.10 1.11 1.10 1.10 1.10 1.10 1.10 1.10 1.10 1.10 1.10 1.10 1.599973 4.011424 -0.537709 1.634328 3.990937 -0.537709 1275.320033 magnum 63.888142
ODOM 1.708538 3.946685 -0.539243 0.508500 -0.000218 0.000000 1275.522567 magnum 64.002911
ODOM 1.751422 3.921022 -0.542311 0.491500 -0.000095 0.000000 1275.642897 magnum 64.123335
FLASER 360 1.40 1.40 1.40 1.40 1.33 1.29 1.29 1.28 1.29 1.31 1.33 1.33 1.34 1.33 1.33 1.34 1.33 1.34 1.34 1.34 1.34 1.34 1.34 1.34 1.34 1.36 1.35 1.35 1.35 1.36 1.36 1.36 1.37 1.36 1.38 1.38 1.39 1.39 1.39 1.37 1.35 1.35 1.35 1.36 1.37 1.40 1.40 1.36 1.34 1.30 1.28 1.24 1.24 1.20 1.19 1.19 1.19 1.20 1.20 1.18 1.17 1.14 1.14 1.11 1.10 1.08 1.07 1.04 1.04 1.02 1.02 1.00 0.99 0.96 0.97 0.94 0.94 0.94 0.92 0.91 0.90 0.88 0.88 0.86 0.86 0.81 0.80 0.78 0.77 0.77 0.77 0.75 0.75 0.76 0.77 0.77 0.76 0.78 0.82 0.82 0.82 0.80 0.81 0.81 0.81 0.81 0.82 0.83 0.90 2.20 2.23 2.25 2.28 2.31 2.35 2.36 2.36 2.44 2.53 4.41 4.42 4.39 4.39 4.39 4.44 4.47 81.91 81.91 8.88 3.17 3.13 3.11 3.18 3.21 3.20 3.22 3.60 3.67 3.62 3.59 3.59 3.65 3.65 3.62 3.62 3.60 3.66 3.84 3.98 5.68 5.67 5.48 5.33 5.27 5.29 5.76 5.97 6.20 6.53 6.60 6.64 7.78 7.97 7.96 8.02 7.78 7.91 9.82 7.50 7.63 7.90 12.55 12.65 14.33 16.03 18.13 18.39 18.40 18.38 18.37 18.38 18.37 18.40 18.39 18.40 18.39 18.41 18.40 18.51 18.46 17.12 15.62 12.53 12.50 12.44 11.17 11.03 8.23 8.08 8.04 8.03 7.97 8.05 8.01 6.63 6.61 6.49 6.17 5.94 5.72 5.29 5.28 5.32 5.45 5.46 5.49 3.92 3.70 3.56 3.45 3.37 3.35 3.37 3.37 3.39 3.40 3.42 3.41 3.42 3.38 3.32 3.31 3.56 2.71 2.56 2.49 2.42 2.41 2.37 2.33 2.29 2.27 2.21 2.20 2.15 2.12 2.10 2.06 2.04 2.01 1.99 1.96 1.94 1.91 1.89 1.87 1.85 1.82 1.80 1.79 0.95 0.88 0.79 0.78 0.76 0.76 0.75 0.74 0.74 0.73 0.75 0.74 0.75 0.75 0.77 0.78 0.85 0.84 0.85 0.85 0.87 0.88 0.91 0.91 0.92 0.92 0.94 0.94 0.96 0.96 0.98 0.98 1.01 1.01 1.02 1.03 1.06 1.06 1.08 1.08 1.12 1.12 1.14 1.14 1.17 1.17 1.16 1.16 1.16 1.17 1.22 1.23 1.23 1.23 1.22 1.21 1.21 1.20 1.20 1.19 1.18 1.18 1.16 1.16 1.17 1.17 1.16 1.16 1.16 1.16 1.15 1.15 1.15 1.14 1.14 1.13 1.13 1.13 1.13 1.13 1.12 1.12 1.12 1.12 1.11 1.11 1.11 1.10 1.11 1.10 1.10 1.10 1.10 1.10 1.10 1.10 1.10 1.10 1.10 1.10 1.678387 3.964741 -0.539541 1.712704 3.944191 -0.539541 1275.530538 magnum 64.123455
ODOM 1.837449 3.869185 -0.553049 0.513000 -0.000101 0.000000 1275.769772 magnum 64.249581
FLASER 360 1.30 1.33 1.33 1.32 1.32 1.32 1.32 1.32 1.32 1.32 1.32 1.33 1.33 1.33 1.33 1.33 1.33 1.34 1.34 1.34 1.34 1.34 1.34 1.34 1.34 1.34 1.35 1.36 1.36 1.36 1.36 1.34 1.33 1.33 1.33 1.33 1.35 1.37 1.36 1.31 1.29 1.24 1.22 1.18 1.17 1.14 1.15 1.15 1.15 1.14 1.15 1.11 1.11 1.06 1.07 1.02 1.02 1.01 1.00 0.97 0.96 0.94 0.93 0.91 0.90 0.88 0.87 0.85 0.85 0.83 0.83 0.81 0.81 0.72 0.71 0.70 0.71 0.70 0.69 0.67 0.68 0.68 0.68 0.69 0.70 0.69 0.70 0.75 0.76 0.74 0.74 0.73 0.73 0.75 0.74 0.73 0.74 0.73 0.75 0.73 0.74 2.00 2.02 2.04 2.06 2.09 2.11 2.14 2.16 2.19 2.21 2.26 2.27 2.26 2.28 2.39 2.43 4.34 4.34 4.32 4.31 4.29 4.29 4.34 4.38 4.40 81.91 81.91 3.06 3.02 3.02 3.09 3.12 3.10 3.13 3.81 3.59 3.51 3.50 3.48 3.55 3.54 3.54 3.52 3.52 3.53 3.62 3.83 5.59 5.57 5.57 5.30 5.20 5.17 5.23 5.67 5.88 6.09 6.42 6.50 6.52 7.62 7.84 7.86 7.91 7.84 7.74 9.60 7.34 7.57 7.80 12.38 12.59 13.96 15.80 17.90 18.08 18.29 18.28 18.28 18.29 18.28 18.28 18.29 18.28 18.29 18.29 18.28 18.35 18.39 17.98 15.47 12.46 12.41 12.36 11.07 10.98 10.07 8.00 7.92 7.95 7.90 7.87 7.96 7.85 6.51 6.51 6.34 6.03 5.82 5.60 5.19 5.19 5.20 5.35 5.36 5.38 3.97 3.66 3.55 3.42 3.30 3.26 3.27 3.27 3.27 3.30 3.30 3.32 3.32 3.33 3.28 3.21 3.21 3.46 3.54 2.53 2.44 2.35 2.32 2.31 2.28 2.24 2.22 2.18 2.14 2.13 2.09 2.06 2.03 2.00 1.97 1.95 1.93 1.90 1.87 1.86 1.83 1.81 1.79 1.78 1.76 1.74 1.72 1.70 1.68 1.67 1.65 1.64 1.62 1.60 1.56 0.77 0.74 0.71 0.71 0.69 0.68 0.67 0.66 0.67 0.66 0.66 0.66 0.68 0.67 0.70 0.69 0.74 0.73 0.78 0.79 0.82 0.81 0.83 0.84 0.84 0.85 0.88 0.87 0.91 0.91 0.94 0.93 0.96 0.96 0.99 0.99 1.02 1.02 1.06 1.06 1.10 1.10 1.11 1.11 1.12 1.11 1.11 1.11 1.18 1.19 1.19 1.19 1.18 1.17 1.16 1.16 1.16 1.16 1.16 1.15 1.13 1.11 1.15 1.15 1.14 1.14 1.13 1.12 1.12 1.12 1.12 1.12 1.12 1.12 1.12 1.11 1.11 1.11 1.10 1.10 1.10 1.10 1.10 1.10 1.11 1.10 1.11 1.10 1.793083 3.896360 -0.551763 1.827147 3.875393 -0.551763 1275.750894 magnum 64.249698
ODOM 1.880377 3.842685 -0.557651 0.492000 -0.000034 0.000000 1275.883420 magnum 64.362904
ODOM 1.922361 3.816501 -0.559185 0.504000 -0.000090 0.000000 1276.002589 magnum 64.519331
FLASER 360 1.32 1.33 1.32 1.32 1.32 1.32 1.32 1.32 1.32 1.32 1.32 1.32 1.33 1.32 1.33 1.33 1.33 1.33 1.34 1.34 1.34 1.34 1.34 1.30 1.30 1.31 1.31 1.31 1.32 1.34 1.34 1.28 1.25 1.19 1.18 1.11 1.10 1.11 1.12 1.12 1.11 1.08 1.07 1.02 1.02 0.98 0.98 0.93 0.93 0.90 0.90 0.86 0.85 0.81 0.82 0.80 0.79 0.76 0.75 0.65 0.65 0.64 0.64 0.61 0.62 0.61 0.62 0.62 0.62 0.63 0.63 0.65 0.64 0.63 0.65 0.66 0.67 0.66 0.66 0.66 0.67 0.66 0.67 0.65 0.66 0.65 0.66 0.70 0.75 1.56 1.59 1.80 1.82 1.84 1.85 1.87 1.88 1.91 1.93 1.94 1.96 1.98 2.00 2.03 2.04 2.06 2.09 2.11 2.13 2.18 2.18 2.17 2.21 2.31 2.33 4.31 4.26 4.25 4.24 4.22 4.20 4.19 4.22 4.25 4.29 9.09 81.91 2.96 2.92 2.92 2.99 3.01 3.01 3.01 3.12 3.63 3.45 3.40 3.39 3.40 3.46 3.43 3.43 3.41 3.41 3.45 3.53 3.72 5.49 5.48 5.46 5.41 3.85 5.03 5.05 5.48 5.67 5.87 6.15 6.37 6.40 6.88 7.64 7.76 7.76 7.60 7.74 7.86 9.55 8.43 7.39 7.69 12.30 12.32 13.89 15.70 17.80 17.98 18.18 18.17 18.17 18.17 18.17 18.16 18.18 18.16 18.18 18.18 18.18 18.23 18.29 17.86 15.43 12.38 12.30 12.25 12.24 10.89 10.71 7.96 7.82 7.83 7.81 7.76 7.85 7.80 6.44 6.40 6.35 6.04 5.82 5.61 5.21 5.05 5.06 5.10 5.26 5.27 5.31 3.89 3.56 3.45 3.33 3.24 3.16 3.15 3.17 3.17 3.19 3.19 3.21 3.21 3.21 3.21 3.13 3.11 3.15 3.42 3.46 2.51 2.36 2.31 2.23 2.23 2.22 2.17 2.13 2.12 2.09 2.06 2.02 2.00 1.98 1.95 1.93 1.91 1.88 1.86 1.83 1.82 1.79 1.78 1.76 1.74 1.72 1.70 1.69 1.67 1.66 1.64 1.62 1.61 1.60 1.58 1.57 1.56 1.55 1.53 1.52 1.50 1.49 1.48 1.47 1.46 1.44 1.42 0.82 0.80 0.65 0.65 0.65 0.64 0.62 0.62 0.61 0.61 0.60 0.60 0.60 0.59 0.61 0.59 0.62 0.62 0.64 0.62 0.74 0.73 0.76 0.76 0.79 0.80 0.83 0.83 0.85 0.85 0.90 0.89 0.93 0.93 0.98 0.97 1.01 1.02 1.05 1.06 1.08 1.07 1.08 1.08 1.08 1.08 1.16 1.17 1.15 1.16 1.14 1.14 1.13 1.13 1.13 1.12 1.12 1.12 1.11 1.10 1.13 1.12 1.12 1.11 1.11 1.10 1.10 1.11 1.11 1.10 1.11 1.11 1.11 1.11 1.874291 3.846529 -0.558668 1.908209 3.825327 -0.558668 1275.960036 magnum 64.519447
ODOM 1.965126 3.789737 -0.560719 0.511500 0.000017 0.000000 1276.130738 magnum 64.611307
ODOM 2.007023 3.763428 -0.560719 0.488000 0.000090 0.000000 1276.243442 magnum 64.722995
FLASER 360 1.32 1.31 1.32 1.31 1.31 1.31 1.31 1.31 1.31 1.32 1.32 1.32 1.32 1.32 1.31 1.29 1.29 1.29 1.29 1.30 1.32 1.31 1.30 1.17 1.17 1.09 1.09 1.09 1.09 1.09 1.09 1.04 1.02 0.94 0.94 0.89 0.88 0.84 0.84 0.78 0.78 0.63 0.62 0.59 0.61 0.57 0.56 0.57 0.58 0.58 0.58 0.58 0.58 0.58 0.58 0.60 0.61 0.57 0.58 0.60 0.61 0.61 0.62 0.59 0.60 0.61 0.63 0.62 0.61 0.60 0.61 0.59 0.59 0.62 0.62 0.70 0.71 0.90 0.94 1.03 1.07 1.22 1.29 1.46 1.48 1.55 1.71 1.74 1.76 1.77 1.78 1.79 1.81 1.83 1.85 1.86 1.88 1.90 1.91 1.93 1.96 1.97 1.99 2.00 2.04 2.06 2.09 2.08 2.09 2.11 2.18 2.23 2.26 4.24 4.22 4.16 4.14 4.13 4.13 4.10 4.11 4.14 4.14 4.20 81.91 8.92 2.86 2.83 2.85 2.91 2.92 2.91 2.94 3.54 3.61 3.33 3.32 3.29 3.30 3.35 3.35 3.33 3.33 3.31 3.33 3.40 3.53 3.91 3.75 3.72 3.73 3.72 4.00 3.76 3.78 5.41 5.56 5.77 6.01 6.27 6.30 6.55 7.53 7.64 7.66 7.44 7.42 7.75 9.38 7.13 7.31 7.58 12.17 12.30 13.72 14.41 16.09 17.81 18.09 18.06 18.07 18.06 18.06 18.06 18.07 18.06 18.07 18.07 18.08 18.08 18.21 18.12 16.82 15.32 12.21 12.19 12.12 10.88 10.73 9.43 7.90 7.71 7.73 7.69 7.66 7.77 7.64 6.31 6.31 6.22 5.93 5.72 5.50 5.21 4.95 4.96 4.99 5.16 5.18 5.19 4.10 3.61 3.42 3.32 3.22 3.12 3.07 3.06 3.07 3.08 3.10 3.10 3.12 3.12 3.13 3.11 3.06 3.02 3.04 3.20 3.37 3.38 2.40 2.30 2.23 2.17 2.15 2.14 2.10 2.08 2.04 2.01 1.99 1.97 1.95 1.92 1.90 1.88 1.85 1.83 1.81 1.80 1.78 1.76 1.73 1.71 1.70 1.69 1.67 1.65 1.63 1.62 1.61 1.59 1.58 1.57 1.56 1.54 1.53 1.52 1.50 1.49 1.48 1.47 1.46 1.45 1.42 1.42 1.41 1.40 1.40 1.38 1.37 1.37 1.35 1.35 1.34 1.34 1.33 1.32 1.31 1.30 1.23 1.25 0.65 0.67 0.59 0.58 0.58 0.58 0.57 0.57 0.56 0.56 0.55 0.55 0.55 0.55 0.55 0.54 0.55 0.56 0.58 0.57 0.62 0.62 0.77 0.77 0.81 0.81 0.87 0.87 0.91 0.92 0.96 0.97 1.04 1.06 1.06 1.05 1.05 1.05 1.09 1.13 1.13 1.13 1.13 1.13 1.11 1.11 1.11 1.11 1.12 1.11 1.12 1.12 1.08 1.09 1.12 1.11 1.947043 3.801093 -0.560719 1.980918 3.779821 -0.560719 1276.170863 magnum 64.723115
ODOM 2.091239 3.710544 -0.560719 0.498000 0.000000 0.000000 1276.363508 magnum 64.843886
ODOM 2.133547 3.683977 -0.559185 0.493000 0.000034 0.000000 1276.483318 magnum 64.962897
FLASER 360 1.31 1.31 1.31 1.31 1.31 1.28 1.27 1.27 1.27 1.28 1.28 1.29 1.29 1.08 1.08 1.07 1.07 1.06 1.06 1.03 1.02 0.60 0.60 0.55 0.56 0.54 0.54 0.54 0.54 0.54 0.54 0.55 0.55 0.56 0.57 0.57 0.56 0.55 0.55 0.56 0.57 0.57 0.57 0.55 0.54 0.57 0.56 0.54 0.55 0.54 0.55 0.55 0.56 0.56 0.56 0.56 0.57 0.59 0.59 0.62 0.63 0.68 0.70 0.77 0.77 0.84 0.85 0.89 0.90 0.95 0.98 1.05 1.08 1.16 1.19 1.31 1.36 1.41 1.43 1.57 1.65 1.68 1.68 1.69 1.70 1.71 1.73 1.74 1.76 1.77 1.79 1.80 1.81 1.84 1.85 1.87 1.88 1.90 1.92 1.94 1.96 1.98 2.00 2.01 2.01 2.02 2.07 2.15 2.19 81.91 81.91 4.16 4.13 4.09 4.07 4.05 4.04 4.02 4.01 4.03 4.08 4.09 4.13 2.80 2.76 2.74 2.77 2.82 2.83 2.81 2.84 3.15 3.53 3.26 3.22 3.20 3.19 3.25 3.25 3.23 3.23 3.21 3.20 3.25 3.33 3.49 4.11 5.29 5.28 5.25 5.20 4.88 4.84 4.84 5.25 5.43 5.61 5.81 6.10 6.18 6.19 7.23 7.49 7.53 7.55 7.42 7.58 7.73 9.40 7.03 7.20 7.47 12.08 12.12 13.66 15.43 17.58 17.73 17.97 17.96 17.97 17.95 17.96 17.95 17.95 17.96 17.96 17.96 17.97 18.00 18.08 17.91 16.67 15.16 12.12 12.07 12.02 10.75 10.62 9.32 7.80 7.60 7.62 7.58 7.55 7.66 7.53 6.25 6.21 6.17 5.89 5.66 5.47 5.29 4.86 4.85 4.88 4.93 5.05 5.05 5.15 3.99 3.49 3.34 3.24 3.13 3.04 2.97 2.97 2.97 2.98 2.99 3.01 3.01 3.03 3.03 3.03 3.01 2.95 2.93 2.97 3.23 3.29 3.30 3.32 2.27 2.16 2.13 2.07 2.04 2.05 2.01 1.99 1.97 1.95 1.92 1.89 1.88 1.85 1.83 1.81 1.80 1.78 1.76 1.74 1.72 1.70 1.69 1.67 1.65 1.64 1.62 1.61 1.59 1.58 1.57 1.56 1.55 1.53 1.52 1.50 1.49 1.49 1.47 1.46 1.45 1.44 1.43 1.41 1.41 1.40 1.39 1.38 1.37 1.36 1.35 1.35 1.34 1.33 1.32 1.32 1.31 1.30 1.29 1.29 1.28 1.27 1.26 1.26 1.25 1.25 1.25 1.25 1.24 1.23 1.23 1.23 1.22 1.21 1.21 1.20 1.20 0.75 0.83 0.55 0.56 0.55 0.55 0.54 0.54 0.54 0.54 0.52 0.53 0.51 0.51 0.51 0.51 0.50 0.50 0.50 0.51 0.52 0.52 0.63 0.60 0.94 0.96 1.03 1.04 1.05 1.04 1.04 1.05 1.13 1.12 1.12 1.12 1.12 1.12 2.067770 3.725264 -0.560342 2.101653 3.704005 -0.560342 1276.390601 magnum 64.963046
ODOM 2.176312 3.657214 -0.559185 0.512000 -0.000067 0.000000 1276.609891 magnum 65.105607
FLASER 360 0.67 0.52 0.53 0.51 0.51 0.51 0.51 0.51 0.51 0.52 0.52 0.53 0.53 0.52 0.52 0.52 0.52 0.53 0.53 0.55 0.54 0.53 0.56 0.53 0.51 0.51 0.53 0.50 0.51 0.52 0.51 0.52 0.52 0.53 0.53 0.54 0.54 0.56 0.56 0.58 0.57 0.61 0.60 0.63 0.63 0.67 0.67 0.70 0.70 0.72 0.72 0.77 0.77 0.81 0.81 0.84 0.85 0.89 0.90 0.93 0.95 1.01 1.01 1.07 1.09 1.15 1.17 1.23 1.25 1.32 1.35 1.36 1.38 1.56 1.58 1.59 1.61 1.62 1.63 1.65 1.65 1.66 1.68 1.70 1.70 1.72 1.73 1.74 1.75 1.78 1.78 1.80 1.81 1.83 1.85 1.87 1.88 1.90 1.92 1.93 1.93 1.93 1.96 2.06 2.11 2.04 3.93 81.91 81.91 4.07 4.05 4.00 3.97 3.97 3.95 3.93 3.93 3.92 3.97 3.99 4.05 2.68 2.66 2.65 2.69 2.72 2.73 2.71 2.74 2.98 3.40 3.22 3.15 3.11 3.11 3.12 3.16 3.14 3.14 3.12 3.12 3.12 3.18 3.29 3.41 4.06 5.20 5.17 5.16 5.14 4.82 4.74 4.74 4.98 5.25 5.44 5.61 5.87 6.08 6.09 6.37 7.23 7.40 7.43 7.46 7.41 7.40 7.55 6.94 6.96 7.33 11.92 12.03 12.11 13.64 15.41 17.46 17.71 17.86 17.85 17.84 17.84 17.84 17.84 17.84 17.84 17.85 17.85 17.86 17.89 17.98 17.67 16.55 15.04 12.01 11.97 11.92 10.66 10.53 9.23 7.60 7.50 7.51 7.48 7.45 7.53 7.48 6.41 6.11 6.10 5.91 5.65 5.46 5.28 5.01 4.76 4.75 4.77 4.96 4.95 4.97 5.12 3.89 3.42 3.26 3.17 3.08 2.99 2.90 2.87 2.88 2.88 2.89 2.90 2.92 2.92 2.94 2.93 2.95 2.91 2.85 2.84 2.88 3.14 3.19 3.21 3.23 3.25 2.16 2.08 2.04 2.01 1.95 1.96 1.95 1.92 1.90 1.88 1.85 1.83 1.81 1.80 1.78 1.76 1.74 1.72 1.71 1.70 1.67 1.66 1.64 1.63 1.61 1.60 1.58 1.57 1.56 1.55 1.54 1.52 1.50 1.50 1.49 1.48 1.47 1.45 1.44 1.42 1.41 1.40 1.40 1.40 1.39 1.37 1.36 1.35 1.35 1.35 1.34 1.33 1.32 1.31 1.30 1.29 1.29 1.28 1.27 1.27 1.26 1.26 1.25 1.25 1.25 1.24 1.24 1.23 1.23 1.22 1.22 1.21 1.21 1.20 1.20 1.19 1.19 1.19 1.18 1.17 1.17 1.17 1.17 1.17 1.17 1.16 1.16 1.16 1.15 1.15 1.15 1.16 1.14 1.14 1.13 1.13 0.76 0.99 0.54 0.61 0.52 0.52 0.53 0.53 0.52 0.52 0.52 0.52 0.51 0.51 0.51 0.51 2.139798 3.680065 -0.559185 2.173706 3.658845 -0.559185 1276.600244 magnum 65.105738
ODOM 2.218660 3.630712 -0.563787 0.492500 -0.000162 0.000000 1276.723317 magnum 65.204308
ODOM 2.261712 3.603493 -0.565321 0.511000 -0.000056 0.000000 1276.830475 magnum 65.312557
FLASER 360 0.51 0.53 0.52 0.51 0.51 0.50 0.50 0.50 0.49 0.51 0.51 0.52 0.52 0.53 0.53 0.55 0.54 0.56 0.55 0.56 0.56 0.58 0.58 0.60 0.60 0.63 0.63 0.65 0.65 0.67 0.67 0.69 0.70 0.72 0.71 0.74 0.73 0.75 0.75 0.78 0.78 0.80 0.82 0.84 0.84 0.86 0.87 0.90 0.91 0.94 0.93 0.98 0.98 1.02 1.04 1.07 1.09 1.13 1.14 1.20 1.21 1.26 1.28 1.29 1.31 1.39 1.46 1.52 1.53 1.55 1.56 1.56 1.57 1.58 1.59 1.59 1.61 1.62 1.63 1.64 1.65 1.67 1.68 1.70 1.70 1.71 1.73 1.74 1.76 1.77 1.78 1.80 1.81 1.82 1.85 1.84 1.84 1.85 1.89 1.96 1.99 1.99 3.79 3.79 3.84 81.91 81.91 4.02 3.97 3.92 3.89 3.87 3.87 3.85 3.84 3.83 3.85 3.87 3.89 2.59 2.56 2.56 2.59 2.63 2.64 2.61 2.65 2.72 3.16 3.34 3.06 3.02 3.01 2.99 3.04 3.05 3.05 3.03 3.02 3.01 3.02 3.08 3.16 3.31 3.87 3.43 3.40 3.41 3.41 3.42 3.41 3.44 4.65 5.03 5.21 5.38 5.56 5.80 5.98 5.97 6.79 7.15 7.32 7.32 7.33 7.08 7.45 7.57 10.09 6.84 7.01 7.26 11.87 11.90 13.45 15.14 17.35 17.50 17.76 17.74 17.74 17.73 17.72 17.71 17.74 17.73 17.74 17.73 17.74 17.76 17.87 17.81 16.51 15.04 11.91 11.87 11.82 11.82 10.46 10.28 7.63 7.50 7.40 7.40 7.35 7.34 7.45 7.29 6.08 6.00 5.97 5.74 5.52 5.34 5.15 4.94 4.66 4.65 4.69 4.82 4.84 4.85 4.97 5.26 3.74 3.29 3.12 3.05 2.96 2.90 2.80 2.78 2.79 2.79 2.79 2.80 2.83 2.82 2.86 2.84 2.85 2.84 2.79 2.75 2.76 2.83 3.10 3.11 3.14 3.15 3.19 3.20 2.05 1.98 1.95 1.94 1.89 1.88 1.86 1.84 1.82 1.81 1.78 1.76 1.75 1.73 1.71 1.70 1.68 1.67 1.65 1.63 1.62 1.61 1.59 1.58 1.57 1.56 1.55 1.54 1.52 1.51 1.49 1.49 1.47 1.46 1.44 1.44 1.43 1.42 1.42 1.40 1.39 1.38 1.37 1.36 1.35 1.35 1.34 1.33 1.32 1.32 1.31 1.30 1.29 1.29 1.28 1.28 1.27 1.26 1.25 1.25 1.25 1.25 1.24 1.24 1.23 1.22 1.22 1.22 1.21 1.21 1.20 1.20 1.20 1.19 1.18 1.17 1.18 1.17 1.17 1.17 1.17 1.16 1.16 1.17 1.15 1.15 1.15 1.16 1.14 1.14 1.14 1.15 1.14 1.14 1.14 1.14 1.14 1.13 1.13 1.13 1.13 1.13 1.12 1.13 1.12 1.12 1.12 1.12 2.224696 3.626963 -0.565206 2.258475 3.605540 -0.565206 1276.820215 magnum 65.312716
ODOM 2.303897 3.576732 -0.568389 0.498500 -0.000062 0.000000 1276.943093 magnum 65.423501
ODOM 2.346406 3.549581 -0.569923 0.512500 -0.000006 0.000000 1277.051932 magnum 65.529950
FLASER 360 0.57 0.58 0.58 0.60 0.59 0.62 0.62 0.63 0.63 0.65 0.65 0.65 0.65 0.66 0.66 0.68 0.67 0.70 0.70 0.72 0.71 0.73 0.74 0.75 0.76 0.76 0.76 0.79 0.79 0.81 0.82 0.83 0.83 0.86 0.86 0.88 0.88 0.91 0.91 0.94 0.94 0.97 0.97 1.01 1.02 1.04 1.04 1.07 1.09 1.12 1.14 1.18 1.19 1.22 1.24 1.25 1.25 1.32 1.34 1.45 1.46 1.47 1.47 1.48 1.49 1.50 1.50 1.52 1.52 1.53 1.54 1.55 1.57 1.57 1.57 1.58 1.59 1.61 1.62 1.64 1.64 1.66 1.67 1.69 1.70 1.70 1.72 1.73 1.75 1.76 1.78 1.77 1.77 1.78 1.82 1.89 1.90 1.92 4.06 3.77 3.70 3.69 3.72 3.79 81.91 81.91 3.89 3.85 3.82 3.79 3.78 3.76 3.76 3.73 3.75 3.76 3.78 2.47 2.46 2.46 2.50 2.54 2.54 2.52 2.55 2.57 3.07 3.06 3.16 2.94 2.91 2.90 2.91 2.96 2.95 2.93 2.93 2.91 2.91 2.92 2.98 3.06 3.20 3.61 3.35 3.32 3.33 3.30 3.32 3.56 3.62 3.36 4.67 4.98 5.13 5.31 5.48 5.73 5.87 5.86 6.62 7.05 7.23 7.21 7.19 6.99 7.29 7.45 9.14 6.71 6.87 7.13 11.75 11.89 13.30 13.98 15.42 17.37 17.66 17.63 17.63 17.63 17.62 17.61 17.63 17.62 17.63 17.63 17.63 17.63 17.71 17.72 17.32 16.28 11.95 11.78 11.74 11.69 10.41 10.29 9.04 7.44 7.30 7.28 7.29 7.23 7.29 7.31 7.07 5.92 5.89 5.86 5.59 5.39 5.22 5.07 4.91 4.55 4.55 4.56 4.67 4.74 4.76 4.80 5.16 3.68 3.37 3.17 3.03 2.95 2.87 2.80 2.73 2.68 2.69 2.69 2.70 2.70 2.72 2.72 2.74 2.74 2.75 2.75 2.72 2.69 2.66 2.67 2.88 3.01 3.04 3.05 3.08 3.10 3.13 3.14 1.96 1.90 1.88 1.85 1.81 1.80 1.81 1.78 1.76 1.73 1.72 1.71 1.69 1.67 1.66 1.64 1.63 1.61 1.60 1.59 1.58 1.57 1.56 1.54 1.53 1.51 1.50 1.49 1.48 1.47 1.46 1.45 1.44 1.42 1.41 1.40 1.40 1.39 1.38 1.37 1.36 1.35 1.35 1.34 1.33 1.32 1.31 1.31 1.30 1.29 1.29 1.28 1.28 1.27 1.26 1.26 1.25 1.25 1.25 1.24 1.24 1.23 1.22 1.22 1.21 1.21 1.21 1.20 1.20 1.20 1.18 1.19 1.18 1.17 1.17 1.17 1.17 1.17 1.16 1.16 1.17 1.16 1.16 1.15 1.16 1.14 1.14 1.14 1.15 1.15 1.14 1.13 1.14 1.13 1.14 1.14 1.13 1.13 1.12 1.13 1.13 1.13 1.12 1.12 2.305273 3.575912 -0.569654 2.338957 3.554339 -0.569654 1277.030620 magnum 65.530082
ODOM 2.430117 3.495934 -0.572991 0.484500 -0.000084 0.000000 1277.168548 magnum 65.646084
ODOM 2.472093 3.468851 -0.574525 0.504500 -0.000050 0.000000 1277.283738 magnum 65.764161
FLASER 360 0.68 0.70 0.70 0.71 0.71 0.73 0.73 0.74 0.74 0.76 0.75 0.77 0.77 0.77 0.77 0.79 0.79 0.81 0.81 0.82 0.83 0.85 0.85 0.86 0.87 0.89 0.89 0.92 0.92 0.95 0.94 0.96 0.97 0.99 1.00 1.03 1.02 1.06 1.06 1.09 1.09 1.13 1.13 1.16 1.16 1.20 1.19 1.22 1.23 1.28 1.29 1.40 1.40 1.41 1.41 1.42 1.43 1.43 1.44 1.45 1.46 1.46 1.47 1.47 1.48 1.49 1.50 1.51 1.52 1.53 1.53 1.55 1.56 1.57 1.57 1.59 1.59 1.61 1.61 1.63 1.63 1.65 1.65 1.68 1.69 1.71 1.71 1.69 1.70 1.73 1.79 1.82 1.83 1.83 4.04 4.01 3.99 3.71 3.63 3.61 3.65 3.70 81.91 81.91 3.82 3.77 3.73 3.70 3.69 3.67 3.67 3.64 3.65 3.67 2.42 2.37 2.36 2.38 2.41 2.45 2.44 2.42 2.45 2.49 3.00 2.96 3.07 2.84 2.83 2.81 2.80 2.84 2.86 2.85 2.84 2.82 2.82 2.80 2.85 2.90 2.97 3.14 3.53 3.23 3.22 3.20 3.21 3.21 3.23 3.24 3.27 4.43 4.76 4.93 5.07 5.26 5.42 5.67 5.78 5.76 6.57 6.96 7.12 7.10 7.11 6.85 7.17 7.34 8.90 6.62 6.79 7.04 11.63 11.76 13.17 13.81 15.23 17.26 17.50 17.53 17.53 17.51 17.51 17.51 17.52 17.51 17.53 17.52 17.52 17.53 17.57 17.64 17.47 16.21 14.75 11.67 11.66 11.59 10.25 10.22 10.00 8.83 7.32 7.18 7.20 7.15 7.13 7.23 7.17 6.81 5.81 5.79 5.69 5.44 5.28 5.10 4.96 4.79 4.46 4.44 4.47 4.52 4.63 4.64 4.69 4.94 5.06 3.57 3.19 3.03 2.92 2.85 2.78 2.71 2.65 2.59 2.59 2.59 2.60 2.60 2.62 2.62 2.65 2.65 2.66 2.66 2.67 2.62 2.58 2.57 2.60 2.81 2.94 2.95 2.98 3.00 3.03 3.05 3.08 3.09 1.91 1.83 1.81 1.78 1.77 1.72 1.72 1.72 1.70 1.68 1.67 1.65 1.63 1.62 1.60 1.59 1.58 1.58 1.56 1.55 1.53 1.52 1.51 1.49 1.49 1.48 1.47 1.46 1.43 1.42 1.41 1.41 1.40 1.39 1.39 1.37 1.37 1.36 1.35 1.35 1.34 1.33 1.32 1.31 1.31 1.30 1.29 1.29 1.28 1.28 1.27 1.26 1.26 1.25 1.25 1.25 1.24 1.24 1.23 1.23 1.22 1.22 1.21 1.21 1.20 1.20 1.19 1.18 1.18 1.18 1.18 1.17 1.17 1.17 1.17 1.17 1.16 1.16 1.15 1.15 1.15 1.15 1.15 1.15 1.15 1.15 1.14 1.14 1.14 1.13 1.13 1.14 1.14 1.14 1.14 1.13 1.13 1.13 1.13 1.13 2.423537 3.500227 -0.573978 2.457127 3.478508 -0.573978 1277.240237 magnum 65.764316
ODOM 2.514028 3.441704 -0.574525 0.490500 0.000050 0.000000 1277.403057 magnum 65.882393
ODOM 2.555965 3.414555 -0.574525 0.499000 -0.000112 0.000000 1277.523324 magnum 66.006138
FLASER 360 0.78 0.79 0.79 0.80 0.80 0.82 0.82 0.84 0.84 0.86 0.86 0.88 0.88 0.89 0.89 0.91 0.92 0.93 0.93 0.95 0.95 0.97 0.97 1.00 1.00 1.02 1.02 1.05 1.05 1.08 1.08 1.10 1.11 1.13 1.14 1.16 1.17 1.17 1.18 1.22 1.23 1.25 1.28 1.36 1.37 1.37 1.38 1.39 1.39 1.39 1.40 1.40 1.40 1.41 1.41 1.42 1.42 1.43 1.44 1.45 1.46 1.46 1.47 1.47 1.48 1.48 1.49 1.50 1.51 1.52 1.53 1.54 1.56 1.57 1.56 1.58 1.58 1.60 1.62 1.63 1.64 1.62 1.63 1.63 1.66 1.73 1.74 1.76 1.76 8.94 9.25 3.97 3.95 3.93 3.91 3.60 3.54 3.53 3.57 3.62 81.91 81.91 3.73 3.68 3.66 3.61 3.61 3.59 3.58 3.56 3.56 2.34 2.29 2.26 2.28 2.31 2.35 2.34 2.34 2.35 2.37 8.39 2.93 2.88 2.86 2.76 2.75 2.71 2.71 2.73 2.77 2.75 2.75 2.73 2.72 2.71 2.72 2.78 2.84 2.97 3.23 3.47 3.14 3.10 3.12 3.11 3.12 3.11 3.13 3.13 4.32 4.45 4.75 4.89 5.06 5.24 5.42 5.64 5.67 5.74 6.63 6.90 7.04 7.00 6.90 6.73 7.07 7.25 8.95 6.52 6.67 6.94 11.53 11.66 13.06 13.68 15.13 17.15 17.40 17.41 17.41 17.41 17.40 17.40 17.41 17.41 17.41 17.41 17.42 17.42 17.46 17.54 17.46 16.14 14.66 11.59 11.56 11.50 11.51 10.14 10.02 8.76 7.35 7.08 7.09 7.08 7.03 7.07 7.12 6.89 5.87 5.69 5.68 5.51 5.30 5.12 4.98 4.83 4.68 4.35 4.35 4.36 4.43 4.54 4.56 4.59 4.85 4.96 3.48 3.43 3.03 2.89 2.82 2.76 2.69 2.63 2.57 2.51 2.49 2.49 2.50 2.51 2.53 2.53 2.55 2.56 2.58 2.57 2.58 2.57 2.52 2.47 2.47 2.52 2.85 2.86 2.88 2.90 2.93 2.95 2.98 3.00 3.02 3.04 1.87 1.80 1.73 1.71 1.71 1.69 1.64 1.64 1.65 1.62 1.61 1.60 1.58 1.58 1.56 1.55 1.54 1.53 1.51 1.50 1.49 1.48 1.47 1.46 1.45 1.44 1.42 1.42 1.41 1.40 1.40 1.38 1.37 1.36 1.35 1.35 1.35 1.34 1.33 1.32 1.31 1.30 1.30 1.29 1.29 1.28 1.27 1.26 1.26 1.25 1.25 1.25 1.24 1.24 1.23 1.23 1.22 1.22 1.22 1.21 1.21 1.21 1.20 1.20 1.19 1.19 1.19 1.17 1.17 1.17 1.17 1.18 1.17 1.16 1.16 1.16 1.16 1.16 1.16 1.16 1.14 1.15 1.15 1.15 1.13 1.15 1.14 1.14 1.14 1.14 1.14 1.14 1.13 1.14 1.13 1.13 2.498597 3.451694 -0.574525 2.532175 3.429956 -0.574525 1277.450359 magnum 66.006452
ODOM 2.597492 3.387671 -0.576059 0.494000 0.000022 0.000000 1277.643448 magnum 66.123079
ODOM 2.681685 3.332984 -0.579127 0.504000 -0.000090 0.000000 1277.769356 magnum 66.246662
FLASER 360 0.89 0.89 0.89 0.91 0.91 0.92 0.92 0.95 0.94 0.96 0.96 0.99 0.98 1.00 1.01 1.03 1.03 1.04 1.05 1.07 1.07 1.09 1.09 1.11 1.12 1.13 1.13 1.15 1.16 1.18 1.19 1.21 1.22 1.29 1.32 1.34 1.34 1.34 1.34 1.34 1.34 1.35 1.35 1.36 1.36 1.37 1.37 1.38 1.39 1.39 1.39 1.40 1.40 1.40 1.41 1.41 1.42 1.43 1.43 1.44 1.45 1.46 1.46 1.47 1.47 1.48 1.49 1.49 1.51 1.52 1.54 1.54 1.55 1.56 1.58 1.55 1.57 1.57 1.58 1.65 1.67 1.68 1.69 1.70 81.91 81.91 81.91 8.53 8.84 3.89 3.87 3.85 3.82 3.48 3.45 3.46 3.51 81.91 81.91 81.91 3.65 3.60 3.57 3.54 3.53 3.51 3.51 3.48 2.25 2.20 2.19 2.20 2.23 2.25 2.27 2.25 2.25 2.27 2.28 8.36 2.80 2.78 2.77 2.66 2.65 2.62 2.61 2.64 2.68 2.66 2.65 2.63 2.63 2.61 2.62 2.67 2.72 2.78 2.92 3.29 3.46 4.69 4.68 4.66 4.65 4.62 4.62 4.30 4.24 4.22 4.30 4.61 4.75 4.90 5.06 5.22 5.42 5.55 5.56 6.24 6.62 6.81 6.90 6.90 6.96 6.79 6.82 8.61 6.41 7.02 6.86 11.36 11.43 11.57 12.96 13.61 15.04 17.07 17.32 17.31 17.32 17.31 17.30 17.30 17.31 17.30 17.31 17.31 17.33 17.32 17.35 17.43 17.36 16.05 14.58 11.50 11.45 11.41 11.40 10.06 9.94 8.70 7.17 7.01 6.98 6.98 6.94 6.93 7.03 6.92 6.49 5.60 5.58 5.54 5.30 5.13 4.98 4.84 4.69 4.55 4.25 4.25 4.27 4.28 4.46 4.45 4.51 4.70 4.88 4.88 3.34 3.33 2.91 2.77 2.71 2.66 2.59 2.54 2.47 2.43 2.39 2.39 2.40 2.41 2.42 2.43 2.45 2.46 2.49 2.49 2.47 2.49 2.46 2.43 2.39 2.38 2.46 2.74 2.80 2.81 2.84 2.86 2.89 2.90 2.93 2.94 2.98 2.99 3.01 1.80 1.67 1.66 1.64 1.63 1.62 1.58 1.58 1.58 1.57 1.56 1.54 1.53 1.52 1.50 1.49 1.48 1.48 1.46 1.45 1.44 1.43 1.41 1.42 1.41 1.40 1.38 1.37 1.37 1.36 1.35 1.35 1.34 1.33 1.32 1.32 1.31 1.30 1.30 1.29 1.28 1.28 1.27 1.26 1.26 1.25 1.25 1.25 1.25 1.24 1.23 1.23 1.22 1.22 1.22 1.21 1.21 1.20 1.19 1.19 1.19 1.18 1.18 1.18 1.17 1.17 1.17 1.17 1.17 1.16 1.16 1.16 1.16 1.16 1.15 1.15 1.16 1.16 1.14 1.16 1.15 1.15 1.14 1.14 1.14 1.14 1.14 1.14 1.14 1.14 1.13 2.585292 3.395633 -0.576836 2.618819 3.373818 -0.576836 1277.670626 magnum 66.246791
ODOM 2.723901 3.305378 -0.580661 0.509500 -0.000028 0.000000 1277.890096 magnum 66.379201
FLASER 360 0.97 0.99 1.00 1.01 1.02 1.03 1.03 1.05 1.04 1.06 1.07 1.09 1.09 1.10 1.11 1.12 1.12 1.13 1.14 1.17 1.17 1.18 1.19 1.25 1.26 1.31 1.31 1.32 1.32 1.32 1.32 1.33 1.33 1.33 1.33 1.33 1.33 1.34 1.34 1.34 1.34 1.35 1.35 1.36 1.36 1.37 1.37 1.38 1.38 1.39 1.39 1.40 1.40 1.40 1.41 1.41 1.42 1.42 1.43 1.44 1.44 1.45 1.45 1.47 1.48 1.48 1.49 1.51 1.51 1.50 1.51 1.51 1.52 1.59 1.60 1.61 1.62 1.62 1.63 4.11 81.91 5.28 81.91 81.91 81.91 81.91 8.48 3.80 3.80 3.76 3.62 3.39 3.38 3.41 3.45 81.91 81.91 81.91 3.57 3.51 3.49 3.46 3.45 3.42 3.42 2.15 2.11 2.09 2.11 2.15 2.17 2.18 2.17 2.16 2.19 2.18 81.91 81.91 2.71 2.69 2.65 2.57 2.55 2.52 2.53 2.55 2.59 2.57 2.56 2.54 2.54 2.52 2.52 2.56 2.61 2.66 2.76 3.16 3.20 3.44 4.60 4.58 4.58 4.56 4.55 4.53 4.23 4.14 4.11 4.13 4.45 4.59 4.72 4.86 5.02 5.20 5.42 5.46 5.46 6.21 6.56 6.75 6.80 6.79 6.61 6.65 6.68 6.53 9.68 6.66 6.74 11.26 11.33 11.45 12.85 13.47 14.90 16.94 17.17 17.20 17.20 17.20 17.20 17.19 17.20 17.20 17.21 17.20 17.21 17.20 17.24 17.34 17.28 16.02 14.34 11.47 11.35 11.31 11.28 10.02 9.88 9.36 8.53 7.03 6.88 6.88 6.88 6.82 6.90 6.90 6.66 6.23 5.50 5.47 5.36 5.17 5.01 4.86 4.72 4.58 4.45 4.16 4.15 4.17 4.20 4.34 4.37 4.38 4.58 4.77 4.77 3.30 3.26 3.24 2.81 2.69 2.64 2.60 2.52 2.46 2.41 2.37 2.32 2.30 2.31 2.31 2.32 2.32 2.35 2.35 2.38 2.38 2.40 2.40 2.40 2.38 2.35 2.31 2.31 2.32 2.62 2.71 2.74 2.75 2.79 2.81 2.83 2.84 2.88 2.89 2.92 2.93 2.97 2.99 1.75 1.66 1.59 1.58 1.58 1.56 1.55 1.52 1.50 1.51 1.50 1.49 1.48 1.47 1.45 1.44 1.43 1.42 1.42 1.42 1.41 1.39 1.39 1.37 1.36 1.36 1.35 1.34 1.34 1.33 1.32 1.32 1.31 1.30 1.29 1.29 1.28 1.27 1.27 1.26 1.26 1.26 1.25 1.25 1.24 1.24 1.24 1.23 1.23 1.22 1.22 1.21 1.21 1.20 1.19 1.20 1.19 1.19 1.18 1.19 1.19 1.19 1.18 1.17 1.17 1.18 1.17 1.17 1.17 1.17 1.17 1.16 1.16 1.16 1.16 1.15 1.15 1.15 1.15 1.15 1.15 1.14 1.14 1.14 1.14 1.14 2.688508 3.328592 -0.580590 2.721954 3.306651 -0.580590 1277.880243 magnum 66.379327
ODOM 2.765668 3.277974 -0.583729 0.508500 -0.000274 0.000000 1278.003356 magnum 66.482901
ODOM 2.807359 3.250437 -0.588331 0.494500 -0.000263 0.000000 1278.111391 magnum 66.597235
FLASER 360 1.07 1.09 1.09 1.10 1.10 1.11 1.11 1.12 1.13 1.15 1.16 1.18 1.18 1.20 1.23 1.29 1.29 1.29 1.29 1.30 1.30 1.30 1.30 1.30 1.31 1.31 1.31 1.31 1.31 1.31 1.32 1.32 1.32 1.32 1.33 1.33 1.33 1.33 1.34 1.34 1.35 1.35 1.35 1.35 1.35 1.36 1.37 1.37 1.38 1.38 1.39 1.40 1.40 1.40 1.41 1.41 1.41 1.42 1.42 1.43 1.44 1.44 1.44 1.43 1.43 1.44 1.48 1.53 1.54 1.54 1.56 1.56 1.57 4.60 4.61 4.14 4.12 4.06 81.91 81.91 81.91 5.30 81.91 81.91 81.91 3.73 3.71 3.70 3.41 3.30 3.31 3.34 3.37 81.91 81.91 81.91 3.49 3.43 3.40 3.37 3.37 3.35 2.06 2.02 2.02 2.02 2.06 2.09 2.10 2.08 2.07 2.09 2.10 81.91 81.91 81.91 2.61 2.58 2.54 2.46 2.45 2.43 2.42 2.45 2.50 2.47 2.46 2.44 2.44 2.42 2.41 2.44 2.50 2.54 2.59 2.72 3.10 3.11 3.31 4.51 4.50 4.47 4.47 4.45 4.44 4.33 4.08 4.03 4.03 4.11 4.39 4.53 4.66 4.79 4.94 5.13 5.33 5.36 5.38 6.09 6.45 6.62 6.70 6.69 6.74 6.58 6.62 8.40 8.67 6.27 6.63 6.61 11.20 11.30 12.73 12.95 14.64 16.65 16.89 17.10 17.09 17.09 17.09 17.09 17.09 17.08 17.10 17.10 17.10 17.10 17.11 17.18 17.21 16.84 15.76 14.28 11.26 11.23 11.18 11.18 9.85 9.74 8.49 6.97 6.86 6.76 6.78 6.75 6.72 6.80 6.77 6.53 6.02 5.38 5.38 5.27 5.08 4.93 4.78 4.66 4.52 4.40 4.10 4.04 4.06 4.08 4.25 4.26 4.28 4.33 4.66 4.67 7.49 3.22 3.14 3.15 2.77 2.65 2.57 2.52 2.47 2.42 2.37 2.32 2.28 2.24 2.21 2.21 2.23 2.23 2.25 2.26 2.27 2.27 2.30 2.30 2.30 2.31 2.31 2.29 2.25 2.22 2.23 2.25 2.62 2.64 2.67 2.68 2.72 2.74 2.77 2.78 2.82 2.82 2.86 2.88 2.92 2.93 2.95 2.97 1.58 1.63 1.53 1.52 1.50 1.50 1.49 1.48 1.45 1.42 1.44 1.43 1.43 1.42 1.41 1.40 1.39 1.39 1.38 1.36 1.36 1.36 1.34 1.35 1.33 1.32 1.31 1.31 1.30 1.30 1.29 1.29 1.28 1.27 1.26 1.26 1.26 1.26 1.25 1.25 1.24 1.24 1.23 1.23 1.22 1.22 1.21 1.21 1.21 1.20 1.20 1.20 1.18 1.19 1.18 1.18 1.18 1.19 1.19 1.17 1.18 1.18 1.17 1.17 1.17 1.16 1.17 1.16 1.16 1.16 1.16 1.15 1.15 1.15 1.15 1.15 1.15 1.14 1.14 1.14 2.771346 3.274430 -0.588030 2.804627 3.252241 -0.588030 1278.100280 magnum 66.597361
ODOM 2.849320 3.222443 -0.592933 0.497000 -0.000246 0.000000 1278.222448 magnum 66.703989
ODOM 2.890354 3.194794 -0.592933 0.491500 -0.000017 0.000000 1278.329873 magnum 66.854487
FLASER 360 1.15 1.17 1.17 1.19 1.18 1.27 1.27 1.27 1.27 1.28 1.28 1.28 1.28 1.28 1.28 1.28 1.29 1.29 1.29 1.29 1.30 1.29 1.30 1.30 1.30 1.30 1.30 1.30 1.31 1.31 1.31 1.31 1.32 1.32 1.32 1.32 1.33 1.33 1.33 1.33 1.34 1.34 1.35 1.35 1.35 1.35 1.36 1.36 1.37 1.38 1.38 1.39 1.39 1.40 1.42 1.38 1.39 1.39 1.39 1.43 1.46 1.48 1.48 1.49 1.50 1.51 1.52 4.13 4.08 4.12 4.23 4.54 4.55 4.08 4.05 4.00 81.91 81.91 81.91 81.91 81.91 8.75 8.77 3.66 3.65 3.64 3.33 3.23 3.23 3.26 3.30 81.91 81.91 81.91 3.41 3.36 3.34 3.30 2.00 1.95 1.94 1.94 1.97 1.97 2.00 2.01 1.99 1.98 2.01 2.00 2.01 7.61 7.60 81.91 2.54 2.49 2.44 2.37 2.36 2.33 2.32 2.34 2.39 2.37 2.37 2.34 2.34 2.33 2.33 2.32 2.37 2.40 2.45 2.51 2.65 3.00 3.00 3.02 4.49 4.41 4.39 4.38 4.37 4.34 4.34 4.05 3.96 3.91 3.92 4.10 4.29 4.41 4.55 4.69 4.83 4.98 5.19 5.25 5.24 5.92 6.26 6.47 6.61 6.60 6.62 6.48 6.47 6.54 8.32 9.51 6.60 6.53 11.06 11.10 11.27 12.63 13.26 14.67 16.73 16.93 16.99 16.98 16.98 16.97 16.98 16.97 16.98 16.98 17.00 16.99 17.00 17.01 17.10 17.08 16.64 15.64 14.10 11.15 11.13 11.08 11.07 9.73 9.56 8.37 6.89 6.76 6.67 6.67 6.66 6.60 6.69 6.69 6.44 6.06 5.29 5.27 5.26 5.06 4.90 4.76 4.61 4.49 4.37 4.26 3.98 3.94 3.97 3.98 4.15 4.15 4.17 4.26 4.57 4.59 7.40 7.43 3.07 3.05 3.05 2.66 2.53 2.47 2.43 2.39 2.33 2.30 2.25 2.22 2.17 2.14 2.12 2.12 2.14 2.14 2.17 2.16 2.19 2.19 2.21 2.22 2.22 2.23 2.23 2.21 2.18 2.16 2.14 2.14 2.35 2.57 2.59 2.61 2.66 2.67 2.69 2.71 2.75 2.76 2.79 2.81 2.84 2.86 2.89 2.91 2.95 2.97 3.01 3.03 1.53 1.46 1.45 1.44 1.43 1.43 1.42 1.42 1.38 1.37 1.39 1.38 1.36 1.36 1.35 1.35 1.34 1.33 1.32 1.32 1.31 1.30 1.29 1.29 1.28 1.28 1.27 1.27 1.27 1.27 1.26 1.26 1.25 1.24 1.24 1.24 1.23 1.23 1.22 1.22 1.22 1.21 1.21 1.20 1.20 1.20 1.19 1.19 1.18 1.19 1.19 1.19 1.19 1.17 1.17 1.17 1.17 1.17 1.16 1.17 1.17 1.16 1.16 1.16 1.16 1.16 1.15 1.15 1.15 1.15 1.15 1.15 2.851725 3.220823 -0.592933 2.884897 3.198471 -0.592933 1278.310254 magnum 66.854606
ODOM 2.931790 3.166874 -0.594467 0.493000 -0.000078 0.000000 1278.443627 magnum 66.925049
ODOM 3.014174 3.111178 -0.597535 0.498000 -0.000067 0.000000 1278.564338 magnum 67.043759
FLASER 360 1.26 1.26 1.26 1.26 1.27 1.27 1.27 1.27 1.27 1.27 1.27 1.27 1.28 1.28 1.28 1.28 1.28 1.28 1.28 1.29 1.29 1.29 1.29 1.29 1.30 1.29 1.30 1.30 1.30 1.31 1.31 1.30 1.31 1.31 1.31 1.32 1.32 1.33 1.32 1.33 1.33 1.34 1.34 1.35 1.35 1.36 1.35 1.34 1.34 1.34 1.35 1.36 1.39 1.42 1.42 1.44 1.44 1.44 1.44 1.45 4.44 4.37 4.31 4.23 4.17 4.04 4.03 4.08 4.31 4.48 4.49 4.01 3.96 3.94 81.91 81.91 81.91 81.91 81.91 8.60 8.65 3.58 3.57 3.31 3.17 3.15 3.17 3.20 3.27 81.91 81.91 81.91 3.31 3.27 1.91 1.87 1.85 1.86 1.88 1.90 1.91 1.93 1.91 1.90 1.91 1.93 1.94 7.60 7.69 7.61 7.56 7.52 2.44 2.39 2.29 2.27 2.26 2.24 2.24 2.28 2.29 2.27 2.27 2.26 2.25 2.23 2.23 2.24 2.27 2.31 2.35 2.40 2.51 2.91 2.91 2.90 2.96 4.33 4.31 4.30 4.28 4.27 4.26 4.23 4.06 3.86 3.83 3.81 3.89 4.15 4.27 4.38 4.52 4.65 4.80 4.95 5.13 5.14 5.21 5.86 6.18 6.39 6.49 6.49 6.42 6.41 6.40 6.54 8.22 5.96 6.47 6.42 10.95 10.99 11.14 12.52 13.09 14.50 16.58 16.76 16.89 16.87 16.88 16.86 16.87 16.86 16.88 16.88 16.89 16.88 16.89 16.89 16.97 16.98 16.62 15.54 14.06 11.05 11.03 10.98 10.98 9.68 9.56 8.97 8.22 6.86 6.58 6.55 6.59 6.52 6.51 6.61 6.52 6.22 5.87 5.18 5.17 5.14 4.93 4.79 4.64 4.53 4.40 4.29 4.18 3.93 3.85 3.85 3.88 3.92 4.06 4.07 4.11 4.29 4.49 7.31 7.33 7.37 2.98 2.96 2.97 2.97 2.51 2.42 2.37 2.34 2.29 2.25 2.21 2.17 2.13 2.10 2.07 2.04 2.04 2.04 2.06 2.06 2.08 2.09 2.10 2.10 2.14 2.14 2.14 2.15 2.15 2.13 2.10 2.08 2.06 2.07 2.24 2.50 2.53 2.55 2.59 2.60 2.64 2.65 2.68 2.69 2.73 2.76 2.78 2.80 2.84 2.86 2.90 2.92 2.96 2.99 3.03 3.06 1.45 1.52 1.41 1.40 1.39 1.38 1.38 1.37 1.37 1.35 1.32 1.31 1.33 1.33 1.31 1.31 1.30 1.29 1.29 1.28 1.28 1.27 1.27 1.27 1.26 1.26 1.26 1.25 1.24 1.24 1.24 1.23 1.23 1.22 1.22 1.22 1.21 1.21 1.21 1.19 1.20 1.20 1.19 1.19 1.19 1.19 1.19 1.19 1.18 1.18 1.17 1.18 1.18 1.17 1.17 1.17 1.17 1.17 1.16 1.16 1.16 1.16 1.16 1.15 1.15 1.16 2.954589 3.151561 -0.596548 2.987680 3.129090 -0.596548 1278.520238 magnum 67.043887
ODOM 3.055481 3.083068 -0.599069 0.501500 -0.000062 0.000000 1278.683341 magnum 67.162762
ODOM 3.096744 3.054895 -0.599069 0.507500 -0.000050 0.000000 1278.802608 magnum 67.283538
FLASER 360 1.26 1.26 1.26 1.26 1.26 1.26 1.26 1.26 1.27 1.27 1.27 1.26 1.27 1.28 1.28 1.27 1.28 1.28 1.28 1.28 1.27 1.28 1.27 1.29 1.28 1.30 1.29 1.30 1.30 1.30 1.30 1.31 1.31 1.31 1.31 1.31 1.31 1.33 1.33 1.30 1.30 1.30 1.30 1.33 1.35 1.37 1.37 1.38 1.38 1.39 1.40 1.41 1.42 4.74 4.65 4.57 4.51 4.43 4.37 4.30 4.22 4.15 4.06 3.98 3.99 4.09 4.60 4.41 4.43 3.93 3.88 81.91 81.91 81.91 81.91 81.91 81.91 8.49 3.52 3.50 3.49 3.10 3.09 3.10 3.14 3.19 81.91 81.91 81.91 81.91 1.84 1.78 1.78 1.79 1.81 1.83 1.83 1.84 1.84 1.82 1.83 1.84 1.86 3.27 3.30 7.44 7.52 7.60 7.64 2.35 2.33 2.21 2.19 2.17 2.16 2.15 2.18 2.21 2.20 2.18 2.18 2.16 2.15 2.13 2.13 2.17 2.20 2.23 2.27 2.30 2.40 2.82 2.82 2.81 2.84 10.19 4.24 4.21 4.20 4.18 4.17 4.15 4.14 3.98 3.79 3.70 3.69 3.74 4.02 4.14 4.25 4.37 4.50 4.62 4.76 4.93 5.03 5.02 5.59 5.86 6.13 6.32 6.39 6.25 6.14 6.06 6.02 5.95 6.05 6.06 6.19 5.94 10.85 10.89 11.04 12.42 12.95 14.39 16.39 16.68 16.78 16.76 16.77 16.76 16.76 16.75 16.76 16.76 16.77 16.77 16.79 16.78 16.85 16.89 16.62 15.48 14.01 11.00 10.93 10.90 10.86 9.63 9.46 9.18 8.14 6.67 6.55 6.45 6.48 6.46 6.42 6.45 6.50 6.32 5.93 5.36 5.09 5.05 4.97 4.80 4.68 4.55 4.43 4.31 4.20 4.10 3.91 3.74 3.74 3.76 3.79 3.92 3.99 3.98 4.17 4.39 4.42 7.25 7.29 7.31 2.90 2.87 2.87 2.89 2.49 2.38 2.31 2.28 2.24 2.20 2.16 2.13 2.09 2.07 2.03 2.00 1.96 1.95 1.96 1.96 1.97 1.97 2.00 2.01 2.03 2.03 2.06 2.06 2.07 2.08 2.07 2.05 2.02 2.01 1.99 1.99 2.07 2.39 2.46 2.49 2.53 2.54 2.58 2.59 2.62 2.64 2.67 2.70 2.74 2.75 2.79 2.81 2.86 2.88 2.93 2.95 3.01 3.03 3.08 3.10 3.16 1.75 1.47 1.41 1.36 1.34 1.33 1.32 1.32 1.31 1.31 1.30 1.29 1.28 1.28 1.29 1.27 1.27 1.27 1.26 1.26 1.25 1.25 1.24 1.24 1.24 1.23 1.23 1.22 1.22 1.22 1.21 1.21 1.21 1.19 1.19 1.20 1.19 1.19 1.19 1.19 1.19 1.19 1.19 1.19 1.19 1.18 1.18 1.18 1.17 1.18 1.17 1.17 1.17 1.16 1.16 1.17 1.16 1.16 1.16 3.044696 3.090431 -0.599069 3.077731 3.067876 -0.599069 1278.740033 magnum 67.283662
ODOM 3.137617 3.026988 -0.602137 0.495000 -0.000034 0.000000 1278.910092 magnum 67.388245
ODOM 3.178804 2.998681 -0.602137 0.502000 0.000022 0.000000 1279.022466 magnum 67.502744
FLASER 360 1.26 1.26 1.26 1.26 1.26 1.26 1.26 1.26 1.26 1.26 1.26 1.27 1.27 1.27 1.27 1.27 1.28 1.28 1.28 1.28 1.28 1.28 1.28 1.28 1.29 1.29 1.29 1.29 1.29 1.30 1.27 1.28 1.28 1.28 1.29 1.32 1.34 1.35 1.35 1.35 1.36 1.36 1.37 1.36 1.37 4.57 4.59 4.63 4.64 4.71 4.81 4.70 4.61 4.53 4.46 4.38 4.31 4.22 4.16 4.08 3.99 3.92 3.95 4.12 4.34 4.27 4.25 3.84 3.82 81.91 81.91 81.91 81.91 81.91 81.91 8.37 3.46 3.47 3.09 3.03 3.03 3.06 3.10 81.91 81.91 1.74 1.72 1.71 1.72 1.73 1.74 1.75 1.78 1.78 1.76 1.74 1.75 1.77 1.78 3.08 3.10 3.19 3.23 7.40 7.36 7.40 7.48 2.28 2.14 2.10 2.10 2.07 2.06 2.08 2.12 2.11 2.11 2.09 2.08 2.06 2.05 2.04 2.05 2.09 2.11 2.15 2.18 2.21 2.31 2.74 2.72 2.72 2.72 2.76 9.37 4.14 4.12 4.10 4.09 4.07 4.06 4.04 4.03 3.67 3.62 3.60 3.61 3.88 3.98 4.09 4.20 4.31 4.44 4.56 4.71 4.88 4.93 4.92 5.54 5.77 6.01 6.22 6.28 6.07 6.22 6.34 6.37 6.62 5.80 5.80 5.80 5.77 10.74 10.78 10.90 12.30 12.49 14.18 16.20 16.81 16.80 16.79 16.79 16.78 16.79 16.78 16.78 16.78 16.79 16.79 16.79 16.80 16.81 16.81 16.75 15.58 13.89 13.79 10.84 10.82 10.77 10.76 9.42 9.34 8.72 8.01 6.70 6.38 6.36 6.37 6.36 6.31 6.41 6.37 6.15 5.81 5.26 4.97 4.96 4.89 4.73 4.60 4.48 4.37 4.25 4.15 4.04 3.96 3.70 3.63 3.66 3.67 3.74 3.83 3.85 3.87 4.26 4.30 7.16 7.18 7.23 7.25 2.84 2.79 2.79 2.79 2.82 2.44 2.28 2.25 2.21 2.17 2.15 2.11 2.07 2.04 2.02 1.98 1.96 1.93 1.90 1.88 1.88 1.88 1.91 1.91 1.92 1.92 1.95 1.96 1.98 1.98 1.99 2.00 2.01 2.00 1.97 1.96 1.92 1.92 1.94 1.98 2.40 2.41 2.45 2.46 2.51 2.53 2.56 2.57 2.62 2.64 2.67 2.69 2.75 2.76 2.81 2.83 2.88 2.91 2.96 2.99 3.04 3.08 3.13 3.16 3.23 3.27 1.65 1.59 1.46 1.41 1.30 1.30 1.29 1.28 1.28 1.27 1.27 1.27 1.27 1.27 1.25 1.22 1.25 1.25 1.24 1.24 1.23 1.23 1.22 1.22 1.22 1.21 1.21 1.20 1.20 1.20 1.19 1.19 1.19 1.19 1.19 1.19 1.19 1.19 1.19 1.19 1.18 1.18 1.18 1.18 1.18 1.17 1.17 1.17 1.17 1.17 1.17 1.17 3.122904 3.037100 -0.602137 3.155869 3.014444 -0.602137 1278.950967 magnum 67.502869
ODOM 3.220780 2.969831 -0.602137 0.505500 -0.000017 0.000000 1279.143201 magnum 67.624061
ODOM 3.261967 2.941525 -0.603671 0.499500 -0.000174 0.000000 1279.249937 magnum 67.770159
FLASER 360 1.25 1.25 1.25 1.25 1.25 1.25 1.25 1.25 1.26 1.26 1.26 1.26 1.26 1.26 1.27 1.27 1.27 1.27 1.27 1.28 1.28 1.25 1.25 1.26 1.26 1.27 1.28 1.31 1.31 1.32 1.32 1.32 1.32 1.32 1.33 1.35 1.33 6.29 6.15 5.86 4.63 4.50 4.51 4.56 4.57 4.57 4.59 4.77 4.72 4.61 4.53 4.44 4.37 4.29 4.22 4.12 4.05 3.93 3.87 3.88 3.91 4.51 4.31 4.26 3.82 3.74 81.91 81.91 81.91 81.91 81.91 3.89 8.20 3.39 3.37 2.97 2.95 2.96 2.99 1.68 1.67 1.63 1.63 1.64 1.65 1.67 1.68 1.70 1.70 1.67 1.67 1.68 1.69 1.70 2.94 2.97 2.99 3.01 3.08 3.13 5.69 5.72 7.32 7.27 2.09 2.02 2.02 1.97 1.97 1.97 2.01 2.03 2.03 1.99 1.99 1.97 1.97 1.94 1.94 1.96 1.99 2.01 2.04 2.07 2.10 2.19 2.45 2.65 2.63 2.62 2.63 2.65 9.02 9.17 4.03 4.02 4.01 3.98 3.97 3.95 3.95 3.91 3.58 3.50 3.50 3.51 3.75 3.87 3.96 4.06 4.17 4.28 4.41 4.53 4.70 4.81 4.82 4.91 5.56 5.76 5.99 6.15 6.17 5.95 5.83 5.82 5.79 5.75 5.74 5.79 5.76 5.69 10.62 10.68 10.79 12.19 12.45 14.05 16.07 16.41 16.59 16.57 16.57 16.56 16.56 16.55 16.57 16.56 16.57 16.56 16.56 16.56 16.60 16.70 16.65 16.17 15.21 13.68 10.74 10.70 10.67 10.65 9.36 9.24 8.80 7.93 7.90 6.38 6.25 6.26 6.27 6.21 6.22 6.31 6.19 5.94 5.63 5.02 4.86 4.85 4.76 4.62 4.50 4.38 4.26 4.16 4.06 3.97 3.89 3.72 3.55 3.54 3.57 3.57 3.74 3.77 3.80 3.92 4.20 4.21 7.10 7.12 7.16 7.18 2.77 2.70 2.69 2.70 2.71 2.75 2.32 2.22 2.15 2.12 2.09 2.07 2.03 2.01 1.97 1.95 1.91 1.89 1.87 1.85 1.82 1.80 1.79 1.79 1.82 1.82 1.83 1.83 1.86 1.87 1.90 1.90 1.91 1.91 1.94 1.93 1.91 1.89 1.88 1.87 1.85 1.85 1.98 2.34 2.38 2.40 2.43 2.44 2.49 2.51 2.56 2.57 2.62 2.64 2.68 2.71 2.76 2.78 2.83 2.86 2.92 2.94 3.00 3.04 3.10 3.14 3.20 3.28 3.55 3.58 3.84 1.56 1.54 1.54 1.52 1.50 1.28 1.26 1.26 1.25 1.25 1.25 1.24 1.24 1.24 1.23 1.23 1.22 1.21 1.19 1.21 1.21 1.21 1.21 1.20 1.20 1.19 1.19 1.19 1.19 1.19 1.19 1.19 1.19 1.19 1.19 1.18 1.18 1.18 1.18 1.18 1.17 1.17 1.17 1.17 1.17 3.197263 2.986011 -0.602489 3.230221 2.963343 -0.602489 1279.160296 magnum 67.770283
ODOM 3.345463 2.883951 -0.609807 0.511500 -0.000017 0.000000 1279.368589 magnum 67.849765
ODOM 3.386034 2.855607 -0.611341 0.501000 0.000157 0.000000 1279.483059 magnum 67.962558
FLASER 360 1.25 1.25 1.25 1.25 1.25 1.25 1.25 1.25 1.25 1.25 1.26 1.23 1.23 1.24 1.24 1.24 1.26 1.29 1.29 1.29 1.29 1.29 1.30 1.29 1.30 1.30 1.31 5.38 4.31 5.56 5.39 5.31 6.02 6.04 6.06 6.21 6.19 5.98 4.48 4.47 4.50 4.52 4.54 4.55 4.54 4.74 4.66 4.54 4.46 4.35 4.29 4.20 4.13 4.03 3.97 3.81 3.81 3.85 4.06 4.44 4.24 3.84 3.70 81.91 81.91 81.91 81.91 81.91 81.91 3.83 3.31 3.10 2.92 2.88 1.71 1.57 1.58 1.58 1.59 1.60 1.61 1.61 1.63 1.61 1.60 1.60 1.60 1.61 1.63 2.83 2.83 2.85 2.88 2.89 2.91 2.95 3.02 3.06 5.54 5.59 2.04 1.93 1.93 1.90 1.90 1.89 1.91 1.94 1.94 1.91 1.91 1.89 1.88 1.86 1.86 1.85 1.87 1.90 1.92 1.95 1.97 2.00 2.04 2.22 2.58 2.55 2.53 2.52 2.52 2.55 8.74 8.81 8.97 3.93 3.92 3.89 3.88 3.87 3.85 3.83 3.82 3.46 3.41 3.37 3.40 3.62 3.73 3.84 3.93 4.03 4.14 4.25 4.37 4.50 4.65 4.70 4.71 5.27 5.47 5.72 5.94 6.05 6.07 5.98 5.76 5.83 5.89 5.87 5.81 8.68 6.10 5.99 10.52 10.56 10.66 12.08 12.18 13.83 15.93 16.21 16.48 16.45 16.45 16.44 16.45 16.43 16.44 16.44 16.45 16.45 16.47 16.46 16.47 16.54 16.55 16.19 15.12 13.66 10.68 10.60 10.59 10.53 9.23 9.18 9.05 8.38 7.80 6.34 6.17 6.13 6.16 6.15 6.10 6.12 6.19 6.05 5.76 5.51 4.90 4.75 4.75 4.68 4.52 4.41 4.31 4.20 4.09 4.00 3.91 3.83 3.74 3.53 3.45 3.44 3.49 3.48 3.67 3.67 3.69 3.82 4.11 6.99 7.04 7.06 7.10 6.94 6.31 2.67 2.61 2.60 2.61 2.62 2.68 2.73 2.18 2.09 2.05 2.03 2.00 1.97 1.95 1.93 1.89 1.87 1.85 1.82 1.81 1.79 1.76 1.74 1.71 1.72 1.72 1.72 1.74 1.75 1.77 1.78 1.81 1.81 1.83 1.83 1.83 1.84 1.87 1.85 1.83 1.81 1.81 1.79 1.78 1.79 2.03 2.31 2.35 2.36 2.41 2.42 2.47 2.50 2.55 2.57 2.62 2.65 2.69 2.72 2.78 2.80 2.87 2.89 2.96 2.99 3.06 3.09 3.16 3.27 3.54 3.69 3.80 3.76 3.75 3.73 1.52 1.53 1.51 1.51 1.50 1.50 1.48 1.39 1.23 1.23 1.22 1.22 1.22 1.21 1.21 1.21 1.21 1.20 1.20 1.20 1.19 1.17 1.19 1.19 1.19 1.19 1.19 1.19 1.19 1.19 1.19 1.18 1.18 1.18 1.18 1.18 1.18 1.17 3.319452 2.902135 -0.610063 3.352237 2.879219 -0.610063 1279.380577 magnum 67.962671
ODOM 3.426972 2.826912 -0.611341 0.508000 -0.000011 0.000000 1279.602891 magnum 68.091959
FLASER 360 1.24 1.23 1.22 1.22 1.22 1.22 1.22 1.28 1.28 1.27 1.27 1.27 1.27 1.27 1.27 1.27 1.27 1.30 4.13 4.09 6.82 6.82 6.85 5.80 5.35 4.25 4.27 5.65 5.49 5.39 5.99 6.01 6.02 6.08 6.24 4.45 4.45 4.47 4.47 4.49 4.51 4.51 4.51 4.68 4.59 4.46 4.39 4.27 4.22 4.11 4.05 3.95 3.82 3.74 3.75 3.87 4.52 4.36 4.20 3.67 3.63 7.66 7.69 7.76 81.91 81.91 3.81 1.55 1.54 1.49 1.50 1.51 1.51 1.52 1.54 1.55 1.57 1.55 1.55 1.52 1.53 1.53 1.55 2.81 2.79 2.75 2.75 2.76 2.76 2.80 2.80 2.82 2.84 2.91 2.96 5.37 5.39 1.85 1.85 1.81 1.81 1.81 1.81 1.83 1.86 1.83 1.82 1.81 1.80 1.78 1.78 1.76 1.77 1.78 1.80 1.82 1.85 1.88 1.90 1.93 2.02 2.52 2.49 2.44 2.43 2.40 2.42 2.44 8.39 8.53 8.68 8.75 3.84 3.81 3.80 3.75 3.75 3.72 3.72 3.70 3.38 3.31 3.29 3.29 3.39 3.60 3.68 3.78 3.88 3.97 4.07 4.19 4.30 4.44 4.57 4.60 4.59 5.19 5.36 5.63 5.81 5.95 5.95 5.97 5.87 5.82 5.93 6.14 7.67 5.43 5.45 5.89 10.40 10.42 10.49 10.59 12.00 12.68 14.07 16.06 16.25 16.33 16.35 16.32 16.33 16.32 16.32 16.32 16.34 16.33 16.35 16.34 16.35 16.38 16.47 16.40 15.15 13.51 13.46 10.52 10.48 10.44 10.45 9.17 9.05 8.67 7.75 7.69 6.37 6.05 6.05 6.05 6.04 5.99 6.06 6.08 5.95 5.66 5.42 5.23 4.66 4.64 4.62 4.47 4.35 4.25 4.14 4.04 3.96 3.87 3.78 3.70 3.63 3.40 3.35 3.35 3.38 3.39 3.57 3.56 3.59 3.70 4.02 6.92 6.96 6.98 6.98 6.26 6.17 6.08 2.57 2.52 2.51 2.51 2.54 2.56 2.66 2.66 2.09 2.01 1.98 1.95 1.93 1.90 1.88 1.86 1.83 1.81 1.79 1.77 1.75 1.73 1.71 1.70 1.68 1.66 1.64 1.63 1.65 1.64 1.67 1.67 1.70 1.70 1.73 1.73 1.77 1.77 1.78 1.79 1.81 1.79 1.78 1.76 1.75 1.73 1.72 1.73 1.87 2.28 2.33 2.35 2.40 2.41 2.46 2.50 2.54 2.58 2.62 2.65 2.71 2.74 2.80 2.84 2.90 2.94 3.01 3.06 3.13 3.30 3.52 3.73 3.73 3.72 3.70 3.69 3.69 3.80 3.90 3.97 4.08 1.50 1.46 1.46 1.46 1.46 1.46 1.46 1.45 1.40 1.21 1.20 1.20 1.20 1.20 1.20 1.19 1.19 1.19 1.19 1.18 1.18 1.18 1.17 1.19 1.19 1.18 1.18 1.18 1.18 3.392318 2.851202 -0.611341 3.425074 2.828243 -0.611341 1279.590632 magnum 68.092097
ODOM 3.468307 2.797940 -0.611341 0.495000 0.000056 0.000000 1279.722924 magnum 68.201729
ODOM 3.509231 2.769256 -0.611341 0.506500 -0.000073 0.000000 1279.830192 magnum 68.308155
FLASER 360 1.27 1.27 1.27 1.26 1.27 1.27 1.27 1.28 1.30 1.29 6.82 6.75 6.76 4.47 4.48 5.24 5.21 6.77 6.81 6.82 6.83 5.54 5.34 4.21 6.01 5.79 5.60 5.95 5.96 5.98 6.00 6.10 6.24 4.42 4.43 4.43 4.44 4.47 4.46 4.47 4.66 4.55 4.46 4.34 4.26 4.15 4.08 3.97 3.91 3.69 3.70 3.72 3.79 4.45 4.49 3.72 3.61 3.58 7.53 7.61 81.91 1.46 1.44 1.44 1.44 1.45 1.46 1.47 1.48 1.49 1.49 1.46 1.45 1.45 1.46 1.47 1.48 2.75 2.76 2.74 2.73 2.69 2.69 2.68 2.68 2.70 2.71 2.71 2.74 2.77 2.83 1.84 1.80 1.76 1.75 1.71 1.71 1.72 1.75 1.77 1.76 1.74 1.73 1.71 1.71 1.69 1.69 1.67 1.68 1.69 1.71 1.73 1.75 1.78 1.79 1.82 1.89 2.35 2.43 2.39 2.35 2.32 2.32 2.31 2.34 6.83 6.99 8.29 8.41 8.57 3.73 3.70 3.70 3.67 3.66 3.64 3.63 3.60 3.33 3.21 3.19 3.18 3.22 3.44 3.52 3.61 3.68 3.78 3.88 3.98 4.07 4.20 4.30 4.46 4.50 4.50 4.98 5.20 5.42 5.66 5.81 5.85 5.85 5.90 5.83 5.82 6.14 5.38 5.38 5.41 5.82 5.75 10.29 10.35 10.43 11.86 11.94 13.54 14.03 15.97 16.23 16.22 16.23 16.21 16.21 16.21 16.21 16.21 16.23 16.22 16.23 16.23 16.24 16.29 16.35 16.26 14.99 13.38 13.34 10.40 10.38 10.33 10.33 9.07 8.93 8.60 7.72 7.57 6.14 5.97 5.93 5.94 5.95 5.89 5.89 5.99 5.91 5.70 5.41 5.23 4.65 4.54 4.55 4.46 4.34 4.22 4.14 4.04 3.95 3.86 3.76 3.68 3.63 3.55 3.39 3.26 3.26 3.27 3.29 3.44 3.47 3.48 3.51 3.71 3.94 6.87 6.91 6.88 6.16 6.06 6.00 6.11 6.03 2.45 2.42 2.41 2.43 2.43 2.50 2.57 2.60 2.59 1.94 1.92 1.89 1.87 1.85 1.83 1.81 1.79 1.77 1.75 1.73 1.70 1.69 1.68 1.66 1.65 1.63 1.61 1.60 1.57 1.57 1.56 1.58 1.58 1.61 1.61 1.64 1.65 1.68 1.68 1.71 1.70 1.72 1.73 1.73 1.72 1.70 1.69 1.68 1.67 1.67 1.67 1.84 2.28 2.33 2.35 2.40 2.43 2.50 2.52 2.58 2.61 2.66 2.71 2.77 2.81 2.88 2.92 2.98 3.04 3.15 3.46 3.70 3.69 3.69 3.68 3.67 3.66 3.75 3.86 3.99 4.07 4.17 4.30 4.42 4.41 4.40 1.47 1.45 1.44 1.44 1.44 1.44 1.44 1.44 1.43 1.42 1.35 1.19 1.19 1.19 1.19 1.18 1.18 1.18 1.18 1.18 1.18 3.467716 2.798355 -0.611341 3.500471 2.775396 -0.611341 1279.800268 magnum 68.308287
ODOM 3.550169 2.740561 -0.611341 0.494500 0.000017 0.000000 1279.943158 magnum 68.426326
ODOM 3.632031 2.683183 -0.614409 0.508000 -0.000090 0.000000 1280.063214 magnum 68.542458
FLASER 360 6.85 6.84 6.83 6.83 1.29 1.30 1.28 1.29 1.29 1.29 6.76 4.45 6.77 5.21 5.19 6.79 6.79 6.81 5.33 5.37 4.21 5.65 5.99 5.87 5.86 5.93 5.95 5.95 5.96 6.06 4.39 4.39 4.41 4.42 4.44 4.42 4.42 4.61 4.61 4.46 4.36 4.23 4.15 4.03 3.95 3.85 3.66 3.66 3.68 3.80 4.41 4.45 3.62 1.42 1.39 1.38 1.39 1.39 1.39 1.40 1.41 1.42 1.42 1.42 1.41 1.39 1.40 1.41 1.41 1.42 1.40 2.79 2.74 2.69 2.68 2.68 2.66 2.64 2.62 2.60 2.61 2.64 2.63 2.64 2.65 2.66 2.68 1.71 1.68 1.66 1.65 1.63 1.65 1.67 1.69 1.68 1.68 1.65 1.65 1.62 1.62 1.59 1.59 1.58 1.60 1.62 1.64 1.65 1.67 1.68 1.70 1.73 1.76 1.93 2.35 2.34 2.33 2.26 2.25 2.22 2.22 2.23 2.26 6.80 6.73 6.87 8.15 8.28 8.42 3.61 3.60 3.57 3.56 3.55 3.54 3.52 3.51 3.16 3.11 3.09 3.09 3.14 3.36 3.44 3.50 3.59 3.66 3.77 3.86 3.97 4.05 4.18 4.31 4.40 4.40 4.48 5.01 5.18 5.44 5.61 5.74 5.74 5.76 5.78 5.61 5.81 6.12 5.29 5.25 5.52 5.72 10.23 10.17 10.24 10.34 11.75 11.87 13.45 15.62 15.88 16.14 16.11 16.11 16.10 16.11 16.09 16.10 16.11 16.12 16.11 16.12 16.12 16.14 16.16 16.25 16.17 14.90 13.34 13.24 10.30 10.27 10.22 10.21 9.11 8.84 8.69 8.11 7.47 7.50 6.09 5.84 5.83 5.85 5.82 5.78 5.85 5.88 5.74 5.47 5.26 5.09 4.53 4.45 4.45 4.37 4.25 4.14 4.05 3.96 3.88 3.79 3.71 3.63 3.56 3.49 3.42 3.22 3.15 3.16 3.18 3.20 3.35 3.38 3.39 3.46 3.66 6.79 6.81 6.79 6.07 5.98 5.90 6.01 5.98 5.87 5.79 2.36 2.34 2.33 2.33 2.36 2.39 2.50 2.51 2.53 6.45 1.87 1.85 1.82 1.80 1.79 1.77 1.75 1.73 1.71 1.70 1.68 1.66 1.64 1.63 1.62 1.60 1.58 1.57 1.56 1.55 1.53 1.52 1.50 1.49 1.52 1.52 1.55 1.55 1.57 1.58 1.62 1.62 1.65 1.65 1.67 1.68 1.68 1.67 1.66 1.65 1.64 1.62 1.62 1.61 1.69 1.89 2.33 2.36 2.42 2.45 2.52 2.56 2.62 2.65 2.72 2.77 2.84 2.88 2.96 3.01 3.22 3.55 3.67 3.66 3.64 3.63 3.63 3.69 3.85 3.94 4.08 4.16 4.35 4.39 4.38 4.37 4.36 4.35 4.34 4.34 4.33 4.33 1.43 1.43 1.43 1.42 1.42 1.42 1.42 1.42 1.41 1.42 1.38 1.36 3.568044 2.728125 -0.613237 3.600756 2.705104 -0.613237 1280.010654 magnum 68.542597
ODOM 3.673276 2.654084 -0.615943 0.495500 0.000006 0.000000 1280.183228 magnum 68.662328
ODOM 3.714082 2.625202 -0.615943 0.493000 0.000034 0.000000 1280.302593 magnum 68.782990
FLASER 360 6.84 6.84 6.84 4.34 6.51 1.29 1.28 1.29 1.28 1.29 5.29 5.20 5.18 6.76 6.77 6.77 5.30 4.19 5.34 5.81 5.98 5.83 5.85 5.93 5.92 5.93 5.93 4.39 4.36 4.37 4.38 4.41 4.40 4.39 4.39 4.60 4.53 4.37 4.26 4.14 4.05 3.93 3.84 3.60 3.62 1.38 1.36 1.34 1.34 1.34 1.34 1.35 1.35 1.36 1.38 1.38 1.38 1.34 1.34 1.35 1.35 1.35 1.39 81.91 81.91 81.91 81.91 2.77 2.71 2.64 2.62 2.63 2.62 2.58 2.56 2.53 2.54 2.55 2.56 2.57 2.56 1.74 1.64 1.60 1.60 1.57 1.57 1.58 1.59 1.62 1.61 1.59 1.58 1.56 1.55 1.53 1.52 1.51 1.52 1.52 1.54 1.55 1.57 1.58 1.59 1.61 1.63 1.65 1.66 1.77 2.28 2.27 2.26 2.23 2.20 2.16 2.14 2.13 2.13 2.17 2.16 8.20 6.67 6.63 6.72 8.02 8.12 3.56 3.51 3.49 3.48 3.46 3.45 3.43 3.43 3.16 3.05 3.00 2.98 2.99 3.07 3.27 3.34 3.41 3.49 3.56 3.65 3.74 3.83 3.92 4.04 4.14 4.28 4.29 4.30 4.81 4.97 5.14 5.38 5.54 5.65 5.63 5.66 5.66 5.64 5.74 5.85 5.18 5.20 5.45 5.59 10.13 10.07 10.13 10.21 11.64 11.72 13.10 13.79 15.76 16.01 16.01 16.01 16.00 16.00 15.99 16.01 16.00 16.01 16.01 16.01 16.01 16.02 16.04 16.16 16.09 15.61 14.66 13.15 10.26 10.17 10.15 10.10 10.10 8.80 8.70 8.21 7.45 7.38 5.94 5.79 5.72 5.74 5.74 5.70 5.68 5.77 5.76 5.58 5.33 5.15 5.00 4.45 4.34 4.34 4.31 4.18 4.09 3.99 3.92 3.83 3.73 3.65 3.58 3.51 3.44 3.38 3.32 3.13 3.07 3.07 3.08 3.11 3.25 3.29 3.30 3.35 3.52 6.73 6.75 6.03 5.93 5.83 5.83 5.91 5.84 5.75 5.68 5.60 2.32 2.27 2.24 2.25 2.25 2.29 2.33 2.42 2.43 2.44 10.39 1.83 1.78 1.77 1.75 1.73 1.72 1.70 1.68 1.67 1.66 1.64 1.62 1.61 1.59 1.57 1.57 1.56 1.54 1.53 1.51 1.50 1.49 1.48 1.46 1.45 1.44 1.44 1.44 1.47 1.47 1.50 1.51 1.54 1.56 1.59 1.60 1.60 1.60 1.64 1.62 1.62 1.61 1.60 1.59 1.58 1.58 1.57 1.60 2.34 2.37 2.43 2.47 2.54 2.58 2.66 2.71 2.78 2.84 2.92 2.97 3.15 3.64 3.63 3.62 3.61 3.61 3.64 3.74 3.93 4.02 4.14 4.29 4.37 4.36 4.35 4.34 4.34 4.34 4.33 4.32 4.31 4.31 4.30 4.30 4.30 4.30 1.43 1.43 1.43 1.43 3.659083 2.664131 -0.615943 3.691732 2.641022 -0.615943 1280.230595 magnum 68.783152
ODOM 3.754887 2.596320 -0.611341 0.498000 0.000123 0.000000 1280.422629 magnum 68.901145
ODOM 3.795812 2.567635 -0.597535 0.502000 0.000381 0.000000 1280.543120 magnum 69.022667
FLASER 360 6.85 6.82 6.56 6.81 6.55 1.29 1.28 1.26 1.28 5.15 6.77 6.77 6.76 6.77 4.17 5.29 5.34 5.93 5.94 5.55 5.83 5.90 5.91 5.90 5.90 4.34 4.34 4.37 4.37 4.35 4.36 4.37 4.54 4.54 4.39 4.24 4.15 1.32 1.30 1.31 1.30 1.31 1.30 1.31 1.32 1.32 1.33 1.33 1.33 1.28 1.28 1.29 1.29 1.36 1.42 2.61 2.62 2.64 2.77 81.91 81.91 81.91 81.91 81.91 2.64 2.58 2.56 2.56 2.55 2.51 2.50 2.48 2.48 2.49 2.50 1.66 1.58 1.54 1.52 1.49 1.49 1.51 1.52 1.55 1.55 1.52 1.51 1.48 1.48 1.46 1.45 1.42 1.42 1.43 1.45 1.46 1.47 1.48 1.50 1.52 1.53 1.55 1.56 1.57 1.58 81.91 2.22 2.20 2.19 2.18 2.16 2.08 2.06 2.04 2.04 2.05 2.07 8.24 8.22 8.16 8.12 6.58 6.55 6.61 6.59 8.00 3.43 3.41 3.40 3.37 3.37 3.34 3.34 3.31 2.98 2.91 2.90 2.88 2.92 3.12 3.19 3.26 3.33 3.40 3.47 3.55 3.62 3.72 3.82 3.91 4.01 4.16 4.19 4.19 4.32 4.80 4.94 5.17 5.36 5.51 5.54 5.52 5.58 5.50 5.38 5.74 7.14 7.22 4.99 5.41 5.46 10.00 9.96 10.03 10.12 11.54 11.63 13.22 13.69 15.65 15.90 15.89 15.90 15.88 15.89 15.88 15.88 15.89 15.90 15.90 15.91 15.91 15.92 15.93 16.05 15.99 15.56 14.56 13.04 10.23 10.12 10.05 10.01 10.00 8.75 8.60 8.32 7.75 7.26 7.29 5.80 5.64 5.63 5.64 5.64 5.58 5.59 5.68 5.61 5.43 5.18 5.02 4.87 4.35 4.25 4.23 4.22 4.09 4.01 3.93 3.83 3.74 3.66 3.60 3.52 3.46 3.39 3.32 3.28 3.20 3.04 2.97 2.97 2.99 3.02 3.19 3.22 3.21 3.26 3.40 6.67 6.22 5.87 5.76 5.74 5.85 5.77 5.70 5.62 5.55 5.47 5.51 2.30 2.19 2.18 2.16 2.18 2.18 2.23 2.29 2.35 2.36 10.15 81.91 81.91 1.81 1.71 1.70 1.68 1.67 1.65 1.64 1.62 1.61 1.60 1.59 1.57 1.57 1.55 1.53 1.52 1.50 1.49 1.48 1.47 1.46 1.45 1.44 1.43 1.42 1.40 1.40 1.39 1.38 1.40 1.40 1.43 1.44 1.47 1.48 1.52 1.53 1.56 1.55 1.59 1.58 1.58 1.58 1.57 1.57 1.56 1.55 1.54 1.54 1.59 1.67 2.47 2.52 2.60 2.64 2.74 2.79 2.89 2.96 3.25 3.61 3.60 3.59 3.58 3.58 3.72 3.85 4.03 4.11 4.35 4.36 4.35 4.35 4.34 4.33 4.33 4.32 4.31 4.30 4.30 4.29 4.29 4.30 4.29 4.29 3.730443 2.613316 -0.608516 3.763263 2.590450 -0.608516 1280.440199 magnum 69.022825
ODOM 3.878010 2.511698 -0.559185 0.508500 0.000375 0.000000 1280.669517 magnum 69.151735
FLASER 360 4.52 6.72 1.27 1.28 1.27 1.28 1.28 6.78 4.15 5.28 5.30 5.47 5.79 5.90 5.66 5.84 5.85 5.88 5.88 4.32 4.32 4.32 4.34 4.33 4.33 1.28 1.27 1.27 1.27 1.27 1.27 1.28 1.28 1.28 1.29 1.30 1.30 1.25 1.25 1.25 1.25 1.26 1.25 81.91 81.91 2.63 2.59 2.55 2.56 2.59 2.59 2.73 2.75 81.91 81.91 81.91 81.91 2.57 2.53 2.49 2.51 2.48 2.47 2.42 2.42 2.40 1.68 1.47 1.47 1.44 1.43 1.43 1.44 1.46 1.47 1.47 1.46 1.43 1.42 1.40 1.40 1.36 1.36 1.35 1.36 1.38 1.39 1.40 1.41 1.41 1.42 1.44 1.45 1.47 1.48 1.49 1.51 5.38 5.40 2.15 2.13 2.11 2.11 2.08 2.05 1.99 1.98 1.95 1.95 1.97 1.98 6.61 6.70 7.55 8.15 8.08 8.06 6.48 6.48 6.50 6.62 3.34 3.33 3.30 3.30 3.26 3.26 3.24 3.23 2.89 2.86 2.79 2.79 2.81 2.86 3.06 3.10 3.18 3.23 3.31 3.37 3.46 3.51 3.62 3.68 3.79 3.87 4.02 4.08 4.08 4.08 4.64 4.74 4.93 5.12 5.32 5.42 5.42 5.43 5.44 5.39 5.40 5.66 4.89 4.89 4.99 5.31 5.36 9.93 9.85 9.92 10.03 10.09 11.58 12.29 15.25 15.52 15.80 15.80 15.79 15.79 15.79 15.79 15.78 15.79 15.79 15.80 15.80 15.81 15.80 15.82 15.93 15.90 15.46 14.51 12.99 12.92 10.03 9.96 9.91 9.89 8.73 8.55 8.35 7.98 7.17 7.17 5.74 5.65 5.51 5.52 5.54 5.53 5.48 5.50 5.57 5.50 5.26 5.09 4.89 4.78 4.27 4.16 4.14 4.14 4.01 3.94 3.84 3.77 3.68 3.63 3.54 3.49 3.40 3.35 3.28 3.23 3.16 3.13 2.95 2.89 2.88 2.90 2.91 2.95 3.12 3.12 3.13 3.15 6.22 5.80 5.73 5.66 5.77 5.73 5.63 5.59 5.49 5.45 5.41 5.46 5.50 5.53 2.18 2.11 2.09 2.09 2.09 2.11 2.15 2.23 2.27 2.30 81.91 81.91 7.97 7.91 3.28 1.67 1.64 1.63 1.61 1.60 1.59 1.57 1.57 1.56 1.54 1.53 1.52 1.50 1.49 1.49 1.47 1.46 1.45 1.44 1.42 1.42 1.41 1.40 1.39 1.39 1.37 1.36 1.35 1.34 1.34 1.34 1.34 1.36 1.38 1.40 1.41 1.45 1.47 1.51 1.50 1.53 1.55 1.55 1.55 1.54 1.53 1.52 1.52 1.50 1.50 1.50 1.57 2.58 2.66 2.75 2.84 2.93 3.12 3.58 3.57 3.57 3.56 3.63 3.83 3.98 4.11 4.33 4.34 4.34 4.33 4.33 4.32 4.32 4.31 4.30 4.29 4.29 4.29 4.29 4.29 4.29 4.29 3.838137 2.537113 -0.561996 3.871985 2.515798 -0.561996 1280.651078 magnum 69.151921
ODOM 3.921186 2.484677 -0.540777 0.491500 0.000364 0.000000 1280.783033 magnum 69.262441
ODOM 3.964064 2.458930 -0.526971 0.501000 0.000000 0.000000 1280.890152 magnum 69.369899
FLASER 360 1.27 1.27 5.28 5.30 5.41 5.96 5.95 5.92 5.92 5.83 5.86 1.25 1.25 1.25 1.25 1.25 1.26 1.26 1.26 1.26 1.26 1.27 1.27 1.23 1.23 1.23 1.23 1.29 1.31 3.90 4.00 81.91 81.91 3.35 81.91 81.91 81.91 2.51 2.51 2.53 2.54 2.61 2.72 7.29 81.91 81.91 81.91 81.91 2.54 2.44 2.44 2.44 2.43 2.38 1.48 1.41 1.41 1.38 1.38 1.38 1.38 1.41 1.41 1.41 1.41 1.36 1.36 1.33 1.33 1.30 1.29 1.28 1.29 1.30 1.31 1.33 1.33 1.35 1.35 1.36 1.37 1.39 1.39 1.41 1.42 1.42 1.43 5.18 5.24 5.33 5.29 2.05 2.05 2.02 2.02 1.92 1.91 1.86 1.86 1.82 1.85 1.83 1.83 1.52 6.59 1.53 6.63 7.44 8.07 7.99 7.98 7.91 6.39 6.37 6.50 3.23 3.22 3.20 3.19 3.16 3.16 3.13 3.12 2.73 2.72 2.69 2.69 2.75 2.88 2.98 3.02 3.10 3.14 3.23 3.28 3.38 3.42 3.51 3.58 3.68 3.74 3.89 3.96 3.97 3.99 4.46 4.56 4.74 4.86 5.13 5.22 5.33 5.33 5.33 5.33 5.36 5.37 5.62 4.83 7.03 4.82 5.28 5.25 9.79 9.75 9.81 9.86 11.33 11.35 12.81 13.39 15.43 15.51 15.68 15.68 15.67 15.68 15.66 15.68 15.67 15.68 15.68 15.69 15.68 15.69 15.70 15.76 15.80 15.75 14.39 12.98 12.80 9.96 9.84 9.84 9.78 9.79 8.47 8.40 7.94 7.70 7.05 7.08 5.59 5.50 5.42 5.43 5.44 5.42 5.37 5.40 5.46 5.36 5.12 4.97 4.77 4.69 4.51 4.08 4.04 4.05 3.95 3.89 3.77 3.72 3.62 3.57 3.48 3.44 3.35 3.30 3.24 3.20 3.12 3.09 3.02 2.98 2.81 2.79 2.79 2.82 2.84 3.02 3.02 3.04 3.04 5.74 5.67 5.59 5.59 5.70 5.59 5.54 5.46 5.40 5.31 5.32 5.38 5.41 5.45 5.49 5.51 5.73 2.05 2.02 2.00 2.01 2.03 2.05 2.11 2.19 2.21 7.87 7.84 81.91 3.20 3.21 3.21 3.26 1.60 1.58 1.57 1.56 1.54 1.53 1.52 1.51 1.49 1.49 1.48 1.46 1.45 1.45 1.42 1.41 1.41 1.40 1.39 1.39 1.37 1.37 1.35 1.35 1.35 1.34 1.33 1.33 1.31 1.31 1.30 1.29 1.29 1.29 1.30 1.33 1.34 1.39 1.40 1.45 1.47 1.47 1.48 1.51 1.51 1.51 1.49 1.50 1.49 1.49 1.48 1.48 1.47 1.58 2.87 3.02 3.55 3.55 3.54 3.54 3.70 3.90 4.09 4.32 4.33 4.32 4.31 4.31 4.30 4.30 4.30 4.29 4.29 4.29 4.29 1.47 1.47 1.48 1.50 1.49 1.47 3.925299 2.481627 -0.528329 3.959845 2.461463 -0.528329 1280.870708 magnum 69.370035
ODOM 4.007292 2.433777 -0.523903 0.496500 0.000073 0.000000 1281.002346 magnum 69.485675
ODOM 4.050598 2.408757 -0.523903 0.497000 -0.000011 0.000000 1281.110381 magnum 69.590734
FLASER 360 1.25 1.25 1.25 1.25 1.26 1.25 1.25 1.26 1.26 1.21 1.20 1.20 1.20 1.21 1.21 1.22 4.12 3.92 3.79 3.50 3.50 3.53 3.62 3.92 4.38 81.91 3.33 81.91 81.91 2.47 2.47 2.50 2.52 2.57 2.76 2.69 4.40 7.24 7.26 81.91 2.51 2.41 2.39 1.39 1.38 1.35 1.34 1.33 1.33 1.34 1.35 1.37 1.37 1.34 1.32 1.28 1.28 1.24 1.24 1.22 1.23 1.24 1.24 1.25 1.25 1.26 1.27 1.29 1.28 1.31 1.30 1.32 1.33 1.34 1.35 1.35 1.38 81.91 81.91 5.13 5.09 5.06 5.11 1.98 1.98 1.95 1.95 1.89 1.85 1.81 1.81 1.79 1.79 1.81 1.82 6.90 6.89 6.82 6.57 6.50 6.48 6.47 6.81 7.40 7.97 7.91 7.87 6.29 6.28 3.16 3.14 3.13 3.12 3.09 3.08 3.05 3.04 2.69 2.64 2.60 2.59 2.62 2.69 2.84 2.88 2.95 3.00 3.07 3.11 3.19 3.25 3.31 3.40 3.46 3.53 3.62 3.70 3.82 3.88 3.87 3.89 4.38 4.49 4.64 4.78 4.99 5.14 5.24 5.23 5.24 5.25 5.14 5.26 5.47 4.69 4.69 4.72 5.21 5.16 8.29 9.65 9.66 9.71 9.89 11.23 11.65 13.00 15.06 15.34 15.59 15.59 15.58 15.58 15.57 15.57 15.56 15.58 15.58 15.59 15.58 15.59 15.59 15.61 15.72 15.68 15.29 14.27 12.84 12.70 9.78 9.74 9.70 9.68 9.62 8.37 8.28 7.88 7.50 6.96 6.97 5.54 5.38 5.33 5.32 5.33 5.32 5.27 5.30 5.39 5.27 5.12 4.90 4.77 4.62 4.50 4.05 3.95 3.94 3.94 3.85 3.74 3.67 3.60 3.53 3.47 3.40 3.34 3.28 3.22 3.16 3.11 3.06 3.01 2.96 2.91 2.81 2.71 2.69 2.71 2.73 2.76 2.92 2.94 2.95 2.97 5.56 5.49 5.49 5.59 5.51 5.44 5.37 5.31 5.25 5.24 5.28 5.32 5.35 5.40 5.42 5.68 6.05 6.09 1.99 1.96 1.94 1.93 1.93 1.95 1.98 2.06 2.13 2.16 81.91 3.15 3.14 3.14 3.13 8.95 8.66 8.62 8.72 1.52 1.50 1.49 1.49 1.48 1.47 1.45 1.44 1.44 1.42 1.41 1.42 1.40 1.39 1.38 1.38 1.36 1.35 1.35 1.33 1.33 1.32 1.32 1.31 1.30 1.30 1.29 1.29 1.28 1.27 1.27 1.26 1.26 1.25 1.25 1.25 1.26 1.27 1.31 1.33 1.38 1.40 1.43 1.43 1.49 1.48 1.48 1.48 1.47 1.47 1.46 1.46 1.45 1.45 1.53 1.48 3.53 3.66 3.93 4.05 4.32 4.30 4.30 4.30 4.29 4.29 4.29 4.29 4.28 1.46 1.48 1.49 1.50 1.47 1.45 1.47 4.28 4.29 4.007386 2.433723 -0.523903 4.042021 2.413712 -0.523903 1281.080245 magnum 69.591000
ODOM 4.093507 2.383966 -0.523903 0.507000 -0.000067 0.000000 1281.222606 magnum 69.703120
ODOM 4.137232 2.358704 -0.525437 0.501000 -0.000034 0.000000 1281.342577 magnum 69.822753
FLASER 360 1.21 1.21 1.21 1.21 1.21 1.24 4.27 4.28 4.28 4.28 4.69 4.47 4.25 4.02 3.87 3.49 3.48 3.51 3.58 3.85 4.03 4.39 3.33 2.68 2.45 2.46 2.46 2.49 2.51 2.74 2.63 2.66 2.67 2.68 2.67 1.34 1.34 1.29 1.29 1.28 1.29 1.30 1.32 1.32 1.32 1.26 1.26 1.23 1.22 1.18 1.18 1.19 1.19 1.19 1.20 1.20 1.21 1.22 1.22 1.23 1.24 1.24 1.25 1.26 1.26 1.28 1.28 1.29 1.30 4.79 4.81 4.84 4.88 4.91 4.97 81.91 81.91 5.08 1.92 1.89 1.89 1.87 1.82 1.76 1.75 1.72 1.71 1.72 1.74 1.74 5.81 5.85 6.81 6.83 6.84 6.79 6.68 6.45 6.41 6.35 6.46 7.09 7.93 7.87 7.82 7.75 6.25 3.06 3.05 3.03 3.02 2.99 2.98 2.96 2.65 2.54 2.53 2.51 2.51 2.58 2.73 2.77 2.81 2.87 2.93 2.98 3.04 3.09 3.15 3.22 3.30 3.36 3.43 3.50 3.59 3.67 3.75 3.76 3.79 3.94 4.33 4.45 4.57 4.73 4.90 5.04 5.14 5.12 5.15 5.13 5.00 5.00 5.26 6.70 6.80 6.87 4.59 5.04 5.04 9.58 9.55 9.60 9.69 11.12 11.17 11.90 13.22 15.14 15.33 15.47 15.47 15.46 15.47 15.47 15.47 15.46 15.47 15.47 15.48 15.48 15.50 15.49 15.54 15.60 15.57 15.09 14.14 12.61 11.52 9.74 9.64 9.60 9.59 9.49 8.23 8.16 7.71 7.34 6.85 6.87 5.42 5.30 5.22 5.21 5.23 5.23 5.18 5.18 5.30 5.21 5.05 4.86 4.71 4.58 4.45 4.35 3.90 3.85 3.85 3.82 3.71 3.63 3.56 3.49 3.43 3.37 3.31 3.25 3.19 3.14 3.08 3.04 2.98 2.93 2.89 2.84 2.81 2.69 2.61 2.61 2.62 2.64 2.67 2.84 2.87 2.87 2.88 5.38 5.46 5.49 5.42 5.35 5.29 5.22 5.17 5.18 5.23 5.27 5.29 5.33 5.36 5.54 5.98 6.01 6.01 7.10 81.91 1.94 1.89 1.86 1.85 1.86 1.88 1.89 1.99 2.05 2.07 3.08 3.08 3.07 3.09 8.58 8.68 8.63 8.49 7.63 7.57 81.91 1.46 1.44 1.43 1.42 1.42 1.41 1.41 1.39 1.39 1.37 1.36 1.36 1.35 1.35 1.34 1.33 1.33 1.32 1.31 1.30 1.29 1.29 1.28 1.28 1.27 1.26 1.26 1.26 1.26 1.25 1.25 1.24 1.24 1.24 1.23 1.22 1.22 1.22 1.21 1.21 1.26 1.27 1.35 1.37 1.41 1.42 1.46 1.45 1.45 1.45 1.44 1.44 1.43 1.43 1.43 1.43 1.45 1.48 4.30 4.28 4.29 4.28 4.29 1.43 1.47 1.48 1.48 1.50 1.46 1.46 4.29 4.28 4.087017 2.387761 -0.524890 4.121632 2.367717 -0.524890 1281.291135 magnum 69.822923
ODOM 4.223766 2.308531 -0.530039 0.493000 -0.000179 0.000000 1281.462922 magnum 69.942685
ODOM 4.266899 2.283256 -0.534641 0.510000 -0.000067 0.000000 1281.582550 magnum 70.062604
FLASER 360 4.27 4.30 4.26 4.27 4.27 4.26 4.27 4.72 4.48 4.32 4.09 3.85 3.47 3.47 3.49 3.68 3.82 4.17 4.37 2.46 2.43 2.43 2.45 2.47 2.61 81.91 1.34 1.31 1.28 1.27 1.27 1.27 1.27 1.29 1.29 1.27 1.26 1.21 1.20 1.16 1.15 1.13 1.13 1.14 1.14 1.15 1.16 1.16 1.16 1.18 1.19 1.18 1.19 1.20 1.20 1.21 1.21 1.22 1.23 1.24 1.25 1.26 4.72 4.73 4.70 4.66 4.68 4.71 4.74 4.78 4.82 4.84 4.89 1.85 1.83 1.81 1.80 1.72 1.70 1.67 1.66 1.64 1.66 1.67 1.69 5.81 5.78 5.67 5.68 5.73 5.78 6.73 6.75 6.76 6.72 6.58 6.39 6.33 6.28 6.35 6.95 6.97 7.81 7.75 3.03 2.96 2.97 2.94 2.93 2.91 2.90 2.74 2.52 2.43 2.42 2.40 2.43 2.52 2.63 2.67 2.71 2.76 2.82 2.87 2.92 2.98 3.03 3.08 3.14 3.21 3.27 3.34 3.41 3.49 3.56 3.65 3.67 3.66 3.73 4.18 4.30 4.42 4.53 4.72 4.86 4.99 5.01 4.99 5.03 4.98 4.88 4.89 5.24 6.61 6.70 4.55 5.66 4.92 8.10 9.49 9.43 9.49 9.57 9.67 11.05 11.61 12.96 14.84 15.16 15.38 15.37 15.36 15.37 15.36 15.36 15.35 15.37 15.36 15.37 15.37 15.38 15.38 15.40 15.50 15.47 15.12 14.05 12.67 12.49 9.57 9.53 9.51 9.47 9.47 8.24 8.08 7.88 7.45 6.78 6.74 6.76 5.28 5.16 5.10 5.12 5.12 5.12 5.05 5.09 5.18 5.08 4.94 4.76 4.61 4.49 4.38 4.25 3.85 3.73 3.73 3.71 3.65 3.57 3.51 3.44 3.38 3.31 3.26 3.20 3.15 3.09 3.04 2.99 2.94 2.89 2.85 2.80 2.77 2.73 2.68 2.56 2.52 2.52 2.53 2.56 2.57 2.75 2.77 2.79 2.80 5.44 5.38 5.31 5.25 5.19 5.12 5.05 5.09 5.15 5.18 5.22 5.24 5.29 5.52 5.91 5.94 9.55 9.07 81.91 7.54 7.59 7.69 1.84 1.80 1.79 1.78 1.80 1.81 1.83 1.86 2.01 2.02 3.01 3.01 8.58 8.51 8.33 7.54 7.50 81.91 81.91 81.91 2.67 2.63 2.65 1.44 1.39 1.38 1.37 1.36 1.35 1.35 1.34 1.34 1.33 1.32 1.31 1.31 1.30 1.30 1.29 1.29 1.28 1.27 1.27 1.26 1.26 1.26 1.25 1.25 1.24 1.24 1.23 1.23 1.22 1.22 1.22 1.21 1.21 1.21 1.19 1.19 1.19 1.18 1.19 1.18 1.18 1.18 1.23 1.26 1.38 1.38 1.41 1.43 1.42 1.42 1.43 1.43 1.43 1.42 1.42 1.43 1.42 1.42 1.49 1.49 1.45 1.47 1.46 4.28 4.210351 2.316496 -0.532285 4.244817 2.296196 -0.532285 1281.510551 magnum 70.062769
ODOM 4.310350 2.257526 -0.537709 0.492000 -0.000067 0.000000 1281.703285 magnum 70.182403
ODOM 4.353274 2.231929 -0.540777 0.509500 -0.000062 0.000000 1281.822849 magnum 70.302270
FLASER 360 4.27 4.26 4.26 4.26 4.26 5.13 4.47 4.16 3.96 3.46 3.47 3.47 3.58 3.85 3.98 2.42 2.41 1.39 1.33 1.24 1.25 1.24 1.25 1.25 1.25 1.28 1.27 1.22 1.20 1.14 1.12 1.11 1.11 1.11 1.11 1.12 1.12 1.12 1.13 1.14 1.14 1.14 1.15 1.16 1.16 1.15 1.17 1.17 1.17 1.18 1.18 1.18 1.20 81.91 5.18 5.09 5.03 81.91 81.91 81.91 4.67 4.68 4.66 4.59 4.61 4.65 4.68 1.83 1.79 1.78 1.77 1.70 1.66 1.61 1.60 1.58 1.59 1.59 1.60 1.60 4.99 4.99 5.14 6.15 5.74 5.69 5.60 5.59 5.63 5.76 6.66 6.66 6.69 6.64 6.55 6.31 6.26 6.21 6.23 6.81 7.00 7.75 2.93 2.89 2.87 2.85 2.85 2.82 2.81 2.46 2.38 2.32 2.32 2.31 2.35 2.47 2.54 2.58 2.62 2.66 2.71 2.75 2.80 2.85 2.90 2.96 3.01 3.07 3.12 3.18 3.26 3.32 3.39 3.46 3.54 3.57 3.56 3.60 4.04 4.14 4.25 4.37 4.50 4.66 4.81 4.91 4.90 4.89 4.93 4.93 4.93 4.99 5.08 4.37 4.44 4.42 5.53 4.81 7.98 9.41 9.33 9.36 9.39 9.64 10.91 11.27 12.62 14.67 15.01 15.23 15.26 15.25 15.25 15.25 15.26 15.25 15.25 15.25 15.26 15.25 15.26 15.26 15.27 15.32 15.40 15.33 14.31 13.90 12.41 11.30 9.52 9.41 9.39 9.36 9.29 8.06 7.96 7.62 7.27 6.64 6.65 6.66 5.19 5.03 4.98 4.97 5.00 4.99 4.95 4.94 5.09 4.99 4.86 4.69 4.55 4.43 4.31 4.20 4.10 3.67 3.63 3.62 3.60 3.52 3.45 3.40 3.33 3.28 3.22 3.16 3.10 3.05 3.00 2.95 2.90 2.86 2.81 2.78 2.75 2.70 2.67 2.63 2.58 2.46 2.41 2.40 2.43 2.45 2.51 2.66 2.67 2.68 2.72 5.28 5.21 5.16 5.09 5.02 4.97 4.99 5.04 5.06 5.12 5.14 5.18 5.38 5.83 5.85 6.95 81.91 9.42 7.50 81.91 7.57 7.52 7.55 8.94 5.99 1.75 1.73 1.71 1.71 1.72 1.73 1.77 1.82 1.96 2.94 8.26 7.46 7.42 81.91 81.91 81.91 4.68 4.68 2.64 2.59 2.57 2.62 2.68 6.19 6.05 1.51 1.35 1.33 1.32 1.31 1.31 1.30 1.29 1.29 1.28 1.28 1.27 1.27 1.26 1.26 1.26 1.26 1.25 1.25 1.24 1.24 1.23 1.23 1.22 1.22 1.22 1.21 1.21 1.19 1.19 1.20 1.19 1.19 1.19 1.19 1.19 1.19 1.19 1.19 1.17 1.18 1.18 1.17 1.17 1.17 1.19 1.20 1.37 1.37 1.43 1.42 1.43 1.42 1.43 1.43 1.42 1.42 4.286108 2.272016 -0.538431 4.320448 2.251504 -0.538431 1281.720208 magnum 70.302414
ODOM 4.396133 2.206193 -0.542311 0.508500 0.000084 0.000000 1281.942493 magnum 70.427079
FLASER 360 4.27 4.27 4.27 4.53 4.45 3.98 3.45 3.46 3.47 1.23 1.23 1.22 1.22 1.23 1.23 1.25 1.26 1.22 1.19 1.11 1.10 1.09 1.09 1.10 1.10 1.10 1.10 1.10 1.10 1.11 1.11 1.11 1.11 1.11 1.11 1.11 1.12 1.13 1.13 1.14 1.14 1.14 1.15 1.24 1.28 1.32 7.55 7.56 7.60 7.62 7.67 7.72 5.15 5.06 5.00 81.91 81.91 81.91 4.61 4.62 4.60 4.55 1.74 1.71 1.70 1.65 1.61 1.54 1.54 1.50 1.51 1.52 1.53 1.53 4.79 4.78 4.84 6.26 4.94 4.91 4.93 6.27 6.09 5.66 5.63 5.51 5.52 5.57 5.65 6.58 6.59 6.62 6.58 6.48 6.24 6.19 6.15 6.13 6.71 6.86 2.83 2.80 2.79 2.77 2.75 2.72 2.69 2.30 2.26 2.23 2.23 2.24 2.29 2.42 2.44 2.50 2.53 2.57 2.61 2.66 2.69 2.74 2.79 2.84 2.89 2.94 2.99 3.05 3.10 3.17 3.23 3.30 3.36 3.43 3.48 3.46 3.48 3.91 4.00 4.12 4.22 4.33 4.46 4.61 4.75 4.82 4.80 4.79 4.67 4.84 4.83 4.89 4.99 4.29 4.33 4.29 5.40 4.71 7.87 9.32 9.23 9.24 9.29 9.41 10.80 10.89 12.14 12.92 14.79 14.98 15.16 15.15 15.15 15.15 15.15 15.13 15.16 15.14 15.15 15.15 15.15 15.15 15.17 15.18 15.30 15.25 14.90 13.83 12.33 12.27 9.41 9.31 9.32 9.27 9.27 9.13 7.90 7.80 7.38 7.06 6.53 6.54 6.59 5.06 4.92 4.87 4.89 4.90 4.90 4.83 4.85 4.93 4.90 4.78 4.61 4.47 4.36 4.23 4.13 4.03 3.68 3.54 3.53 3.52 3.48 3.41 3.34 3.29 3.23 3.17 3.13 3.07 3.02 2.97 2.92 2.87 2.83 2.79 2.74 2.71 2.67 2.64 2.60 2.56 2.54 2.49 2.37 2.32 2.31 2.32 2.37 2.39 2.58 2.58 2.61 2.60 5.12 5.06 5.00 4.93 4.90 4.91 4.95 4.99 5.02 5.06 5.11 5.32 5.75 5.76 6.85 81.91 9.35 7.43 7.63 7.47 7.49 8.88 8.83 5.91 5.85 5.88 6.90 6.92 1.68 1.66 1.65 1.64 1.65 1.67 1.69 1.74 1.86 81.91 81.91 81.91 4.63 4.63 4.62 4.62 4.61 2.54 2.51 2.51 2.61 2.62 6.05 6.10 6.18 7.48 1.49 1.48 1.38 1.33 1.28 1.27 1.26 1.26 1.26 1.26 1.26 1.25 1.25 1.24 1.24 1.24 1.23 1.23 1.22 1.22 1.21 1.20 1.20 1.21 1.20 1.20 1.19 1.19 1.19 1.19 1.19 1.19 1.19 1.19 1.18 1.18 1.18 1.18 1.17 1.17 1.17 1.17 1.17 1.16 1.16 1.16 1.16 1.16 1.15 1.17 4.361669 2.226960 -0.542304 4.395930 2.206315 -0.542304 1281.930496 magnum 70.427186
ODOM 4.481757 2.154598 -0.543845 0.494000 -0.000022 0.000000 1282.063070 magnum 70.542874
ODOM 4.524938 2.128488 -0.545379 0.505500 -0.000017 0.000000 1282.170264 magnum 70.649335
FLASER 360 1.21 1.22 1.22 1.22 1.23 1.24 1.24 1.19 1.16 1.07 1.07 1.07 1.07 1.07 1.08 1.08 1.08 1.08 1.09 1.09 1.09 1.09 1.09 1.10 1.10 1.11 1.11 1.11 1.11 1.11 1.11 1.11 1.11 1.21 1.23 1.30 1.34 7.20 7.24 7.25 7.27 7.29 7.32 7.41 7.48 7.52 7.52 7.58 7.59 7.63 5.10 5.01 4.94 81.91 81.91 81.91 1.69 1.66 1.65 1.55 1.51 1.48 1.47 1.45 1.45 1.47 1.47 4.67 7.31 8.03 4.80 4.73 4.72 4.73 4.88 6.18 4.90 4.84 4.86 5.09 6.17 5.63 5.57 5.46 5.44 5.48 5.50 6.36 6.51 6.51 6.55 6.48 6.40 6.14 6.10 6.03 6.06 2.75 2.72 2.71 2.70 2.67 2.66 2.31 2.23 2.16 2.16 2.14 2.16 2.22 2.31 2.35 2.38 2.42 2.45 2.50 2.54 2.58 2.62 2.67 2.69 2.74 2.80 2.85 2.89 2.94 2.99 3.05 3.10 3.16 3.23 3.29 3.36 3.37 3.36 3.43 3.81 3.91 3.98 4.11 4.22 4.33 4.47 4.61 4.72 4.69 4.69 4.50 4.74 4.73 4.72 4.84 4.26 4.18 4.17 4.21 4.64 4.60 7.76 9.23 9.12 9.14 9.17 9.32 10.69 10.79 12.04 12.80 14.63 14.82 15.06 15.04 15.05 15.03 15.04 15.03 15.05 15.04 15.04 15.04 15.04 15.04 15.06 15.06 15.15 15.16 15.00 13.78 12.35 12.16 9.42 9.29 9.20 9.18 9.15 9.06 7.85 7.76 7.43 7.09 6.48 6.42 6.46 7.34 4.90 4.79 4.77 4.77 4.80 4.77 4.74 4.74 4.86 4.78 4.64 4.50 4.37 4.25 4.15 4.05 3.95 3.85 3.47 3.43 3.43 3.41 3.35 3.29 3.23 3.17 3.11 3.07 3.02 2.97 2.92 2.87 2.83 2.79 2.75 2.71 2.67 2.64 2.60 2.56 2.53 2.50 2.46 2.43 2.40 2.29 2.24 2.23 2.25 2.25 2.31 2.43 2.51 2.51 2.54 4.95 4.89 4.85 4.79 4.83 4.87 4.91 4.96 5.00 5.02 5.30 5.70 5.81 81.91 9.28 7.38 81.91 7.42 7.37 7.41 8.77 5.89 5.85 5.77 5.76 6.87 6.87 8.23 8.26 8.38 8.34 1.62 1.60 1.59 1.59 1.58 1.60 1.62 1.64 7.86 4.58 4.58 4.57 4.55 4.56 4.55 4.55 2.47 2.45 2.50 2.58 6.14 7.43 7.39 7.37 7.34 6.81 6.67 6.65 1.45 1.43 1.42 1.39 1.25 1.24 1.24 1.24 1.23 1.23 1.22 1.22 1.21 1.21 1.20 1.20 1.20 1.19 1.19 1.19 1.19 1.18 1.18 1.19 1.18 1.19 1.19 1.19 1.18 1.18 1.18 1.18 1.17 1.17 1.17 1.17 1.17 1.17 1.17 1.17 1.16 1.16 4.487380 2.151264 -0.545260 4.521580 2.130519 -0.545260 1282.150591 magnum 70.649474
ODOM 4.567250 2.102815 -0.545379 0.494500 0.000129 0.000000 1282.283094 magnum 70.762421
ODOM 4.610391 2.076638 -0.546913 0.503500 -0.000028 0.000000 1282.403168 magnum 70.882850
FLASER 360 1.06 1.06 1.07 1.07 1.07 1.07 1.07 1.07 1.08 1.08 1.07 1.07 1.07 1.08 1.08 1.08 1.08 1.09 1.09 1.09 1.09 1.10 1.10 1.20 1.22 1.27 1.27 1.36 2.20 2.23 2.23 2.25 2.26 6.99 6.79 7.18 7.19 7.20 7.24 7.24 7.28 7.31 7.44 7.49 7.51 7.52 7.54 7.60 5.06 1.62 1.62 1.55 1.52 1.40 1.41 1.37 1.39 1.38 1.40 1.39 1.42 4.52 4.55 4.57 4.60 4.61 7.22 7.25 4.72 4.67 4.65 4.66 4.74 5.66 4.88 4.78 4.79 4.94 6.16 5.84 5.54 5.47 5.36 5.37 5.44 5.52 6.31 6.42 6.44 6.45 6.42 6.14 6.07 6.01 2.70 2.65 2.64 2.61 2.60 2.57 2.21 2.10 2.08 2.06 2.06 2.09 2.15 2.24 2.27 2.29 2.32 2.35 2.39 2.43 2.46 2.50 2.54 2.57 2.61 2.66 2.70 2.74 2.79 2.84 2.88 2.94 2.99 3.05 3.10 3.16 3.23 3.28 3.29 3.28 3.37 3.73 3.80 3.90 3.98 4.09 4.22 4.34 4.47 4.60 4.61 4.59 4.48 4.39 4.64 4.61 4.66 4.76 4.08 4.06 4.08 5.22 4.54 7.63 7.67 9.10 9.01 9.05 9.07 9.26 10.59 10.70 11.90 12.70 14.48 14.71 14.96 14.94 14.94 14.93 14.94 14.93 14.93 14.93 14.95 14.94 14.94 14.95 14.96 14.95 15.03 15.07 15.00 13.79 13.59 12.07 10.98 9.21 9.10 9.07 9.05 9.03 7.82 7.67 7.50 7.10 6.82 6.31 6.34 6.37 4.88 4.77 4.68 4.67 4.69 4.70 4.67 4.63 4.67 4.75 4.66 4.52 4.40 4.27 4.16 4.05 3.97 3.87 3.77 3.42 3.35 3.33 3.34 3.29 3.23 3.16 3.12 3.06 3.01 2.96 2.92 2.87 2.83 2.78 2.75 2.71 2.67 2.64 2.60 2.56 2.53 2.50 2.45 2.43 2.40 2.36 2.34 2.31 2.23 2.17 2.16 2.15 2.17 2.19 2.25 2.41 2.42 2.43 4.80 4.75 4.73 4.76 4.81 4.85 4.88 4.92 4.97 5.29 5.64 5.62 9.21 7.26 7.32 7.42 7.32 7.37 8.71 8.65 5.80 5.76 5.77 5.74 6.82 8.19 8.17 8.27 8.28 8.20 7.96 7.33 7.26 7.20 1.60 1.56 1.54 1.53 1.53 1.52 1.57 1.57 1.62 4.51 4.51 4.50 4.47 5.70 2.45 2.42 2.41 2.47 7.34 7.31 7.30 6.72 6.64 6.60 6.63 6.79 7.00 7.17 7.14 7.14 7.21 1.43 1.39 1.39 1.36 1.33 1.22 1.20 1.21 1.20 1.20 1.20 1.20 1.20 1.19 1.19 1.19 1.18 1.19 1.18 1.19 1.19 1.19 1.19 1.18 1.18 1.18 1.18 1.18 1.18 1.17 1.17 1.17 1.17 4.564934 2.104273 -0.546512 4.599108 2.083485 -0.546512 1282.360241 magnum 70.882995
ODOM 4.653077 2.050648 -0.548447 0.503500 0.000028 0.000000 1282.522670 magnum 71.005222
ODOM 4.695723 2.024593 -0.549981 0.501000 -0.000034 0.000000 1282.642450 magnum 71.127682
FLASER 360 1.07 1.07 1.07 1.07 1.07 1.07 1.07 1.07 1.07 1.07 1.08 1.09 1.12 1.24 1.24 1.24 1.25 1.28 1.30 1.71 2.12 2.15 2.17 2.24 2.22 2.20 2.23 6.72 6.99 7.04 7.08 7.00 81.91 7.15 7.14 7.20 7.20 7.24 7.24 7.29 7.34 7.43 7.46 1.54 1.49 1.37 1.37 1.33 1.34 1.35 1.36 1.37 1.38 4.41 4.37 4.39 4.41 4.44 4.45 4.47 4.49 4.50 4.53 4.56 7.12 7.16 4.68 4.61 4.60 4.60 4.67 5.55 4.85 4.72 4.72 4.83 6.15 5.97 5.49 5.41 5.30 5.32 5.36 5.38 6.18 6.36 6.36 6.38 6.36 6.28 6.02 2.59 2.58 2.54 2.53 2.50 2.16 2.03 2.01 1.97 1.98 1.99 2.02 2.13 2.16 2.19 2.22 2.24 2.27 2.30 2.33 2.36 2.39 2.43 2.45 2.51 2.54 2.57 2.62 2.66 2.70 2.74 2.79 2.84 2.89 2.94 3.00 3.05 3.09 3.16 3.18 3.16 3.19 3.57 3.64 3.71 3.80 3.90 3.98 4.10 4.22 4.36 4.48 4.52 4.49 4.10 4.14 4.54 4.52 4.54 4.65 3.96 3.96 3.96 4.00 4.70 4.49 7.52 7.59 8.99 8.89 8.95 8.97 9.18 10.48 10.63 11.85 12.60 14.39 14.59 14.85 14.82 14.82 14.82 14.83 14.81 14.81 14.81 14.82 14.82 14.83 14.82 14.84 14.84 14.90 14.97 14.91 14.40 13.47 11.98 11.95 9.02 8.99 8.97 8.95 8.94 8.78 7.56 7.51 7.12 6.84 6.24 6.22 6.24 7.17 4.74 4.62 4.56 4.57 4.58 4.60 4.54 4.53 4.57 4.66 4.54 4.42 4.28 4.17 4.07 3.97 3.88 3.78 3.70 3.60 3.28 3.23 3.23 3.23 3.16 3.11 3.06 3.01 2.96 2.91 2.87 2.82 2.78 2.74 2.71 2.67 2.63 2.60 2.57 2.53 2.49 2.45 2.43 2.39 2.36 2.34 2.31 2.28 2.26 2.24 2.21 2.10 2.07 2.06 2.06 2.10 2.12 2.29 2.33 2.36 2.37 4.64 4.68 4.73 4.76 4.80 4.84 4.88 5.24 5.54 9.13 9.07 7.24 81.91 7.27 7.25 7.27 8.58 6.85 5.71 5.68 5.70 6.75 6.85 8.08 8.17 8.24 8.19 8.04 7.41 7.21 7.18 7.15 81.91 81.91 7.75 7.71 7.25 7.40 1.51 1.50 1.48 1.48 1.48 1.48 1.53 1.54 5.73 5.71 5.71 2.40 2.37 2.37 2.49 6.65 6.59 6.57 6.63 6.77 7.05 7.12 7.10 7.10 7.17 7.15 4.74 4.70 4.96 2.60 2.59 2.57 1.38 1.37 1.37 1.37 1.33 1.30 1.19 1.18 1.19 1.18 1.19 1.19 1.19 1.19 1.19 1.19 1.18 1.18 1.18 1.18 1.18 1.18 1.18 1.18 4.642621 2.057076 -0.549298 4.676737 2.036193 -0.549298 1282.580162 magnum 71.127813
ODOM 4.781752 1.971850 -0.556117 0.493500 -0.000207 0.000000 1282.762857 magnum 71.241822
ODOM 4.823775 1.945730 -0.559185 0.504000 0.000034 0.000000 1282.882986 magnum 71.362549
FLASER 360 1.07 1.20 1.21 1.23 1.24 1.23 1.23 1.31 1.26 1.59 1.58 1.71 2.06 2.10 2.10 2.12 2.14 2.21 2.23 2.17 2.19 7.05 7.06 7.07 7.09 6.66 6.95 7.00 7.06 7.07 81.91 6.97 7.15 7.13 7.18 1.55 1.46 1.34 1.35 1.31 1.31 1.31 1.32 1.33 1.34 4.83 4.77 81.91 81.91 4.37 4.40 4.33 4.32 4.33 4.35 4.37 4.39 4.42 4.44 4.46 4.48 4.51 7.04 7.08 4.61 4.55 4.54 4.55 4.59 5.48 4.79 4.66 4.65 4.72 6.11 6.00 5.64 5.36 5.26 5.23 5.24 5.27 5.54 6.14 6.29 6.29 6.34 6.27 2.51 2.47 2.46 2.43 2.07 1.94 1.92 1.90 1.91 1.90 1.94 2.04 2.06 2.09 2.11 2.14 2.17 2.19 2.22 2.24 2.27 2.30 2.33 2.36 2.39 2.43 2.46 2.50 2.55 2.58 2.62 2.66 2.70 2.75 2.80 2.84 2.88 2.93 2.99 3.04 3.09 3.07 3.09 3.17 3.47 3.56 3.63 3.71 3.80 3.89 3.99 4.10 4.24 4.35 4.42 4.39 4.03 4.05 4.44 4.43 4.43 4.50 3.97 5.99 6.00 3.84 5.07 4.37 4.28 7.41 7.44 8.84 8.79 8.85 8.86 9.16 10.36 10.54 11.76 12.50 14.27 14.48 14.75 14.71 14.73 14.73 14.72 14.71 14.71 14.71 14.72 14.71 14.73 14.73 14.74 14.73 14.77 14.87 14.81 14.37 13.37 11.97 11.84 8.98 8.88 8.88 8.84 8.84 8.72 7.49 7.44 7.18 6.85 6.57 6.11 6.12 6.17 8.70 4.61 4.48 4.46 4.46 4.49 4.50 4.44 4.43 4.48 4.55 4.44 4.32 4.18 4.09 3.98 3.89 3.78 3.71 3.63 3.55 3.23 3.15 3.14 3.13 3.10 3.05 3.00 2.96 2.92 2.87 2.82 2.79 2.74 2.69 2.67 2.63 2.59 2.57 2.53 2.49 2.45 2.43 2.39 2.37 2.33 2.31 2.28 2.26 2.23 2.22 2.20 2.17 2.14 2.13 2.01 1.99 1.97 1.98 2.03 2.04 2.20 2.26 2.29 2.29 4.66 4.68 4.73 4.76 4.81 5.17 5.49 9.00 7.18 7.19 7.23 7.16 7.31 8.54 6.79 6.77 5.64 5.59 5.58 6.68 8.04 8.06 8.19 8.16 8.03 7.86 7.19 7.14 7.10 81.91 81.91 7.70 7.68 7.61 7.18 7.50 7.54 7.59 7.61 7.58 6.07 5.97 1.45 1.43 1.43 1.43 1.43 1.44 1.48 1.50 2.37 2.33 2.32 2.42 6.61 6.77 7.06 7.09 7.08 7.07 7.13 7.12 7.09 4.71 4.69 4.98 6.70 6.79 2.58 2.56 2.54 2.52 2.53 2.52 2.55 1.48 1.35 1.35 1.35 1.34 1.35 1.32 1.18 1.18 1.18 1.18 1.18 1.18 1.18 1.18 4.760538 1.985080 -0.557047 4.794490 1.963933 -0.557047 1282.790330 magnum 71.362687
ODOM 4.866535 1.918971 -0.559185 0.509500 -0.000106 0.000000 1283.010033 magnum 71.504056
FLASER 360 1.85 1.58 1.59 1.56 1.59 2.07 2.07 2.08 2.09 2.10 2.11 2.16 2.21 2.21 2.17 2.20 2.22 6.99 7.01 7.01 7.03 7.04 7.06 7.05 6.66 6.95 7.03 7.05 1.39 1.33 1.32 1.29 1.29 1.29 1.29 1.32 1.32 7.18 7.30 7.33 7.35 7.34 4.90 4.79 4.73 4.52 4.44 4.34 4.35 4.29 4.26 4.28 4.30 4.32 4.35 4.36 4.38 4.40 4.43 4.44 6.95 6.98 4.59 4.50 4.48 4.48 4.49 5.39 5.40 4.61 4.59 4.61 4.80 6.04 5.93 5.34 5.30 5.14 5.20 5.23 5.23 6.02 6.07 6.22 6.23 2.42 2.40 2.37 2.02 1.87 1.84 1.82 1.82 1.82 1.84 1.94 1.97 1.99 2.01 2.04 2.06 2.08 2.10 2.13 2.15 2.18 2.21 2.23 2.26 2.28 2.32 2.36 2.38 2.42 2.45 2.49 2.54 2.58 2.60 2.64 2.68 2.73 2.77 2.81 2.86 2.91 2.97 2.99 2.99 2.99 3.10 3.38 3.44 3.52 3.59 3.67 3.76 3.84 3.95 4.06 4.18 4.30 4.31 4.28 3.92 3.98 4.34 4.32 4.33 4.43 4.49 5.87 3.76 3.72 5.13 4.24 4.16 7.31 7.37 8.78 8.68 8.72 8.75 8.88 10.27 10.30 10.85 12.09 13.93 14.34 14.59 14.62 14.62 14.61 14.61 14.60 14.60 14.59 14.61 14.61 14.61 14.61 14.62 14.62 14.63 14.71 14.74 14.67 13.45 13.26 11.76 10.48 8.82 8.75 8.77 8.72 8.74 8.57 7.36 7.32 7.02 6.71 6.35 6.01 6.02 6.05 8.60 4.51 4.40 4.36 4.37 4.38 4.40 4.34 4.32 4.35 4.44 4.39 4.28 4.15 4.04 3.93 3.85 3.76 3.67 3.59 3.51 3.45 3.17 3.06 3.03 3.03 3.03 2.97 2.93 2.88 2.84 2.80 2.76 2.71 2.68 2.65 2.61 2.58 2.55 2.50 2.46 2.44 2.41 2.37 2.35 2.32 2.28 2.27 2.24 2.23 2.20 2.18 2.14 2.14 2.11 2.09 2.07 2.05 1.97 1.92 1.90 1.90 1.91 1.93 1.99 2.14 2.21 2.21 4.65 4.67 4.73 4.93 5.41 8.91 7.09 81.91 7.14 7.10 7.25 8.46 6.74 6.70 6.64 5.55 5.50 5.51 7.98 8.02 8.13 8.09 7.96 7.78 7.12 7.08 7.05 81.91 81.91 7.68 7.62 7.57 7.12 7.46 7.51 7.54 7.56 7.54 6.06 6.00 5.79 5.76 5.80 5.97 6.10 7.21 1.43 1.43 1.40 1.40 1.40 1.40 1.45 1.52 2.31 7.06 7.05 7.05 7.11 7.10 7.08 6.73 4.68 4.66 4.99 5.03 6.92 6.90 4.82 6.19 2.54 2.53 2.51 2.51 2.50 2.55 2.52 2.52 1.57 1.71 1.47 1.36 1.34 1.34 1.34 1.34 4.831456 1.940924 -0.559185 4.865363 1.919704 -0.559185 1283.000225 magnum 71.504223
ODOM 4.908889 1.892465 -0.559185 0.499500 -0.000073 0.000000 1283.122982 magnum 71.602644
ODOM 4.950832 1.866216 -0.560719 0.488500 -0.000017 0.000000 1283.229389 magnum 71.710996
FLASER 360 2.04 2.08 2.09 2.11 2.10 2.15 2.17 2.23 2.16 2.18 2.21 6.88 6.89 6.96 6.98 6.97 6.98 6.99 7.01 1.33 1.32 1.27 1.27 1.28 1.28 1.27 1.31 1.42 6.70 7.01 7.05 7.05 7.09 7.10 7.12 7.13 7.20 7.30 7.31 4.91 4.83 4.71 4.56 4.42 4.33 4.30 4.30 4.22 4.23 4.25 4.27 4.29 4.31 4.33 4.35 4.37 4.39 4.39 6.89 6.93 4.49 4.43 4.41 4.43 4.46 5.35 4.68 4.53 4.53 4.58 4.93 5.98 5.90 5.27 5.22 5.08 5.12 5.16 5.16 5.94 5.98 2.35 2.33 1.89 1.82 1.76 1.75 1.73 1.75 1.77 1.84 1.88 1.90 1.92 1.94 1.95 1.98 2.01 2.02 2.05 2.06 2.09 2.12 2.14 2.17 2.19 2.22 2.24 2.27 2.30 2.33 2.36 2.39 2.43 2.46 2.50 2.54 2.58 2.61 2.66 2.68 2.74 2.78 2.83 2.88 2.89 2.89 2.89 2.98 3.26 3.32 3.40 3.46 3.53 3.61 3.68 3.77 3.87 3.98 4.10 4.21 4.21 4.19 3.81 3.97 4.23 4.24 4.21 4.30 4.39 5.81 3.64 3.63 5.88 4.12 4.07 7.17 7.21 7.27 8.64 8.59 8.64 8.65 8.93 10.14 10.24 11.05 12.16 13.90 14.26 14.55 14.50 14.52 14.50 14.50 14.48 14.50 14.49 14.50 14.50 14.51 14.50 14.50 14.51 14.53 14.60 14.63 14.55 13.33 13.16 11.65 10.39 8.72 8.66 8.67 8.61 8.63 8.48 7.27 7.22 6.99 6.67 6.41 5.90 5.90 5.92 6.90 4.46 4.39 4.28 4.25 4.27 4.29 4.29 4.23 4.22 4.26 4.34 4.26 4.15 4.03 3.93 3.85 3.75 3.66 3.59 3.51 3.44 3.38 3.31 3.01 2.93 2.95 2.94 2.92 2.87 2.82 2.79 2.75 2.70 2.67 2.63 2.59 2.57 2.53 2.50 2.46 2.43 2.39 2.36 2.34 2.31 2.29 2.26 2.23 2.21 2.19 2.17 2.14 2.13 2.10 2.08 2.07 2.04 2.02 2.01 1.99 1.97 1.92 1.86 1.83 1.82 1.83 1.84 1.90 1.93 2.13 2.14 4.65 4.91 5.35 6.98 7.03 7.12 7.04 7.10 8.40 8.34 6.65 6.59 5.50 5.48 5.53 6.67 7.95 8.06 8.04 7.94 7.79 7.26 7.04 7.01 7.00 81.91 81.91 7.58 7.55 7.14 7.26 7.47 7.46 7.52 7.49 7.46 6.00 5.94 5.72 5.71 5.89 5.94 6.09 7.17 7.14 7.13 7.00 6.50 6.48 6.46 1.44 1.42 1.37 1.37 1.37 1.37 1.41 1.42 7.06 6.63 6.56 4.64 4.75 4.99 6.90 6.90 4.81 4.86 6.17 4.80 2.55 2.54 2.52 2.51 2.49 2.47 1.39 1.47 1.39 1.41 1.39 1.42 4.912001 1.890582 -0.560538 4.945879 1.869316 -0.560538 1283.210974 magnum 71.711170
ODOM 4.993550 1.839391 -0.562253 0.499500 -0.000084 0.000000 1283.342727 magnum 71.825555
ODOM 5.035817 1.812759 -0.565321 0.499000 -0.000011 0.000000 1283.449636 magnum 71.936709
FLASER 360 2.14 2.31 1.48 2.15 2.17 6.45 6.88 6.84 6.86 6.90 6.90 1.26 1.26 1.26 1.26 1.26 1.26 1.33 1.38 6.99 6.65 6.65 6.66 6.93 6.95 6.88 6.61 7.00 7.02 7.03 7.04 7.05 7.08 7.10 7.11 7.24 7.27 4.88 4.77 4.67 4.47 4.34 4.26 4.28 4.21 4.18 4.20 4.22 4.24 4.25 4.27 4.29 4.30 4.33 4.35 5.93 6.79 6.85 4.43 4.38 4.36 4.38 4.42 5.23 4.61 4.48 4.48 4.52 4.55 5.89 5.91 5.54 5.19 5.03 5.05 5.04 5.06 2.28 1.88 1.72 1.70 1.67 1.67 1.69 1.71 1.77 1.80 1.81 1.83 1.85 1.87 1.88 1.91 1.92 1.94 1.97 1.99 2.01 2.03 2.05 2.07 2.09 2.12 2.14 2.16 2.19 2.21 2.24 2.27 2.29 2.33 2.36 2.39 2.43 2.46 2.50 2.54 2.58 2.61 2.65 2.69 2.74 2.77 2.80 2.80 2.80 2.84 3.13 3.19 3.25 3.32 3.39 3.44 3.52 3.61 3.67 3.76 3.86 3.98 4.09 4.11 4.09 3.68 3.82 4.14 4.12 4.10 4.14 3.83 5.82 5.68 3.53 5.77 4.90 4.02 6.81 7.08 7.11 8.61 8.54 8.49 8.53 8.54 8.79 10.05 10.10 10.79 11.93 13.72 14.14 14.40 14.42 14.41 14.39 14.40 14.39 14.39 14.39 14.40 14.39 14.40 14.40 14.41 14.40 14.42 14.47 14.54 14.48 14.00 13.04 11.57 11.51 8.73 8.62 8.56 8.53 8.51 8.46 7.32 7.13 7.06 6.73 6.44 6.08 5.81 5.81 5.85 8.40 4.36 4.27 4.17 4.15 4.17 4.17 4.19 4.12 4.12 4.14 4.25 4.18 4.06 3.96 3.86 3.77 3.68 3.61 3.52 3.46 3.39 3.33 3.27 3.21 2.91 2.85 2.86 2.85 2.83 2.79 2.75 2.71 2.68 2.63 2.60 2.57 2.53 2.50 2.46 2.43 2.40 2.37 2.34 2.31 2.29 2.26 2.23 2.21 2.19 2.17 2.14 2.13 2.11 2.08 2.06 2.04 2.02 2.01 1.99 1.97 1.95 1.94 1.91 1.89 1.88 1.87 1.78 1.77 1.74 1.75 1.78 1.80 1.89 2.05 5.26 6.97 81.91 7.01 6.97 7.14 8.30 6.61 6.58 6.54 5.44 5.42 5.39 5.42 7.95 8.01 7.97 7.82 7.62 7.05 6.98 6.96 81.91 81.91 7.59 7.51 7.49 7.07 7.39 7.43 7.44 7.48 7.45 7.40 5.98 5.92 5.70 5.69 5.85 5.89 6.01 7.13 7.12 7.11 6.97 6.46 6.45 6.44 6.46 6.64 6.96 7.00 6.96 6.99 1.46 1.47 1.36 1.36 1.34 1.34 1.35 1.36 6.89 6.88 6.86 4.79 6.16 6.16 5.51 5.54 4.27 2.56 2.52 1.47 1.39 1.38 1.48 2.53 4.996684 1.837543 -0.564933 5.030469 1.816129 -0.564933 1283.430610 magnum 71.936908
ODOM 5.120596 1.758977 -0.566855 0.501000 -0.000134 0.000000 1283.568557 magnum 72.049148
ODOM 5.162331 1.732411 -0.569923 0.508500 0.000017 0.000000 1283.682837 magnum 72.164876
FLASER 360 1.31 1.30 1.25 1.25 1.24 1.25 1.25 1.28 1.32 1.36 1.38 6.92 6.92 6.93 6.93 6.94 6.95 6.96 6.98 6.56 6.76 6.91 6.93 6.93 6.82 6.73 6.97 7.01 7.00 7.02 7.03 7.05 7.08 7.14 7.22 4.81 4.73 4.60 4.39 4.25 4.23 4.20 4.14 4.15 4.16 4.18 4.20 4.21 4.23 4.25 4.27 4.28 4.31 5.92 6.05 6.77 4.36 4.31 4.30 4.33 4.35 5.17 4.52 4.42 4.42 4.47 4.81 5.80 5.85 5.57 5.13 5.00 4.98 1.67 1.65 1.61 1.60 1.61 1.62 1.65 1.71 1.74 1.75 1.76 1.77 1.80 1.81 1.82 1.83 1.85 1.87 1.89 1.90 1.92 1.94 1.96 1.99 2.00 2.02 2.05 2.06 2.09 2.12 2.14 2.16 2.19 2.21 2.24 2.26 2.29 2.32 2.36 2.38 2.42 2.45 2.49 2.53 2.57 2.60 2.64 2.68 2.72 2.71 2.70 2.74 3.02 3.07 3.14 3.18 3.24 3.30 3.37 3.44 3.50 3.57 3.67 3.75 3.87 3.96 4.01 4.00 3.57 3.61 4.04 4.04 4.01 4.00 4.12 4.17 5.69 3.43 5.66 5.67 3.90 3.90 6.74 6.99 7.01 8.50 8.41 8.37 8.44 8.42 8.66 9.94 9.98 10.56 11.75 13.19 14.02 14.21 14.29 14.30 14.29 14.29 14.27 14.29 14.27 14.28 14.29 14.29 14.28 14.30 14.30 14.30 14.33 14.44 14.38 13.98 12.96 11.54 11.42 10.26 8.57 8.45 8.45 8.40 8.41 8.26 7.05 7.02 6.79 6.50 6.24 5.75 5.69 5.72 5.98 8.30 4.25 4.17 4.05 4.05 4.05 4.07 4.07 4.04 4.02 4.03 4.10 4.09 4.00 3.89 3.78 3.70 3.62 3.55 3.47 3.41 3.34 3.28 3.22 3.16 3.10 2.83 2.76 2.74 2.75 2.76 2.71 2.68 2.64 2.60 2.58 2.53 2.50 2.45 2.43 2.40 2.37 2.34 2.31 2.28 2.26 2.24 2.22 2.19 2.16 2.14 2.13 2.11 2.08 2.06 2.04 2.02 2.00 1.99 1.97 1.95 1.94 1.92 1.90 1.88 1.88 1.86 1.84 1.82 1.81 1.80 1.75 1.70 1.68 1.68 1.68 1.72 1.75 2.00 1.99 6.92 8.26 8.21 6.52 6.50 6.47 5.38 5.37 5.36 5.33 7.95 7.93 7.87 7.73 7.51 6.97 6.94 6.90 81.91 81.91 7.51 7.46 7.41 6.97 7.39 7.36 7.44 7.42 7.40 7.33 5.94 5.88 5.71 5.64 5.79 5.83 5.94 5.81 7.09 7.07 7.03 6.44 6.42 6.41 6.42 6.62 6.93 6.97 6.95 6.99 7.02 7.01 7.01 6.58 2.22 2.22 1.47 1.43 1.42 1.41 1.33 1.33 1.32 1.32 1.34 1.37 5.53 1.40 1.38 1.38 1.48 2.50 5.115027 1.762620 -0.568923 5.148726 1.741071 -0.568923 1283.640185 magnum 72.165086
ODOM 5.204800 1.705194 -0.571457 0.499500 -0.000207 0.000000 1283.789961 magnum 72.269413
ODOM 5.247226 1.677913 -0.572991 0.502000 0.000011 0.000000 1283.902505 magnum 72.380521
FLASER 360 1.36 1.37 6.42 6.79 6.78 6.80 6.81 6.79 6.90 6.91 6.91 6.91 6.91 6.92 6.93 6.94 6.95 6.55 6.63 6.63 6.90 6.91 6.87 6.61 6.94 6.97 6.97 7.00 7.00 7.01 7.04 7.05 7.13 4.76 4.65 4.40 4.31 4.19 4.21 4.11 4.09 4.11 4.13 4.15 4.15 4.18 4.19 4.21 4.23 4.24 4.26 5.83 5.83 6.70 4.30 4.25 4.25 4.27 4.31 5.12 4.45 4.36 4.36 4.40 4.79 5.60 5.77 1.61 1.59 1.55 1.54 1.55 1.55 1.58 1.62 1.66 1.67 1.69 1.70 1.71 1.72 1.74 1.74 1.76 1.78 1.79 1.80 1.82 1.83 1.86 1.87 1.89 1.90 1.92 1.94 1.95 1.98 2.00 2.02 2.05 2.06 2.08 2.12 2.12 2.15 2.18 2.20 2.23 2.26 2.28 2.31 2.35 2.38 2.41 2.44 2.47 2.52 2.56 2.59 2.61 2.62 2.61 2.64 2.91 2.96 3.00 3.06 3.12 3.16 3.24 3.29 3.36 3.43 3.49 3.57 3.65 3.74 3.86 3.91 3.89 3.52 3.48 3.95 3.92 3.93 3.89 3.99 4.08 5.59 3.32 3.32 5.55 5.56 3.76 4.50 6.66 6.90 6.89 8.40 8.31 8.27 8.32 8.32 8.53 9.84 9.85 10.39 11.54 12.32 13.89 14.00 14.19 14.19 14.17 14.19 14.17 14.17 14.17 14.17 14.18 14.19 14.17 14.18 14.19 14.19 14.20 14.32 14.29 14.21 12.98 12.84 11.33 11.32 8.47 8.34 8.34 8.30 8.27 8.24 7.26 6.92 6.88 6.56 6.30 6.07 5.59 5.59 5.61 6.56 8.20 4.15 4.07 3.97 3.94 3.96 3.96 3.97 3.95 3.92 3.92 3.98 4.02 3.93 3.83 3.74 3.65 3.58 3.50 3.43 3.37 3.29 3.24 3.18 3.12 3.08 3.00 2.85 2.69 2.65 2.65 2.67 2.64 2.60 2.57 2.54 2.50 2.46 2.44 2.41 2.38 2.35 2.31 2.29 2.27 2.24 2.22 2.19 2.18 2.15 2.13 2.10 2.08 2.06 2.05 2.03 2.00 1.99 1.97 1.95 1.94 1.92 1.90 1.89 1.87 1.86 1.84 1.83 1.81 1.79 1.79 1.78 1.76 1.75 1.74 1.73 1.69 1.63 1.62 1.61 1.60 1.64 1.67 1.91 6.47 6.43 6.39 6.37 5.64 5.29 5.27 7.89 7.86 7.74 7.62 7.24 6.90 6.88 6.84 81.91 81.91 7.44 7.40 7.33 6.92 7.33 7.31 7.40 7.37 7.34 7.29 5.91 5.85 5.75 5.59 5.74 5.76 5.84 6.02 7.06 7.05 7.02 6.43 6.39 6.38 6.38 6.58 6.88 6.95 6.94 6.97 7.00 7.00 6.99 6.60 6.50 6.53 6.60 2.32 2.20 2.21 6.53 6.53 1.53 1.53 1.42 1.42 1.37 1.35 1.33 1.32 5.195993 1.710900 -0.572354 5.229618 1.689235 -0.572354 1283.850279 magnum 72.380712
ODOM 5.289202 1.650830 -0.572991 0.489500 0.000028 0.000000 1284.022359 magnum 72.502154
ODOM 5.331588 1.623483 -0.572991 0.497500 0.000095 0.000000 1284.143118 magnum 72.687628
FLASER 360 6.42 6.80 6.81 6.78 6.79 6.82 6.89 6.90 6.90 6.90 6.91 6.90 6.91 6.93 6.94 6.56 6.56 6.65 6.88 6.89 6.92 6.53 6.90 6.93 6.95 6.95 6.97 6.97 7.00 7.02 4.83 4.67 4.60 4.29 4.20 4.18 4.12 4.06 4.07 4.08 4.10 4.12 4.13 4.14 4.16 4.18 4.20 4.21 6.74 6.78 5.78 4.28 4.23 4.20 4.21 4.23 4.25 5.05 4.33 4.30 1.59 1.52 1.50 1.48 1.48 1.49 1.50 1.56 1.58 1.60 1.61 1.62 1.63 1.64 1.65 1.66 1.68 1.69 1.69 1.71 1.71 1.74 1.76 1.76 1.78 1.79 1.80 1.82 1.84 1.86 1.86 1.88 1.90 1.93 1.94 1.96 1.98 1.99 2.03 2.05 2.06 2.09 2.11 2.13 2.15 2.18 2.20 2.23 2.26 2.28 2.31 2.34 2.37 2.40 2.43 2.47 2.52 2.52 2.51 2.52 2.56 2.82 2.86 2.91 2.96 3.01 3.06 3.12 3.17 3.23 3.28 3.36 3.41 3.49 3.58 3.66 3.74 3.80 3.79 3.34 3.74 3.83 3.83 3.81 3.81 3.86 3.96 5.47 5.49 3.20 5.40 5.44 3.70 3.61 6.33 6.67 6.80 6.80 8.29 8.18 8.17 8.22 8.21 8.54 9.72 9.77 10.30 11.26 12.28 13.79 13.90 14.07 14.07 14.06 14.06 14.05 14.06 14.05 14.05 14.06 14.06 14.05 14.06 14.06 14.06 14.07 14.18 14.19 14.13 13.06 12.71 11.23 11.19 8.44 8.32 8.22 8.22 8.18 8.20 8.00 6.84 6.79 6.61 6.30 6.06 5.69 5.48 5.48 5.50 8.08 8.11 4.03 3.95 3.85 3.84 3.84 3.86 3.86 3.85 3.81 3.81 3.86 3.95 3.84 3.75 3.64 3.57 3.50 3.43 3.37 3.30 3.25 3.19 3.13 3.06 3.02 2.98 2.92 2.88 2.62 2.57 2.56 2.57 2.56 2.53 2.50 2.46 2.43 2.40 2.37 2.34 2.31 2.29 2.27 2.24 2.21 2.19 2.16 2.14 2.11 2.11 2.08 2.06 2.05 2.03 2.01 1.98 1.98 1.95 1.93 1.92 1.90 1.89 1.87 1.86 1.84 1.82 1.80 1.80 1.79 1.78 1.76 1.75 1.73 1.73 1.71 1.70 1.69 1.68 1.68 1.67 1.63 1.58 1.56 1.56 1.55 1.57 1.59 1.64 6.25 5.25 5.20 7.83 7.78 7.63 7.47 6.96 6.84 6.82 6.78 81.91 81.91 7.38 7.35 7.00 6.92 7.31 7.27 7.34 7.33 7.29 7.27 5.90 5.81 5.78 5.55 5.57 5.77 5.84 5.74 7.02 7.00 6.99 6.39 6.37 6.36 6.36 6.57 6.90 6.91 6.90 6.98 6.98 6.98 6.97 6.58 6.46 6.50 6.53 6.58 4.60 4.57 2.34 2.24 2.19 2.20 6.28 5.72 5.54 5.55 5.273679 1.660846 -0.572991 5.307290 1.639160 -0.572991 1284.071271 magnum 72.688030
ODOM 5.415949 1.569054 -0.574525 0.501500 0.000017 0.000000 1284.262191 magnum 72.742519
ODOM 5.457478 1.542169 -0.572991 0.496000 0.000000 0.000000 1284.372774 magnum 72.854414
FLASER 360 6.77 6.79 6.81 6.79 6.89 6.89 6.89 6.89 6.90 6.91 6.91 6.91 6.91 6.53 6.60 6.84 6.87 6.87 6.86 6.62 6.89 6.93 6.93 6.94 6.96 6.95 6.98 4.77 4.68 4.44 4.26 4.13 4.15 4.04 4.03 4.05 4.05 4.07 4.08 4.10 4.11 4.13 4.14 4.15 4.18 6.63 6.66 5.89 4.24 4.17 4.15 4.15 4.19 1.49 1.47 1.41 1.42 1.42 1.43 1.46 1.50 1.54 1.54 1.55 1.56 1.56 1.57 1.58 1.59 1.60 1.61 1.62 1.63 1.65 1.66 1.67 1.68 1.68 1.70 1.72 1.73 1.75 1.76 1.78 1.78 1.79 1.81 1.83 1.85 1.86 1.88 1.90 1.92 1.93 1.95 1.97 1.99 2.01 2.03 2.04 2.07 2.10 2.12 2.14 2.17 2.19 2.21 2.24 2.26 2.30 2.33 2.36 2.39 2.42 2.42 2.40 2.42 2.45 2.71 2.75 2.78 2.84 2.88 2.93 2.98 3.04 3.08 3.14 3.20 3.26 3.32 3.39 3.46 3.55 3.63 3.67 3.69 3.44 3.65 3.72 3.72 3.69 3.69 3.70 3.80 3.92 5.37 3.11 3.08 5.30 5.34 3.57 3.58 6.18 6.49 6.68 6.67 8.18 8.11 8.05 8.10 8.10 8.23 9.60 9.61 10.00 10.96 11.76 12.70 13.73 14.00 13.94 13.96 13.94 13.96 13.94 13.94 13.94 13.94 13.94 13.95 13.93 13.96 13.95 13.96 13.98 14.10 14.04 13.68 12.67 12.58 11.10 11.08 8.24 8.13 8.13 8.10 8.06 8.05 7.89 6.72 6.69 6.46 6.18 5.96 5.69 5.38 5.37 5.40 7.98 8.00 3.97 3.89 3.76 3.72 3.72 3.73 3.73 3.75 3.71 3.69 3.69 3.75 3.81 3.72 3.63 3.55 3.47 3.41 3.35 3.28 3.22 3.16 3.11 3.06 3.00 2.96 2.90 2.85 2.80 2.78 2.53 2.46 2.46 2.46 2.46 2.43 2.41 2.38 2.35 2.32 2.29 2.27 2.25 2.22 2.20 2.18 2.16 2.12 2.10 2.10 2.07 2.05 2.03 2.01 1.99 1.98 1.95 1.94 1.92 1.91 1.90 1.87 1.86 1.85 1.83 1.82 1.80 1.79 1.78 1.77 1.75 1.74 1.73 1.72 1.70 1.69 1.68 1.67 1.67 1.66 1.64 1.63 1.62 1.62 1.61 1.60 1.59 1.52 1.50 1.50 1.49 1.50 1.52 1.59 7.58 7.41 7.00 6.80 6.76 6.73 81.91 81.91 7.32 7.32 7.21 6.84 7.27 7.23 7.31 7.29 7.27 7.23 7.20 5.81 5.78 5.73 5.54 5.54 5.75 5.82 5.72 6.98 6.97 6.44 6.35 6.34 6.33 6.47 6.74 6.91 6.89 6.90 6.96 6.96 6.96 6.75 6.49 6.47 6.55 6.57 6.64 4.61 4.55 4.84 6.14 6.11 4.77 2.20 2.19 5.390234 1.585687 -0.574234 5.423818 1.563959 -0.574234 1284.280054 magnum 72.854605
ODOM 5.499862 1.514823 -0.572991 0.499000 0.000011 0.000000 1284.499982 magnum 72.984480
FLASER 360 6.78 6.78 6.87 6.88 6.88 6.89 6.88 6.90 6.88 6.91 6.91 6.49 6.57 6.82 6.86 6.86 6.87 6.58 6.88 6.89 6.92 6.91 6.93 6.95 6.94 4.68 4.56 4.20 4.09 4.11 4.02 4.01 4.02 4.02 4.04 4.04 4.06 4.07 4.08 4.10 4.11 4.14 6.57 6.57 6.59 1.45 1.43 1.37 1.38 1.38 1.39 1.40 1.42 1.46 1.47 1.49 1.49 1.49 1.50 1.52 1.53 1.54 1.55 1.54 1.55 1.56 1.58 1.59 1.59 1.61 1.61 1.62 1.63 1.65 1.66 1.67 1.68 1.69 1.71 1.72 1.73 1.75 1.76 1.78 1.78 1.80 1.82 1.84 1.85 1.87 1.88 1.90 1.92 1.93 1.95 1.98 1.99 2.02 2.04 2.05 2.08 2.09 2.11 2.15 2.18 2.19 2.22 2.25 2.27 2.30 2.34 2.33 2.32 2.32 2.36 2.60 2.63 2.67 2.71 2.76 2.80 2.84 2.89 2.95 2.98 3.04 3.09 3.15 3.21 3.27 3.33 3.41 3.48 3.56 3.59 3.26 3.46 3.57 3.62 3.60 3.60 3.58 3.61 3.70 3.83 5.27 3.02 5.14 5.16 5.23 3.50 3.57 5.98 6.22 6.54 6.57 6.60 8.06 7.96 7.95 8.01 8.00 8.29 9.49 9.53 10.03 10.90 11.81 12.61 13.67 13.88 13.84 13.84 13.83 13.83 13.82 13.82 13.81 13.83 13.82 13.84 13.83 13.84 13.84 13.85 13.87 13.99 13.93 13.56 12.54 12.52 11.00 10.98 8.15 8.04 8.02 8.00 7.95 7.97 7.77 6.63 6.59 6.44 6.14 5.93 5.71 5.29 5.26 5.30 5.28 7.89 7.91 3.85 3.74 3.64 3.60 3.62 3.62 3.64 3.65 3.60 3.58 3.59 3.64 3.71 3.63 3.56 3.47 3.41 3.35 3.27 3.23 3.16 3.11 3.05 3.00 2.95 2.89 2.85 2.80 2.77 2.71 2.70 2.50 2.39 2.37 2.38 2.37 2.38 2.33 2.31 2.28 2.26 2.23 2.21 2.19 2.17 2.14 2.12 2.10 2.08 2.06 2.04 2.03 2.00 1.98 1.97 1.95 1.93 1.92 1.90 1.88 1.87 1.85 1.85 1.83 1.81 1.80 1.78 1.77 1.77 1.75 1.74 1.73 1.71 1.70 1.69 1.67 1.66 1.66 1.65 1.64 1.63 1.62 1.61 1.60 1.60 1.58 1.58 1.57 1.56 1.56 1.55 1.54 1.51 1.47 1.45 1.45 1.44 1.43 1.48 1.52 6.69 81.91 7.31 7.28 7.26 6.84 7.02 7.20 7.25 7.26 7.24 7.19 7.21 7.14 5.78 5.74 5.67 5.49 5.66 5.68 5.78 5.70 6.95 6.95 6.37 6.32 6.31 6.29 6.51 6.80 6.87 6.86 6.95 6.95 6.94 6.94 6.62 6.49 6.50 6.56 6.60 6.75 4.71 4.56 4.55 6.12 6.11 4.75 5.463953 1.537991 -0.572991 5.497564 1.516305 -0.572991 1284.490268 magnum 72.984672
ODOM 5.541838 1.487740 -0.574525 0.491500 -0.000017 0.000000 1284.613189 magnum 73.095360
ODOM 5.583366 1.460856 -0.574525 0.491500 -0.000017 0.000000 1284.740413 magnum 73.219392
FLASER 360 6.86 6.88 6.88 6.88 6.89 6.89 6.89 6.90 6.90 6.50 6.55 6.57 6.82 6.85 6.85 6.49 6.87 6.87 6.88 6.91 6.91 6.92 6.92 4.60 4.26 4.08 4.07 3.98 3.99 3.99 4.00 4.01 4.02 4.04 4.05 4.05 4.06 1.41 1.38 1.34 1.34 1.34 1.34 1.36 1.38 1.42 1.42 1.44 1.44 1.45 1.46 1.46 1.47 1.47 1.48 1.49 1.50 1.51 1.51 1.53 1.53 1.54 1.55 1.55 1.56 1.58 1.58 1.59 1.60 1.61 1.62 1.63 1.64 1.66 1.67 1.67 1.68 1.70 1.71 1.72 1.74 1.75 1.77 1.78 1.79 1.80 1.82 1.84 1.85 1.86 1.88 1.90 1.92 1.94 1.96 1.98 1.99 2.02 2.04 2.06 2.08 2.10 2.12 2.15 2.17 2.20 2.22 2.25 2.25 2.23 2.23 2.27 2.40 2.53 2.57 2.61 2.63 2.67 2.71 2.76 2.80 2.84 2.90 2.95 3.00 3.05 3.09 3.16 3.22 3.27 3.35 3.43 3.49 3.48 3.12 3.44 3.50 3.52 3.51 3.49 3.49 3.52 3.60 3.71 5.17 2.90 5.08 5.01 5.14 3.43 3.37 4.06 5.98 6.25 6.47 6.47 7.96 7.96 7.84 7.85 7.91 7.93 8.32 9.39 9.44 9.94 10.92 11.75 12.72 13.50 13.77 13.74 13.73 13.73 13.72 13.72 13.72 13.72 13.72 13.72 13.73 13.72 13.73 13.73 13.74 13.76 13.88 13.83 13.54 12.51 12.40 10.88 10.87 8.11 8.00 7.92 7.91 7.85 7.88 7.72 6.68 6.50 6.46 6.15 5.94 5.71 5.44 5.17 5.17 5.20 7.78 7.80 7.82 3.73 3.64 3.55 3.52 3.51 3.53 3.53 3.56 3.52 3.49 3.50 3.53 3.61 3.57 3.49 3.41 3.35 3.28 3.23 3.16 3.11 3.05 3.00 2.96 2.90 2.85 2.81 2.77 2.73 2.69 2.65 2.62 2.59 2.35 2.30 2.28 2.28 2.29 2.28 2.26 2.24 2.21 2.20 2.16 2.15 2.12 2.10 2.08 2.06 2.04 2.02 2.00 1.98 1.97 1.95 1.93 1.92 1.90 1.88 1.87 1.85 1.84 1.82 1.81 1.80 1.78 1.77 1.77 1.76 1.74 1.72 1.71 1.70 1.69 1.67 1.67 1.66 1.65 1.64 1.63 1.62 1.61 1.60 1.59 1.58 1.58 1.57 1.56 1.55 1.55 1.55 1.54 1.53 1.52 1.51 1.51 1.50 1.50 1.49 1.45 1.43 1.41 1.41 1.41 1.40 1.46 1.49 7.19 7.15 7.26 7.23 7.21 7.15 7.16 7.13 5.76 5.71 5.57 5.46 5.58 5.61 5.71 5.90 6.95 6.93 6.34 6.30 6.28 6.28 6.54 6.84 6.85 6.85 6.94 6.94 6.93 6.93 6.58 6.49 6.50 6.56 6.63 6.76 6.82 4.69 4.54 4.63 5.540816 1.488401 -0.574525 5.574394 1.466664 -0.574525 1284.710212 magnum 73.219588
ODOM 5.667643 1.406298 -0.582195 0.504000 -0.000067 0.000000 1284.858587 magnum 73.336577
ODOM 5.708963 1.379096 -0.585263 0.495000 0.000101 0.000000 1284.973398 magnum 73.452914
FLASER 360 6.89 6.88 6.89 6.89 6.89 6.89 6.89 6.70 6.50 6.54 6.81 6.83 6.83 6.74 6.57 6.85 6.87 6.89 6.88 6.90 4.69 4.47 4.15 4.05 4.05 3.96 3.97 3.98 3.99 1.37 1.35 1.31 1.31 1.31 1.32 1.34 1.35 1.40 1.40 1.40 1.40 1.40 1.41 1.42 1.42 1.42 1.43 1.44 1.44 1.45 1.46 1.47 1.47 1.48 1.48 1.49 1.50 1.50 1.51 1.52 1.53 1.54 1.55 1.55 1.55 1.58 1.59 1.59 1.60 1.61 1.62 1.63 1.64 1.65 1.66 1.67 1.68 1.70 1.71 1.72 1.73 1.75 1.77 1.78 1.78 1.80 1.82 1.84 1.86 1.87 1.88 1.90 1.92 1.93 1.96 1.98 1.99 2.01 2.03 2.05 2.07 2.09 2.11 2.14 2.17 2.16 2.15 2.14 2.18 2.32 2.41 2.45 2.49 2.53 2.56 2.60 2.63 2.66 2.71 2.75 2.79 2.84 2.88 2.93 2.98 3.04 3.09 3.14 3.20 3.28 3.34 3.39 3.39 2.93 3.23 3.40 3.43 3.41 3.41 3.37 3.41 3.49 3.60 4.14 2.81 5.09 4.92 4.93 3.37 3.29 3.97 5.69 5.91 6.18 6.37 6.37 7.83 7.85 7.74 7.76 7.80 7.80 8.12 9.28 9.32 9.77 10.78 11.48 12.97 13.37 13.65 13.64 13.62 13.62 13.62 13.61 13.61 13.60 13.62 13.61 13.63 13.61 13.62 13.62 13.63 13.64 13.73 13.75 13.70 13.23 12.29 10.84 10.77 9.66 7.88 7.81 7.83 7.78 7.75 7.75 7.57 6.43 6.39 6.28 6.00 5.78 5.58 5.28 5.04 5.04 5.09 7.67 7.70 7.72 3.75 3.59 3.49 3.42 3.41 3.42 3.44 3.44 3.46 3.40 3.39 3.40 3.45 3.51 3.44 3.39 3.31 3.25 3.19 3.13 3.07 3.03 2.96 2.92 2.87 2.83 2.78 2.74 2.70 2.66 2.63 2.59 2.55 2.53 2.50 2.36 2.23 2.20 2.19 2.21 2.21 2.20 2.17 2.15 2.12 2.10 2.09 2.06 2.03 2.02 2.00 1.98 1.97 1.94 1.93 1.92 1.90 1.89 1.87 1.86 1.84 1.82 1.81 1.80 1.78 1.78 1.76 1.75 1.74 1.73 1.71 1.70 1.69 1.68 1.67 1.66 1.65 1.64 1.63 1.62 1.61 1.60 1.59 1.58 1.58 1.56 1.56 1.55 1.55 1.55 1.54 1.53 1.52 1.52 1.51 1.50 1.49 1.48 1.48 1.47 1.47 1.47 1.47 1.46 1.46 1.45 1.42 1.40 1.37 1.37 1.36 1.36 1.39 1.40 7.13 7.10 5.73 5.73 5.67 5.51 5.45 5.62 5.68 5.80 6.92 6.90 6.36 6.28 6.27 6.26 6.43 6.75 6.83 6.84 6.93 6.92 6.92 6.91 6.66 6.45 6.44 6.50 6.53 6.63 6.81 6.82 5.657746 1.412896 -0.583938 5.691118 1.390844 -0.583938 1284.920580 magnum 73.453087
ODOM 5.751010 1.351231 -0.589865 0.502500 -0.000073 0.000000 1285.093448 magnum 73.573012
ODOM 5.792531 1.323438 -0.592933 0.494500 0.000062 0.000000 1285.213245 magnum 73.693896
FLASER 360 6.89 6.89 6.89 6.89 6.89 6.89 6.54 6.55 6.56 6.82 6.82 6.83 6.64 6.84 6.84 6.87 6.87 6.88 4.68 4.23 4.07 1.32 1.30 1.29 1.29 1.29 1.30 1.33 1.34 1.36 1.37 1.37 1.38 1.38 1.39 1.39 1.40 1.39 1.40 1.40 1.41 1.41 1.41 1.41 1.42 1.43 1.43 1.44 1.45 1.46 1.47 1.46 1.47 1.47 1.48 1.49 1.49 1.50 1.51 1.52 1.54 1.54 1.55 1.56 1.57 1.56 1.58 1.58 1.59 1.61 1.61 1.63 1.64 1.65 1.66 1.67 1.68 1.69 1.70 1.71 1.73 1.74 1.76 1.78 1.78 1.79 1.81 1.82 1.85 1.86 1.88 1.89 1.91 1.93 1.94 1.96 1.98 2.00 2.02 2.04 2.06 2.08 2.08 2.06 2.06 2.09 2.14 2.32 2.35 2.38 2.41 2.43 2.47 2.51 2.54 2.58 2.62 2.65 2.69 2.73 2.77 2.82 2.86 2.91 2.96 3.02 3.06 3.12 3.19 3.25 3.30 3.12 2.84 3.20 3.30 3.33 3.33 3.31 3.29 3.30 3.36 3.48 3.58 2.69 4.98 4.98 4.84 4.81 3.15 3.90 3.88 5.60 5.81 6.05 6.27 6.27 7.64 7.77 7.64 7.63 7.70 7.68 7.88 9.18 9.19 9.49 10.38 11.08 12.38 13.26 13.37 13.54 13.53 13.52 13.51 13.51 13.50 13.51 13.50 13.51 13.52 13.51 13.52 13.51 13.54 13.52 13.56 13.67 13.62 13.38 12.32 12.17 10.69 10.65 9.40 7.83 7.71 7.71 7.67 7.64 7.58 7.45 6.31 6.28 6.14 5.88 5.67 5.48 5.23 4.94 4.95 5.04 7.57 7.59 7.61 7.63 3.54 3.44 3.35 3.30 3.32 3.32 3.34 3.34 3.36 3.30 3.30 3.30 3.36 3.41 3.35 3.29 3.22 3.15 3.10 3.05 3.00 2.95 2.90 2.85 2.81 2.77 2.72 2.68 2.64 2.62 2.58 2.54 2.51 2.46 2.43 2.41 2.40 2.19 2.13 2.10 2.11 2.11 2.13 2.11 2.09 2.07 2.05 2.03 2.00 1.99 1.98 1.95 1.94 1.92 1.91 1.89 1.87 1.86 1.84 1.83 1.81 1.80 1.78 1.78 1.77 1.76 1.74 1.73 1.71 1.70 1.69 1.68 1.68 1.67 1.65 1.64 1.64 1.63 1.61 1.60 1.60 1.59 1.58 1.57 1.56 1.56 1.56 1.55 1.54 1.53 1.52 1.51 1.51 1.50 1.50 1.49 1.48 1.47 1.47 1.47 1.47 1.46 1.46 1.45 1.44 1.44 1.43 1.43 1.43 1.42 1.42 1.41 1.41 1.41 1.36 1.34 1.34 1.34 1.33 1.33 5.42 5.43 5.65 5.71 5.60 6.89 6.62 6.28 6.26 6.26 6.26 6.62 6.85 6.84 6.84 6.91 6.91 6.91 6.90 6.46 6.41 6.44 6.48 6.52 5.735211 1.361868 -0.591152 5.768423 1.339575 -0.591152 1285.140532 magnum 73.694057
ODOM 5.833967 1.295518 -0.596001 0.498000 0.000000 0.000000 1285.333409 magnum 73.812497
ODOM 5.916667 1.239425 -0.599069 0.506500 0.000062 0.000000 1285.471211 magnum 73.956714
FLASER 360 6.89 6.89 6.89 6.89 6.89 6.49 6.57 6.79 6.82 6.81 6.82 6.45 6.83 1.26 1.26 1.26 1.27 1.27 1.27 1.33 1.34 1.34 1.35 1.34 1.35 1.36 1.35 1.36 1.37 1.37 1.38 1.38 1.38 1.38 1.39 1.39 1.40 1.40 1.40 1.41 1.41 1.41 1.41 1.41 1.41 1.42 1.42 1.43 1.44 1.44 1.45 1.46 1.47 1.47 1.47 1.49 1.49 1.50 1.51 1.52 1.53 1.53 1.54 1.56 1.57 1.56 1.57 1.58 1.59 1.60 1.62 1.62 1.63 1.65 1.66 1.66 1.67 1.68 1.69 1.71 1.73 1.73 1.75 1.77 1.78 1.79 1.80 1.82 1.83 1.85 1.86 1.88 1.90 1.91 1.93 1.95 1.97 1.99 2.01 1.99 1.98 1.98 2.01 2.08 2.21 2.25 2.27 2.30 2.33 2.36 2.39 2.41 2.45 2.49 2.53 2.56 2.59 2.64 2.67 2.71 2.75 2.79 2.84 2.88 2.93 2.98 3.04 3.09 3.14 3.20 3.00 2.77 3.14 3.19 3.24 3.21 3.21 3.19 3.19 3.22 3.31 3.44 2.61 4.87 4.86 4.87 4.72 3.16 3.18 3.79 3.77 5.46 5.67 5.89 6.14 6.16 6.20 7.65 7.61 7.52 7.56 7.58 7.64 7.80 9.08 9.12 9.60 10.61 11.28 12.72 13.17 13.40 13.43 13.40 13.41 13.40 13.40 13.40 13.40 13.40 13.41 13.40 13.41 13.40 13.42 13.41 13.43 13.48 13.56 13.50 13.11 12.13 12.09 10.57 10.56 9.28 7.70 7.59 7.61 7.54 7.55 7.46 7.34 6.21 6.19 6.06 5.80 5.60 5.42 5.25 4.86 4.83 4.93 4.85 7.49 7.50 7.52 3.98 3.46 3.33 3.26 3.20 3.21 3.21 3.24 3.24 3.26 3.20 3.20 3.19 3.26 3.32 3.27 3.21 3.15 3.09 3.04 2.99 2.94 2.89 2.85 2.80 2.76 2.72 2.67 2.65 2.61 2.57 2.54 2.51 2.46 2.42 2.40 2.36 2.34 2.33 2.30 2.17 2.05 2.03 2.02 2.02 2.05 2.04 2.02 1.99 1.99 1.97 1.94 1.93 1.91 1.89 1.89 1.87 1.85 1.84 1.82 1.80 1.79 1.78 1.77 1.76 1.75 1.74 1.72 1.71 1.70 1.69 1.68 1.67 1.66 1.64 1.64 1.63 1.62 1.60 1.60 1.59 1.58 1.58 1.57 1.56 1.56 1.55 1.54 1.54 1.53 1.52 1.52 1.50 1.50 1.49 1.49 1.48 1.47 1.47 1.47 1.46 1.46 1.45 1.44 1.44 1.44 1.43 1.43 1.42 1.42 1.41 1.41 1.40 1.40 1.40 1.40 1.40 1.40 1.39 1.40 1.39 1.39 1.38 1.32 1.31 1.32 1.31 1.31 1.31 6.25 6.24 6.24 6.26 6.81 6.81 6.83 6.91 6.90 6.90 6.90 6.72 6.42 6.39 5.813142 1.309666 -0.596456 5.846235 1.287197 -0.596456 1285.350195 magnum 73.956878
ODOM 5.957930 1.211251 -0.600603 0.502000 -0.000045 0.000000 1285.579644 magnum 74.060978
FLASER 360 6.89 6.89 6.89 1.29 1.25 1.27 1.26 1.26 1.26 1.29 1.31 1.33 1.34 1.34 1.34 1.34 1.34 1.33 1.34 1.34 1.35 1.34 1.35 1.34 1.36 1.35 1.36 1.36 1.36 1.36 1.36 1.38 1.38 1.39 1.39 1.40 1.40 1.39 1.40 1.40 1.40 1.40 1.41 1.42 1.41 1.42 1.43 1.44 1.44 1.45 1.46 1.46 1.47 1.47 1.48 1.48 1.49 1.50 1.51 1.51 1.53 1.53 1.54 1.55 1.57 1.56 1.57 1.59 1.59 1.59 1.60 1.62 1.63 1.64 1.65 1.67 1.67 1.69 1.69 1.70 1.72 1.73 1.75 1.76 1.78 1.79 1.80 1.81 1.83 1.84 1.86 1.87 1.89 1.92 1.93 1.91 1.91 1.90 1.92 1.97 2.10 2.14 2.17 2.19 2.21 2.24 2.26 2.29 2.33 2.35 2.38 2.42 2.44 2.47 2.52 2.55 2.59 2.63 2.66 2.70 2.73 2.78 2.83 2.87 2.92 2.98 3.03 3.08 3.10 2.64 2.97 3.07 3.12 3.13 3.13 3.11 3.09 3.10 3.14 3.22 3.22 2.49 4.75 4.75 4.77 4.64 2.95 2.94 3.76 3.66 5.24 5.43 5.62 5.85 6.07 6.06 6.09 7.55 7.49 7.40 7.46 7.46 7.53 7.66 8.97 9.01 9.47 10.42 11.07 12.45 13.06 13.22 13.32 13.31 13.31 13.31 13.30 13.29 13.30 13.29 13.30 13.30 13.30 13.30 13.31 13.32 13.32 13.34 13.46 13.41 13.32 12.23 11.96 10.50 10.45 9.31 7.60 7.48 7.49 7.46 7.43 7.46 7.29 7.20 6.10 6.07 5.88 5.65 5.46 5.29 5.12 4.74 4.73 4.82 4.77 7.38 7.41 7.43 3.88 3.46 3.30 3.18 3.13 3.11 3.12 3.13 3.14 3.14 3.16 3.10 3.11 3.11 3.16 3.22 3.16 3.11 3.06 3.01 2.96 2.91 2.86 2.81 2.78 2.73 2.68 2.64 2.61 2.58 2.54 2.52 2.47 2.43 2.41 2.38 2.35 2.33 2.28 2.27 2.25 2.23 2.20 2.11 1.97 1.96 1.94 1.95 1.96 1.96 1.95 1.93 1.92 1.89 1.88 1.86 1.86 1.84 1.82 1.81 1.80 1.79 1.78 1.77 1.74 1.73 1.72 1.71 1.69 1.69 1.68 1.67 1.66 1.65 1.64 1.63 1.62 1.61 1.60 1.59 1.58 1.57 1.57 1.56 1.56 1.55 1.55 1.54 1.53 1.53 1.52 1.51 1.50 1.49 1.48 1.48 1.47 1.47 1.47 1.46 1.46 1.45 1.45 1.44 1.43 1.43 1.43 1.42 1.42 1.41 1.41 1.41 1.40 1.40 1.40 1.40 1.40 1.39 1.39 1.39 1.38 1.38 1.38 1.38 1.38 1.38 1.37 1.37 1.37 1.37 1.37 1.34 1.31 1.31 1.30 1.30 1.30 1.31 6.89 6.89 6.89 6.85 5.919082 1.237839 -0.600386 5.952087 1.215241 -0.600386 1285.560618 magnum 74.061121
ODOM 5.999160 1.183007 -0.603671 0.500000 0.000045 0.000000 1285.693300 magnum 74.175308
ODOM 6.040304 1.154637 -0.603671 0.500500 -0.000006 0.000000 1285.800901 magnum 74.281348
FLASER 360 1.29 1.32 1.32 1.33 1.32 1.32 1.32 1.32 1.33 1.33 1.33 1.33 1.34 1.34 1.34 1.34 1.34 1.35 1.35 1.35 1.34 1.35 1.35 1.35 1.36 1.36 1.37 1.36 1.36 1.37 1.38 1.38 1.38 1.39 1.39 1.39 1.40 1.40 1.40 1.41 1.41 1.41 1.41 1.41 1.42 1.42 1.43 1.44 1.44 1.45 1.46 1.47 1.47 1.48 1.48 1.49 1.50 1.50 1.51 1.52 1.53 1.54 1.55 1.56 1.57 1.57 1.58 1.58 1.59 1.60 1.61 1.62 1.63 1.65 1.66 1.67 1.68 1.69 1.70 1.71 1.72 1.74 1.75 1.76 1.78 1.79 1.80 1.81 1.82 1.84 1.86 1.84 1.83 1.83 1.85 1.89 2.03 2.05 2.07 2.10 2.11 2.14 2.16 2.18 2.21 2.23 2.26 2.29 2.32 2.34 2.37 2.40 2.43 2.46 2.51 2.55 2.58 2.62 2.66 2.69 2.73 2.77 2.81 2.86 2.91 2.97 3.01 2.52 2.64 2.98 2.99 3.04 3.04 3.02 3.02 2.97 2.69 3.06 3.13 2.64 3.91 4.61 4.65 4.66 4.68 2.83 2.85 3.69 3.57 5.06 5.21 5.38 5.57 5.80 5.96 5.95 7.27 7.44 7.38 7.30 7.36 7.36 7.43 7.86 8.87 8.87 9.33 10.17 10.86 12.15 12.95 13.03 13.21 13.21 13.21 13.20 13.20 13.19 13.18 13.19 13.19 13.20 13.20 13.20 13.20 13.21 13.21 13.21 13.31 13.32 13.28 12.85 11.88 10.56 10.35 10.34 9.06 7.48 7.38 7.38 7.35 7.33 7.30 7.14 6.14 5.99 5.95 5.71 5.51 5.34 5.17 5.01 4.65 4.64 4.74 4.65 7.30 7.31 7.33 7.35 3.71 3.28 3.14 3.08 3.03 3.01 3.03 3.04 3.06 3.06 3.06 3.01 3.02 3.01 3.07 3.14 3.08 3.03 2.98 2.92 2.87 2.84 2.79 2.75 2.70 2.67 2.63 2.59 2.56 2.53 2.49 2.45 2.42 2.39 2.36 2.34 2.31 2.28 2.25 2.23 2.21 2.19 2.17 2.15 2.12 2.11 1.91 1.89 1.87 1.86 1.89 1.89 1.88 1.87 1.85 1.84 1.83 1.81 1.79 1.79 1.78 1.76 1.75 1.74 1.73 1.72 1.70 1.69 1.68 1.67 1.66 1.65 1.64 1.63 1.62 1.61 1.60 1.60 1.58 1.58 1.57 1.57 1.56 1.56 1.54 1.54 1.53 1.52 1.51 1.51 1.50 1.50 1.49 1.48 1.48 1.48 1.47 1.47 1.46 1.45 1.45 1.45 1.44 1.44 1.43 1.42 1.42 1.41 1.41 1.41 1.41 1.40 1.40 1.40 1.40 1.39 1.39 1.39 1.39 1.39 1.38 1.38 1.38 1.38 1.38 1.37 1.37 1.37 1.37 1.37 1.37 1.37 1.37 1.36 1.36 1.36 1.36 1.36 1.34 1.35 6.001133 1.181647 -0.603671 6.034063 1.158941 -0.603671 1285.780573 magnum 74.281499
ODOM 6.081846 1.125992 -0.605205 0.504000 0.000034 0.000000 1285.913478 magnum 74.393328
ODOM 6.122946 1.097559 -0.608273 0.496000 0.000045 0.000000 1286.032843 magnum 74.512646
FLASER 360 1.33 1.31 1.32 1.32 1.32 1.32 1.32 1.33 1.33 1.33 1.33 1.33 1.33 1.34 1.34 1.34 1.34 1.34 1.34 1.34 1.34 1.34 1.35 1.35 1.36 1.35 1.36 1.36 1.36 1.36 1.37 1.38 1.38 1.38 1.39 1.39 1.40 1.39 1.39 1.41 1.40 1.41 1.41 1.41 1.42 1.42 1.43 1.43 1.43 1.44 1.45 1.46 1.47 1.47 1.48 1.49 1.49 1.50 1.51 1.51 1.52 1.53 1.54 1.55 1.56 1.57 1.58 1.59 1.59 1.59 1.60 1.62 1.63 1.64 1.65 1.67 1.67 1.69 1.70 1.70 1.71 1.73 1.74 1.76 1.77 1.79 1.79 1.75 1.75 1.76 1.78 1.90 1.95 1.98 1.99 2.02 2.04 2.05 2.07 2.09 2.11 2.13 2.15 2.18 2.20 2.23 2.26 2.28 2.31 2.34 2.37 2.40 2.42 2.46 2.50 2.54 2.57 2.61 2.65 2.69 2.72 2.76 2.80 2.87 2.88 2.46 2.90 2.88 2.88 2.92 2.95 2.93 2.93 2.90 2.91 2.91 2.98 2.55 2.31 3.60 4.55 4.55 4.56 4.58 2.75 2.74 3.61 3.45 3.45 5.01 5.16 5.34 5.53 5.76 5.86 5.86 7.20 7.34 7.25 7.20 7.26 7.26 7.32 8.72 8.76 8.76 9.21 10.05 10.69 11.89 12.83 12.88 13.11 13.10 13.09 13.09 13.09 13.07 13.08 13.07 13.08 13.08 13.09 13.08 13.10 13.08 13.11 13.10 13.17 13.23 13.18 12.80 11.83 11.76 10.26 10.22 8.98 7.38 7.27 7.28 7.27 7.22 7.26 7.08 7.01 5.90 5.87 5.77 5.54 5.37 5.20 5.03 4.87 4.54 4.54 4.63 4.56 7.20 7.22 7.24 7.26 3.66 3.27 3.14 3.01 2.96 2.92 2.92 2.93 2.93 2.95 2.97 2.95 2.91 2.92 2.92 2.96 3.05 2.99 2.95 2.89 2.85 2.79 2.76 2.72 2.68 2.64 2.61 2.56 2.53 2.51 2.46 2.43 2.41 2.37 2.34 2.32 2.28 2.26 2.23 2.21 2.19 2.17 2.14 2.12 2.11 2.09 2.07 2.05 2.03 1.92 1.83 1.81 1.79 1.79 1.81 1.81 1.81 1.80 1.79 1.78 1.76 1.75 1.73 1.72 1.71 1.70 1.69 1.69 1.68 1.67 1.66 1.64 1.64 1.61 1.61 1.60 1.59 1.58 1.58 1.57 1.57 1.56 1.55 1.54 1.54 1.53 1.53 1.52 1.51 1.50 1.50 1.48 1.48 1.48 1.47 1.47 1.46 1.46 1.46 1.45 1.44 1.44 1.44 1.43 1.43 1.42 1.41 1.41 1.41 1.40 1.40 1.40 1.40 1.40 1.39 1.40 1.39 1.39 1.38 1.38 1.38 1.38 1.38 1.37 1.37 1.37 1.36 1.37 1.36 1.37 1.36 1.36 1.36 1.36 1.35 1.36 1.35 1.36 1.35 6.076746 1.129622 -0.607276 6.109594 1.106796 -0.607276 1285.990253 magnum 74.512790
ODOM 6.204983 1.040433 -0.614409 0.504000 0.000000 0.000000 1286.158628 magnum 74.636388
ODOM 6.246228 1.011334 -0.615943 0.491000 -0.000045 0.000000 1286.273491 magnum 74.752934
FLASER 360 1.32 1.31 1.31 1.32 1.32 1.32 1.32 1.33 1.33 1.34 1.34 1.33 1.33 1.34 1.34 1.34 1.34 1.35 1.34 1.34 1.34 1.34 1.35 1.34 1.35 1.36 1.36 1.36 1.37 1.37 1.37 1.38 1.38 1.39 1.39 1.39 1.40 1.39 1.40 1.40 1.40 1.40 1.41 1.40 1.41 1.42 1.42 1.43 1.44 1.44 1.45 1.45 1.46 1.47 1.48 1.48 1.48 1.49 1.50 1.52 1.52 1.53 1.54 1.54 1.56 1.57 1.58 1.58 1.58 1.59 1.60 1.61 1.62 1.63 1.64 1.66 1.67 1.68 1.69 1.70 1.71 1.71 1.69 1.67 1.68 1.70 1.73 1.87 1.88 1.90 1.92 1.93 1.95 1.97 1.98 2.01 2.02 2.05 2.06 2.08 2.10 2.12 2.15 2.17 2.20 2.22 2.25 2.26 2.30 2.33 2.35 2.39 2.42 2.45 2.49 2.53 2.56 2.59 2.64 2.67 2.72 2.75 2.77 2.42 2.82 2.79 2.80 2.80 2.85 2.84 2.84 2.82 2.76 2.80 2.84 2.85 2.44 3.38 3.50 4.40 4.45 4.44 4.47 2.65 2.64 3.66 3.39 3.36 4.79 4.93 5.11 5.28 5.45 5.71 5.75 5.77 7.10 7.24 7.15 7.10 7.15 7.15 7.21 7.35 8.66 8.65 9.02 9.78 10.43 11.22 12.53 12.75 13.03 12.99 12.99 12.98 12.97 12.96 12.97 12.96 12.97 12.96 12.97 12.98 12.99 12.97 12.99 12.99 13.03 13.12 13.10 13.03 12.57 11.64 10.31 10.11 10.12 8.83 7.27 7.16 7.18 7.13 7.11 7.16 6.95 6.89 5.78 5.76 5.64 5.43 5.26 5.09 4.93 4.78 4.44 4.42 4.45 4.44 7.10 7.11 7.15 7.16 7.17 3.51 3.14 3.01 2.91 2.86 2.82 2.81 2.83 2.84 2.86 2.87 2.87 2.82 2.81 2.82 2.86 2.91 2.92 2.87 2.82 2.78 2.74 2.70 2.65 2.63 2.58 2.54 2.52 2.49 2.45 2.42 2.39 2.36 2.33 2.30 2.27 2.25 2.22 2.20 2.18 2.16 2.13 2.11 2.09 2.06 2.04 2.03 2.02 2.01 1.98 1.97 1.95 1.93 1.77 1.74 1.72 1.71 1.73 1.74 1.75 1.74 1.73 1.71 1.70 1.69 1.69 1.68 1.66 1.65 1.64 1.63 1.62 1.61 1.61 1.60 1.59 1.59 1.58 1.57 1.56 1.55 1.54 1.54 1.53 1.52 1.52 1.51 1.51 1.50 1.49 1.48 1.48 1.48 1.48 1.47 1.46 1.46 1.45 1.44 1.44 1.43 1.43 1.42 1.42 1.42 1.41 1.41 1.41 1.41 1.40 1.40 1.40 1.40 1.39 1.39 1.39 1.39 1.39 1.37 1.38 1.37 1.37 1.37 1.37 1.37 1.37 1.37 1.37 1.37 1.36 1.36 1.37 1.36 1.35 1.35 1.35 1.35 6.188757 1.051910 -0.615021 6.221427 1.028831 -0.615021 1286.200589 magnum 74.753066
ODOM 6.286638 0.982732 -0.617477 0.492500 0.000062 0.000000 1286.393407 magnum 74.873528
ODOM 6.327399 0.953787 -0.617477 0.501500 -0.000017 0.000000 1286.513215 magnum 74.992601
FLASER 360 1.32 1.31 1.31 1.31 1.32 1.33 1.32 1.33 1.33 1.33 1.33 1.34 1.33 1.34 1.33 1.34 1.34 1.34 1.35 1.34 1.34 1.34 1.34 1.35 1.35 1.35 1.35 1.36 1.36 1.37 1.37 1.37 1.37 1.38 1.39 1.39 1.39 1.39 1.39 1.40 1.41 1.40 1.41 1.41 1.41 1.41 1.42 1.43 1.43 1.43 1.44 1.45 1.46 1.48 1.48 1.48 1.48 1.48 1.50 1.51 1.52 1.52 1.53 1.54 1.55 1.56 1.56 1.58 1.58 1.58 1.60 1.60 1.62 1.63 1.64 1.65 1.63 1.60 1.61 1.62 1.63 1.74 1.79 1.80 1.82 1.84 1.85 1.86 1.88 1.90 1.91 1.93 1.95 1.97 1.98 2.00 2.02 2.04 2.05 2.07 2.10 2.11 2.14 2.16 2.18 2.20 2.23 2.26 2.28 2.32 2.34 2.37 2.41 2.43 2.47 2.51 2.55 2.58 2.62 2.66 2.68 2.35 2.72 2.70 2.70 2.69 2.74 2.74 2.74 2.72 2.72 2.68 2.71 2.72 2.27 2.96 3.06 3.39 3.73 4.31 4.34 4.34 2.54 4.21 4.22 3.29 3.31 4.42 4.74 4.88 5.05 5.22 5.39 5.61 5.65 5.70 6.97 7.13 7.06 6.99 7.04 7.04 7.07 7.45 8.55 8.54 8.78 9.31 10.17 10.79 12.17 12.63 12.82 12.88 12.88 12.87 12.87 12.87 12.86 12.86 12.87 12.86 12.88 12.87 12.88 12.87 12.88 12.88 12.89 12.96 13.02 12.96 12.58 11.61 11.55 10.04 10.01 8.77 7.24 7.09 7.07 7.07 7.02 7.02 6.98 6.82 6.79 5.68 5.66 5.51 5.31 5.15 5.00 4.84 4.70 4.37 4.33 4.35 4.34 7.00 7.02 7.04 7.07 7.07 3.49 3.41 3.03 2.91 2.83 2.77 2.72 2.72 2.73 2.73 2.75 2.76 2.79 2.75 2.72 2.72 2.75 2.77 2.85 2.80 2.77 2.73 2.68 2.64 2.61 2.58 2.55 2.51 2.47 2.43 2.41 2.38 2.35 2.32 2.29 2.26 2.24 2.21 2.19 2.17 2.15 2.12 2.11 2.08 2.06 2.04 2.02 2.00 1.98 1.96 1.96 1.94 1.92 1.91 1.90 1.88 1.86 1.86 1.68 1.67 1.66 1.64 1.67 1.67 1.69 1.68 1.67 1.65 1.64 1.64 1.63 1.61 1.60 1.60 1.59 1.58 1.57 1.57 1.57 1.57 1.55 1.55 1.54 1.53 1.52 1.51 1.50 1.49 1.49 1.48 1.48 1.48 1.48 1.47 1.47 1.46 1.45 1.44 1.44 1.44 1.44 1.43 1.42 1.42 1.41 1.41 1.41 1.40 1.40 1.40 1.40 1.40 1.40 1.40 1.39 1.39 1.40 1.39 1.38 1.38 1.37 1.37 1.37 1.37 1.37 1.36 1.36 1.36 1.37 1.36 1.36 1.36 1.36 1.35 1.35 1.35 6.265670 0.997621 -0.617477 6.298284 0.974462 -0.617477 1286.420554 magnum 74.992735
ODOM 6.368573 0.924549 -0.619011 0.505500 0.000017 0.000000 1286.639766 magnum 75.128661
FLASER 360 1.32 1.33 1.32 1.32 1.32 1.32 1.32 1.32 1.32 1.33 1.33 1.33 1.33 1.34 1.33 1.34 1.34 1.34 1.34 1.34 1.34 1.34 1.35 1.34 1.35 1.35 1.36 1.36 1.36 1.36 1.37 1.38 1.37 1.38 1.38 1.39 1.39 1.40 1.39 1.39 1.40 1.41 1.40 1.41 1.41 1.41 1.42 1.42 1.43 1.44 1.44 1.45 1.45 1.47 1.47 1.48 1.49 1.49 1.49 1.50 1.51 1.52 1.53 1.53 1.54 1.56 1.57 1.58 1.58 1.58 1.58 1.54 1.55 1.55 1.57 1.64 1.71 1.74 1.74 1.75 1.77 1.78 1.79 1.80 1.82 1.83 1.85 1.86 1.88 1.89 1.91 1.92 1.94 1.97 1.98 1.99 2.01 2.04 2.05 2.08 2.10 2.11 2.13 2.16 2.18 2.20 2.23 2.26 2.28 2.31 2.34 2.37 2.40 2.43 2.46 2.51 2.55 2.40 2.27 2.64 2.64 2.61 2.61 2.60 2.65 2.66 2.64 2.62 2.62 2.60 2.61 2.39 2.14 2.77 2.91 3.29 3.31 4.19 4.24 4.25 4.25 2.42 4.13 4.09 3.18 3.24 4.28 4.59 4.73 4.86 5.04 5.20 5.39 5.54 5.53 6.76 7.02 7.03 6.91 6.90 6.95 6.94 7.01 7.14 8.44 8.44 8.73 9.38 10.11 10.71 12.07 12.52 12.72 12.77 12.78 12.77 12.76 12.75 12.75 12.74 12.76 12.74 12.77 12.75 12.76 12.77 12.77 12.78 12.79 12.84 12.92 12.85 12.55 11.59 11.41 9.96 9.91 9.88 8.62 7.05 6.96 6.96 6.94 6.90 6.95 6.75 6.68 5.67 5.57 5.53 5.32 5.16 5.01 4.86 4.70 4.57 4.26 4.22 4.25 4.24 6.91 6.92 6.96 6.97 6.98 7.00 3.33 3.31 2.91 2.78 2.72 2.68 2.63 2.62 2.64 2.64 2.66 2.67 2.70 2.68 2.63 2.62 2.64 2.67 2.74 2.74 2.69 2.66 2.62 2.58 2.55 2.52 2.47 2.44 2.42 2.38 2.35 2.33 2.30 2.27 2.25 2.22 2.20 2.18 2.15 2.13 2.11 2.09 2.06 2.05 2.03 2.00 1.99 1.97 1.96 1.94 1.91 1.91 1.89 1.88 1.87 1.86 1.85 1.83 1.82 1.81 1.79 1.78 1.62 1.61 1.60 1.59 1.59 1.61 1.62 1.61 1.61 1.60 1.59 1.58 1.57 1.57 1.56 1.55 1.55 1.54 1.54 1.53 1.52 1.51 1.52 1.51 1.50 1.49 1.49 1.48 1.48 1.46 1.46 1.45 1.45 1.44 1.44 1.43 1.43 1.43 1.42 1.42 1.42 1.41 1.41 1.40 1.40 1.40 1.40 1.40 1.40 1.40 1.39 1.39 1.39 1.39 1.38 1.38 1.38 1.38 1.37 1.37 1.37 1.37 1.37 1.37 1.37 1.37 1.36 1.35 1.36 1.35 1.35 1.36 6.335072 0.948412 -0.618977 6.367651 0.925204 -0.618977 1286.630260 magnum 75.128783
ODOM 6.449628 0.866804 -0.620545 0.491000 0.000045 0.000000 1286.771359 magnum 75.250602
ODOM 6.490694 0.837453 -0.619011 0.504000 -0.000034 0.000000 1286.879956 magnum 75.358514
FLASER 360 1.32 1.33 1.34 1.32 1.32 1.32 1.32 1.33 1.33 1.34 1.33 1.33 1.33 1.33 1.34 1.34 1.35 1.35 1.35 1.34 1.34 1.34 1.34 1.35 1.35 1.36 1.36 1.37 1.37 1.36 1.36 1.37 1.38 1.38 1.39 1.39 1.38 1.39 1.40 1.40 1.40 1.40 1.41 1.41 1.41 1.42 1.42 1.43 1.43 1.44 1.44 1.45 1.46 1.47 1.47 1.47 1.48 1.49 1.49 1.50 1.51 1.52 1.52 1.51 1.50 1.48 1.50 1.50 1.51 1.62 1.66 1.67 1.67 1.68 1.69 1.70 1.71 1.73 1.74 1.75 1.77 1.78 1.78 1.80 1.81 1.83 1.85 1.86 1.87 1.89 1.91 1.92 1.94 1.96 1.98 1.99 2.01 2.04 2.05 2.07 2.09 2.11 2.13 2.15 2.18 2.20 2.23 2.26 2.28 2.31 2.34 2.37 2.40 2.43 2.30 2.46 2.55 2.55 2.54 2.51 2.51 2.51 2.58 2.57 2.56 2.54 2.53 2.51 2.52 1.98 2.06 2.66 2.76 3.18 3.19 3.30 4.12 4.16 4.18 2.33 4.20 4.02 3.33 3.06 3.22 4.11 4.45 4.59 4.72 4.87 5.03 5.19 5.40 5.44 5.44 6.69 6.93 6.91 6.79 6.79 6.85 6.83 6.95 8.31 8.35 8.34 8.71 9.43 10.05 10.67 12.00 12.41 12.63 12.66 12.67 12.65 12.65 12.65 12.65 12.64 12.65 12.64 12.66 12.65 12.65 12.66 12.66 12.66 12.68 12.72 12.80 12.75 12.64 12.15 11.31 9.97 9.81 9.79 8.52 7.05 6.86 6.85 6.86 6.80 6.84 6.73 6.60 6.57 5.48 5.45 5.35 5.17 5.01 4.86 4.70 4.58 4.45 4.15 4.12 4.13 4.15 6.81 6.83 6.86 6.89 6.88 6.93 3.31 3.21 3.21 2.79 2.68 2.63 2.59 2.55 2.53 2.54 2.55 2.57 2.58 2.60 2.61 2.55 2.53 2.55 2.57 2.61 2.66 2.63 2.59 2.56 2.53 2.49 2.45 2.42 2.40 2.36 2.34 2.31 2.28 2.26 2.23 2.20 2.19 2.16 2.14 2.11 2.10 2.07 2.05 2.04 2.01 1.99 1.97 1.96 1.94 1.92 1.91 1.90 1.88 1.86 1.85 1.84 1.82 1.82 1.81 1.80 1.78 1.78 1.77 1.76 1.75 1.74 1.72 1.59 1.55 1.54 1.54 1.53 1.54 1.58 1.57 1.57 1.56 1.55 1.54 1.53 1.53 1.52 1.51 1.50 1.50 1.49 1.48 1.48 1.48 1.48 1.47 1.47 1.47 1.46 1.45 1.45 1.44 1.43 1.43 1.42 1.41 1.41 1.41 1.41 1.40 1.40 1.40 1.40 1.40 1.40 1.39 1.39 1.39 1.39 1.39 1.39 1.39 1.38 1.38 1.37 1.38 1.37 1.38 1.37 1.37 1.37 1.37 1.37 1.37 1.36 1.36 1.35 1.36 6.446089 0.869281 -0.619461 6.478656 0.846057 -0.619461 1286.840686 magnum 75.358648
ODOM 6.531428 0.808433 -0.619011 0.510500 0.000017 0.000000 1286.992845 magnum 75.472988
ODOM 6.572145 0.779426 -0.620545 0.488000 0.000011 0.000000 1287.112749 magnum 75.592901
FLASER 360 1.31 1.31 1.33 1.32 1.32 1.33 1.33 1.32 1.33 1.32 1.33 1.32 1.34 1.34 1.33 1.34 1.34 1.34 1.34 1.34 1.34 1.34 1.35 1.35 1.36 1.35 1.35 1.36 1.36 1.36 1.37 1.37 1.37 1.38 1.38 1.38 1.39 1.39 1.39 1.40 1.40 1.40 1.41 1.41 1.42 1.42 1.42 1.42 1.42 1.43 1.44 1.45 1.46 1.47 1.47 1.47 1.46 1.43 1.43 1.44 1.44 1.48 1.55 1.59 1.59 1.60 1.61 1.62 1.63 1.64 1.65 1.66 1.67 1.68 1.68 1.70 1.71 1.72 1.74 1.75 1.77 1.78 1.78 1.80 1.81 1.83 1.85 1.86 1.87 1.89 1.91 1.93 1.94 1.96 1.98 1.99 2.01 2.04 2.05 2.08 2.10 2.12 2.13 2.16 2.18 2.21 2.23 2.26 2.28 2.31 2.08 2.19 2.41 2.44 2.45 2.44 2.42 2.40 2.40 2.46 2.49 2.45 2.44 2.42 2.42 2.39 1.93 2.29 2.52 2.57 2.66 3.09 3.10 3.14 4.01 4.05 4.09 2.23 4.07 4.05 3.93 3.04 2.95 3.99 4.02 4.36 4.47 4.60 4.74 4.89 5.06 5.24 5.34 5.32 6.55 6.80 6.82 6.72 6.67 6.74 6.73 6.75 7.06 8.24 8.23 8.29 8.71 9.54 10.15 11.16 12.18 12.31 12.61 12.56 12.55 12.55 12.55 12.53 12.55 12.54 12.54 12.54 12.55 12.54 12.55 12.55 12.55 12.55 12.56 12.63 12.70 12.63 12.36 11.46 11.21 9.82 9.70 9.69 8.42 7.00 6.76 6.75 6.75 6.69 6.71 6.68 6.51 6.46 5.43 5.35 5.33 5.14 4.99 4.83 4.68 4.55 4.44 4.32 4.04 4.02 4.05 4.04 6.73 6.74 6.77 6.78 6.81 6.83 6.88 3.14 3.12 3.03 2.65 2.58 2.53 2.49 2.44 2.42 2.44 2.44 2.47 2.47 2.50 2.51 2.49 2.43 2.45 2.44 2.50 2.55 2.56 2.53 2.49 2.45 2.42 2.39 2.36 2.34 2.31 2.27 2.26 2.23 2.21 2.19 2.16 2.14 2.12 2.10 2.07 2.05 2.04 2.02 2.00 1.98 1.96 1.94 1.93 1.92 1.90 1.88 1.86 1.85 1.84 1.83 1.81 1.79 1.78 1.78 1.77 1.76 1.75 1.74 1.73 1.72 1.71 1.70 1.69 1.68 1.68 1.67 1.65 1.55 1.50 1.49 1.49 1.47 1.51 1.52 1.52 1.51 1.51 1.50 1.49 1.48 1.48 1.48 1.47 1.47 1.46 1.45 1.45 1.45 1.44 1.44 1.43 1.43 1.43 1.42 1.42 1.42 1.41 1.41 1.41 1.41 1.40 1.40 1.40 1.39 1.39 1.40 1.39 1.39 1.39 1.39 1.38 1.38 1.37 1.37 1.37 1.37 1.37 1.37 1.36 1.37 1.37 1.36 1.36 1.36 1.36 1.36 6.524568 0.813368 -0.619979 6.557123 0.790128 -0.619979 1287.061021 magnum 75.593023
ODOM 6.613228 0.750062 -0.622079 0.512500 -0.000006 0.000000 1287.232539 magnum 75.712346
ODOM 6.694124 0.692056 -0.626681 0.507500 -0.000050 0.000000 1287.358966 magnum 75.837100
FLASER 360 1.32 1.31 1.33 1.32 1.32 1.32 1.32 1.32 1.33 1.33 1.33 1.33 1.33 1.33 1.33 1.34 1.33 1.33 1.34 1.35 1.34 1.35 1.35 1.35 1.35 1.36 1.36 1.36 1.36 1.36 1.36 1.37 1.37 1.37 1.37 1.38 1.38 1.39 1.39 1.39 1.39 1.40 1.41 1.41 1.42 1.42 1.42 1.43 1.43 1.37 1.38 1.38 1.39 1.40 1.42 1.53 1.54 1.55 1.56 1.56 1.57 1.57 1.57 1.58 1.59 1.60 1.61 1.62 1.63 1.63 1.65 1.66 1.67 1.68 1.69 1.70 1.71 1.72 1.74 1.75 1.77 1.78 1.79 1.80 1.81 1.83 1.85 1.87 1.87 1.89 1.91 1.93 1.94 1.96 1.98 1.99 2.01 2.04 2.05 2.08 2.10 2.11 2.13 2.16 2.18 2.21 2.23 1.95 2.27 2.31 2.35 2.37 2.37 2.33 2.33 2.31 2.33 2.38 2.37 2.34 2.34 2.32 2.30 1.78 2.09 2.39 2.42 2.47 2.57 2.99 3.00 3.01 3.16 3.91 3.95 2.13 3.96 3.95 3.98 3.81 2.91 2.97 3.90 3.91 4.22 4.33 4.47 4.59 4.73 4.87 5.04 5.23 5.23 5.24 6.45 6.72 6.73 6.58 6.59 6.64 6.63 6.68 7.07 8.13 8.12 8.22 8.61 9.48 10.09 11.05 12.09 12.20 12.49 12.46 12.45 12.44 12.44 12.44 12.44 12.44 12.44 12.43 12.44 12.43 12.44 12.44 12.45 12.45 12.46 12.49 12.60 12.54 12.50 12.03 11.11 9.82 9.61 9.60 8.34 6.85 6.71 6.63 6.65 6.61 6.60 6.62 6.46 6.37 6.38 5.27 5.26 5.17 4.99 4.84 4.71 4.57 4.45 4.33 4.21 3.93 3.92 3.94 3.95 6.64 6.66 6.67 6.69 6.71 6.75 6.77 3.11 3.02 3.02 3.02 2.58 2.49 2.45 2.40 2.36 2.32 2.34 2.34 2.36 2.36 2.39 2.40 2.41 2.38 2.34 2.35 2.37 2.40 2.47 2.46 2.43 2.40 2.37 2.35 2.31 2.28 2.26 2.24 2.21 2.20 2.17 2.15 2.12 2.11 2.08 2.06 2.04 2.02 2.00 1.98 1.97 1.95 1.93 1.92 1.91 1.89 1.87 1.86 1.85 1.83 1.81 1.80 1.78 1.78 1.78 1.76 1.74 1.73 1.72 1.72 1.70 1.69 1.69 1.69 1.68 1.67 1.66 1.65 1.64 1.63 1.63 1.62 1.61 1.60 1.49 1.46 1.44 1.43 1.43 1.43 1.47 1.47 1.47 1.47 1.46 1.46 1.45 1.44 1.44 1.44 1.43 1.43 1.42 1.41 1.41 1.41 1.41 1.41 1.41 1.41 1.41 1.40 1.40 1.40 1.40 1.40 1.39 1.39 1.39 1.38 1.37 1.37 1.37 1.37 1.38 1.37 1.36 1.37 1.36 1.36 1.37 1.37 1.36 1.36 1.36 1.36 6.609476 0.752833 -0.623713 6.641945 0.729471 -0.623713 1287.270264 magnum 75.837234
ODOM 6.735026 0.662441 -0.628215 0.498500 -0.000028 0.000000 1287.472786 magnum 75.953652
ODOM 6.775512 0.633032 -0.629749 0.493000 0.000034 0.000000 1287.593181 magnum 76.072273
FLASER 360 1.32 1.32 1.31 1.32 1.32 1.32 1.32 1.33 1.32 1.32 1.33 1.32 1.33 1.33 1.33 1.33 1.33 1.34 1.34 1.34 1.34 1.35 1.35 1.35 1.35 1.36 1.36 1.36 1.36 1.36 1.36 1.36 1.36 1.37 1.37 1.38 1.38 1.38 1.39 1.38 1.38 1.34 1.34 1.34 1.35 1.36 1.38 1.48 1.48 1.49 1.49 1.51 1.51 1.51 1.52 1.53 1.54 1.54 1.55 1.56 1.57 1.57 1.57 1.58 1.59 1.60 1.61 1.62 1.62 1.63 1.65 1.66 1.67 1.68 1.69 1.70 1.71 1.72 1.73 1.75 1.76 1.78 1.79 1.79 1.81 1.82 1.84 1.86 1.87 1.89 1.90 1.93 1.93 1.95 1.98 1.99 2.01 2.04 2.06 2.06 2.08 2.11 2.13 1.86 2.14 2.20 2.23 2.26 2.28 2.27 2.26 2.23 2.23 2.24 2.28 2.29 2.28 2.25 2.25 1.65 1.76 2.23 2.27 2.30 2.33 2.38 2.47 2.91 2.91 2.90 2.95 3.76 3.82 2.03 3.87 3.84 3.85 3.86 2.82 2.74 2.89 3.79 3.81 4.09 4.20 4.31 4.44 4.57 4.71 4.83 5.01 5.13 5.13 6.34 6.40 6.61 6.61 6.47 6.49 6.53 6.52 6.58 6.72 8.02 8.02 8.11 8.52 9.34 9.93 10.88 11.88 12.09 12.37 12.34 12.35 12.33 12.33 12.33 12.33 12.32 12.33 12.33 12.33 12.34 12.34 12.33 12.35 12.34 12.36 12.38 12.48 12.45 12.43 11.99 11.04 11.03 9.52 9.47 9.41 8.19 6.75 6.54 6.55 6.55 6.49 6.49 6.52 6.29 6.26 6.25 5.17 5.15 5.03 4.86 4.71 4.59 4.47 4.34 4.24 4.13 3.87 3.81 3.83 3.84 6.53 6.55 6.58 6.59 6.62 6.65 6.68 6.71 3.02 2.93 2.92 2.92 2.54 2.43 2.37 2.33 2.30 2.27 2.25 2.25 2.26 2.27 2.28 2.29 2.31 2.32 2.29 2.26 2.28 2.26 2.31 2.35 2.39 2.35 2.33 2.30 2.27 2.24 2.22 2.20 2.18 2.15 2.13 2.11 2.10 2.07 2.05 2.03 2.01 1.99 1.98 1.96 1.94 1.92 1.92 1.89 1.88 1.86 1.86 1.84 1.82 1.81 1.79 1.78 1.78 1.77 1.76 1.75 1.73 1.72 1.71 1.70 1.69 1.69 1.67 1.67 1.65 1.64 1.64 1.64 1.63 1.62 1.61 1.60 1.60 1.59 1.58 1.57 1.57 1.57 1.57 1.56 1.45 1.42 1.41 1.39 1.39 1.39 1.44 1.43 1.43 1.43 1.42 1.42 1.42 1.42 1.41 1.41 1.41 1.41 1.40 1.40 1.39 1.39 1.39 1.39 1.39 1.38 1.39 1.39 1.38 1.38 1.38 1.38 1.38 1.37 1.37 1.37 1.37 1.37 1.37 1.36 1.36 1.36 1.36 1.37 6.707745 0.682267 -0.628407 6.740103 0.658753 -0.628407 1287.480694 magnum 76.072406
ODOM 6.815541 0.603863 -0.629749 0.503000 -0.000078 0.000000 1287.712699 magnum 76.198758
FLASER 360 1.31 1.33 1.31 1.32 1.32 1.32 1.32 1.32 1.32 1.32 1.33 1.32 1.33 1.33 1.33 1.33 1.33 1.34 1.34 1.34 1.34 1.34 1.34 1.35 1.35 1.35 1.36 1.36 1.36 1.36 1.36 1.35 1.35 1.31 1.31 1.31 1.32 1.36 1.37 1.43 1.44 1.44 1.45 1.48 1.47 1.47 1.48 1.48 1.49 1.49 1.49 1.50 1.50 1.51 1.52 1.53 1.53 1.54 1.55 1.56 1.56 1.57 1.58 1.58 1.59 1.59 1.60 1.61 1.62 1.63 1.65 1.66 1.67 1.68 1.69 1.70 1.71 1.72 1.73 1.74 1.76 1.77 1.79 1.80 1.81 1.82 1.84 1.86 1.87 1.88 1.90 1.92 1.94 1.96 1.97 1.99 2.00 2.02 1.84 1.92 2.09 2.10 2.13 2.16 2.18 2.19 2.19 2.16 2.15 2.13 2.15 2.20 2.21 2.18 2.18 1.72 1.65 2.13 2.14 2.16 2.19 2.23 2.27 2.30 2.39 2.82 2.82 2.80 2.86 3.28 1.95 3.76 3.77 3.76 3.76 3.75 3.76 2.65 2.66 3.68 3.69 3.69 3.95 4.09 4.19 4.31 4.44 4.55 4.69 4.84 5.00 5.01 5.02 6.24 6.48 6.52 6.45 6.35 6.40 6.43 6.42 6.54 7.88 7.91 7.91 8.07 8.43 9.27 9.84 10.76 11.74 11.98 12.26 12.23 12.24 12.23 12.23 12.23 12.23 12.21 12.22 12.22 12.22 12.22 12.24 12.23 12.24 12.24 12.24 12.26 12.37 12.35 12.31 11.92 11.00 10.89 9.47 9.37 9.36 8.10 6.63 6.48 6.43 6.44 6.42 6.38 6.42 6.28 6.16 6.15 5.21 5.03 5.02 4.88 4.73 4.59 4.48 4.36 4.26 4.15 4.03 3.81 3.70 3.70 3.73 3.72 6.47 6.47 6.50 6.52 6.56 6.58 6.62 6.94 2.91 2.85 2.83 2.84 2.84 2.39 2.31 2.27 2.24 2.20 2.17 2.15 2.15 2.17 2.18 2.19 2.21 2.21 2.24 2.22 2.18 2.17 2.19 2.20 2.24 2.30 2.29 2.26 2.23 2.21 2.19 2.16 2.14 2.12 2.10 2.07 2.05 2.04 2.02 2.00 1.99 1.97 1.95 1.93 1.92 1.90 1.89 1.87 1.86 1.85 1.83 1.81 1.81 1.79 1.78 1.78 1.77 1.75 1.74 1.73 1.72 1.70 1.70 1.69 1.68 1.67 1.66 1.65 1.65 1.63 1.63 1.61 1.60 1.59 1.59 1.59 1.58 1.58 1.58 1.58 1.57 1.57 1.56 1.55 1.55 1.54 1.54 1.52 1.52 1.52 1.49 1.41 1.37 1.36 1.36 1.36 1.37 1.39 1.41 1.40 1.41 1.40 1.40 1.39 1.39 1.39 1.39 1.39 1.38 1.38 1.37 1.37 1.37 1.37 1.37 1.37 1.36 1.36 1.37 1.36 1.37 1.36 1.36 1.35 1.36 1.36 6.781416 0.628731 -0.629749 6.813743 0.605173 -0.629749 1287.700788 magnum 76.198880
ODOM 6.856373 0.574107 -0.629749 0.497000 0.000045 0.000000 1287.832495 magnum 76.313416
ODOM 6.937233 0.515182 -0.629749 0.490000 -0.000067 0.000000 1287.971300 magnum 76.451908
FLASER 360 1.33 1.31 1.31 1.31 1.31 1.31 1.32 1.31 1.32 1.32 1.32 1.32 1.32 1.33 1.32 1.33 1.33 1.34 1.34 1.34 1.34 1.33 1.33 1.28 1.29 1.29 1.30 1.30 1.30 1.41 1.41 1.41 1.41 1.41 1.41 1.44 1.43 1.42 1.43 1.43 1.44 1.44 1.45 1.45 1.46 1.47 1.48 1.48 1.49 1.49 1.49 1.50 1.50 1.51 1.52 1.53 1.53 1.54 1.55 1.56 1.56 1.57 1.58 1.59 1.59 1.60 1.60 1.61 1.62 1.63 1.64 1.66 1.67 1.68 1.69 1.71 1.71 1.72 1.73 1.75 1.76 1.78 1.79 1.80 1.81 1.82 1.84 1.86 1.88 1.88 1.90 1.92 1.94 1.76 1.81 1.99 2.01 2.03 2.05 2.07 2.09 2.11 2.11 2.08 2.07 2.04 2.05 2.10 2.12 2.10 2.06 1.49 81.91 2.04 2.04 2.04 2.07 2.10 2.14 2.17 2.20 2.24 2.73 2.73 2.73 2.71 2.77 1.83 1.83 3.62 3.65 3.67 3.66 3.65 3.65 2.56 2.55 3.54 3.59 3.58 3.61 3.91 4.00 4.12 4.21 4.32 4.45 4.58 4.71 4.88 4.91 4.90 6.15 6.18 6.40 6.40 6.28 6.27 6.33 6.31 6.33 6.62 7.80 7.82 7.81 8.16 8.63 9.34 9.87 10.92 11.84 11.89 12.17 12.12 12.12 12.13 12.13 12.12 12.12 12.11 12.13 12.11 12.12 12.12 12.12 12.12 12.13 12.13 12.13 12.15 12.28 12.26 12.22 11.80 10.90 10.78 9.39 9.27 9.28 8.00 6.55 6.42 6.32 6.34 6.33 6.28 6.31 6.26 6.09 6.05 6.08 4.94 4.93 4.87 4.72 4.58 4.47 4.35 4.23 4.13 4.03 3.93 3.68 3.61 3.61 3.62 3.64 6.36 6.39 6.41 6.44 6.47 6.49 6.56 6.81 6.70 2.80 2.74 2.74 2.73 2.77 2.40 2.25 2.20 2.18 2.14 2.11 2.08 2.06 2.05 2.07 2.09 2.11 2.11 2.13 2.14 2.14 2.09 2.09 2.10 2.11 2.15 2.21 2.22 2.19 2.16 2.14 2.12 2.10 2.07 2.05 2.04 2.02 2.00 1.99 1.97 1.95 1.93 1.92 1.90 1.89 1.87 1.87 1.85 1.83 1.83 1.80 1.79 1.78 1.78 1.77 1.76 1.73 1.73 1.72 1.71 1.71 1.70 1.68 1.67 1.66 1.66 1.64 1.64 1.63 1.62 1.60 1.60 1.59 1.59 1.58 1.58 1.57 1.56 1.56 1.55 1.56 1.55 1.55 1.54 1.53 1.53 1.53 1.52 1.51 1.51 1.49 1.50 1.49 1.49 1.49 1.49 1.49 1.48 1.35 1.33 1.33 1.33 1.33 1.34 1.38 1.39 1.38 1.38 1.38 1.37 1.37 1.37 1.37 1.37 1.36 1.36 1.37 1.37 1.36 1.36 1.36 1.36 1.36 1.36 6.873315 0.561761 -0.629749 6.905642 0.538203 -0.629749 1287.910260 magnum 76.452045
ODOM 6.977261 0.486012 -0.629749 0.498500 -0.000028 0.000000 1288.093426 magnum 76.572014
ODOM 7.018093 0.456256 -0.629749 0.501000 -0.000090 0.000000 1288.213095 magnum 76.694880
FLASER 360 1.33 1.30 1.31 1.32 1.32 1.31 1.32 1.32 1.32 1.31 1.32 1.32 1.32 1.29 1.27 1.27 1.27 1.28 1.28 1.34 1.39 1.39 1.39 1.39 1.39 1.40 1.40 1.40 1.40 1.41 1.41 1.41 1.41 1.41 1.41 1.42 1.42 1.42 1.43 1.43 1.44 1.44 1.45 1.45 1.46 1.47 1.48 1.48 1.48 1.48 1.49 1.50 1.50 1.52 1.52 1.53 1.53 1.54 1.55 1.55 1.56 1.57 1.57 1.58 1.59 1.59 1.60 1.61 1.62 1.63 1.65 1.65 1.67 1.68 1.69 1.70 1.71 1.72 1.73 1.75 1.76 1.78 1.79 1.80 1.81 1.83 1.84 1.68 1.63 1.89 1.91 1.92 1.93 1.95 1.97 1.99 2.01 2.02 2.03 2.00 1.99 1.96 1.97 1.98 2.03 1.53 1.47 1.99 1.99 1.96 1.96 1.96 1.96 1.99 2.02 2.05 2.08 2.10 2.15 2.67 2.67 2.63 2.63 2.60 1.78 3.64 3.49 3.51 3.55 3.58 3.57 3.56 3.55 2.45 2.44 3.37 3.47 3.49 3.50 3.56 3.83 3.91 4.01 4.11 4.22 4.32 4.46 4.58 4.73 4.80 4.80 7.91 6.02 6.29 6.30 6.22 6.15 6.18 6.23 6.20 6.27 6.39 7.72 7.70 7.72 8.13 8.76 9.22 9.83 10.79 11.77 11.80 12.06 12.02 12.02 12.02 12.02 12.01 12.01 12.00 12.01 12.00 12.02 12.02 12.02 12.01 12.02 12.03 12.03 12.04 12.17 12.15 12.11 11.71 10.83 10.66 9.36 9.17 9.17 7.94 7.89 6.41 6.23 6.23 6.25 6.17 6.18 6.21 6.02 5.95 5.96 5.06 4.83 4.82 4.71 4.57 4.46 4.34 4.23 4.12 4.02 3.93 3.84 3.66 3.50 3.50 3.52 3.53 6.29 6.29 6.32 6.35 6.39 6.41 6.55 6.67 6.61 6.77 2.72 2.66 2.64 2.64 2.67 2.69 2.23 2.15 2.10 2.08 2.05 2.03 2.00 1.97 1.97 1.97 2.00 2.00 2.03 2.03 2.06 2.06 2.04 2.02 2.01 2.02 2.04 2.06 2.14 2.13 2.11 2.09 2.06 2.05 2.03 2.01 1.98 1.97 1.96 1.93 1.92 1.91 1.89 1.88 1.86 1.85 1.84 1.82 1.81 1.80 1.79 1.78 1.77 1.76 1.75 1.74 1.71 1.71 1.70 1.70 1.69 1.68 1.67 1.66 1.65 1.64 1.63 1.62 1.61 1.61 1.60 1.59 1.58 1.58 1.57 1.57 1.56 1.56 1.54 1.55 1.53 1.53 1.52 1.51 1.51 1.51 1.52 1.50 1.51 1.50 1.50 1.49 1.49 1.48 1.48 1.48 1.48 1.48 1.47 1.47 1.47 1.46 1.46 1.45 1.36 1.34 1.32 1.32 1.32 1.31 1.34 1.37 1.37 1.37 1.37 1.37 1.37 1.36 1.36 1.36 1.36 1.37 6.956568 0.501092 -0.629749 6.988895 0.477534 -0.629749 1288.120592 magnum 76.694998
ODOM 7.058905 0.426516 -0.629749 0.503500 0.000006 0.000000 1288.332952 magnum 76.812879
ODOM 7.139786 0.367575 -0.632817 0.505000 0.000022 0.000000 1288.472190 magnum 76.951504
FLASER 360 1.33 1.32 1.30 1.27 1.26 1.26 1.26 1.26 1.26 1.31 1.36 1.36 1.37 1.37 1.37 1.37 1.38 1.39 1.40 1.38 1.39 1.39 1.39 1.39 1.40 1.40 1.40 1.40 1.40 1.40 1.40 1.40 1.41 1.42 1.42 1.42 1.42 1.43 1.43 1.43 1.43 1.44 1.45 1.45 1.46 1.47 1.48 1.48 1.48 1.49 1.49 1.50 1.51 1.51 1.52 1.53 1.53 1.54 1.55 1.56 1.57 1.57 1.57 1.58 1.59 1.60 1.61 1.62 1.63 1.64 1.65 1.65 1.67 1.68 1.69 1.70 1.71 1.72 1.73 1.75 1.76 1.60 1.49 1.79 1.81 1.83 1.84 1.86 1.87 1.89 1.90 1.92 1.94 1.94 1.94 1.91 1.91 1.89 1.89 1.45 1.42 1.93 1.93 1.91 1.92 1.88 1.87 1.87 1.87 1.91 1.92 1.95 1.97 2.00 2.03 2.06 3.11 2.58 2.56 2.53 2.50 2.60 2.70 3.51 3.44 3.40 3.44 3.47 3.49 3.47 2.43 2.34 2.35 3.29 3.32 3.39 3.39 3.39 3.58 3.75 3.84 3.94 4.02 4.14 4.24 4.35 4.47 4.61 4.70 4.70 4.75 5.93 6.04 6.19 6.20 6.05 6.06 6.12 6.11 6.12 6.36 7.56 7.59 7.58 7.77 8.10 8.85 9.27 10.04 10.77 11.66 11.79 11.93 11.91 11.92 11.90 11.91 11.90 11.90 11.88 11.89 11.89 11.91 11.89 11.91 11.90 11.91 11.91 11.92 11.94 12.06 12.03 11.99 11.59 10.69 10.56 9.25 9.06 9.05 7.86 7.79 6.37 6.13 6.12 6.14 6.08 6.07 6.10 5.98 5.86 5.85 5.87 4.76 4.71 4.70 4.53 4.43 4.31 4.20 4.11 4.01 3.92 3.82 3.73 3.61 3.41 3.40 3.41 3.43 6.18 6.21 6.24 6.27 6.29 6.33 6.65 6.55 6.53 6.83 6.53 2.63 2.58 2.55 2.55 2.58 2.59 2.67 2.15 2.04 2.02 1.99 1.96 1.95 1.92 1.90 1.88 1.90 1.90 1.92 1.92 1.95 1.95 1.98 1.98 1.95 1.94 1.93 1.94 1.96 1.99 2.05 2.05 2.03 2.01 1.98 1.97 1.96 1.94 1.92 1.91 1.89 1.88 1.86 1.86 1.85 1.83 1.82 1.80 1.78 1.78 1.78 1.76 1.75 1.74 1.72 1.72 1.70 1.69 1.69 1.68 1.67 1.67 1.65 1.65 1.63 1.62 1.62 1.61 1.60 1.59 1.59 1.58 1.57 1.57 1.57 1.56 1.56 1.55 1.55 1.54 1.52 1.52 1.51 1.51 1.50 1.49 1.49 1.49 1.48 1.48 1.48 1.48 1.48 1.47 1.48 1.48 1.48 1.47 1.47 1.46 1.46 1.46 1.45 1.45 1.44 1.44 1.43 1.44 1.44 1.43 1.43 1.42 1.33 1.31 1.30 1.31 1.30 1.31 1.36 1.36 7.034808 0.444091 -0.630061 7.067128 0.420523 -0.630061 1288.340530 magnum 76.951737
ODOM 7.180137 0.337980 -0.635885 0.511500 0.000017 0.000000 1288.583024 magnum 77.068399
FLASER 360 1.31 1.33 1.31 1.35 1.35 1.35 1.35 1.34 1.36 1.36 1.37 1.36 1.36 1.37 1.37 1.38 1.38 1.38 1.38 1.38 1.39 1.39 1.39 1.39 1.39 1.39 1.39 1.39 1.39 1.40 1.40 1.40 1.41 1.41 1.41 1.42 1.42 1.43 1.43 1.43 1.44 1.45 1.45 1.46 1.46 1.47 1.47 1.47 1.48 1.48 1.49 1.50 1.50 1.51 1.52 1.53 1.53 1.54 1.55 1.56 1.56 1.56 1.57 1.58 1.59 1.60 1.61 1.62 1.62 1.63 1.64 1.66 1.67 1.68 1.64 1.41 1.67 1.73 1.74 1.75 1.76 1.78 1.78 1.79 1.81 1.83 1.84 1.86 1.87 1.87 1.86 1.82 1.77 1.78 1.82 1.85 1.87 1.85 1.84 1.82 1.82 1.79 1.79 1.78 1.79 1.82 1.83 1.86 1.88 1.90 1.92 1.94 1.96 3.07 2.52 2.46 2.45 2.43 2.44 2.50 2.63 3.35 3.35 3.30 3.32 3.37 3.39 3.37 2.31 2.24 2.28 3.19 3.19 3.27 3.30 3.27 3.32 3.56 3.65 3.72 3.84 3.92 4.01 4.13 4.23 4.33 4.47 4.60 4.60 4.60 7.70 5.82 6.09 6.09 6.01 5.94 5.97 6.01 6.01 6.02 6.40 7.47 7.48 7.47 7.76 8.06 8.83 9.40 10.14 11.10 11.55 11.69 11.82 11.80 11.81 11.79 11.80 11.78 11.79 11.78 11.78 11.79 11.79 11.79 11.80 11.80 11.81 11.80 11.81 11.81 11.94 11.93 11.89 11.54 10.73 10.44 9.20 8.96 8.95 8.73 7.67 6.20 6.09 6.01 6.03 6.01 5.96 5.98 6.00 5.78 5.74 5.75 5.76 4.64 4.62 4.57 4.42 4.31 4.21 4.11 4.01 3.91 3.83 3.72 3.66 3.57 3.35 3.30 3.31 3.33 3.34 6.11 6.14 6.16 6.20 6.23 6.55 6.44 6.45 6.74 6.46 6.40 6.39 2.52 2.46 2.45 2.46 2.46 2.53 2.59 2.12 2.01 1.95 1.91 1.89 1.88 1.85 1.83 1.81 1.81 1.82 1.82 1.83 1.83 1.86 1.87 1.91 1.91 1.89 1.86 1.85 1.84 1.88 1.88 1.96 1.98 1.97 1.95 1.93 1.92 1.91 1.88 1.87 1.86 1.85 1.83 1.81 1.81 1.78 1.78 1.78 1.77 1.75 1.74 1.73 1.72 1.71 1.70 1.69 1.68 1.68 1.66 1.65 1.65 1.64 1.63 1.61 1.61 1.60 1.60 1.59 1.58 1.58 1.57 1.56 1.56 1.56 1.55 1.55 1.55 1.53 1.53 1.52 1.52 1.51 1.50 1.49 1.49 1.50 1.48 1.48 1.47 1.48 1.46 1.46 1.47 1.46 1.47 1.45 1.45 1.47 1.46 1.45 1.45 1.45 1.44 1.44 1.44 1.43 1.43 1.43 1.42 1.42 1.42 1.42 1.41 1.41 1.42 1.41 1.37 7.138283 0.368793 -0.635151 7.170482 0.345061 -0.635151 1288.550639 magnum 77.068517
ODOM 7.220006 0.308550 -0.632817 0.486000 0.000067 0.000000 1288.702443 magnum 77.181980
ODOM 7.260336 0.278971 -0.628215 0.501000 0.000101 0.000000 1288.809606 magnum 77.296775
FLASER 360 1.33 1.33 1.31 1.35 1.35 1.35 1.35 1.35 1.36 1.35 1.36 1.36 1.36 1.37 1.37 1.38 1.38 1.38 1.37 1.38 1.38 1.39 1.39 1.39 1.39 1.39 1.39 1.39 1.39 1.40 1.40 1.40 1.40 1.41 1.42 1.42 1.42 1.42 1.43 1.43 1.44 1.44 1.45 1.45 1.46 1.46 1.46 1.47 1.48 1.48 1.49 1.49 1.50 1.51 1.52 1.52 1.53 1.54 1.55 1.55 1.55 1.56 1.57 1.58 1.59 1.59 1.60 1.46 1.43 1.64 1.64 1.65 1.66 1.68 1.68 1.69 1.70 1.72 1.73 1.75 1.76 1.77 1.78 1.79 1.80 1.12 81.91 1.74 1.73 1.73 1.75 1.79 1.80 1.76 1.76 1.74 1.73 1.70 1.71 1.69 1.72 1.73 1.75 1.77 1.79 1.82 1.83 1.85 1.89 2.29 5.37 3.00 2.59 2.36 2.34 2.32 2.34 2.46 2.58 3.22 3.25 3.18 3.22 3.24 3.28 3.28 2.22 2.14 2.19 3.13 3.11 3.12 3.19 3.19 3.18 3.26 3.47 3.56 3.64 3.72 3.80 3.92 4.01 4.11 4.20 4.30 4.45 4.49 4.48 7.61 5.72 5.72 5.98 6.01 5.89 5.84 5.88 5.89 5.89 5.96 6.37 7.36 7.38 7.36 7.62 7.96 8.68 9.26 9.79 10.91 11.45 11.56 11.73 11.70 11.70 11.68 11.69 11.68 11.68 11.67 11.68 11.67 11.68 11.67 11.69 11.68 11.69 11.69 11.70 11.71 11.77 11.84 11.80 11.74 11.29 10.36 10.33 8.88 8.84 8.82 7.61 7.55 6.19 5.91 5.91 5.92 5.89 5.86 5.90 5.84 5.67 5.63 5.65 5.66 4.55 4.51 4.48 4.33 4.24 4.12 4.03 3.93 3.84 3.73 3.67 3.60 3.52 3.44 3.23 3.20 3.22 3.24 3.25 6.04 6.08 6.10 6.13 6.44 6.38 6.32 6.67 6.41 6.32 6.31 6.43 6.83 2.40 2.37 2.36 2.36 2.40 2.42 2.52 2.53 2.00 1.90 1.86 1.83 1.81 1.80 1.78 1.76 1.74 1.72 1.72 1.71 1.75 1.75 1.78 1.78 1.81 1.81 1.83 1.82 1.79 1.77 1.78 1.80 1.83 1.85 1.91 1.90 1.88 1.87 1.85 1.85 1.83 1.81 1.80 1.79 1.78 1.77 1.76 1.75 1.74 1.73 1.71 1.70 1.69 1.68 1.68 1.67 1.66 1.65 1.64 1.63 1.63 1.62 1.61 1.60 1.60 1.59 1.58 1.58 1.57 1.56 1.55 1.55 1.55 1.54 1.54 1.53 1.53 1.52 1.51 1.51 1.50 1.50 1.50 1.49 1.48 1.48 1.47 1.47 1.46 1.47 1.45 1.45 1.45 1.46 1.46 1.45 1.45 1.44 1.44 1.44 1.43 1.43 1.44 1.45 1.43 1.43 1.43 1.42 1.42 1.42 1.41 1.42 1.42 1.38 7.215695 0.311554 -0.629620 7.248025 0.288000 -0.629620 1288.770269 magnum 77.296911
ODOM 7.301213 0.249278 -0.625147 0.491500 0.000050 0.000000 1288.923381 magnum 77.404046
ODOM 7.341376 0.220292 -0.620545 0.494000 0.000078 0.000000 1289.042794 magnum 77.522356
FLASER 360 1.32 1.31 1.34 1.35 1.35 1.35 1.36 1.35 1.35 1.36 1.36 1.36 1.36 1.37 1.37 1.38 1.38 1.37 1.38 1.38 1.38 1.38 1.38 1.39 1.39 1.39 1.39 1.40 1.40 1.40 1.40 1.41 1.41 1.41 1.42 1.42 1.42 1.43 1.43 1.44 1.45 1.45 1.46 1.46 1.46 1.46 1.47 1.48 1.48 1.49 1.50 1.50 1.51 1.52 1.53 1.53 1.54 1.53 1.44 81.91 1.57 1.57 1.58 1.59 1.60 1.60 1.61 1.63 1.64 1.65 1.66 1.66 1.67 1.69 1.69 81.91 81.91 1.73 1.74 1.69 1.68 1.66 1.66 1.68 1.69 1.71 1.71 1.68 1.68 1.65 1.64 1.63 1.63 1.62 1.63 1.65 1.67 1.69 1.70 1.72 1.74 1.76 1.78 1.86 2.22 5.34 81.91 2.31 2.28 2.25 2.24 2.24 2.26 2.39 2.49 3.08 3.17 3.11 3.10 3.14 3.16 3.18 2.12 2.05 2.07 3.17 3.04 2.99 3.02 3.09 3.10 3.09 3.13 3.36 3.44 3.51 3.58 3.66 3.73 3.85 3.93 4.04 4.14 4.25 4.37 4.38 4.39 7.49 5.62 5.60 5.87 5.88 5.81 5.73 5.77 5.79 5.79 5.81 6.12 7.23 7.27 7.27 7.36 7.73 8.33 8.89 9.37 10.35 11.18 11.34 11.61 11.59 11.59 11.57 11.58 11.57 11.57 11.56 11.57 11.56 11.57 11.57 11.57 11.57 11.57 11.58 11.59 11.59 11.60 11.72 11.72 11.66 11.42 11.13 10.25 10.21 8.77 8.72 8.69 7.47 7.45 6.08 5.81 5.80 5.81 5.78 5.75 5.78 5.76 5.57 5.54 5.54 5.58 4.47 4.41 4.40 4.31 4.18 4.08 4.00 3.90 3.81 3.71 3.64 3.57 3.49 3.41 3.35 3.15 3.11 3.12 3.13 3.14 5.95 5.99 6.01 6.07 6.34 6.23 6.28 6.47 6.27 6.15 6.22 6.28 6.76 6.85 2.37 2.28 2.27 2.28 2.28 2.31 2.34 2.43 2.43 2.26 1.88 1.79 1.77 1.75 1.73 1.71 1.70 1.69 1.67 1.65 1.64 1.64 1.65 1.67 1.68 1.69 1.71 1.74 1.74 1.76 1.73 1.71 1.69 1.71 1.72 1.76 1.79 1.84 1.82 1.81 1.80 1.79 1.77 1.77 1.76 1.75 1.74 1.73 1.71 1.70 1.69 1.68 1.67 1.66 1.66 1.65 1.64 1.63 1.63 1.62 1.61 1.60 1.59 1.58 1.58 1.56 1.57 1.56 1.56 1.56 1.54 1.54 1.54 1.53 1.52 1.53 1.52 1.50 1.51 1.49 1.49 1.49 1.48 1.48 1.47 1.47 1.47 1.47 1.47 1.46 1.46 1.46 1.46 1.45 1.45 1.45 1.44 1.44 1.43 1.43 1.43 1.43 1.43 1.43 1.42 1.42 1.42 1.42 1.42 1.43 1.40 1.38 1.34 7.290209 0.257098 -0.622685 7.322702 0.233770 -0.622685 1288.980239 magnum 77.522502
ODOM 7.422706 0.162163 -0.606739 0.490500 0.000174 0.000000 1289.163199 magnum 77.643179
ODOM 7.463363 0.133944 -0.597535 0.504000 0.000157 0.000000 1289.282807 magnum 77.872675
ODOM 7.505472 0.105288 -0.589865 0.500500 0.000095 0.000000 1289.390072 magnum 77.872823
FLASER 360 1.33 1.36 1.36 1.35 1.35 1.35 1.36 1.36 1.36 1.36 1.36 1.37 1.37 1.38 1.38 1.38 1.39 1.38 1.38 1.39 1.39 1.39 1.39 1.39 1.39 1.40 1.39 1.40 1.40 1.41 1.41 1.42 1.42 1.42 1.42 1.43 1.43 1.44 1.44 1.45 1.45 1.46 1.46 1.46 1.47 1.47 1.48 1.49 1.45 1.24 81.91 1.52 1.52 1.53 1.54 1.55 1.55 1.55 1.56 1.57 1.57 1.58 1.59 1.33 1.19 1.64 1.65 1.64 1.65 1.66 1.67 1.66 1.64 1.60 1.60 1.60 1.61 1.63 1.65 1.64 1.64 1.62 1.59 1.58 1.57 1.55 1.55 1.56 1.57 1.59 1.60 1.61 1.63 1.64 1.66 1.68 1.69 1.74 1.85 81.91 81.91 5.21 5.23 2.21 2.20 2.17 2.17 2.16 2.20 2.32 2.39 2.90 3.04 3.07 3.02 3.02 3.05 3.07 2.03 1.96 1.97 3.06 3.08 2.92 2.91 2.93 3.00 3.01 2.99 3.04 3.21 3.31 3.37 3.45 3.52 3.60 3.67 3.77 3.85 3.95 4.04 4.15 4.27 4.29 4.29 7.41 7.41 5.50 5.76 5.77 5.75 5.63 5.64 5.69 5.69 5.70 5.81 7.10 7.17 7.16 7.17 7.44 7.67 8.42 8.89 9.41 10.37 11.23 11.24 11.52 11.49 11.48 11.48 11.47 11.47 11.46 11.46 11.45 11.46 11.45 11.47 11.46 11.47 11.47 11.47 11.47 11.49 11.50 11.60 11.61 11.57 11.22 11.05 10.12 10.10 8.66 8.63 8.60 7.42 7.33 6.08 5.72 5.71 5.71 5.71 5.66 5.66 5.68 5.54 5.43 5.45 5.46 5.47 4.35 4.32 4.28 4.18 4.06 3.98 3.88 3.78 3.70 3.64 3.54 3.48 3.40 3.34 3.27 3.14 3.02 3.02 3.03 3.05 3.05 5.91 5.92 6.00 6.22 6.13 6.24 6.37 6.17 6.14 6.16 6.37 6.69 6.77 6.72 6.63 2.25 2.21 2.18 2.20 2.20 2.23 2.26 2.35 2.36 2.21 2.16 1.80 1.73 1.70 1.68 1.67 1.65 1.64 1.62 1.61 1.59 1.58 1.57 1.58 1.58 1.60 1.60 1.63 1.63 1.67 1.68 1.70 1.67 1.66 1.64 1.65 1.65 1.68 1.71 1.77 1.77 1.76 1.75 1.74 1.72 1.71 1.70 1.69 1.68 1.67 1.67 1.67 1.65 1.65 1.64 1.63 1.62 1.61 1.60 1.60 1.59 1.58 1.58 1.57 1.57 1.56 1.55 1.55 1.55 1.54 1.54 1.53 1.53 1.52 1.52 1.51 1.50 1.49 1.50 1.48 1.48 1.48 1.47 1.47 1.47 1.46 1.47 1.46 1.46 1.46 1.46 1.45 1.45 1.45 1.44 1.44 1.43 1.44 1.44 1.43 1.43 1.42 1.42 1.41 1.41 1.40 1.41 1.40 1.35 1.37 1.42 7.399793 0.177956 -0.604476 7.432705 0.155223 -0.604476 1289.191174 magnum 77.872929
ODOM 7.546987 0.077499 -0.580661 0.497000 0.000146 0.000000 1289.502319 magnum 77.982081
FLASER 360 1.35 1.35 1.35 1.36 1.36 1.36 1.36 1.36 1.37 1.37 1.37 1.37 1.38 1.38 1.38 1.38 1.38 1.39 1.39 1.39 1.39 1.39 1.40 1.40 1.40 1.41 1.41 1.41 1.41 1.42 1.42 1.42 1.43 1.43 1.43 1.44 1.44 1.22 1.21 1.46 1.47 1.47 1.47 1.48 1.48 1.49 1.49 1.50 1.51 1.48 1.43 81.91 81.91 1.55 1.55 1.56 1.56 1.57 1.58 1.58 1.59 1.60 1.61 1.57 1.58 1.55 1.53 1.54 1.55 1.57 1.59 1.57 1.57 1.53 1.53 1.49 1.49 1.48 1.48 1.48 1.50 1.50 1.51 1.53 1.54 1.56 1.57 1.58 1.59 1.60 1.62 2.07 2.07 2.09 2.09 5.11 5.10 2.13 2.12 2.09 2.09 2.07 2.08 2.19 2.24 2.77 2.77 2.94 2.99 2.92 2.92 2.95 2.98 1.87 1.87 2.04 3.00 2.98 2.99 2.83 2.82 2.85 2.91 2.90 2.90 2.94 3.09 3.20 3.25 3.32 3.39 3.47 3.53 3.62 3.69 3.79 3.86 3.96 4.06 4.18 4.19 4.18 7.31 7.30 5.41 5.64 5.67 5.67 5.55 5.52 5.58 5.58 5.58 5.66 5.93 7.03 7.07 7.05 7.09 7.49 7.88 8.51 8.97 9.78 10.57 11.13 11.19 11.40 11.38 11.37 11.38 11.36 11.36 11.35 11.35 11.35 11.35 11.35 11.36 11.35 11.37 11.36 11.37 11.37 11.39 11.40 11.52 11.50 11.46 11.10 10.92 10.01 10.00 8.55 8.52 8.49 7.42 7.24 5.82 5.68 5.59 5.59 5.61 5.56 5.55 5.58 5.52 5.34 5.32 5.35 5.37 4.39 4.22 4.21 4.17 4.03 3.95 3.86 3.78 3.68 3.61 3.52 3.46 3.38 3.33 3.27 3.21 3.14 2.97 2.91 2.92 2.94 2.96 5.81 5.84 5.98 6.11 6.03 6.16 6.18 6.10 6.05 6.21 6.32 6.63 6.67 6.62 6.53 6.46 6.37 2.16 2.12 2.10 2.09 2.12 2.13 2.18 2.24 2.28 2.23 2.10 2.07 2.03 1.71 1.63 1.61 1.60 1.59 1.58 1.57 1.56 1.55 1.53 1.51 1.50 1.49 1.50 1.50 1.53 1.54 1.57 1.58 1.60 1.61 1.62 1.60 1.58 1.58 1.57 1.59 1.62 1.64 1.71 1.70 1.69 1.68 1.67 1.67 1.66 1.65 1.65 1.64 1.63 1.62 1.61 1.60 1.60 1.59 1.58 1.58 1.57 1.56 1.56 1.55 1.55 1.55 1.54 1.54 1.54 1.53 1.52 1.51 1.50 1.51 1.49 1.50 1.48 1.49 1.49 1.46 1.48 1.47 1.47 1.46 1.46 1.46 1.46 1.46 1.46 1.45 1.45 1.44 1.44 1.43 1.44 1.43 1.43 1.43 1.43 1.42 1.42 1.42 1.41 1.41 1.40 1.37 1.37 1.40 1.41 1.41 7.480473 0.121933 -0.588029 7.513754 0.099744 -0.588029 1289.411183 magnum 77.982216
ODOM 7.587133 0.051159 -0.574525 0.421500 0.000073 0.000000 1289.629723 magnum 78.114324
FLASER 360 1.35 1.36 1.36 1.37 1.36 1.36 1.37 1.37 1.37 1.38 1.38 1.39 1.39 1.39 1.39 1.39 1.39 1.39 1.39 1.40 1.40 1.40 1.41 1.41 1.41 1.20 1.20 1.43 1.43 1.43 1.43 1.44 1.44 1.44 1.45 81.91 1.39 1.49 1.48 1.47 1.48 1.48 1.48 1.50 1.50 1.51 1.52 1.52 1.53 1.54 1.54 1.55 1.55 1.56 1.55 1.50 1.50 1.47 1.48 1.49 1.50 1.53 1.53 1.52 1.51 1.44 1.44 1.42 1.42 1.41 1.41 1.42 1.42 1.44 1.45 1.46 1.48 1.49 1.49 1.51 1.52 1.40 1.47 1.92 1.95 1.98 1.98 2.00 1.98 3.01 4.76 2.04 2.05 2.01 2.01 1.99 2.01 2.09 2.14 2.35 2.69 2.69 2.77 2.89 2.90 2.81 2.84 1.78 1.80 1.89 2.92 2.89 2.89 2.87 2.83 2.72 2.73 2.77 2.81 2.81 2.81 2.85 3.03 3.10 3.14 3.21 3.27 3.35 3.41 3.50 3.56 3.65 3.71 3.82 3.90 4.02 4.08 4.08 4.09 7.21 7.19 5.29 5.30 5.55 5.59 5.45 5.43 5.46 5.49 5.46 5.48 5.75 6.88 6.96 6.96 6.95 7.14 7.46 8.04 8.63 9.00 9.98 10.66 11.01 11.15 11.27 11.28 11.26 11.26 11.25 11.25 11.24 11.24 11.24 11.25 11.25 11.26 11.25 11.26 11.26 11.26 11.26 11.28 11.29 11.41 11.39 11.36 10.97 10.83 9.90 9.89 8.45 8.41 8.40 7.95 7.13 7.17 5.62 5.49 5.48 5.50 5.47 5.45 5.47 5.46 5.25 5.22 5.23 5.26 5.27 4.21 4.09 4.11 4.03 3.94 3.84 3.74 3.66 3.60 3.52 3.45 3.36 3.31 3.24 3.19 3.12 3.08 2.93 2.84 2.82 2.83 2.85 2.86 5.75 5.91 5.98 5.94 6.21 6.12 6.03 6.21 6.21 6.49 6.54 6.58 6.51 6.44 6.36 6.29 6.35 6.57 6.62 2.05 2.01 2.02 2.02 2.04 2.06 2.12 2.19 2.22 2.04 2.00 1.99 1.98 1.95 1.61 1.56 1.54 1.53 1.52 1.50 1.49 1.49 1.48 1.46 1.45 1.44 1.43 1.42 1.43 1.42 1.45 1.46 1.49 1.50 1.54 1.55 1.57 1.54 1.52 1.51 1.51 1.51 1.56 1.57 1.65 1.65 1.64 1.63 1.63 1.62 1.61 1.60 1.59 1.59 1.58 1.57 1.57 1.56 1.55 1.55 1.55 1.54 1.54 1.54 1.53 1.52 1.52 1.51 1.51 1.50 1.49 1.50 1.48 1.48 1.47 1.47 1.47 1.47 1.47 1.46 1.46 1.46 1.46 1.46 1.45 1.45 1.45 1.44 1.44 1.43 1.43 1.44 1.43 1.43 1.42 1.42 1.42 1.41 1.41 1.41 1.38 1.34 1.36 1.39 1.41 1.41 1.41 1.41 7.550878 0.074672 -0.574936 7.584447 0.052921 -0.574936 1289.620183 magnum 78.114469
ODOM 7.619296 0.030337 -0.574525 0.345000 -0.000056 0.000000 1289.742316 magnum 78.223644
ODOM 7.637210 0.018740 -0.557651 0.009000 -0.001456 0.000000 1289.849639 magnum 78.332192
FLASER 360 1.37 1.37 1.38 1.37 1.37 1.38 1.38 1.38 1.39 1.39 1.39 1.40 1.39 1.29 1.19 1.41 1.40 1.40 1.40 1.42 1.43 81.91 81.91 1.44 1.44 1.43 1.43 1.44 1.45 1.45 1.45 1.46 1.46 1.47 1.47 1.47 1.47 1.47 1.48 1.49 1.49 1.50 1.50 1.52 1.52 1.51 1.48 1.45 1.43 1.43 1.43 1.44 1.45 1.49 1.48 1.44 1.42 1.40 1.39 1.35 1.36 1.36 1.36 1.37 1.38 1.39 1.40 1.41 1.42 1.43 1.43 81.91 1.30 1.44 1.48 1.55 1.76 1.88 1.89 1.91 1.92 1.94 81.91 81.91 2.97 2.00 1.98 1.95 1.94 1.91 1.93 1.96 2.03 2.09 2.23 2.61 2.62 2.63 2.80 2.92 2.87 1.72 1.71 1.71 1.72 2.83 2.85 2.84 2.81 2.81 2.73 2.65 2.65 2.69 2.72 2.72 2.71 2.75 2.85 2.98 3.03 3.08 3.15 3.22 3.26 3.33 3.41 3.48 3.55 3.62 3.69 3.78 3.88 3.98 4.00 3.99 4.04 7.12 7.11 5.21 5.46 5.47 5.49 5.34 5.34 5.38 5.39 5.37 5.40 5.67 6.81 6.87 6.86 6.85 7.07 7.33 7.91 8.23 8.88 9.66 9.93 10.93 11.00 11.20 11.17 11.17 11.17 11.16 11.16 11.15 11.15 11.14 11.14 11.14 11.15 11.15 11.15 11.16 11.16 11.17 11.18 11.18 11.24 11.31 11.27 11.23 10.81 9.88 9.81 8.54 8.33 8.32 8.17 7.05 7.04 5.59 5.48 5.38 5.39 5.40 5.37 5.34 5.39 5.32 5.17 5.12 5.14 5.16 5.18 4.11 4.02 4.01 3.96 3.86 3.76 3.67 3.60 3.51 3.46 3.39 3.32 3.25 3.19 3.13 3.08 3.02 2.97 2.88 2.75 2.72 2.73 2.76 2.77 5.72 5.94 5.85 5.93 6.04 5.75 5.68 5.67 5.73 5.85 6.47 6.47 6.38 6.30 6.23 6.21 6.48 6.52 5.93 5.62 2.01 1.96 1.94 1.93 1.94 1.95 1.99 2.05 2.11 2.16 1.98 1.93 1.92 1.91 1.89 1.87 1.70 1.51 1.48 1.47 1.46 1.45 1.43 1.43 1.42 1.42 1.41 1.39 1.38 1.37 1.36 1.35 1.35 1.38 1.40 1.41 1.43 1.46 1.48 1.51 1.50 1.47 1.46 1.45 1.45 1.48 1.49 1.55 1.59 1.59 1.59 1.58 1.57 1.56 1.56 1.56 1.56 1.55 1.55 1.54 1.52 1.53 1.52 1.51 1.50 1.51 1.49 1.50 1.49 1.49 1.48 1.47 1.47 1.47 1.46 1.46 1.46 1.47 1.46 1.46 1.46 1.45 1.45 1.44 1.44 1.43 1.43 1.43 1.42 1.43 1.43 1.42 1.42 1.41 1.41 1.41 1.40 1.40 1.35 1.34 1.34 1.40 1.41 1.41 1.41 1.41 1.41 7.600420 0.041884 -0.560390 7.634302 0.020623 -0.560390 1289.831429 magnum 78.332358
ODOM 7.640091 0.016944 -0.559185 0.000000 0.000000 0.000000 1289.968644 magnum 78.446296
ODOM 7.641324 0.016172 -0.559185 0.000000 0.000000 0.000000 1290.102721 magnum 78.582770
FLASER 360 1.37 1.37 1.38 1.38 1.38 1.39 1.39 1.31 1.21 81.91 1.39 1.40 1.40 1.40 1.29 81.91 81.91 1.42 1.41 1.42 1.43 1.43 1.43 1.44 1.44 1.45 1.45 1.46 1.46 1.47 1.47 1.47 1.47 1.47 1.48 1.48 1.49 1.50 1.51 1.51 1.52 1.48 1.45 1.42 1.42 1.43 1.44 1.44 1.46 1.48 81.91 1.41 1.40 1.37 1.36 1.35 1.35 1.36 1.36 1.37 1.37 1.39 1.39 1.41 1.42 1.42 81.91 1.32 1.42 1.46 1.47 1.60 1.84 1.86 1.87 1.89 1.91 1.93 7.11 81.91 2.94 2.01 1.95 1.92 1.92 1.90 1.91 1.94 2.02 2.06 2.18 2.57 2.61 2.59 2.73 2.78 2.82 1.74 1.69 1.70 1.70 2.81 2.82 2.82 2.80 2.78 2.79 2.64 2.62 2.64 2.68 2.72 2.71 2.70 2.74 2.93 2.97 3.04 3.08 3.15 3.19 3.26 3.32 3.41 3.46 3.54 3.61 3.69 3.77 3.87 3.97 3.97 3.97 7.12 7.10 5.19 5.18 5.43 5.44 5.46 5.32 5.30 5.36 5.37 5.36 5.38 5.62 6.78 6.83 6.83 6.83 7.04 7.28 7.84 8.30 8.84 9.49 10.36 10.89 10.96 11.18 11.15 11.15 11.15 11.13 11.14 11.13 11.13 11.13 11.12 11.13 11.13 11.13 11.13 11.13 11.14 11.14 11.15 11.15 11.21 11.29 11.25 11.22 10.80 9.95 9.77 9.78 8.30 8.28 8.21 7.12 7.01 7.05 5.51 5.36 5.37 5.38 5.35 5.32 5.34 5.34 5.16 5.10 5.10 5.12 5.14 4.05 4.01 3.98 3.96 3.88 3.79 3.68 3.61 3.53 3.45 3.40 3.31 3.27 3.20 3.15 3.08 3.03 2.97 2.93 2.77 2.71 2.71 2.72 2.74 2.75 5.94 5.86 5.86 6.20 5.92 5.82 5.80 5.80 6.04 6.41 6.47 6.39 6.31 6.25 6.18 6.24 6.48 6.53 5.63 5.57 1.97 1.95 1.92 1.90 1.92 1.94 1.97 2.00 2.10 2.13 1.96 1.92 1.91 1.89 1.87 1.86 1.85 1.55 1.47 1.46 1.44 1.43 1.43 1.42 1.41 1.40 1.39 1.38 1.38 1.36 1.36 1.35 1.35 1.35 1.36 1.39 1.41 1.42 1.44 1.48 1.49 1.49 1.45 1.45 1.43 1.43 1.47 1.48 1.55 1.58 1.58 1.57 1.57 1.57 1.56 1.56 1.55 1.55 1.54 1.53 1.53 1.51 1.52 1.51 1.50 1.50 1.50 1.48 1.49 1.47 1.48 1.47 1.47 1.47 1.47 1.47 1.46 1.46 1.45 1.45 1.45 1.45 1.44 1.44 1.43 1.43 1.42 1.42 1.42 1.43 1.42 1.42 1.41 1.41 1.41 1.41 1.41 1.35 1.34 1.36 1.39 1.41 1.42 1.42 1.42 1.42 1.42 1.42 1.42 7.606958 0.037679 -0.559185 7.640866 0.016459 -0.559185 1290.051694 magnum 78.582936
ODOM 7.641324 0.016172 -0.559185 0.000000 0.000000 0.000000 1290.222707 magnum 78.706753
ODOM 7.641324 0.016172 -0.559185 0.000000 0.000000 0.000000 1290.343153 magnum 78.824057
FLASER 360 1.37 1.38 1.39 1.38 1.38 1.38 1.39 1.39 1.25 1.20 81.91 1.40 1.40 1.40 1.40 1.29 81.91 81.91 1.43 1.41 1.42 1.43 1.43 1.44 1.44 1.45 1.45 1.45 1.46 1.46 1.47 1.47 1.47 1.47 1.48 1.48 1.49 1.49 1.51 1.51 1.51 1.51 1.47 1.45 1.43 1.42 1.43 1.44 1.45 1.47 1.48 1.36 1.41 1.38 1.37 1.36 1.35 1.35 1.36 1.37 1.37 1.38 1.39 1.40 1.41 1.42 1.43 1.10 1.35 1.45 1.46 1.51 1.71 1.85 1.87 1.88 1.90 1.92 1.92 7.05 81.91 2.93 1.97 1.96 1.92 1.92 1.90 1.93 1.97 2.05 2.07 2.54 2.60 2.60 2.64 2.76 2.79 2.81 1.70 1.69 1.70 2.81 2.82 2.83 2.81 2.79 2.78 2.69 2.62 2.62 2.66 2.71 2.72 2.71 2.72 2.82 2.95 3.00 3.06 3.12 3.17 3.23 3.30 3.37 3.44 3.51 3.58 3.66 3.72 3.82 3.94 3.99 3.98 4.00 7.12 7.08 5.18 5.19 5.44 5.47 5.37 5.32 5.34 5.38 5.36 5.37 5.54 6.72 6.81 6.85 6.82 6.87 7.21 7.54 8.14 8.62 9.00 9.96 10.82 10.90 11.15 11.15 11.15 11.15 11.15 11.15 11.14 11.13 11.13 11.13 11.13 11.14 11.13 11.14 11.14 11.15 11.15 11.15 11.15 11.17 11.29 11.28 11.22 10.91 10.71 9.80 9.77 8.39 8.30 8.29 7.89 7.01 7.03 5.65 5.38 5.37 5.38 5.38 5.33 5.33 5.36 5.27 5.12 5.11 5.12 5.14 5.16 4.04 3.99 3.98 3.91 3.83 3.72 3.64 3.56 3.49 3.42 3.35 3.30 3.23 3.16 3.10 3.05 3.00 2.94 2.85 2.73 2.72 2.72 2.75 2.74 5.76 5.90 5.83 5.98 6.05 5.95 6.07 6.30 6.38 6.43 6.49 6.43 6.35 6.27 6.22 6.20 6.46 6.52 5.68 5.60 5.54 1.95 1.93 1.91 1.92 1.94 1.96 1.99 2.10 2.12 2.10 1.93 1.92 1.90 1.88 1.86 1.86 1.56 1.48 1.46 1.45 1.44 1.43 1.43 1.42 1.41 1.40 1.38 1.38 1.36 1.36 1.35 1.35 1.36 1.36 1.39 1.41 1.42 1.44 1.47 1.49 1.49 1.46 1.45 1.44 1.44 1.47 1.49 1.54 1.59 1.58 1.58 1.57 1.57 1.57 1.56 1.55 1.55 1.54 1.54 1.53 1.53 1.52 1.51 1.51 1.51 1.49 1.49 1.49 1.48 1.48 1.47 1.46 1.46 1.46 1.46 1.47 1.45 1.46 1.46 1.45 1.45 1.45 1.44 1.44 1.43 1.43 1.42 1.42 1.43 1.42 1.42 1.42 1.42 1.41 1.41 1.41 1.39 1.35 1.34 1.37 1.41 1.42 1.42 1.41 1.42 1.42 1.42 1.42 7.607417 0.037392 -0.559185 7.641324 0.016172 -0.559185 1290.260286 magnum 78.824196
ODOM 7.641324 0.016172 -0.559185 0.000000 0.000000 0.000000 1290.463037 magnum 78.942798
ODOM 7.641324 0.016172 -0.559185 0.000000 0.000000 0.000000 1290.582343 magnum 79.062564
FLASER 360 1.38 1.38 1.38 1.38 1.38 1.39 1.39 1.39 1.26 1.20 81.91 1.40 1.40 1.40 1.40 1.29 81.91 81.91 1.43 1.42 1.42 1.43 1.43 1.44 1.44 1.45 1.45 1.45 1.46 1.45 1.47 1.47 1.47 1.47 1.47 1.48 1.49 1.49 1.50 1.51 1.51 1.51 1.48 1.44 1.43 1.43 1.43 1.44 1.45 1.47 1.48 1.37 1.41 1.39 1.37 1.36 1.35 1.35 1.36 1.37 1.37 1.38 1.39 1.40 1.41 1.42 1.42 1.11 1.34 1.44 1.46 1.50 1.69 1.85 1.86 1.88 1.90 1.92 1.92 7.05 81.91 2.93 1.98 1.94 1.93 1.91 1.90 1.93 1.97 2.04 2.08 2.53 2.59 2.60 2.63 2.76 2.79 2.82 1.71 1.69 1.70 2.81 2.82 2.81 2.82 2.80 2.78 2.70 2.62 2.62 2.66 2.71 2.72 2.70 2.72 2.82 2.95 3.00 3.06 3.12 3.16 3.23 3.30 3.37 3.44 3.50 3.58 3.65 3.72 3.82 3.94 3.98 3.97 4.00 7.11 7.09 5.19 5.17 5.43 5.46 5.38 5.32 5.32 5.38 5.36 5.36 5.51 6.70 6.81 6.84 6.82 6.86 7.19 7.50 8.11 8.60 8.96 9.93 10.76 10.89 11.11 11.15 11.15 11.15 11.14 11.14 11.14 11.13 11.13 11.13 11.13 11.13 11.13 11.14 11.14 11.14 11.14 11.15 11.15 11.17 11.29 11.28 11.23 10.97 10.71 9.80 9.78 8.40 8.29 8.29 7.93 7.01 7.03 5.67 5.39 5.36 5.38 5.38 5.34 5.33 5.35 5.27 5.13 5.10 5.12 5.14 5.16 4.04 3.98 3.99 3.92 3.82 3.73 3.64 3.56 3.49 3.42 3.35 3.30 3.23 3.16 3.10 3.05 3.00 2.95 2.86 2.73 2.72 2.72 2.74 2.75 5.74 5.90 5.83 5.96 6.07 5.94 6.11 6.28 6.37 6.42 6.48 6.44 6.36 6.28 6.20 6.18 6.45 6.52 5.74 5.60 5.54 1.95 1.93 1.91 1.92 1.94 1.96 1.99 2.10 2.12 2.12 1.94 1.92 1.90 1.88 1.87 1.86 1.58 1.49 1.46 1.45 1.44 1.43 1.43 1.42 1.41 1.39 1.39 1.38 1.37 1.36 1.35 1.35 1.35 1.36 1.39 1.41 1.42 1.44 1.47 1.49 1.49 1.46 1.45 1.44 1.44 1.46 1.48 1.53 1.59 1.58 1.57 1.57 1.57 1.57 1.56 1.55 1.55 1.55 1.53 1.53 1.53 1.52 1.52 1.51 1.51 1.49 1.49 1.48 1.48 1.48 1.48 1.46 1.47 1.46 1.46 1.46 1.46 1.46 1.46 1.45 1.45 1.45 1.44 1.44 1.43 1.43 1.42 1.42 1.42 1.43 1.42 1.42 1.42 1.41 1.41 1.41 1.39 1.34 1.34 1.36 1.41 1.41 1.42 1.42 1.42 1.42 1.42 1.42 7.607417 0.037392 -0.559185 7.641324 0.016172 -0.559185 1290.470987 magnum 79.062716
ODOM 7.641324 0.016172 -0.559185 0.000000 0.000000 0.000000 1290.690004 magnum 79.180172
FLASER 360 1.38 1.38 1.38 1.38 1.38 1.38 1.39 1.40 1.23 1.19 81.91 1.39 1.40 1.40 1.41 1.28 81.91 81.91 1.42 1.42 1.42 1.42 1.43 1.43 1.44 1.45 1.45 1.45 1.46 1.46 1.47 1.47 1.47 1.47 1.48 1.48 1.49 1.49 1.50 1.51 1.51 1.51 1.47 1.44 1.43 1.43 1.43 1.44 1.45 1.47 1.48 1.38 1.41 1.39 1.37 1.36 1.35 1.35 1.36 1.37 1.37 1.38 1.39 1.40 1.41 1.42 1.42 1.11 1.34 1.44 1.46 1.50 1.69 1.85 1.86 1.88 1.90 1.92 1.92 7.05 81.91 2.93 1.98 1.95 1.93 1.91 1.90 1.92 1.97 2.04 2.08 2.54 2.60 2.60 2.63 2.76 2.79 2.82 1.70 1.69 1.70 2.80 2.82 2.83 2.81 2.79 2.78 2.70 2.63 2.62 2.66 2.71 2.72 2.70 2.72 2.80 2.95 2.99 3.06 3.11 3.16 3.23 3.30 3.37 3.44 3.50 3.57 3.66 3.73 3.82 3.94 3.98 3.98 3.99 7.11 7.09 5.19 5.18 5.44 5.47 5.38 5.32 5.33 5.38 5.37 5.36 5.51 6.69 6.80 6.84 6.83 6.86 7.19 7.47 8.12 8.59 8.95 9.91 10.75 10.89 11.12 11.15 11.15 11.15 11.14 11.14 11.14 11.14 11.13 11.13 11.13 11.14 11.14 11.14 11.13 11.14 11.14 11.15 11.15 11.17 11.29 11.29 11.23 10.96 10.72 9.81 9.77 8.41 8.29 8.29 7.94 7.01 7.03 5.67 5.38 5.37 5.38 5.38 5.33 5.33 5.36 5.27 5.13 5.11 5.12 5.14 5.16 4.04 3.98 4.00 3.92 3.83 3.73 3.64 3.56 3.49 3.42 3.35 3.30 3.23 3.16 3.10 3.06 3.00 2.95 2.87 2.73 2.71 2.72 2.74 2.75 5.75 5.90 5.83 5.96 6.07 5.94 6.08 6.15 6.37 6.42 6.49 6.44 6.36 6.28 6.21 6.19 6.46 6.50 5.76 5.60 5.54 1.95 1.93 1.91 1.92 1.94 1.95 1.99 2.09 2.12 2.12 1.94 1.92 1.90 1.88 1.87 1.86 1.58 1.49 1.46 1.45 1.44 1.43 1.43 1.42 1.41 1.39 1.38 1.38 1.37 1.36 1.35 1.35 1.35 1.37 1.38 1.41 1.42 1.44 1.47 1.49 1.49 1.46 1.45 1.44 1.44 1.46 1.48 1.52 1.59 1.58 1.58 1.57 1.57 1.57 1.56 1.56 1.55 1.55 1.54 1.53 1.53 1.52 1.51 1.51 1.50 1.49 1.49 1.49 1.48 1.48 1.47 1.47 1.47 1.46 1.46 1.47 1.46 1.46 1.46 1.45 1.45 1.44 1.44 1.44 1.43 1.42 1.42 1.43 1.42 1.42 1.42 1.41 1.41 1.41 1.41 1.41 1.40 1.34 1.35 1.36 1.41 1.41 1.42 1.41 1.42 1.42 1.42 1.42 7.607417 0.037392 -0.559185 7.641324 0.016172 -0.559185 1290.680259 magnum 79.180291
ODOM 7.641324 0.016172 -0.559185 0.000000 0.000000 0.000000 1290.802565 magnum 79.282563
ODOM 7.641324 0.016172 -0.559185 0.000000 0.000000 0.000000 1290.909976 magnum 79.397567
FLASER 360 1.38 1.38 1.37 1.38 1.38 1.38 1.39 1.39 1.24 1.19 81.91 1.40 1.40 1.40 1.41 1.29 81.91 81.91 1.43 1.42 1.42 1.43 1.43 1.44 1.44 1.45 1.45 1.45 1.46 1.46 1.47 1.47 1.47 1.47 1.47 1.48 1.49 1.49 1.50 1.51 1.51 1.51 1.48 1.45 1.43 1.42 1.43 1.44 1.45 1.46 1.48 1.39 1.41 1.39 1.37 1.36 1.35 1.35 1.36 1.37 1.37 1.38 1.39 1.40 1.41 1.42 1.42 1.11 1.33 1.44 1.46 1.50 1.69 1.85 1.86 1.88 1.90 1.92 1.93 7.05 81.91 2.94 1.98 1.95 1.92 1.91 1.90 1.92 1.97 2.03 2.08 2.53 2.59 2.61 2.63 2.75 2.78 2.82 1.70 1.69 1.70 2.81 2.82 2.82 2.82 2.79 2.78 2.70 2.63 2.62 2.66 2.71 2.72 2.70 2.72 2.80 2.95 2.99 3.06 3.11 3.16 3.23 3.30 3.37 3.43 3.49 3.58 3.65 3.73 3.83 3.93 3.98 3.97 3.99 7.11 7.09 5.18 5.17 5.44 5.47 5.38 5.32 5.32 5.38 5.37 5.36 5.50 6.69 6.80 6.84 6.82 6.86 7.19 7.48 8.11 8.58 8.96 9.93 10.75 10.89 11.11 11.15 11.15 11.15 11.14 11.14 11.14 11.13 11.13 11.13 11.13 11.13 11.14 11.13 11.13 11.14 11.15 11.15 11.15 11.17 11.29 11.28 11.23 10.98 10.71 9.80 9.78 8.41 8.29 8.29 7.95 7.01 7.02 5.67 5.38 5.37 5.38 5.38 5.33 5.33 5.36 5.27 5.13 5.10 5.12 5.14 5.16 4.04 3.98 3.99 3.92 3.82 3.73 3.64 3.57 3.49 3.43 3.36 3.30 3.23 3.16 3.11 3.05 3.00 2.95 2.87 2.74 2.71 2.72 2.73 2.75 5.74 5.90 5.83 5.96 6.07 5.93 6.04 6.18 6.37 6.42 6.48 6.43 6.36 6.28 6.21 6.18 6.47 6.51 5.75 5.60 5.54 1.95 1.93 1.91 1.92 1.94 1.96 1.99 2.09 2.12 2.13 1.94 1.92 1.90 1.89 1.87 1.85 1.58 1.50 1.46 1.45 1.44 1.43 1.43 1.42 1.41 1.39 1.38 1.37 1.37 1.36 1.35 1.35 1.35 1.36 1.39 1.41 1.42 1.44 1.47 1.49 1.49 1.46 1.45 1.44 1.44 1.46 1.48 1.52 1.59 1.58 1.58 1.57 1.57 1.57 1.56 1.55 1.55 1.53 1.53 1.53 1.53 1.51 1.52 1.50 1.49 1.49 1.49 1.49 1.48 1.47 1.48 1.47 1.47 1.46 1.47 1.47 1.45 1.45 1.45 1.45 1.45 1.45 1.44 1.43 1.44 1.43 1.42 1.42 1.43 1.42 1.42 1.42 1.42 1.41 1.41 1.41 1.39 1.34 1.34 1.36 1.41 1.42 1.41 1.42 1.42 1.42 1.42 1.41 7.607417 0.037392 -0.559185 7.641324 0.016172 -0.559185 1290.900262 magnum 79.397711
ODOM 7.641324 0.016172 -0.559185 0.000000 0.000000 0.000000 1291.022973 magnum 79.502460
ODOM 7.641735 0.015915 -0.560719 0.000000 0.000000 0.000000 1291.129293 magnum 79.613470
FLASER 360 1.38 1.38 1.37 1.38 1.38 1.39 1.39 1.39 1.24 1.20 81.91 1.40 1.40 1.40 1.41 1.29 81.91 81.91 1.43 1.41 1.42 1.43 1.43 1.44 1.44 1.44 1.45 1.45 1.46 1.46 1.47 1.47 1.47 1.47 1.48 1.48 1.48 1.49 1.50 1.51 1.51 1.51 1.48 1.44 1.43 1.43 1.43 1.44 1.45 1.47 1.48 1.37 1.41 1.38 1.37 1.36 1.35 1.35 1.36 1.37 1.37 1.38 1.39 1.40 1.41 1.42 1.42 1.11 1.34 1.44 1.46 1.50 1.69 1.86 1.86 1.88 1.90 1.92 1.93 7.04 81.91 2.93 1.98 1.95 1.93 1.91 1.90 1.92 1.97 2.04 2.08 2.53 2.60 2.60 2.63 2.75 2.79 2.82 1.70 1.69 1.70 2.80 2.81 2.83 2.82 2.79 2.78 2.70 2.63 2.62 2.66 2.71 2.72 2.70 2.71 2.80 2.95 2.99 3.06 3.11 3.16 3.23 3.30 3.37 3.43 3.50 3.58 3.66 3.72 3.83 3.94 3.98 3.97 3.99 7.11 7.08 5.18 5.17 5.44 5.47 5.39 5.31 5.32 5.38 5.37 5.36 5.51 6.69 6.80 6.84 6.82 6.86 7.19 7.48 8.12 8.59 8.95 9.91 10.76 10.89 11.11 11.15 11.15 11.15 11.14 11.14 11.14 11.13 11.13 11.13 11.12 11.13 11.14 11.13 11.13 11.14 11.14 11.15 11.15 11.17 11.29 11.28 11.23 10.97 10.71 9.80 9.78 8.40 8.29 8.29 7.94 7.01 7.03 5.67 5.38 5.37 5.38 5.38 5.34 5.32 5.37 5.27 5.12 5.11 5.12 5.14 5.16 4.04 3.98 3.99 3.92 3.82 3.73 3.64 3.57 3.49 3.42 3.35 3.30 3.23 3.16 3.10 3.05 3.00 2.94 2.87 2.74 2.72 2.72 2.74 2.75 5.74 5.90 5.83 5.95 6.08 5.93 6.10 6.11 6.37 6.42 6.49 6.43 6.36 6.28 6.21 6.19 6.47 6.51 5.77 5.59 5.55 1.95 1.93 1.91 1.92 1.93 1.95 1.99 2.10 2.11 2.12 1.95 1.92 1.90 1.88 1.87 1.86 1.59 1.50 1.46 1.45 1.44 1.43 1.43 1.42 1.40 1.39 1.38 1.37 1.36 1.36 1.35 1.35 1.35 1.36 1.39 1.41 1.42 1.44 1.47 1.49 1.49 1.46 1.45 1.44 1.44 1.46 1.48 1.53 1.59 1.58 1.57 1.57 1.57 1.56 1.56 1.56 1.55 1.54 1.53 1.53 1.52 1.52 1.50 1.51 1.49 1.50 1.50 1.48 1.47 1.48 1.48 1.46 1.46 1.47 1.46 1.46 1.46 1.46 1.45 1.45 1.45 1.45 1.44 1.44 1.43 1.43 1.42 1.42 1.43 1.42 1.42 1.42 1.41 1.41 1.41 1.41 1.39 1.34 1.34 1.36 1.41 1.42 1.42 1.42 1.42 1.42 1.42 1.41 7.607783 0.037222 -0.560454 7.641664 0.015959 -0.560454 1291.110677 magnum 79.613608
ODOM 7.642146 0.015657 -0.562253 0.000000 0.000000 0.000000 1291.242680 magnum 79.722931
ODOM 7.642146 0.015657 -0.562253 0.000000 0.000000 0.000000 1291.368518 magnum 79.862894
FLASER 360 1.38 1.38 1.37 1.38 1.38 1.38 1.39 1.39 1.23 1.20 81.91 1.40 1.40 1.40 1.41 1.29 81.91 81.91 1.42 1.42 1.42 1.43 1.43 1.44 1.45 1.44 1.45 1.45 1.46 1.46 1.47 1.47 1.47 1.47 1.47 1.48 1.49 1.50 1.51 1.51 1.51 1.51 1.47 1.45 1.42 1.43 1.43 1.44 1.45 1.47 1.48 1.40 1.41 1.39 1.37 1.36 1.35 1.35 1.36 1.37 1.37 1.38 1.39 1.40 1.41 1.42 1.42 1.10 1.34 1.44 1.46 1.51 1.69 1.86 1.86 1.88 1.90 1.92 1.93 7.05 81.91 2.94 1.98 1.95 1.93 1.91 1.90 1.92 1.97 2.03 2.08 2.54 2.60 2.59 2.63 2.75 2.79 2.82 1.70 1.69 1.70 2.80 2.81 2.82 2.81 2.79 2.79 2.70 2.62 2.62 2.66 2.71 2.72 2.70 2.71 2.80 2.95 2.99 3.06 3.11 3.16 3.22 3.30 3.36 3.43 3.51 3.57 3.66 3.72 3.83 3.93 3.98 3.98 4.00 7.11 7.09 5.19 5.18 5.45 5.47 5.38 5.32 5.32 5.38 5.37 5.36 5.51 5.63 6.80 6.84 6.82 6.86 7.19 7.47 8.11 8.58 8.95 9.92 10.77 10.89 11.10 11.15 11.15 11.15 11.14 11.14 11.14 11.14 11.13 11.13 11.12 11.13 11.13 11.14 11.13 11.14 11.15 11.15 11.15 11.17 11.29 11.28 11.23 10.97 10.72 9.81 9.78 8.43 8.29 8.29 7.93 7.01 7.03 5.67 5.39 5.37 5.38 5.38 5.33 5.32 5.36 5.27 5.13 5.10 5.12 5.14 5.16 4.04 3.98 3.99 3.92 3.82 3.73 3.64 3.56 3.50 3.42 3.36 3.30 3.23 3.16 3.10 3.05 3.00 2.95 2.87 2.74 2.72 2.72 2.74 2.75 5.74 5.90 5.83 5.95 6.07 5.93 6.05 6.11 6.36 6.43 6.48 6.43 6.36 6.28 6.21 6.18 6.47 6.51 5.78 5.59 5.54 1.95 1.93 1.91 1.92 1.94 1.95 1.99 2.09 2.12 2.13 1.95 1.92 1.90 1.88 1.87 1.86 1.59 1.50 1.46 1.45 1.44 1.43 1.43 1.42 1.41 1.40 1.38 1.38 1.36 1.36 1.35 1.35 1.35 1.35 1.38 1.40 1.42 1.45 1.48 1.50 1.49 1.46 1.45 1.44 1.44 1.46 1.49 1.53 1.58 1.58 1.58 1.57 1.57 1.57 1.56 1.55 1.55 1.54 1.53 1.52 1.53 1.51 1.52 1.50 1.50 1.49 1.50 1.48 1.48 1.48 1.47 1.46 1.47 1.47 1.47 1.46 1.46 1.46 1.46 1.44 1.45 1.45 1.44 1.43 1.43 1.43 1.42 1.42 1.43 1.42 1.42 1.41 1.41 1.41 1.41 1.41 1.39 1.34 1.34 1.36 1.41 1.41 1.42 1.42 1.42 1.42 1.42 1.41 7.608304 0.036981 -0.562253 7.642146 0.015657 -0.562253 1291.330308 magnum 79.863038
ODOM 7.642146 0.015657 -0.562253 0.000000 0.000000 0.000000 1291.482784 magnum 79.962428
ODOM 7.642556 0.015398 -0.562253 0.000000 0.000000 0.000000 1291.589863 magnum 80.312359
ODOM 7.642556 0.015398 -0.562253 0.000000 0.000000 0.000000 1291.702257 magnum 80.312508
ODOM 7.642556 0.015398 -0.562253 0.000000 0.000000 0.000000 1291.809435 magnum 80.312599
FLASER 360 1.37 1.37 1.37 1.38 1.38 1.39 1.39 1.39 1.39 1.22 81.91 1.40 1.40 1.41 1.41 1.32 81.91 81.91 1.43 1.42 1.42 1.43 1.43 1.44 1.44 1.44 1.45 1.45 1.45 1.46 1.46 1.47 1.47 1.48 1.48 1.48 1.49 1.49 1.50 1.51 1.51 1.52 1.48 1.45 1.43 1.43 1.44 1.44 1.45 1.47 1.48 81.91 1.42 1.38 1.37 1.36 1.35 1.35 1.36 1.37 1.37 1.38 1.39 1.40 1.41 1.42 1.43 81.91 1.23 1.43 1.46 1.49 1.62 1.85 1.87 1.88 1.90 1.92 1.92 7.06 81.91 2.94 1.98 1.95 1.93 1.92 1.91 1.92 1.96 2.03 2.08 2.51 2.58 2.61 2.62 2.75 2.78 2.81 1.73 1.69 1.70 1.71 2.82 2.82 2.82 2.78 2.79 2.74 2.63 2.63 2.65 2.71 2.72 2.71 2.71 2.77 2.94 3.00 3.05 3.10 3.15 3.23 3.29 3.36 3.43 3.49 3.56 3.64 3.72 3.81 3.91 3.98 3.97 3.99 7.12 7.10 5.20 5.19 5.45 5.46 5.41 5.31 5.32 5.37 5.37 5.36 5.46 5.83 6.80 6.84 6.83 6.84 7.15 7.38 8.05 8.53 8.92 9.86 10.65 10.89 11.06 11.16 11.16 11.15 11.14 11.14 11.13 11.13 11.13 11.13 11.13 11.14 11.14 11.13 11.14 11.14 11.14 11.15 11.15 11.17 11.25 11.30 11.23 11.18 10.72 9.82 9.83 8.47 8.29 8.30 8.03 7.02 7.03 5.71 5.41 5.37 5.38 5.39 5.34 5.33 5.37 5.29 5.13 5.10 5.11 5.14 5.15 4.07 3.99 3.99 3.94 3.84 3.73 3.65 3.57 3.51 3.44 3.37 3.31 3.24 3.17 3.11 3.06 3.01 2.95 2.89 2.74 2.71 2.72 2.73 2.74 5.71 5.91 5.84 5.93 6.17 5.93 6.05 6.04 6.35 6.41 6.48 6.45 6.37 6.29 6.22 6.19 6.46 6.49 5.94 5.61 5.55 1.96 1.93 1.92 1.92 1.93 1.95 1.98 2.07 2.12 2.14 1.95 1.92 1.91 1.88 1.87 1.86 1.60 1.50 1.46 1.45 1.44 1.44 1.43 1.42 1.41 1.40 1.39 1.37 1.37 1.36 1.36 1.35 1.35 1.36 1.38 1.41 1.43 1.44 1.47 1.49 1.49 1.46 1.45 1.44 1.44 1.45 1.48 1.52 1.58 1.58 1.58 1.57 1.57 1.57 1.56 1.56 1.55 1.54 1.54 1.53 1.53 1.52 1.51 1.51 1.50 1.50 1.50 1.48 1.49 1.48 1.47 1.47 1.47 1.48 1.46 1.46 1.46 1.46 1.46 1.45 1.45 1.45 1.44 1.43 1.43 1.43 1.42 1.42 1.42 1.42 1.42 1.42 1.42 1.42 1.42 1.42 1.40 1.33 1.34 1.36 1.41 1.42 1.42 1.42 1.42 1.42 1.42 1.42 7.608670 0.036750 -0.562253 7.642512 0.015426 -0.562253 1291.540034 magnum 80.312893
ODOM 7.642556 0.015398 -0.562253 0.000000 0.000000 0.000000 1291.923087 magnum 80.403721
ODOM 7.642556 0.015398 -0.562253 0.000000 0.000000 0.000000 1292.032840 magnum 80.512816
FLASER 360 1.37 1.38 1.38 1.38 1.38 1.38 1.39 1.39 1.39 1.22 81.91 1.40 1.40 1.41 1.40 1.31 81.91 81.91 1.43 1.42 1.42 1.43 1.44 1.44 1.43 1.44 1.45 1.45 1.46 1.46 1.46 1.47 1.47 1.48 1.48 1.49 1.49 1.50 1.50 1.51 1.51 1.52 1.48 1.45 1.43 1.43 1.43 1.44 1.45 1.47 1.49 81.91 1.41 1.38 1.37 1.36 1.35 1.35 1.36 1.37 1.37 1.38 1.39 1.40 1.41 1.43 1.43 81.91 1.23 1.42 1.46 1.49 1.62 1.85 1.87 1.88 1.90 1.92 1.93 7.06 81.91 2.94 1.98 1.96 1.93 1.92 1.91 1.92 1.96 2.04 2.08 2.51 2.58 2.60 2.62 2.75 2.78 2.80 1.72 1.69 1.70 1.69 2.82 2.82 2.82 2.79 2.78 2.73 2.63 2.63 2.65 2.71 2.72 2.71 2.72 2.78 2.94 3.00 3.06 3.11 3.16 3.23 3.29 3.36 3.43 3.48 3.56 3.64 3.72 3.82 3.92 3.98 3.97 3.99 7.11 7.09 5.20 5.19 5.44 5.46 5.40 5.31 5.32 5.38 5.37 5.37 5.48 5.84 6.80 6.85 6.84 6.84 7.16 7.39 8.04 8.53 8.92 9.86 10.65 10.89 11.06 11.16 11.15 11.15 11.14 11.14 11.13 11.13 11.13 11.13 11.13 11.14 11.14 11.14 11.14 11.14 11.14 11.15 11.16 11.16 11.26 11.29 11.24 11.18 10.73 9.82 9.83 8.47 8.29 8.30 8.03 7.01 7.03 5.71 5.40 5.37 5.38 5.39 5.34 5.33 5.37 5.28 5.13 5.10 5.12 5.14 5.15 4.06 3.99 3.99 3.93 3.83 3.73 3.65 3.57 3.50 3.44 3.37 3.31 3.24 3.17 3.11 3.06 3.01 2.95 2.90 2.74 2.71 2.72 2.74 2.74 5.72 5.92 5.83 5.93 6.15 5.94 6.05 6.04 6.35 6.40 6.48 6.45 6.37 6.29 6.22 6.19 6.45 6.49 5.90 5.61 5.55 1.95 1.93 1.91 1.92 1.93 1.96 1.98 2.07 2.12 2.14 1.95 1.92 1.90 1.88 1.87 1.86 1.59 1.50 1.46 1.45 1.44 1.44 1.43 1.42 1.41 1.41 1.39 1.38 1.37 1.36 1.36 1.35 1.35 1.35 1.39 1.41 1.43 1.44 1.47 1.49 1.49 1.46 1.45 1.44 1.44 1.45 1.49 1.53 1.59 1.58 1.58 1.58 1.58 1.57 1.56 1.56 1.55 1.55 1.54 1.52 1.53 1.51 1.51 1.50 1.49 1.50 1.49 1.49 1.49 1.49 1.48 1.47 1.47 1.48 1.47 1.47 1.45 1.46 1.45 1.45 1.45 1.45 1.44 1.44 1.43 1.43 1.43 1.42 1.43 1.42 1.42 1.42 1.42 1.42 1.42 1.42 1.40 1.34 1.34 1.35 1.41 1.42 1.42 1.42 1.42 1.42 1.42 1.42 7.608714 0.036722 -0.562253 7.642556 0.015398 -0.562253 1291.960790 magnum 80.513141
ODOM 7.642967 0.015140 -0.562253 0.000000 0.000000 0.000000 1292.159233 magnum 80.636879
ODOM 7.642967 0.015140 -0.563787 0.000000 0.000000 0.000000 1292.272494 magnum 80.754157
FLASER 360 1.38 1.38 1.37 1.38 1.38 1.38 1.39 1.39 1.38 1.24 81.91 1.40 1.40 1.40 1.40 1.36 81.91 81.91 1.43 1.42 1.42 1.42 1.43 1.43 1.44 1.44 1.45 1.45 1.46 1.46 1.46 1.47 1.47 1.48 1.48 1.49 1.49 1.49 1.50 1.51 1.51 1.52 1.48 1.45 1.43 1.43 1.43 1.44 1.45 1.46 1.48 81.91 1.41 1.38 1.38 1.36 1.35 1.35 1.35 1.37 1.37 1.38 1.39 1.40 1.41 1.42 1.43 81.91 1.19 1.43 1.46 1.48 1.62 1.85 1.87 1.88 1.90 1.92 1.94 7.06 81.91 2.94 1.99 1.96 1.93 1.92 1.91 1.92 1.96 2.04 2.08 2.50 2.58 2.60 2.62 2.75 2.78 2.81 1.72 1.69 1.71 1.71 2.82 2.82 2.82 2.78 2.79 2.74 2.64 2.63 2.65 2.71 2.72 2.71 2.72 2.77 2.94 2.99 3.05 3.11 3.16 3.23 3.29 3.36 3.44 3.50 3.56 3.64 3.72 3.81 3.92 3.98 3.98 3.99 7.11 7.09 5.19 5.19 5.44 5.46 5.40 5.31 5.32 5.38 5.37 5.37 5.47 5.84 6.80 6.85 6.84 6.84 7.15 7.38 8.05 8.53 8.93 9.86 10.65 10.90 11.06 11.16 11.16 11.15 11.13 11.14 11.13 11.13 11.13 11.13 11.13 11.14 11.14 11.13 11.13 11.14 11.14 11.15 11.16 11.16 11.26 11.29 11.24 11.19 10.73 9.82 9.83 8.46 8.30 8.31 8.03 7.02 7.02 5.72 5.41 5.37 5.38 5.39 5.34 5.33 5.37 5.30 5.13 5.10 5.12 5.14 5.16 4.07 3.99 3.99 3.94 3.84 3.73 3.65 3.58 3.50 3.44 3.37 3.30 3.25 3.17 3.11 3.06 3.01 2.96 2.88 2.74 2.71 2.72 2.74 2.74 5.72 5.92 5.84 5.93 6.17 5.94 6.06 6.05 6.35 6.41 6.49 6.45 6.37 6.29 6.22 6.19 6.46 6.49 5.92 5.61 5.55 1.96 1.93 1.91 1.92 1.93 1.96 1.98 2.08 2.13 2.14 1.95 1.92 1.90 1.88 1.88 1.86 1.60 1.50 1.47 1.45 1.44 1.44 1.43 1.42 1.41 1.40 1.38 1.37 1.37 1.36 1.36 1.35 1.35 1.36 1.38 1.41 1.43 1.44 1.47 1.49 1.49 1.46 1.45 1.44 1.44 1.45 1.49 1.52 1.59 1.59 1.59 1.58 1.58 1.57 1.56 1.55 1.54 1.54 1.53 1.53 1.53 1.51 1.52 1.51 1.51 1.49 1.49 1.49 1.49 1.48 1.49 1.47 1.47 1.46 1.46 1.47 1.46 1.45 1.45 1.45 1.45 1.45 1.45 1.43 1.43 1.43 1.42 1.42 1.42 1.43 1.42 1.42 1.42 1.42 1.42 1.41 1.40 1.33 1.34 1.36 1.41 1.42 1.42 1.42 1.42 1.42 1.42 1.42 7.609138 0.036484 -0.562875 7.642967 0.015140 -0.562875 1292.180513 magnum 80.754275
ODOM 7.642967 0.015140 -0.563787 0.000000 0.000000 0.000000 1292.399817 magnum 80.884353
ODOM 7.643377 0.014880 -0.563787 0.000000 0.000000 0.000000 1292.512202 magnum 80.992232
FLASER 360 1.37 1.38 1.37 1.38 1.38 1.39 1.39 1.39 1.40 1.27 81.91 1.40 1.40 1.40 1.41 1.39 81.91 81.91 1.43 1.42 1.42 1.43 1.43 1.43 1.44 1.44 1.45 1.45 1.46 1.46 1.47 1.48 1.47 1.48 1.48 1.49 1.49 1.49 1.50 1.51 1.52 1.52 1.48 1.45 1.43 1.43 1.43 1.44 1.45 1.47 1.48 81.91 1.42 1.38 1.38 1.36 1.35 1.35 1.36 1.37 1.37 1.38 1.39 1.40 1.41 1.42 1.43 81.91 1.19 1.43 1.46 1.48 1.62 1.85 1.87 1.88 1.90 1.92 1.93 7.07 81.91 2.94 1.99 1.96 1.93 1.92 1.91 1.92 1.95 2.04 2.07 2.44 2.57 2.60 2.60 2.75 2.78 2.80 1.73 1.69 1.71 1.70 2.82 2.82 2.82 2.79 2.79 2.75 2.63 2.63 2.65 2.71 2.72 2.71 2.72 2.77 2.95 3.00 3.06 3.11 3.17 3.23 3.28 3.35 3.43 3.49 3.56 3.64 3.72 3.81 3.91 3.99 3.98 3.99 7.12 7.09 5.20 5.19 5.45 5.46 5.41 5.31 5.32 5.38 5.36 5.36 5.45 5.80 6.79 6.86 6.84 6.84 7.14 7.37 8.03 8.51 8.92 9.84 10.65 10.90 11.05 11.16 11.16 11.15 11.14 11.14 11.13 11.13 11.12 11.13 11.13 11.14 11.14 11.14 11.14 11.14 11.14 11.15 11.15 11.17 11.25 11.30 11.24 11.19 10.73 9.83 9.83 8.47 8.30 8.30 8.06 7.01 7.02 5.56 5.41 5.37 5.38 5.39 5.34 5.33 5.36 5.29 5.13 5.10 5.13 5.14 5.16 4.08 3.99 3.99 3.94 3.84 3.74 3.66 3.58 3.51 3.45 3.37 3.31 3.25 3.18 3.12 3.06 3.01 2.95 2.90 2.74 2.71 2.72 2.74 2.74 5.71 5.92 5.84 5.94 6.17 5.95 6.05 6.03 6.35 6.41 6.48 6.46 6.37 6.30 6.22 6.19 6.46 6.50 5.71 5.61 5.56 1.96 1.93 1.91 1.92 1.93 1.96 1.99 2.07 2.13 2.14 1.95 1.92 1.90 1.89 1.88 1.86 1.61 1.50 1.46 1.45 1.45 1.44 1.43 1.42 1.41 1.41 1.39 1.39 1.37 1.36 1.36 1.35 1.35 1.36 1.38 1.40 1.42 1.44 1.47 1.49 1.50 1.46 1.45 1.45 1.45 1.45 1.49 1.52 1.59 1.59 1.59 1.58 1.58 1.57 1.56 1.56 1.55 1.55 1.54 1.53 1.51 1.51 1.52 1.50 1.49 1.49 1.49 1.48 1.48 1.49 1.49 1.47 1.47 1.48 1.46 1.47 1.46 1.46 1.46 1.45 1.45 1.45 1.44 1.43 1.43 1.43 1.42 1.42 1.42 1.43 1.43 1.43 1.43 1.42 1.42 1.42 1.40 1.35 1.34 1.34 1.41 1.42 1.42 1.41 1.42 1.42 1.42 1.42 7.609211 0.036481 -0.563787 7.643021 0.015105 -0.563787 1292.390196 magnum 80.992357
ODOM 7.643377 0.014880 -0.563787 0.000000 0.000000 0.000000 1292.632455 magnum 81.126683
ODOM 7.643377 0.014880 -0.563787 0.000000 0.000000 0.000000 1292.753298 magnum 81.233044
FLASER 360 1.37 1.38 1.38 1.38 1.38 1.38 1.39 1.39 1.39 1.29 81.91 1.40 1.40 1.40 1.41 1.40 1.37 81.91 1.43 1.42 1.42 1.42 1.44 1.43 1.44 1.44 1.45 1.45 1.45 1.46 1.46 1.47 1.47 1.48 1.48 1.49 1.49 1.49 1.50 1.51 1.51 1.52 1.48 1.45 1.43 1.43 1.43 1.44 1.45 1.46 1.49 1.46 1.42 1.39 1.38 1.36 1.35 1.35 1.36 1.37 1.37 1.38 1.38 1.40 1.41 1.42 1.43 81.91 1.21 1.44 1.47 1.48 1.58 1.85 1.86 1.88 1.90 1.91 1.93 7.08 81.91 2.94 1.99 1.96 1.94 1.93 1.91 1.92 1.95 2.04 2.07 2.28 2.57 2.61 2.58 2.74 2.78 2.80 1.74 1.69 1.70 1.70 2.82 2.83 2.82 2.79 2.79 2.77 2.64 2.63 2.65 2.70 2.72 2.71 2.71 2.76 2.94 3.00 3.05 3.11 3.16 3.22 3.29 3.34 3.43 3.49 3.56 3.64 3.71 3.79 3.91 3.98 3.98 3.98 7.12 7.10 5.20 5.19 5.44 5.46 5.42 5.32 5.32 5.38 5.37 5.37 5.43 5.74 6.80 6.86 6.85 6.83 7.12 7.35 8.00 8.49 8.91 9.78 10.57 10.90 11.04 11.17 11.16 11.15 11.14 11.14 11.13 11.13 11.13 11.12 11.13 11.14 11.15 11.14 11.14 11.14 11.14 11.15 11.15 11.16 11.24 11.30 11.25 11.20 10.75 9.84 9.81 8.52 8.30 8.29 8.06 7.02 7.03 5.56 5.43 5.37 5.38 5.39 5.35 5.32 5.37 5.31 5.14 5.11 5.12 5.14 5.15 4.10 3.99 4.00 3.94 3.85 3.75 3.66 3.58 3.51 3.45 3.37 3.31 3.25 3.18 3.12 3.07 3.02 2.96 2.91 2.76 2.72 2.72 2.75 2.75 5.71 5.92 5.83 5.92 6.21 5.95 6.07 6.05 6.34 6.41 6.49 6.46 6.38 6.30 6.23 6.19 6.45 6.50 5.68 5.62 5.55 1.97 1.94 1.91 1.92 1.94 1.96 1.98 2.07 2.13 2.15 1.96 1.92 1.91 1.89 1.88 1.86 1.60 1.51 1.46 1.45 1.44 1.44 1.43 1.42 1.41 1.40 1.40 1.39 1.38 1.36 1.36 1.35 1.35 1.35 1.39 1.41 1.43 1.44 1.47 1.49 1.50 1.46 1.45 1.44 1.44 1.45 1.49 1.52 1.59 1.59 1.59 1.58 1.58 1.57 1.56 1.56 1.55 1.55 1.54 1.52 1.53 1.51 1.51 1.51 1.50 1.50 1.50 1.49 1.48 1.49 1.48 1.47 1.48 1.47 1.46 1.46 1.46 1.46 1.46 1.45 1.45 1.45 1.44 1.44 1.43 1.43 1.43 1.42 1.42 1.43 1.42 1.42 1.42 1.42 1.42 1.41 1.40 1.35 1.34 1.35 1.40 1.42 1.42 1.42 1.42 1.42 1.42 1.42 7.609567 0.036256 -0.563787 7.643377 0.014880 -0.563787 1292.610084 magnum 81.233176
ODOM 7.643787 0.014621 -0.563787 0.000000 0.000000 0.000000 1292.872157 magnum 81.373280
FLASER 360 1.38 1.38 1.37 1.38 1.38 1.38 1.38 1.39 1.40 1.31 81.91 1.40 1.40 1.40 1.41 1.40 1.35 81.91 1.44 1.42 1.42 1.42 1.43 1.43 1.44 1.44 1.45 1.45 1.46 1.46 1.46 1.47 1.47 1.48 1.48 1.48 1.49 1.49 1.49 1.51 1.51 1.52 1.48 1.46 1.43 1.43 1.43 1.44 1.45 1.47 1.49 1.46 1.41 1.40 1.38 1.36 1.36 1.35 1.36 1.36 1.37 1.38 1.39 1.40 1.41 1.42 1.42 81.91 1.24 1.42 1.46 1.48 1.59 1.85 1.87 1.88 1.89 1.92 1.93 7.07 81.91 2.94 2.01 1.95 1.93 1.92 1.91 1.92 1.95 2.03 2.07 2.24 2.56 2.61 2.59 2.74 2.78 2.81 1.74 1.69 1.70 1.69 2.82 2.83 2.83 2.79 2.79 2.78 2.64 2.62 2.65 2.70 2.73 2.71 2.71 2.76 2.94 2.99 3.05 3.10 3.15 3.22 3.28 3.34 3.42 3.49 3.55 3.63 3.71 3.79 3.90 3.98 3.98 3.97 7.12 7.10 5.19 5.19 5.43 5.45 5.43 5.32 5.31 5.38 5.37 5.36 5.42 5.73 6.79 6.85 6.84 6.83 7.11 7.34 7.99 8.49 8.90 9.77 10.55 10.90 11.02 11.17 11.16 11.15 11.15 11.14 11.14 11.13 11.13 11.12 11.13 11.13 11.14 11.14 11.14 11.14 11.14 11.15 11.16 11.16 11.23 11.30 11.23 11.20 10.76 9.84 9.80 8.53 8.30 8.29 8.09 7.02 7.02 5.56 5.43 5.37 5.38 5.39 5.35 5.32 5.36 5.30 5.13 5.11 5.11 5.14 5.15 4.09 3.99 4.00 3.94 3.85 3.75 3.66 3.59 3.52 3.44 3.38 3.32 3.25 3.18 3.12 3.07 3.01 2.96 2.91 2.75 2.71 2.72 2.73 2.75 5.70 5.93 5.84 5.91 6.21 5.94 6.06 6.03 6.35 6.41 6.47 6.46 6.38 6.30 6.23 6.19 6.44 6.49 6.51 5.62 5.55 1.97 1.94 1.91 1.92 1.94 1.95 1.98 2.07 2.12 2.14 1.93 1.91 1.91 1.89 1.87 1.86 1.61 1.51 1.47 1.45 1.44 1.44 1.43 1.43 1.41 1.40 1.40 1.38 1.37 1.37 1.36 1.35 1.35 1.36 1.38 1.41 1.43 1.44 1.47 1.49 1.50 1.46 1.45 1.44 1.44 1.45 1.48 1.52 1.59 1.59 1.58 1.57 1.57 1.57 1.56 1.56 1.55 1.54 1.54 1.52 1.53 1.52 1.52 1.51 1.51 1.50 1.50 1.48 1.48 1.48 1.48 1.47 1.48 1.47 1.47 1.47 1.46 1.46 1.45 1.45 1.45 1.45 1.43 1.44 1.43 1.43 1.43 1.42 1.42 1.43 1.42 1.42 1.42 1.42 1.42 1.42 1.40 1.35 1.34 1.34 1.40 1.42 1.42 1.42 1.42 1.42 1.42 1.42 7.609888 0.036053 -0.563787 7.643697 0.014678 -0.563787 1292.820162 magnum 81.373401
ODOM 7.643787 0.014621 -0.563787 0.000000 0.000000 0.000000 1292.979691 magnum 81.458423
ODOM 7.644196 0.014362 -0.563787 0.000000 0.000000 0.000000 1293.092748 magnum 81.578966
FLASER 360 1.37 1.38 1.37 1.38 1.38 1.38 1.39 1.39 1.39 1.31 81.91 1.40 1.40 1.40 1.40 1.41 1.36 81.91 1.44 1.42 1.42 1.43 1.43 1.43 1.44 1.44 1.45 1.45 1.46 1.46 1.46 1.47 1.47 1.48 1.48 1.48 1.48 1.49 1.49 1.51 1.51 1.52 1.47 1.46 1.43 1.42 1.43 1.44 1.44 1.46 1.48 1.46 1.41 1.40 1.38 1.36 1.35 1.35 1.36 1.36 1.37 1.38 1.38 1.40 1.41 1.42 1.42 1.39 1.25 1.42 1.46 1.48 1.57 1.85 1.87 1.88 1.89 1.91 1.92 7.08 81.91 2.94 2.00 1.95 1.93 1.92 1.91 1.91 1.94 2.03 2.07 2.22 2.57 2.62 2.59 2.73 2.78 2.79 1.75 1.70 1.70 1.72 2.81 2.82 2.82 2.79 2.78 2.78 2.64 2.62 2.64 2.69 2.72 2.71 2.71 2.76 2.93 2.99 3.05 3.10 3.15 3.22 3.28 3.34 3.41 3.48 3.55 3.63 3.70 3.78 3.90 3.98 3.97 3.98 7.12 7.09 5.19 5.19 5.44 5.45 5.42 5.32 5.31 5.37 5.37 5.37 5.42 5.72 6.79 6.84 6.83 6.83 7.11 7.33 7.98 8.47 8.90 9.75 10.55 10.90 11.01 11.17 11.16 11.16 11.15 11.14 11.13 11.13 11.12 11.12 11.13 11.13 11.14 11.14 11.14 11.14 11.15 11.15 11.15 11.16 11.22 11.30 11.24 11.21 10.76 9.85 9.80 8.53 8.30 8.29 8.10 7.03 7.01 5.55 5.45 5.37 5.37 5.38 5.35 5.32 5.36 5.30 5.14 5.10 5.11 5.14 5.15 4.10 4.00 3.99 3.95 3.85 3.74 3.67 3.59 3.52 3.44 3.38 3.31 3.25 3.18 3.13 3.07 3.01 2.96 2.91 2.75 2.72 2.72 2.73 2.75 5.70 5.92 5.84 5.90 6.22 5.95 6.06 6.03 6.34 6.40 6.47 6.46 6.38 6.30 6.22 6.19 6.44 6.50 6.52 5.62 5.56 1.96 1.94 1.91 1.92 1.93 1.95 1.98 2.06 2.12 2.15 1.95 1.91 1.91 1.89 1.87 1.86 1.62 1.51 1.47 1.45 1.44 1.43 1.43 1.42 1.41 1.41 1.40 1.39 1.37 1.36 1.36 1.35 1.35 1.36 1.38 1.41 1.42 1.44 1.47 1.49 1.50 1.46 1.45 1.44 1.44 1.45 1.48 1.52 1.59 1.58 1.58 1.57 1.57 1.57 1.56 1.56 1.55 1.54 1.54 1.53 1.52 1.52 1.52 1.51 1.50 1.49 1.50 1.48 1.48 1.47 1.47 1.47 1.47 1.47 1.47 1.46 1.45 1.45 1.46 1.45 1.45 1.45 1.44 1.44 1.43 1.43 1.43 1.42 1.43 1.43 1.42 1.42 1.41 1.41 1.41 1.41 1.40 1.35 1.34 1.34 1.40 1.42 1.42 1.42 1.42 1.42 1.42 1.42 7.610250 0.035824 -0.563787 7.644060 0.014449 -0.563787 1293.030231 magnum 81.579284
ODOM 7.644196 0.014362 -0.563787 0.000000 0.000000 0.000000 1293.213138 magnum 81.696253
ODOM 7.644196 0.014362 -0.563787 0.000000 0.000000 0.000000 1293.332983 magnum 81.813452
FLASER 360 1.37 1.38 1.37 1.37 1.38 1.38 1.39 1.39 1.39 1.31 1.20 1.39 1.40 1.40 1.40 1.41 1.36 81.91 81.91 1.43 1.42 1.42 1.43 1.43 1.43 1.44 1.44 1.45 1.46 1.46 1.46 1.47 1.47 1.47 1.47 1.48 1.48 1.49 1.49 1.51 1.51 1.52 1.48 1.46 1.43 1.42 1.43 1.43 1.44 1.47 1.48 1.47 1.41 1.40 1.38 1.36 1.35 1.35 1.35 1.36 1.37 1.38 1.38 1.40 1.41 1.41 1.42 1.39 1.26 1.40 1.46 1.47 1.55 1.84 1.86 1.87 1.89 1.91 1.92 7.08 81.91 2.94 2.04 1.96 1.93 1.92 1.90 1.91 1.94 2.02 2.07 2.18 2.56 2.61 2.59 2.72 2.78 2.80 1.74 1.69 1.69 1.71 2.81 2.82 2.81 2.79 2.78 2.79 2.64 2.62 2.64 2.69 2.72 2.71 2.70 2.75 2.93 2.99 3.05 3.09 3.14 3.21 3.27 3.34 3.41 3.48 3.54 3.63 3.70 3.78 3.89 3.98 3.97 3.97 7.12 7.10 5.20 5.18 5.44 5.47 5.44 5.32 5.31 5.37 5.37 5.36 5.39 5.70 6.79 6.84 6.83 6.84 7.08 7.31 7.94 8.44 8.87 9.69 10.48 10.90 10.99 11.17 11.15 11.15 11.14 11.14 11.14 11.13 11.13 11.13 11.12 11.13 11.14 11.14 11.14 11.14 11.14 11.14 11.14 11.15 11.22 11.29 11.24 11.20 10.79 9.85 9.79 8.53 8.30 8.29 8.14 7.03 7.01 5.57 5.47 5.37 5.37 5.38 5.35 5.32 5.36 5.32 5.15 5.09 5.11 5.14 5.15 4.12 4.00 4.00 3.96 3.86 3.75 3.66 3.60 3.52 3.45 3.38 3.30 3.25 3.18 3.13 3.07 3.02 2.97 2.92 2.75 2.71 2.72 2.73 2.75 2.76 5.93 5.84 5.89 6.22 5.95 6.06 6.00 6.32 6.40 6.47 6.46 6.38 6.30 6.23 6.18 6.41 6.49 6.54 5.62 5.56 1.97 1.94 1.91 1.92 1.94 1.95 1.98 2.05 2.11 2.15 1.96 1.91 1.91 1.89 1.87 1.86 1.64 1.51 1.47 1.45 1.44 1.43 1.42 1.42 1.42 1.40 1.39 1.38 1.37 1.36 1.35 1.35 1.35 1.35 1.39 1.40 1.42 1.44 1.47 1.50 1.50 1.46 1.45 1.44 1.43 1.45 1.47 1.52 1.58 1.58 1.58 1.57 1.56 1.56 1.56 1.55 1.55 1.55 1.54 1.52 1.53 1.52 1.52 1.50 1.50 1.49 1.49 1.49 1.49 1.49 1.47 1.47 1.46 1.46 1.46 1.47 1.47 1.46 1.45 1.45 1.45 1.44 1.44 1.44 1.43 1.43 1.42 1.42 1.42 1.43 1.42 1.42 1.41 1.41 1.41 1.40 1.41 1.36 1.34 1.34 1.40 1.41 1.41 1.41 1.41 1.41 1.41 1.41 7.610387 0.035738 -0.563787 7.644196 0.014362 -0.563787 1293.240433 magnum 81.813577
ODOM 7.644196 0.014362 -0.563787 0.000000 0.000000 0.000000 1293.470921 magnum 81.960018
ODOM 7.644606 0.014103 -0.563787 0.000000 0.000000 0.000000 1293.592924 magnum 82.072982
FLASER 360 1.38 1.38 1.38 1.37 1.38 1.39 1.39 1.39 1.40 1.30 1.20 1.40 1.40 1.39 1.40 1.41 1.38 81.91 81.91 1.43 1.42 1.43 1.43 1.43 1.44 1.44 1.45 1.45 1.45 1.46 1.46 1.46 1.46 1.47 1.47 1.48 1.48 1.49 1.49 1.51 1.51 1.52 1.47 1.46 1.43 1.42 1.43 1.43 1.44 1.46 1.48 1.48 1.41 1.39 1.38 1.36 1.35 1.35 1.36 1.36 1.36 1.38 1.38 1.40 1.41 1.41 1.42 1.39 1.27 1.40 1.46 1.47 1.56 1.84 1.86 1.88 1.89 1.91 1.92 7.07 81.91 2.94 2.03 1.96 1.94 1.92 1.90 1.91 1.94 2.02 2.06 2.19 2.57 2.60 2.58 2.72 2.78 2.80 1.74 1.69 1.69 1.70 2.80 2.81 2.82 2.79 2.79 2.78 2.64 2.62 2.64 2.69 2.72 2.71 2.70 2.75 2.93 2.99 3.05 3.09 3.14 3.21 3.27 3.34 3.40 3.48 3.54 3.63 3.70 3.77 3.90 3.98 3.97 3.97 7.12 7.10 5.20 5.18 5.44 5.45 5.43 5.32 5.32 5.37 5.37 5.36 5.40 5.69 6.79 6.84 6.83 6.84 7.08 7.32 7.94 8.43 8.88 9.69 10.50 10.90 11.00 11.17 11.15 11.15 11.14 11.13 11.13 11.13 11.13 11.13 11.13 11.13 11.13 11.13 11.14 11.13 11.14 11.14 11.14 11.15 11.22 11.29 11.24 11.20 10.78 9.85 9.79 8.53 8.30 8.29 8.13 7.04 7.01 5.57 5.47 5.37 5.37 5.38 5.35 5.32 5.35 5.32 5.14 5.10 5.11 5.14 5.15 4.12 3.99 4.00 3.96 3.85 3.75 3.67 3.59 3.52 3.44 3.38 3.30 3.25 3.19 3.13 3.08 3.01 2.96 2.91 2.75 2.70 2.71 2.73 2.74 2.73 5.93 5.84 5.89 6.21 5.95 6.06 6.01 6.33 6.39 6.47 6.45 6.38 6.30 6.23 6.18 6.43 6.49 6.54 5.62 5.55 1.97 1.94 1.91 1.92 1.94 1.95 1.98 2.05 2.11 2.14 1.95 1.91 1.91 1.89 1.87 1.85 1.63 1.50 1.47 1.45 1.45 1.43 1.42 1.41 1.42 1.40 1.39 1.38 1.37 1.36 1.35 1.35 1.35 1.36 1.39 1.41 1.42 1.44 1.47 1.49 1.50 1.46 1.45 1.44 1.44 1.45 1.48 1.52 1.59 1.58 1.58 1.57 1.57 1.56 1.55 1.55 1.54 1.55 1.54 1.52 1.53 1.52 1.51 1.50 1.51 1.50 1.49 1.49 1.48 1.47 1.47 1.46 1.46 1.46 1.47 1.45 1.46 1.45 1.46 1.44 1.45 1.45 1.44 1.44 1.43 1.43 1.42 1.42 1.43 1.42 1.42 1.42 1.41 1.41 1.41 1.41 1.40 1.35 1.34 1.34 1.40 1.41 1.41 1.41 1.41 1.41 1.41 1.41 7.610436 0.035707 -0.563787 7.644246 0.014331 -0.563787 1293.460588 magnum 82.073132
ODOM 7.644606 0.014103 -0.562253 0.000000 0.000000 0.000000 1293.720241 magnum 82.197994
FLASER 360 1.37 1.38 1.38 1.39 1.38 1.38 1.39 1.39 1.39 1.31 1.19 1.40 1.40 1.39 1.40 1.41 1.37 81.91 81.91 1.43 1.41 1.42 1.43 1.43 1.44 1.45 1.45 1.46 1.45 1.46 1.46 1.46 1.46 1.47 1.47 1.48 1.48 1.49 1.50 1.51 1.51 1.52 1.47 1.46 1.43 1.43 1.43 1.43 1.44 1.47 1.47 1.46 1.42 1.40 1.38 1.36 1.35 1.35 1.35 1.36 1.37 1.37 1.38 1.40 1.41 1.42 1.42 1.39 1.25 1.42 1.47 1.48 1.56 1.84 1.86 1.88 1.89 1.92 1.92 7.07 81.91 2.94 2.02 1.96 1.94 1.92 1.91 1.91 1.94 2.02 2.06 2.19 2.57 2.61 2.59 2.73 2.78 2.80 1.74 1.69 1.69 1.71 2.80 2.83 2.82 2.80 2.78 2.78 2.65 2.62 2.64 2.70 2.72 2.71 2.70 2.75 2.93 2.98 3.05 3.09 3.15 3.21 3.28 3.34 3.41 3.48 3.55 3.63 3.70 3.79 3.90 3.98 3.98 3.98 7.12 7.10 5.19 5.19 5.44 5.45 5.43 5.33 5.32 5.37 5.36 5.36 5.41 5.72 6.79 6.86 6.84 6.84 7.08 7.32 7.95 8.45 8.88 9.71 10.52 10.91 11.01 11.17 11.15 11.15 11.14 11.13 11.13 11.12 11.12 11.12 11.12 11.12 11.13 11.13 11.14 11.13 11.14 11.14 11.14 11.16 11.22 11.29 11.24 11.20 10.78 9.84 9.80 8.53 8.30 8.28 8.11 7.03 7.01 5.58 5.46 5.36 5.36 5.39 5.35 5.33 5.36 5.32 5.14 5.11 5.11 5.14 5.16 4.11 4.01 4.00 3.96 3.85 3.74 3.66 3.59 3.51 3.44 3.38 3.31 3.25 3.18 3.13 3.07 3.02 2.96 2.91 2.75 2.71 2.71 2.74 2.75 5.70 5.93 5.83 5.90 6.22 5.94 6.05 6.01 6.32 6.40 6.47 6.46 6.37 6.30 6.23 6.19 6.44 6.50 6.53 5.62 5.55 1.97 1.94 1.92 1.92 1.94 1.95 1.98 2.06 2.12 2.14 1.95 1.92 1.91 1.89 1.87 1.85 1.63 1.50 1.47 1.45 1.44 1.43 1.42 1.42 1.42 1.41 1.40 1.39 1.37 1.36 1.35 1.35 1.35 1.37 1.39 1.41 1.42 1.44 1.47 1.49 1.49 1.46 1.45 1.45 1.44 1.46 1.48 1.52 1.59 1.58 1.58 1.57 1.57 1.56 1.56 1.55 1.55 1.55 1.54 1.54 1.53 1.52 1.51 1.50 1.51 1.49 1.49 1.48 1.48 1.48 1.48 1.46 1.46 1.46 1.45 1.45 1.45 1.45 1.46 1.45 1.45 1.45 1.44 1.44 1.43 1.43 1.43 1.42 1.43 1.43 1.42 1.42 1.42 1.41 1.41 1.41 1.40 1.35 1.34 1.34 1.40 1.41 1.41 1.41 1.41 1.41 1.41 1.41 7.610770 0.035437 -0.562548 7.644606 0.014103 -0.562548 1293.670425 magnum 82.198119
ODOM 7.645017 0.013844 -0.563787 0.000000 0.000000 0.000000 1293.832405 magnum 82.314689
ODOM 7.645427 0.013585 -0.562253 0.000000 0.000000 0.000000 1293.940241 magnum 82.420370
FLASER 360 1.37 1.38 1.38 1.37 1.38 1.39 1.39 1.39 1.39 1.31 1.18 1.40 1.40 1.39 1.40 1.41 1.37 81.91 1.44 1.43 1.42 1.43 1.43 1.43 1.43 1.44 1.45 1.45 1.46 1.46 1.46 1.46 1.46 1.47 1.47 1.48 1.48 1.49 1.50 1.50 1.51 1.52 1.47 1.45 1.42 1.42 1.43 1.43 1.44 1.46 1.47 1.46 1.41 1.40 1.38 1.37 1.35 1.35 1.36 1.36 1.37 1.38 1.38 1.40 1.40 1.42 1.42 1.38 1.24 1.41 1.46 1.48 1.57 1.84 1.86 1.88 1.89 1.91 1.93 7.07 81.91 2.94 2.00 1.95 1.93 1.92 1.90 1.92 1.95 2.03 2.07 2.25 2.57 2.61 2.59 2.73 2.78 2.80 1.74 1.70 1.69 1.69 2.80 2.82 2.81 2.79 2.79 2.76 2.64 2.63 2.65 2.69 2.72 2.71 2.71 2.76 2.94 2.99 3.05 3.10 3.15 3.21 3.28 3.35 3.42 3.49 3.56 3.64 3.72 3.79 3.91 3.98 3.97 3.98 7.12 7.09 5.19 5.19 5.45 5.46 5.41 5.32 5.32 5.37 5.37 5.37 5.43 5.75 6.79 6.84 6.83 6.84 7.13 7.34 8.02 8.50 8.92 9.80 10.62 10.90 11.04 11.16 11.15 11.14 11.13 11.13 11.13 11.13 11.13 11.13 11.13 11.13 11.13 11.13 11.13 11.13 11.14 11.14 11.15 11.15 11.24 11.29 11.23 11.20 10.74 9.84 9.81 8.49 8.29 8.30 8.05 7.01 7.02 5.55 5.42 5.37 5.37 5.38 5.35 5.33 5.36 5.30 5.13 5.10 5.12 5.14 5.16 4.08 3.99 3.99 3.94 3.84 3.73 3.66 3.58 3.51 3.44 3.37 3.29 3.24 3.18 3.12 3.07 3.00 2.96 2.90 2.74 2.70 2.71 2.73 2.75 5.70 5.91 5.83 5.93 6.18 5.93 6.06 6.05 6.35 6.41 6.48 6.45 6.37 6.29 6.22 6.19 6.46 6.50 5.98 5.61 5.55 1.96 1.93 1.91 1.92 1.93 1.95 1.98 2.08 2.12 2.13 1.94 1.92 1.90 1.89 1.87 1.85 1.58 1.50 1.47 1.45 1.44 1.43 1.42 1.42 1.40 1.40 1.39 1.37 1.37 1.36 1.35 1.35 1.35 1.36 1.39 1.41 1.42 1.44 1.48 1.49 1.50 1.46 1.45 1.44 1.44 1.46 1.49 1.52 1.59 1.58 1.58 1.57 1.57 1.56 1.55 1.55 1.54 1.54 1.54 1.53 1.53 1.51 1.51 1.50 1.50 1.50 1.49 1.48 1.48 1.47 1.47 1.47 1.47 1.47 1.46 1.45 1.46 1.46 1.45 1.45 1.45 1.45 1.44 1.44 1.43 1.43 1.42 1.42 1.42 1.41 1.42 1.42 1.41 1.41 1.41 1.41 1.40 1.34 1.34 1.35 1.40 1.41 1.41 1.41 1.41 1.41 1.41 1.41 7.611500 0.034978 -0.562595 7.645335 0.013643 -0.562595 1293.890212 magnum 82.420501
ODOM 7.645427 0.013585 -0.562253 0.000000 0.000000 0.000000 1294.058673 magnum 82.536388
ODOM 7.645837 0.013327 -0.562253 0.000000 0.000000 0.000000 1294.172417 magnum 82.655298
FLASER 360 1.37 1.38 1.38 1.37 1.38 1.38 1.39 1.39 1.39 1.31 1.19 1.40 1.40 1.39 1.39 1.41 1.37 81.91 81.91 1.43 1.42 1.43 1.43 1.43 1.44 1.44 1.45 1.45 1.46 1.46 1.46 1.47 1.47 1.47 1.47 1.48 1.48 1.49 1.49 1.51 1.51 1.52 1.48 1.46 1.42 1.42 1.43 1.43 1.43 1.46 1.48 1.46 1.41 1.39 1.38 1.36 1.35 1.35 1.36 1.36 1.37 1.38 1.39 1.40 1.41 1.42 1.42 1.38 1.24 1.41 1.46 1.48 1.58 1.85 1.86 1.88 1.90 1.91 1.93 7.07 81.91 2.93 2.00 1.95 1.93 1.92 1.90 1.92 1.95 2.03 2.07 2.29 2.58 2.62 2.60 2.74 2.78 2.80 1.74 1.70 1.70 1.69 2.82 2.82 2.82 2.79 2.78 2.77 2.64 2.63 2.65 2.71 2.72 2.71 2.71 2.77 2.94 2.98 3.05 3.10 3.15 3.22 3.29 3.35 3.41 3.49 3.56 3.64 3.72 3.81 3.91 3.99 3.97 3.98 7.12 7.09 5.20 5.18 5.44 5.46 5.41 5.32 5.32 5.37 5.37 5.37 5.45 5.83 6.79 6.84 6.83 6.84 7.15 7.38 8.04 8.53 8.93 9.86 10.62 10.89 11.05 11.15 11.15 11.14 11.14 11.14 11.14 11.13 11.13 11.13 11.14 11.14 11.14 11.14 11.14 11.14 11.14 11.14 11.15 11.16 11.26 11.29 11.24 11.17 10.72 9.83 9.83 8.47 8.29 8.30 8.02 7.02 7.02 5.71 5.40 5.37 5.37 5.38 5.34 5.33 5.37 5.29 5.13 5.10 5.12 5.14 5.16 4.07 3.99 3.99 3.94 3.84 3.72 3.65 3.58 3.51 3.44 3.37 3.31 3.24 3.17 3.11 3.06 3.00 2.95 2.88 2.74 2.71 2.72 2.74 2.75 5.72 5.91 5.84 5.94 6.13 5.94 6.04 6.08 6.36 6.41 6.47 6.45 6.37 6.29 6.21 6.19 6.46 6.50 5.88 5.61 5.55 1.96 1.93 1.91 1.93 1.94 1.96 1.99 2.09 2.12 2.12 1.94 1.92 1.90 1.89 1.87 1.86 1.57 1.49 1.46 1.45 1.44 1.43 1.42 1.42 1.41 1.40 1.38 1.37 1.37 1.35 1.35 1.35 1.35 1.36 1.39 1.41 1.42 1.44 1.48 1.49 1.49 1.46 1.45 1.44 1.44 1.47 1.49 1.54 1.59 1.58 1.58 1.57 1.57 1.56 1.56 1.56 1.55 1.53 1.53 1.53 1.52 1.52 1.52 1.52 1.50 1.50 1.49 1.48 1.48 1.47 1.47 1.46 1.46 1.47 1.46 1.46 1.47 1.45 1.46 1.44 1.45 1.44 1.44 1.44 1.43 1.43 1.42 1.42 1.42 1.43 1.42 1.42 1.41 1.41 1.41 1.41 1.40 1.33 1.34 1.35 1.41 1.41 1.41 1.41 1.41 1.41 1.41 1.41 7.611833 0.034752 -0.562253 7.645675 0.013429 -0.562253 1294.100430 magnum 82.655429
ODOM 7.645837 0.013327 -0.562253 0.000000 0.000000 0.000000 1294.293184 magnum 82.774202
ODOM 7.645837 0.013327 -0.563787 0.000000 0.000000 0.000000 1294.412955 magnum 82.893449
FLASER 360 1.37 1.38 1.37 1.38 1.38 1.38 1.39 1.39 1.39 1.30 1.18 1.38 1.40 1.40 1.40 1.42 1.37 81.91 81.91 1.43 1.42 1.43 1.43 1.44 1.44 1.44 1.45 1.45 1.45 1.46 1.46 1.47 1.47 1.47 1.47 1.48 1.48 1.49 1.49 1.51 1.52 1.52 1.48 1.46 1.42 1.42 1.43 1.44 1.44 1.46 1.48 1.46 1.41 1.39 1.38 1.36 1.35 1.35 1.36 1.37 1.37 1.38 1.39 1.40 1.41 1.42 1.42 1.39 1.22 1.41 1.46 1.48 1.57 1.84 1.86 1.88 1.90 1.92 1.92 7.07 81.91 2.93 2.00 1.95 1.93 1.92 1.90 1.92 1.95 2.03 2.07 2.28 2.57 2.61 2.59 2.74 2.78 2.79 1.74 1.69 1.70 1.69 2.81 2.82 2.81 2.78 2.77 2.75 2.64 2.63 2.65 2.71 2.72 2.71 2.71 2.77 2.94 3.00 3.05 3.10 3.16 3.22 3.29 3.35 3.42 3.49 3.55 3.64 3.71 3.81 3.92 3.99 3.97 3.98 7.12 7.09 5.19 5.18 5.44 5.45 5.41 5.32 5.32 5.38 5.37 5.37 5.46 5.81 6.79 6.85 6.83 6.85 7.15 7.38 8.04 8.52 8.93 9.85 10.65 10.89 11.06 11.15 11.15 11.15 11.14 11.14 11.13 11.13 11.13 11.13 11.13 11.14 11.14 11.14 11.14 11.14 11.14 11.15 11.15 11.16 11.26 11.29 11.24 11.16 10.73 9.83 9.82 8.46 8.29 8.31 8.03 7.02 7.02 5.71 5.40 5.37 5.38 5.38 5.34 5.33 5.37 5.29 5.13 5.11 5.12 5.14 5.16 4.07 3.99 3.99 3.93 3.83 3.74 3.65 3.57 3.51 3.43 3.36 3.31 3.23 3.17 3.12 3.06 3.00 2.95 2.88 2.75 2.71 2.72 2.74 2.75 5.73 5.92 5.84 5.94 6.11 5.94 6.10 6.06 6.35 6.42 6.48 6.45 6.37 6.29 6.22 6.19 6.46 6.50 5.88 5.61 5.55 1.96 1.93 1.91 1.92 1.94 1.96 1.99 2.09 2.12 2.12 1.95 1.92 1.90 1.89 1.87 1.86 1.56 1.49 1.46 1.45 1.44 1.43 1.43 1.42 1.40 1.41 1.38 1.37 1.37 1.36 1.35 1.35 1.36 1.36 1.39 1.41 1.42 1.44 1.48 1.50 1.50 1.46 1.45 1.44 1.43 1.47 1.49 1.54 1.59 1.58 1.58 1.57 1.57 1.57 1.56 1.55 1.55 1.53 1.54 1.53 1.52 1.51 1.51 1.50 1.50 1.50 1.48 1.48 1.48 1.47 1.47 1.46 1.47 1.47 1.47 1.46 1.45 1.45 1.44 1.44 1.45 1.44 1.44 1.43 1.43 1.43 1.42 1.42 1.42 1.42 1.42 1.42 1.41 1.41 1.41 1.41 1.40 1.34 1.34 1.36 1.41 1.41 1.41 1.41 1.42 1.42 1.42 1.42 7.612007 0.034670 -0.562818 7.645837 0.013327 -0.562818 1294.310205 magnum 82.893584
ODOM 7.647887 0.012031 -0.563787 0.025000 -0.000280 0.000000 1294.539930 magnum 83.026123
ODOM 7.670843 -0.002483 -0.562253 0.246000 0.000146 0.000000 1294.658593 magnum 83.136548
FLASER 360 1.37 1.38 1.37 1.38 1.38 1.38 1.39 1.39 1.39 1.28 1.17 1.39 1.39 1.40 1.40 1.41 1.34 81.91 81.91 1.42 1.42 1.42 1.43 1.43 1.44 1.44 1.45 1.45 1.45 1.46 1.46 1.47 1.47 1.48 1.48 1.48 1.48 1.49 1.49 1.50 1.51 1.51 1.49 1.46 1.43 1.42 1.43 1.44 1.44 1.46 1.48 1.47 1.42 1.39 1.38 1.36 1.36 1.35 1.36 1.36 1.37 1.37 1.39 1.40 1.41 1.42 1.42 1.40 1.25 1.40 1.46 1.48 1.55 1.84 1.87 1.88 1.89 1.91 1.92 7.07 81.91 2.93 2.03 1.96 1.94 1.92 1.91 1.92 1.94 2.03 2.07 2.19 2.56 2.60 2.58 2.73 2.78 2.80 1.75 1.69 1.69 1.69 2.80 2.82 2.81 2.78 2.77 2.77 2.65 2.62 2.65 2.70 2.73 2.72 2.71 2.76 2.94 3.00 3.05 3.10 3.15 3.22 3.28 3.34 3.42 3.49 3.54 3.63 3.70 3.77 3.90 3.98 3.97 3.97 7.13 7.09 5.19 5.17 5.43 5.45 5.42 5.32 5.32 5.38 5.37 5.37 5.42 5.77 6.79 6.85 6.83 6.84 7.11 7.33 8.00 8.49 8.91 9.77 10.58 10.90 11.03 11.16 11.16 11.16 11.15 11.14 11.14 11.13 11.13 11.13 11.13 11.15 11.15 11.15 11.14 11.14 11.15 11.15 11.16 11.16 11.23 11.30 11.24 11.21 10.75 9.84 9.81 8.50 8.30 8.30 8.07 7.02 7.01 5.56 5.43 5.37 5.38 5.39 5.35 5.33 5.37 5.31 5.13 5.10 5.11 5.14 5.16 4.09 3.99 3.99 3.94 3.84 3.73 3.66 3.59 3.52 3.44 3.37 3.30 3.24 3.18 3.12 3.07 3.01 2.96 2.91 2.74 2.71 2.72 2.73 2.75 5.71 5.92 5.83 5.92 6.20 5.95 6.10 6.05 6.35 6.41 6.47 6.46 6.37 6.30 6.22 6.19 6.46 6.49 5.68 5.61 5.56 1.97 1.93 1.91 1.92 1.94 1.96 1.99 2.08 2.12 2.13 1.94 1.91 1.91 1.89 1.87 1.86 1.58 1.50 1.46 1.45 1.44 1.43 1.43 1.42 1.40 1.41 1.40 1.39 1.37 1.36 1.36 1.35 1.35 1.36 1.40 1.41 1.42 1.44 1.47 1.50 1.49 1.46 1.45 1.44 1.45 1.46 1.49 1.53 1.59 1.58 1.58 1.57 1.57 1.57 1.56 1.56 1.55 1.54 1.54 1.52 1.52 1.51 1.52 1.50 1.50 1.49 1.49 1.48 1.49 1.47 1.47 1.47 1.48 1.47 1.47 1.46 1.45 1.47 1.46 1.45 1.45 1.45 1.44 1.43 1.43 1.43 1.42 1.42 1.42 1.43 1.42 1.42 1.42 1.41 1.41 1.41 1.40 1.35 1.35 1.34 1.40 1.42 1.42 1.41 1.42 1.42 1.42 1.42 7.617401 0.031294 -0.563565 7.651216 0.009926 -0.563565 1294.530284 magnum 83.136682
ODOM 7.696698 -0.018774 -0.559185 0.349500 0.000073 0.000000 1294.792464 magnum 83.273311
FLASER 360 1.37 1.38 1.37 1.38 1.38 1.38 1.39 1.39 1.29 1.18 81.91 1.39 1.40 1.40 1.40 1.37 81.91 1.42 1.42 1.42 1.42 1.42 1.43 1.43 1.44 1.44 1.45 1.45 1.45 1.46 1.46 1.47 1.47 1.48 1.48 1.48 1.49 1.49 1.49 1.51 1.51 1.50 1.47 1.44 1.43 1.43 1.44 1.44 1.44 1.47 1.47 1.35 1.40 1.38 1.37 1.35 1.35 1.35 1.36 1.37 1.37 1.38 1.39 1.40 1.41 1.41 1.42 1.11 1.35 1.45 1.46 1.51 1.65 1.85 1.87 1.88 1.90 1.91 1.91 7.05 81.91 2.92 1.98 1.94 1.93 1.91 1.91 1.92 1.96 2.03 2.08 2.52 2.57 2.59 2.59 2.74 2.78 2.78 1.72 1.69 1.70 2.79 2.80 2.81 2.81 2.77 2.76 2.71 2.63 2.62 2.65 2.70 2.72 2.70 2.71 2.80 2.93 3.00 3.05 3.10 3.16 3.22 3.28 3.35 3.43 3.49 3.55 3.64 3.70 3.78 3.91 3.98 3.97 3.99 7.11 7.09 5.20 5.18 5.43 5.45 5.41 5.31 5.31 5.37 5.36 5.36 5.42 5.82 6.78 6.85 6.83 6.83 7.11 7.37 8.01 8.51 8.91 9.85 10.58 10.89 11.04 11.15 11.16 11.14 11.14 11.13 11.13 11.12 11.12 11.13 11.13 11.14 11.14 11.13 11.14 11.14 11.14 11.14 11.15 11.16 11.22 11.29 11.23 11.18 10.75 9.82 9.80 8.47 8.29 8.29 8.08 7.02 7.01 5.54 5.43 5.36 5.37 5.39 5.34 5.33 5.36 5.29 5.13 5.10 5.11 5.13 5.15 4.09 4.00 3.99 3.95 3.84 3.73 3.65 3.59 3.50 3.43 3.36 3.31 3.24 3.17 3.11 3.07 3.00 2.96 2.90 2.74 2.71 2.70 2.73 2.74 5.71 5.92 5.82 5.91 6.23 5.98 6.32 6.36 6.39 6.42 6.47 6.46 6.37 6.30 6.22 6.18 6.44 6.48 6.49 5.62 5.55 1.97 1.94 1.91 1.91 1.93 1.95 1.97 2.05 2.11 2.13 1.95 1.91 1.90 1.89 1.87 1.86 1.81 1.52 1.46 1.45 1.44 1.43 1.43 1.42 1.41 1.39 1.39 1.37 1.37 1.36 1.36 1.35 1.35 1.36 1.37 1.40 1.42 1.43 1.45 1.49 1.50 1.47 1.45 1.44 1.44 1.44 1.48 1.49 1.57 1.58 1.58 1.57 1.57 1.57 1.56 1.55 1.55 1.54 1.54 1.53 1.53 1.51 1.51 1.50 1.49 1.49 1.48 1.48 1.48 1.47 1.47 1.47 1.47 1.47 1.46 1.47 1.45 1.45 1.46 1.45 1.45 1.44 1.44 1.44 1.43 1.43 1.42 1.42 1.42 1.43 1.42 1.42 1.41 1.41 1.41 1.41 1.40 1.36 1.34 1.35 1.40 1.42 1.42 1.42 1.42 1.41 1.42 1.42 7.658034 0.005469 -0.559751 7.691930 -0.015770 -0.559751 1294.740739 magnum 83.273459
ODOM 7.730009 -0.039621 -0.557651 0.433500 0.000095 0.000000 1294.913235 magnum 83.393227
ODOM 7.769936 -0.064522 -0.556117 0.491500 0.000050 0.000000 1295.023188 magnum 83.505312
FLASER 360 1.38 1.39 1.33 81.91 81.91 1.39 1.39 81.91 81.91 1.39 1.40 1.40 1.40 1.40 1.41 1.41 1.41 1.42 1.42 1.43 1.43 1.44 1.44 1.44 1.45 1.45 1.45 1.46 1.46 1.47 1.47 1.48 1.48 1.48 1.49 1.49 1.50 1.45 1.43 1.40 1.41 1.41 1.42 1.43 1.44 1.46 1.33 1.37 1.33 1.35 1.34 1.32 1.32 1.33 1.33 1.35 1.35 1.36 1.37 1.37 1.38 1.07 1.18 1.41 1.42 1.43 1.43 1.51 1.70 1.81 1.82 1.84 1.85 1.87 1.88 1.88 7.72 7.11 7.01 1.93 1.90 1.88 1.87 1.87 1.89 1.95 2.00 2.03 2.36 2.52 2.56 2.52 2.60 2.73 2.74 1.64 1.66 1.74 2.75 2.75 2.76 2.77 2.75 2.73 2.74 2.62 2.58 2.58 2.61 2.66 2.67 2.65 2.67 2.75 2.88 2.94 3.00 3.05 3.10 3.16 3.23 3.28 3.35 3.43 3.48 3.55 3.63 3.70 3.78 3.90 3.94 3.91 3.94 7.06 7.04 5.12 5.13 5.39 5.41 5.31 5.27 5.27 5.32 5.30 5.30 5.45 5.49 6.74 6.80 6.77 6.78 7.10 7.27 7.96 8.41 8.85 9.70 10.48 10.85 10.98 11.11 11.09 11.10 11.07 11.08 11.07 11.07 11.07 11.07 11.07 11.07 11.08 11.07 11.08 11.09 11.08 11.10 11.10 11.11 11.16 11.24 11.18 11.16 10.74 9.83 9.73 8.49 8.23 8.23 8.15 7.00 6.95 5.57 5.46 5.31 5.31 5.32 5.30 5.27 5.28 5.29 5.13 5.03 5.03 5.06 5.06 5.10 3.97 3.93 3.93 3.86 3.74 3.67 3.58 3.51 3.43 3.37 3.31 3.24 3.18 3.12 3.07 3.01 2.96 2.91 2.86 2.70 2.66 2.66 2.67 2.70 2.69 5.84 5.78 5.94 6.04 5.94 6.28 6.32 6.36 6.40 6.43 6.38 6.30 6.23 6.15 6.14 6.40 6.46 5.61 5.56 5.50 5.46 1.94 1.90 1.87 1.87 1.88 1.90 1.92 1.99 2.06 2.08 1.95 1.89 1.87 1.86 1.84 1.83 1.81 1.79 1.51 1.43 1.43 1.42 1.41 1.40 1.38 1.38 1.36 1.36 1.34 1.34 1.33 1.33 1.32 1.31 1.31 1.33 1.34 1.36 1.38 1.41 1.42 1.45 1.46 1.43 1.43 1.42 1.41 1.41 1.43 1.48 1.54 1.56 1.56 1.55 1.55 1.54 1.53 1.53 1.52 1.52 1.51 1.51 1.50 1.49 1.48 1.48 1.49 1.47 1.47 1.47 1.47 1.48 1.47 1.46 1.45 1.45 1.44 1.44 1.44 1.45 1.44 1.43 1.43 1.43 1.41 1.42 1.42 1.42 1.43 1.42 1.41 1.41 1.41 1.41 1.40 1.35 1.33 1.33 1.39 1.41 1.41 1.41 1.41 1.42 1.42 1.42 1.42 7.719520 -0.033122 -0.556749 7.753479 -0.054259 -0.556749 1294.950186 magnum 83.505438
ODOM 7.812783 -0.091154 -0.554583 0.504500 0.000017 0.000000 1295.143175 magnum 83.624571
ODOM 7.898568 -0.144292 -0.551515 0.503500 0.000039 0.000000 1295.262244 magnum 83.856588
ODOM 7.941124 -0.170472 -0.548447 0.502000 0.000078 0.000000 1295.371184 magnum 83.856718
FLASER 360 1.39 1.40 1.39 1.39 1.40 1.40 1.40 1.41 1.41 1.41 1.41 1.40 1.41 1.41 1.41 1.42 1.42 1.43 1.43 1.44 1.44 1.45 1.45 1.45 1.46 1.46 1.47 1.47 1.48 1.42 1.41 1.37 1.38 1.38 1.38 1.40 1.40 1.39 1.37 1.35 1.34 1.29 1.28 1.28 1.28 1.29 1.29 1.30 1.30 1.32 1.32 1.12 1.16 1.34 1.36 1.36 1.37 1.37 1.38 1.39 1.44 1.73 1.74 1.76 1.77 1.78 1.79 1.80 1.81 1.83 7.96 7.88 7.83 1.88 1.87 1.82 1.83 1.80 1.81 1.83 1.86 1.94 1.96 2.35 2.42 2.44 2.50 2.47 2.48 1.62 1.57 1.58 1.64 2.62 2.64 2.67 2.69 2.69 2.70 2.66 2.65 2.65 2.55 2.49 2.51 2.54 2.59 2.58 2.58 2.60 2.64 2.80 2.84 2.90 2.94 3.00 3.05 3.10 3.16 3.22 3.28 3.34 3.42 3.49 3.55 3.62 3.69 3.81 3.84 3.82 3.86 6.99 6.97 5.04 5.02 5.29 5.30 5.33 5.20 5.16 5.20 5.22 5.22 5.22 5.41 6.56 6.65 6.68 6.68 6.69 6.99 7.23 7.82 8.31 8.72 9.55 10.21 10.74 10.80 11.01 11.00 10.99 10.99 10.97 10.98 10.97 10.97 10.97 10.98 10.96 10.98 10.97 10.98 10.97 10.98 10.98 10.99 10.99 11.02 11.13 11.12 11.07 10.73 10.51 9.63 9.61 8.22 8.14 8.14 7.77 6.86 6.87 5.56 5.25 5.21 5.22 5.23 5.19 5.18 5.20 5.16 4.97 4.93 4.93 4.96 4.97 4.99 3.88 3.83 3.82 3.74 3.66 3.59 3.50 3.44 3.36 3.31 3.23 3.18 3.12 3.06 3.00 2.95 2.90 2.86 2.81 2.76 2.62 2.58 2.56 2.59 2.61 2.60 5.70 5.78 6.11 5.85 6.18 6.23 6.25 6.31 6.34 6.32 6.23 6.17 6.11 6.05 6.19 6.37 6.40 5.49 5.45 5.41 5.36 5.34 5.30 1.85 1.81 1.81 1.79 1.81 1.82 1.85 1.87 2.00 1.99 7.89 1.84 1.80 1.79 1.78 1.77 1.76 1.75 1.73 1.72 1.43 1.38 1.36 1.35 1.34 1.33 1.32 1.31 1.31 1.30 1.29 1.29 1.28 1.27 1.27 1.27 1.26 1.25 1.26 1.26 1.30 1.31 1.35 1.36 1.41 1.41 1.39 1.38 1.37 1.37 1.36 1.38 1.42 1.45 1.52 1.51 1.51 1.50 1.50 1.49 1.48 1.47 1.47 1.47 1.47 1.47 1.46 1.46 1.44 1.45 1.44 1.44 1.44 1.44 1.43 1.43 1.43 1.43 1.42 1.42 1.41 1.41 1.41 1.42 1.40 1.41 1.41 1.41 1.41 1.41 1.40 1.38 1.33 1.32 1.35 1.40 1.41 1.41 1.41 1.41 1.41 1.41 1.41 1.40 7.815014 -0.092597 -0.553286 7.849046 -0.113616 -0.553286 1295.170557 magnum 83.856811
ODOM 7.983770 -0.196528 -0.548447 0.502500 0.000073 0.000000 1295.492918 magnum 83.974285
FLASER 360 1.41 1.41 1.40 1.41 1.41 1.41 1.41 1.41 1.41 1.42 1.43 1.43 1.43 1.43 1.43 1.44 1.43 1.44 1.45 1.42 1.41 1.36 1.36 1.37 1.36 1.38 1.38 1.40 1.39 1.34 1.32 1.27 1.27 1.24 1.26 1.26 1.26 1.28 1.25 1.22 1.23 1.28 1.28 1.29 1.29 1.31 1.30 1.32 1.32 1.33 1.33 1.38 1.43 1.68 1.68 1.69 1.69 1.71 1.72 1.73 1.74 1.76 1.77 1.73 5.41 5.40 5.46 1.83 1.79 1.76 1.76 1.73 1.74 1.76 1.80 1.86 1.88 1.95 2.32 2.35 2.36 2.40 2.44 1.49 1.51 1.52 1.71 2.59 2.53 2.55 2.57 2.59 2.61 2.61 2.62 2.59 2.57 2.57 2.46 2.40 2.41 2.44 2.49 2.50 2.50 2.47 2.53 2.67 2.71 2.76 2.81 2.85 2.90 2.95 3.00 3.05 3.10 3.16 3.22 3.28 3.34 3.42 3.48 3.55 3.60 3.70 3.73 3.71 3.75 6.89 6.88 6.85 4.92 4.95 5.20 5.21 5.16 5.04 5.05 5.12 5.12 5.11 5.15 5.42 6.49 6.55 6.59 6.57 6.60 6.93 7.13 7.75 8.18 8.63 9.34 10.09 10.65 10.66 10.94 10.88 10.89 10.87 10.87 10.86 10.87 10.86 10.86 10.86 10.86 10.86 10.87 10.86 10.87 10.87 10.88 10.88 10.88 10.89 11.00 11.03 10.97 10.93 10.49 9.56 9.54 8.27 8.04 8.02 7.93 6.82 6.75 6.80 5.34 5.11 5.11 5.11 5.13 5.05 5.06 5.11 5.03 4.85 4.83 4.84 4.87 4.87 4.89 3.79 3.72 3.71 3.67 3.58 3.51 3.43 3.36 3.31 3.24 3.17 3.12 3.06 3.00 2.94 2.90 2.85 2.81 2.76 2.72 2.68 2.55 2.47 2.47 2.46 2.50 2.50 5.63 6.01 5.78 5.81 6.13 6.15 6.20 6.23 6.26 6.18 6.12 6.04 5.99 5.98 6.24 6.28 10.39 5.42 5.35 5.31 5.27 5.24 5.22 5.20 5.19 5.27 1.76 1.73 1.72 1.71 1.72 1.73 1.78 1.79 1.92 1.96 81.91 1.76 1.74 1.72 1.71 1.69 1.69 1.69 1.68 1.66 1.65 1.64 1.42 1.33 1.29 1.28 1.28 1.27 1.27 1.26 1.26 1.25 1.24 1.24 1.23 1.22 1.22 1.21 1.21 1.20 1.20 1.19 1.20 1.20 1.25 1.26 1.32 1.34 1.37 1.36 1.34 1.33 1.33 1.32 1.32 1.34 1.40 1.47 1.48 1.47 1.47 1.45 1.45 1.45 1.45 1.44 1.43 1.43 1.44 1.42 1.43 1.43 1.42 1.42 1.42 1.41 1.41 1.41 1.40 1.41 1.41 1.41 1.41 1.40 1.40 1.40 1.39 1.32 1.33 1.32 1.37 1.40 1.40 1.39 1.40 1.40 1.39 1.39 1.39 1.40 7.918482 -0.156638 -0.548447 7.952615 -0.177493 -0.548447 1295.381093 magnum 83.974413
ODOM 8.026831 -0.222836 -0.548447 0.497000 -0.000045 0.000000 1295.599970 magnum 84.084291
ODOM 8.069891 -0.249145 -0.546913 0.507000 0.000067 0.000000 1295.713237 magnum 84.193814
FLASER 360 1.42 1.42 1.42 1.41 1.41 1.41 1.42 1.41 1.43 1.42 1.43 1.37 1.33 1.33 1.33 1.35 1.35 1.37 1.37 1.34 1.32 1.26 1.25 1.23 1.24 81.91 81.91 1.21 1.21 1.24 1.24 1.25 1.26 1.27 1.27 1.28 1.28 1.28 1.28 1.29 1.29 1.30 1.30 1.47 1.59 1.61 1.62 1.63 1.64 1.65 1.66 1.67 1.68 1.69 1.69 1.70 1.73 7.75 7.80 81.91 81.91 1.76 1.73 1.70 1.70 1.68 1.69 1.71 1.75 1.80 1.81 1.85 1.99 2.27 2.28 2.29 1.48 1.43 1.44 1.71 2.52 2.53 2.54 2.48 2.45 2.47 2.49 2.51 2.52 2.53 2.55 2.51 2.51 2.48 2.42 2.33 2.32 2.35 2.39 2.41 2.41 2.40 2.41 2.47 2.60 2.65 2.67 2.72 2.75 2.81 2.85 2.90 2.94 3.00 3.05 3.10 3.16 3.21 3.27 3.33 3.39 3.46 3.53 3.61 3.63 3.61 3.65 6.81 6.80 6.77 4.85 4.81 5.07 5.08 5.15 4.98 4.95 4.98 5.00 4.99 4.99 5.06 5.35 6.41 6.45 6.49 6.48 6.49 6.79 6.98 7.50 8.00 8.41 8.95 9.70 10.47 10.53 10.75 10.78 10.77 10.77 10.76 10.76 10.75 10.75 10.74 10.75 10.74 10.75 10.74 10.75 10.75 10.76 10.76 10.77 10.78 10.78 10.81 10.92 10.88 10.85 10.51 10.31 9.41 9.39 8.06 7.93 7.93 7.69 6.65 6.65 6.71 5.19 4.98 4.98 4.99 5.00 4.94 4.94 4.99 4.92 4.76 4.72 4.72 4.76 4.77 4.78 3.74 3.62 3.60 3.59 3.52 3.44 3.37 3.32 3.25 3.18 3.12 3.07 3.01 2.96 2.90 2.87 2.81 2.76 2.73 2.68 2.64 2.60 2.57 2.42 2.37 2.37 2.37 2.41 2.40 5.94 5.66 6.01 6.03 6.08 6.12 6.17 6.13 6.08 6.01 5.93 5.88 5.94 6.16 6.23 10.16 5.33 5.26 5.22 5.18 5.16 5.13 5.13 5.10 5.15 5.17 5.14 5.15 1.68 1.66 1.64 1.63 1.64 1.65 1.68 1.69 1.79 1.85 81.91 81.91 1.69 1.67 1.65 1.64 1.63 1.62 1.61 1.59 1.60 1.58 1.58 1.56 1.57 1.55 1.26 1.23 1.23 1.22 1.22 1.21 1.21 1.20 1.19 1.19 1.19 1.19 1.18 1.18 1.16 1.16 1.16 1.15 1.15 1.15 1.15 1.16 1.19 1.20 1.26 1.28 1.32 1.32 1.29 1.29 1.28 1.28 1.28 1.28 1.36 1.41 1.43 1.43 1.43 1.42 1.42 1.42 1.41 1.40 1.41 1.40 1.40 1.40 1.40 1.40 1.41 1.40 1.40 1.40 1.39 1.39 1.39 1.32 1.32 1.31 1.37 1.39 1.39 1.39 1.39 1.39 1.40 1.39 1.39 1.39 7.996912 -0.204564 -0.548297 8.031048 -0.225413 -0.548297 1295.590181 magnum 84.193978
ODOM 8.112991 -0.275387 -0.546913 0.502500 0.000017 0.000000 1295.820995 magnum 84.307794
FLASER 360 1.42 1.38 1.36 1.32 1.32 81.91 1.26 1.35 1.35 1.36 1.34 81.91 81.91 1.18 1.18 1.20 1.20 1.21 1.21 1.22 1.22 1.23 1.23 1.23 1.24 1.24 1.24 1.25 1.25 1.26 1.26 1.26 1.28 1.35 1.38 1.54 1.58 1.59 1.59 1.60 1.59 1.60 1.61 1.63 1.62 1.63 1.64 1.65 1.66 1.67 1.65 7.58 7.53 7.58 7.63 1.67 1.66 1.63 1.62 1.62 1.63 1.68 1.72 1.74 1.75 1.79 1.93 2.23 2.25 1.36 1.37 1.39 1.53 2.28 2.25 2.40 2.43 2.45 2.46 2.40 2.39 2.39 2.41 2.42 2.45 2.44 2.47 2.45 2.43 2.41 2.36 2.25 2.25 2.27 2.30 2.33 2.33 2.31 2.31 2.36 2.44 2.54 2.57 2.60 2.64 2.68 2.71 2.75 2.80 2.84 2.88 2.93 2.99 3.04 3.09 3.14 3.19 3.26 3.31 3.37 3.43 3.51 3.54 3.52 3.54 6.74 6.73 6.70 6.69 4.73 4.72 4.98 5.00 4.98 4.86 4.84 4.88 4.90 4.90 4.89 4.97 5.32 6.28 6.35 6.40 6.38 6.39 6.66 6.84 7.29 7.73 8.19 8.47 9.36 10.02 10.43 10.48 10.69 10.68 10.66 10.66 10.64 10.65 10.63 10.64 10.63 10.64 10.63 10.65 10.64 10.65 10.64 10.65 10.64 10.66 10.66 10.67 10.73 10.81 10.76 10.74 10.33 9.55 9.29 9.30 7.86 7.82 7.80 7.48 6.53 6.55 5.12 5.06 4.88 4.87 4.88 4.91 4.84 4.83 4.86 4.83 4.67 4.62 4.61 4.64 4.65 4.67 4.68 3.57 3.50 3.51 3.47 3.40 3.32 3.26 3.19 3.14 3.08 3.02 2.96 2.93 2.86 2.81 2.77 2.73 2.68 2.65 2.60 2.58 2.53 2.49 2.44 2.32 2.27 2.27 2.27 2.31 2.31 5.56 5.92 5.95 5.99 6.04 6.07 6.03 5.97 5.91 5.84 5.78 5.87 6.10 6.13 10.03 5.26 5.18 5.14 5.11 5.05 5.04 5.02 5.01 5.01 5.10 5.04 5.04 5.11 5.40 7.52 6.15 1.62 1.59 1.57 1.56 1.55 1.59 1.59 1.62 1.67 1.77 4.82 3.65 3.65 1.60 1.58 1.57 1.56 1.56 1.56 1.55 1.54 1.54 1.52 1.52 1.51 1.50 1.49 1.46 1.39 1.25 1.20 1.17 1.16 1.16 1.15 1.15 1.15 1.14 1.14 1.14 1.13 1.13 1.12 1.12 1.12 1.12 1.12 1.12 1.11 1.11 1.11 1.12 1.11 1.17 1.19 1.28 1.28 1.28 1.27 1.26 1.26 1.25 1.25 1.29 1.34 1.40 1.40 1.40 1.39 1.39 1.39 1.40 1.39 1.39 1.39 1.39 1.38 1.37 1.30 1.32 1.33 1.37 1.39 1.39 1.38 1.37 1.38 1.38 1.38 1.38 1.38 8.077206 -0.253598 -0.546913 8.111371 -0.274401 -0.546913 1295.810211 magnum 84.307922
ODOM 8.156092 -0.301629 -0.549981 0.506500 -0.000062 0.000000 1295.932773 magnum 84.411988
ODOM 8.198285 -0.327497 -0.551515 0.511000 -0.000045 0.000000 1296.039559 magnum 84.520059
FLASER 360 1.28 1.20 1.20 1.20 1.20 1.20 1.20 1.20 1.21 1.21 1.20 1.21 1.21 1.21 1.22 1.22 1.22 1.23 1.23 1.24 1.24 1.24 1.24 1.26 1.30 1.42 1.43 1.54 1.55 1.58 1.57 1.58 1.58 1.58 1.58 1.59 1.59 1.60 1.61 1.61 1.62 1.63 1.63 4.72 4.74 4.76 4.79 1.67 1.67 1.61 1.59 1.58 1.58 1.59 1.60 1.67 1.68 1.69 1.70 1.72 5.32 1.31 1.32 1.31 1.34 2.16 2.17 2.22 2.24 2.20 2.23 2.36 2.37 2.37 2.39 2.33 2.31 2.34 2.35 2.36 2.38 2.39 2.39 2.38 2.36 2.34 2.26 2.18 2.17 2.19 2.22 2.25 2.27 2.24 2.23 2.26 2.31 2.43 2.45 2.49 2.53 2.57 2.59 2.63 2.67 2.70 2.76 2.80 2.82 2.88 2.93 2.97 3.01 3.07 3.12 3.17 3.24 3.29 3.34 3.41 3.45 3.43 3.45 6.67 6.65 6.63 6.61 6.58 4.64 4.63 4.90 4.91 4.88 4.76 4.75 4.79 4.80 4.79 4.80 4.89 5.17 6.15 6.25 6.29 6.28 6.27 6.41 6.70 7.00 7.45 7.87 8.28 8.77 9.53 10.21 10.33 10.50 10.57 10.58 10.56 10.56 10.55 10.56 10.54 10.54 10.54 10.55 10.54 10.55 10.54 10.55 10.54 10.55 10.55 10.56 10.56 10.57 10.64 10.71 10.65 10.63 10.22 9.34 9.18 9.19 7.75 7.71 7.70 7.36 6.44 6.44 6.51 4.98 4.78 4.78 4.78 4.79 4.75 4.73 4.75 4.75 4.64 4.52 4.50 4.53 4.54 4.57 4.57 3.49 3.45 3.41 3.40 3.35 3.29 3.22 3.16 3.10 3.04 2.99 2.93 2.88 2.83 2.78 2.74 2.69 2.65 2.61 2.58 2.54 2.50 2.45 2.42 2.39 2.36 2.24 2.19 2.17 2.18 2.21 2.22 2.23 5.87 5.91 5.94 5.99 5.94 5.87 5.81 5.76 5.70 5.77 6.00 6.05 9.91 5.25 5.13 5.05 5.02 4.99 4.96 4.95 4.92 4.91 5.08 4.98 4.97 4.98 5.15 7.48 6.08 6.04 7.74 4.98 4.93 1.55 1.53 1.51 1.50 1.49 1.48 1.51 1.52 1.57 1.62 3.59 3.67 3.93 3.92 1.54 1.53 1.51 1.51 1.50 1.49 1.48 1.48 1.47 1.47 1.47 1.46 1.45 1.44 1.44 1.43 1.38 1.33 1.29 1.25 1.13 1.13 1.12 1.11 1.12 1.11 1.11 1.10 1.10 1.10 1.09 1.09 1.09 1.09 1.08 1.08 1.08 1.08 1.08 1.08 1.07 1.07 1.08 1.07 1.16 1.17 1.26 1.26 1.23 1.23 1.23 1.23 1.23 1.23 1.36 1.36 1.36 1.36 1.36 1.29 1.30 1.30 1.36 1.37 1.37 1.37 1.36 1.37 1.37 1.37 1.37 1.38 8.157837 -0.302639 -0.551283 8.191912 -0.323590 -0.551283 1296.020555 magnum 84.520204
ODOM 8.241254 -0.353931 -0.549981 0.505500 0.000017 0.000000 1296.153330 magnum 84.632921
ODOM 8.326880 -0.406427 -0.548447 0.510500 0.000017 0.000000 1296.273586 magnum 84.754984
FLASER 360 1.21 1.21 1.21 1.21 1.21 1.21 1.22 1.21 1.21 1.21 1.22 1.22 1.22 1.23 1.25 1.39 1.39 1.41 1.43 1.52 1.53 1.53 1.54 1.54 1.55 1.55 1.55 1.57 1.58 1.58 1.59 1.59 1.59 1.59 1.60 1.61 4.61 4.63 4.63 4.66 4.67 1.59 1.58 1.53 1.53 1.53 1.54 1.58 1.61 1.63 1.64 1.64 1.63 1.25 1.24 1.31 1.41 2.12 2.11 2.10 2.10 2.10 2.14 2.17 2.15 2.20 2.28 2.30 2.31 2.32 2.32 2.24 2.26 2.27 2.28 2.31 2.31 2.31 2.33 2.30 2.29 2.25 2.13 2.10 2.10 2.12 2.15 2.18 2.19 2.16 2.16 2.19 2.22 2.33 2.36 2.38 2.41 2.46 2.47 2.52 2.56 2.59 2.62 2.66 2.69 2.74 2.77 2.82 2.86 2.90 2.95 3.01 3.05 3.10 3.15 3.20 3.25 3.32 3.36 3.34 3.36 3.36 6.58 6.56 6.54 6.51 4.56 4.53 11.17 4.80 4.82 4.73 4.66 4.65 4.71 4.70 4.70 4.70 4.79 5.04 6.02 6.12 6.19 6.18 6.17 6.23 6.52 6.69 7.13 7.56 7.97 8.26 9.05 9.70 10.21 10.21 10.52 10.46 10.46 10.45 10.44 10.44 10.44 10.43 10.44 10.42 10.43 10.43 10.44 10.44 10.44 10.44 10.45 10.44 10.45 10.45 10.48 10.58 10.60 10.53 10.53 10.09 9.20 9.08 9.09 7.63 7.59 7.59 7.26 6.33 6.33 6.39 4.93 4.68 4.66 4.67 4.69 4.66 4.62 4.63 4.66 4.58 4.43 4.39 4.41 4.43 4.45 4.46 4.47 3.49 3.32 3.30 3.30 3.24 3.18 3.11 3.06 3.00 2.95 2.89 2.84 2.80 2.75 2.70 2.67 2.62 2.59 2.54 2.51 2.46 2.43 2.39 2.36 2.33 2.29 2.27 2.22 2.12 2.09 2.07 2.09 2.10 2.13 2.13 5.86 5.89 5.86 5.79 5.72 5.67 5.61 5.64 5.92 5.95 9.78 5.09 5.05 4.98 4.95 4.91 4.89 4.88 4.86 4.83 4.85 5.04 4.91 4.89 4.93 5.20 6.02 5.98 7.67 7.73 4.87 4.84 4.83 4.79 4.75 4.70 4.66 1.46 1.44 1.43 1.42 1.41 1.44 1.44 1.48 1.51 3.85 3.86 4.59 4.46 1.49 1.47 1.46 1.46 1.45 1.44 1.44 1.43 1.42 1.42 1.41 1.41 1.40 1.40 1.40 1.40 1.39 1.39 1.38 1.34 1.27 1.26 1.22 1.20 1.09 1.08 1.08 1.07 1.07 1.07 1.07 1.07 1.07 1.07 1.07 1.07 1.07 1.06 1.06 1.06 1.06 1.06 1.06 1.05 1.05 1.05 1.05 1.05 1.06 1.09 1.23 1.23 1.21 1.21 1.21 1.21 1.22 1.21 1.36 1.36 1.36 1.35 1.36 1.36 1.37 1.36 8.263757 -0.367775 -0.548967 8.297880 -0.388647 -0.548967 1296.230263 magnum 84.755121
ODOM 8.369930 -0.432729 -0.548447 0.500000 0.000000 0.000000 1296.393669 magnum 84.881090
ODOM 8.412577 -0.458785 -0.548447 0.503500 -0.000006 0.000000 1296.500557 magnum 84.978798
FLASER 360 1.21 1.22 1.22 1.23 1.30 1.38 1.38 1.38 1.38 1.50 1.51 1.51 1.51 1.52 1.53 1.53 1.53 1.54 1.54 1.55 1.54 1.55 1.55 1.56 1.56 1.57 1.58 1.59 4.55 4.55 4.57 4.61 4.56 1.56 1.54 1.50 1.50 1.50 1.51 1.53 1.56 1.59 1.59 1.23 1.21 1.20 1.22 7.41 7.45 2.30 2.12 2.08 2.06 2.04 2.05 2.05 2.06 2.15 2.13 2.08 2.14 2.26 2.27 2.27 2.27 2.22 2.18 2.21 2.23 2.22 2.25 2.25 2.24 2.25 2.26 2.22 2.20 2.05 2.03 2.04 2.05 2.07 2.10 2.11 2.10 2.09 2.09 2.12 2.21 2.26 2.28 2.31 2.33 2.37 2.39 2.43 2.45 2.49 2.53 2.57 2.59 2.62 2.66 2.69 2.73 2.78 2.81 2.86 2.90 2.94 2.99 3.04 3.09 3.14 3.19 3.25 3.26 3.24 3.27 6.52 6.50 6.47 6.46 6.42 6.41 4.45 4.44 4.69 4.70 4.73 4.60 4.55 4.57 4.62 4.60 4.58 4.62 4.76 4.79 5.94 6.03 6.09 6.08 6.06 6.13 6.42 6.56 7.01 7.38 7.70 8.14 8.82 9.24 10.05 10.11 10.31 10.37 10.36 10.36 10.35 10.34 10.34 10.33 10.32 10.32 10.31 10.32 10.32 10.32 10.31 10.33 10.32 10.34 10.34 10.35 10.35 10.38 10.48 10.47 10.41 10.17 9.88 9.02 9.02 7.74 7.49 7.48 7.44 7.03 6.21 6.23 6.31 4.78 4.57 4.55 4.56 4.58 4.55 4.51 4.51 4.57 4.48 4.35 4.29 4.30 4.31 4.34 4.35 4.36 4.37 3.29 3.19 3.20 3.18 3.11 3.06 3.01 2.94 2.89 2.84 2.80 2.75 2.70 2.66 2.62 2.59 2.55 2.50 2.46 2.42 2.39 2.36 2.32 2.29 2.26 2.23 2.21 2.18 2.15 2.07 2.01 1.98 1.99 1.99 2.03 2.03 5.78 5.75 5.69 5.63 5.57 5.52 5.57 5.82 5.87 6.46 5.02 4.99 4.90 4.87 4.84 4.81 4.80 4.77 4.76 4.74 5.24 4.92 4.83 4.83 4.91 5.94 5.92 7.61 7.70 7.77 4.79 4.76 4.72 4.68 4.66 4.60 4.56 4.55 4.59 4.63 4.68 4.72 1.38 1.37 1.37 1.36 1.35 1.36 1.40 1.41 1.43 4.37 7.51 3.70 3.73 3.72 1.43 1.40 1.40 1.40 1.40 1.39 1.39 1.38 1.38 1.37 1.37 1.37 1.36 1.36 1.36 1.36 1.35 1.34 1.34 1.34 1.25 1.24 1.21 1.21 1.21 1.19 1.06 1.06 1.05 1.05 1.05 1.04 1.05 1.04 1.04 1.04 1.04 1.04 1.04 1.04 1.04 1.04 1.04 1.03 1.03 1.04 1.04 1.04 1.04 1.04 1.04 1.04 1.14 1.21 1.21 1.21 1.21 1.21 8.359319 -0.426246 -0.548447 8.393452 -0.447101 -0.548447 1296.450268 magnum 84.978960
ODOM 8.455637 -0.485094 -0.548447 0.507500 -0.000050 0.000000 1296.613467 magnum 85.094960
ODOM 8.498283 -0.511149 -0.551515 0.496000 -0.000078 0.000000 1296.732837 magnum 85.213541
FLASER 360 1.47 1.51 1.52 1.51 1.51 1.51 1.51 1.52 1.52 1.53 1.53 1.54 1.54 1.54 1.55 1.54 1.55 1.55 1.56 1.56 4.45 4.45 4.46 4.49 4.50 1.53 1.54 1.48 1.47 1.48 1.49 1.52 1.53 1.22 1.19 1.18 1.20 1.58 1.59 7.04 7.71 7.76 7.78 7.78 2.09 2.05 2.03 2.01 2.00 2.01 2.02 2.09 2.10 2.04 2.03 2.21 2.21 2.21 2.21 2.21 2.20 2.14 2.15 2.16 2.18 2.18 2.19 2.19 2.19 2.19 2.18 2.10 2.01 1.96 1.98 1.99 2.01 2.03 2.06 2.04 2.02 2.03 2.04 2.12 2.18 2.20 2.22 2.25 2.26 2.29 2.31 2.35 2.37 2.40 2.43 2.47 2.49 2.53 2.56 2.60 2.62 2.66 2.69 2.73 2.77 2.82 2.85 2.89 2.93 2.98 3.02 3.08 3.12 3.18 3.18 3.16 3.19 6.44 6.43 6.38 6.37 6.35 6.33 4.36 4.35 11.04 4.61 4.63 4.58 4.47 4.46 4.52 4.52 4.51 4.51 4.55 4.69 5.83 5.84 5.92 5.98 5.98 5.98 6.01 6.28 6.43 6.80 7.19 7.48 7.96 8.32 9.00 9.64 10.00 10.03 10.31 10.26 10.25 10.25 10.24 10.24 10.21 10.21 10.21 10.21 10.21 10.21 10.21 10.24 10.22 10.22 10.22 10.22 10.22 10.24 10.24 10.31 10.38 10.36 10.32 9.95 9.76 8.88 8.85 7.62 7.38 7.38 7.28 6.88 6.12 6.13 6.22 4.69 4.47 4.45 4.45 4.48 4.47 4.43 4.41 4.45 4.42 4.30 4.20 4.20 4.20 4.23 4.24 4.25 4.26 4.28 3.16 3.10 3.10 3.07 3.02 2.96 2.90 2.86 2.81 2.77 2.72 2.68 2.62 2.60 2.55 2.52 2.46 2.44 2.40 2.37 2.33 2.30 2.27 2.24 2.21 2.19 2.15 2.13 2.10 2.08 2.06 1.96 1.92 1.91 1.91 1.93 1.94 1.96 1.95 5.55 5.49 5.44 5.46 5.74 5.77 6.37 6.29 4.97 4.85 4.81 4.78 4.75 4.72 4.72 4.70 4.69 4.69 5.06 4.82 4.77 4.78 5.87 5.85 7.55 7.62 7.72 4.76 4.71 4.68 4.65 4.60 4.58 4.53 4.50 4.49 4.53 4.57 4.62 4.67 4.72 4.78 4.84 4.89 1.36 1.34 1.31 1.31 1.31 1.29 1.30 1.34 1.35 1.37 3.66 3.93 2.23 2.19 2.19 2.20 1.37 1.36 1.36 1.35 1.35 1.34 1.34 1.33 1.33 1.33 1.33 1.33 1.33 1.32 1.32 1.33 1.32 1.32 1.32 1.32 1.31 1.31 1.21 1.20 1.20 1.20 1.20 1.19 1.15 1.12 1.03 1.02 1.03 1.03 1.03 1.03 1.03 1.03 1.03 1.03 1.03 1.03 1.03 1.03 1.03 1.03 1.03 1.03 1.03 1.03 8.439175 -0.474976 -0.549716 8.473282 -0.495874 -0.549716 1296.660528 magnum 85.213865
ODOM 8.583802 -0.563760 -0.571457 0.499500 -0.000319 0.000000 1296.859070 magnum 85.337652
ODOM 8.626228 -0.591041 -0.592933 0.504000 -0.000493 0.000000 1296.973432 magnum 85.453299
FLASER 360 1.52 1.52 1.52 1.52 1.52 1.52 1.53 1.53 1.54 1.54 1.54 1.56 1.55 4.68 4.53 4.40 4.40 1.52 1.52 1.46 1.46 1.47 1.47 1.25 1.19 1.15 1.16 1.52 1.54 1.55 1.56 1.56 4.60 4.60 4.63 4.65 4.64 7.59 7.06 2.03 2.03 1.98 1.97 1.97 1.97 1.97 2.03 2.04 2.01 2.04 2.14 2.15 2.15 2.15 2.16 2.13 2.08 2.10 2.10 2.11 2.12 2.13 2.13 2.13 2.15 2.12 2.10 1.94 1.91 1.91 1.93 1.94 1.95 1.97 1.99 1.96 1.95 1.97 1.99 2.08 2.10 2.12 2.16 2.17 2.19 2.21 2.23 2.26 2.28 2.30 2.33 2.36 2.38 2.41 2.44 2.47 2.50 2.53 2.57 2.61 2.64 2.67 2.70 2.75 2.78 2.82 2.86 2.90 2.94 2.99 3.03 3.09 3.09 3.08 3.10 6.41 6.38 6.34 6.32 6.29 6.27 6.24 4.26 4.25 10.92 4.50 4.53 4.49 4.39 4.36 4.40 4.42 4.42 4.40 4.41 4.53 4.76 5.73 5.81 5.84 5.91 5.87 5.88 5.97 6.24 6.36 6.74 7.10 7.47 7.85 8.21 8.84 9.48 9.90 9.92 10.21 10.14 10.14 10.14 10.12 10.13 10.12 10.13 10.11 10.12 10.10 10.11 10.10 10.11 10.10 10.11 10.11 10.14 10.13 10.14 10.13 10.16 10.27 10.27 10.20 10.17 9.73 8.84 8.77 8.75 7.33 7.28 7.27 6.98 6.07 6.01 6.05 4.57 4.51 4.37 4.34 4.36 4.36 4.35 4.31 4.32 4.35 4.30 4.19 4.09 4.09 4.10 4.12 4.14 4.15 4.17 4.18 3.12 3.01 3.01 3.00 2.96 2.90 2.84 2.80 2.75 2.70 2.66 2.62 2.58 2.54 2.50 2.46 2.42 2.38 2.36 2.32 2.29 2.26 2.23 2.20 2.17 2.15 2.12 2.10 2.08 2.05 2.02 2.01 1.98 1.95 1.85 1.84 1.82 1.81 1.83 1.86 1.86 1.86 5.36 5.39 5.67 5.71 6.23 6.20 4.86 4.77 4.73 4.70 4.67 4.65 4.64 4.62 4.61 4.61 5.04 4.74 4.68 4.68 5.78 5.78 7.52 7.58 7.68 7.75 4.66 4.63 4.60 4.56 4.54 4.50 4.46 4.43 4.44 4.46 4.54 4.58 4.64 4.67 4.76 4.79 4.88 4.92 4.56 4.52 4.63 4.68 4.74 6.25 1.28 1.26 1.25 1.25 1.24 1.24 1.29 1.30 2.15 2.15 2.15 2.22 6.92 6.92 1.32 1.33 1.32 1.31 1.31 1.31 1.31 1.30 1.30 1.30 1.30 1.30 1.30 1.30 1.29 1.29 1.28 1.28 1.28 1.29 1.28 1.28 1.28 1.28 1.22 1.21 1.18 1.18 1.18 1.17 1.19 1.19 1.13 1.11 1.02 1.02 1.02 1.02 1.02 1.02 1.02 1.02 8.559141 -0.547688 -0.575955 8.592688 -0.569474 -0.575955 1296.880774 magnum 85.453435
ODOM 8.667673 -0.618967 -0.625147 0.500000 -0.000706 0.000000 1297.099885 magnum 85.596120
FLASER 360 1.52 1.52 1.53 1.53 1.53 1.54 1.54 7.12 7.12 7.13 7.14 5.10 1.52 1.48 1.45 1.19 1.18 1.15 1.14 1.29 1.51 1.53 1.53 1.53 1.54 1.53 1.54 4.49 4.50 4.51 4.53 4.54 4.56 4.57 4.60 4.61 1.99 1.98 1.95 1.93 1.93 1.94 1.93 2.01 2.02 1.96 1.93 2.10 2.12 2.10 2.11 2.11 2.12 2.04 2.04 2.05 2.06 2.07 2.07 2.08 2.09 2.08 2.10 2.06 1.97 1.86 1.85 1.85 1.87 1.88 1.90 1.92 1.93 1.89 1.89 1.91 1.92 2.01 2.04 2.05 2.08 2.08 2.11 2.13 2.15 2.17 2.19 2.21 2.24 2.25 2.28 2.30 2.33 2.36 2.39 2.41 2.44 2.47 2.50 2.53 2.57 2.60 2.63 2.65 2.69 2.72 2.77 2.80 2.85 2.88 2.94 2.96 3.01 3.00 3.00 3.02 81.91 6.30 6.27 6.24 6.22 6.19 6.17 6.15 4.17 4.14 4.38 4.41 4.46 4.37 4.28 4.27 4.33 4.32 4.31 4.30 4.34 4.44 5.84 5.63 5.70 5.73 5.81 5.79 5.77 5.79 6.10 6.21 6.56 6.79 7.27 7.52 7.87 8.29 9.12 9.53 9.79 9.84 10.06 10.04 10.02 10.02 10.02 10.01 10.02 10.00 10.00 10.01 10.00 10.00 10.01 9.99 10.02 9.99 10.01 10.01 10.01 10.01 10.02 10.04 10.16 10.15 10.09 10.07 9.58 8.76 8.69 8.65 7.21 7.17 7.18 6.97 5.94 5.90 5.95 6.01 4.43 4.28 4.24 4.25 4.27 4.27 4.22 4.21 4.24 4.25 4.12 4.04 3.98 3.98 4.02 4.02 4.04 4.05 4.08 4.08 3.01 2.93 2.89 2.89 2.86 2.83 2.76 2.72 2.67 2.64 2.59 2.55 2.50 2.46 2.43 2.40 2.36 2.33 2.29 2.28 2.24 2.21 2.17 2.15 2.13 2.10 2.07 2.06 2.03 2.01 1.98 1.96 1.94 1.93 1.90 1.89 1.82 1.79 1.75 1.74 1.73 1.74 1.77 1.78 5.58 5.59 6.17 6.13 4.93 4.74 4.66 4.65 4.61 4.59 4.58 4.56 4.54 4.53 4.62 4.98 4.69 4.62 4.63 4.66 5.68 7.49 7.60 7.65 5.55 4.82 4.55 4.54 4.48 4.47 4.43 4.40 4.36 4.35 4.41 4.44 4.52 4.54 4.63 4.66 4.75 4.78 4.88 4.91 4.47 4.51 4.63 4.67 7.24 6.26 6.03 6.02 6.01 6.01 1.36 1.34 1.22 1.21 1.21 1.21 1.21 1.20 1.26 1.25 6.85 6.92 6.91 6.90 6.89 6.88 1.30 1.30 1.28 1.29 1.28 1.28 1.27 1.27 1.27 1.27 1.28 1.27 1.27 1.27 1.27 1.27 1.28 1.28 1.27 1.27 1.26 1.27 1.27 1.27 1.27 1.27 1.19 1.18 1.16 1.17 8.631685 -0.593295 -0.622435 8.664184 -0.616616 -0.622435 1297.090249 magnum 85.596255
ODOM 8.708274 -0.648269 -0.665031 0.504500 -0.000790 0.000000 1297.212882 magnum 85.692917
ODOM 8.747849 -0.679304 -0.711051 0.501500 -0.000890 0.000000 1297.333003 magnum 85.813053
FLASER 360 1.52 1.52 1.53 1.53 1.52 1.52 1.53 5.78 6.97 6.99 7.00 7.00 1.13 1.12 1.14 1.15 1.15 1.44 1.49 1.50 1.50 1.50 1.51 1.51 1.52 1.51 1.50 4.44 4.45 4.45 4.49 4.52 4.46 4.47 4.49 4.50 4.52 4.52 1.94 1.93 1.89 1.88 1.89 1.88 1.93 2.01 1.95 1.91 1.99 2.07 2.07 2.06 2.07 2.06 2.06 1.99 1.99 2.00 2.01 2.01 2.02 2.02 2.02 2.02 2.03 2.02 1.86 1.81 1.80 1.80 1.82 1.82 1.84 1.84 1.85 1.84 1.83 1.83 1.85 1.90 1.96 1.97 2.00 2.01 2.02 2.03 2.06 2.08 2.10 2.10 2.13 2.15 2.18 2.18 2.22 2.23 2.26 2.27 2.30 2.32 2.36 2.37 2.41 2.42 2.46 2.47 2.53 2.55 2.59 2.61 2.67 2.68 2.72 2.74 2.80 2.82 2.88 2.90 2.91 2.89 2.93 2.93 81.91 81.91 6.18 6.17 6.13 6.12 6.09 6.06 4.06 4.07 10.71 4.30 4.36 4.42 4.18 4.18 4.20 4.23 4.22 4.20 4.21 4.25 4.46 5.76 5.53 5.54 5.65 5.68 5.68 5.67 5.77 5.86 6.13 6.26 6.77 6.90 7.47 7.61 8.29 8.53 9.46 9.67 9.76 9.86 9.94 9.93 9.93 9.91 9.90 9.90 9.91 9.90 9.90 9.87 9.88 9.88 9.89 9.89 9.91 9.89 9.90 9.89 9.90 9.90 9.93 9.96 10.06 10.03 9.98 9.92 9.41 8.62 8.54 8.54 7.07 7.06 7.03 6.87 5.80 5.80 5.85 5.90 4.31 4.20 4.13 4.13 4.15 4.16 4.12 4.09 4.12 4.14 4.05 4.01 3.87 3.87 3.90 3.90 3.93 3.93 3.96 3.96 3.99 3.98 2.80 2.79 2.80 2.80 2.72 2.69 2.63 2.61 2.55 2.53 2.46 2.45 2.39 2.37 2.33 2.31 2.26 2.25 2.21 2.19 2.15 2.14 2.09 2.08 2.05 2.04 2.00 2.00 1.95 1.95 1.92 1.91 1.88 1.87 1.84 1.83 1.80 1.80 1.73 1.72 1.66 1.65 1.65 1.64 1.69 1.69 6.04 6.04 4.64 4.63 4.57 4.56 4.51 4.50 4.49 4.48 4.46 4.46 4.92 4.91 4.58 4.55 4.74 5.63 7.46 7.48 7.64 7.68 4.54 4.52 4.48 4.47 4.42 4.42 4.36 4.35 4.28 4.28 4.36 4.37 4.47 4.48 4.59 4.59 4.71 4.73 4.85 4.87 4.43 4.42 4.59 4.62 6.19 6.12 5.99 5.98 5.97 5.99 6.93 6.93 6.91 6.90 6.88 6.87 6.84 6.84 1.27 1.27 1.18 1.18 1.18 1.18 1.17 1.17 1.23 1.22 6.81 6.79 6.69 3.54 3.49 3.50 1.26 1.27 1.26 1.26 1.27 1.27 1.27 1.27 1.25 1.26 1.26 1.26 8.706258 -0.644997 -0.698313 8.736895 -0.670714 -0.698313 1297.300678 magnum 85.813201
ODOM 8.823788 -0.744715 -0.747867 0.514000 -0.000011 0.000000 1297.458965 magnum 85.937632
ODOM 8.860967 -0.779203 -0.746333 0.491500 -0.000129 0.000000 1297.572837 magnum 86.053162
FLASER 360 1.53 1.53 1.53 1.53 1.52 1.52 1.52 1.47 1.46 1.47 1.47 1.45 1.15 1.12 1.10 1.13 1.40 1.43 1.43 1.45 1.47 1.48 1.48 1.48 1.48 1.49 1.49 1.49 1.50 4.36 4.37 4.38 4.39 4.40 4.41 4.42 4.42 4.43 4.46 4.46 4.43 4.44 1.92 1.90 1.87 1.85 1.86 1.85 1.86 1.98 1.95 1.87 1.85 2.04 2.03 2.02 2.02 2.01 2.01 1.99 1.93 1.94 1.95 1.95 1.94 1.96 1.96 1.97 1.97 1.97 1.96 1.77 1.74 1.74 1.74 1.75 1.77 1.77 1.80 1.79 1.78 1.75 1.77 1.78 1.83 1.88 1.90 1.90 1.93 1.94 1.95 1.96 1.99 2.00 2.02 2.02 2.06 2.06 2.08 2.10 2.13 2.14 2.17 2.18 2.21 2.22 2.25 2.27 2.30 2.31 2.36 2.37 2.40 2.42 2.45 2.47 2.52 2.55 2.59 2.60 2.65 2.67 2.71 2.73 2.78 2.81 2.82 2.81 2.83 2.82 5.69 81.91 81.91 6.11 6.07 6.05 6.02 6.00 5.99 3.98 3.96 81.91 4.19 4.20 4.29 4.12 4.07 4.06 4.13 4.13 4.11 4.10 4.14 4.22 4.31 5.54 5.43 5.51 5.56 5.59 5.58 5.56 5.67 5.84 6.02 6.23 6.63 6.87 7.31 7.54 8.01 8.46 9.20 9.55 9.60 9.76 9.82 9.81 9.82 9.80 9.80 9.80 9.78 9.78 9.79 9.77 9.78 9.79 9.78 9.78 9.79 9.77 9.80 9.79 9.79 9.79 9.81 9.82 9.94 9.93 9.88 9.86 9.40 8.74 8.44 8.43 7.07 6.97 6.96 6.93 6.45 5.70 5.70 5.73 4.26 4.30 4.04 4.03 4.04 4.03 4.06 4.03 3.99 4.00 4.05 4.02 3.89 3.82 3.76 3.76 3.80 3.81 3.83 3.83 3.86 3.87 3.90 3.89 2.72 2.69 2.71 2.70 2.65 2.62 2.56 2.53 2.47 2.45 2.40 2.38 2.34 2.31 2.28 2.26 2.22 2.19 2.16 2.14 2.10 2.08 2.06 2.05 2.00 2.00 1.97 1.95 1.92 1.90 1.88 1.88 1.85 1.83 1.81 1.80 1.78 1.76 1.75 1.74 1.71 1.70 1.62 1.60 1.58 1.57 1.58 1.58 1.62 1.62 4.51 4.49 4.46 4.44 4.43 4.41 4.40 4.39 4.45 4.85 4.55 4.50 4.49 4.67 7.41 7.49 7.61 7.67 5.44 4.49 4.44 4.42 4.40 4.38 4.34 4.32 4.27 4.26 4.26 4.29 4.37 4.40 4.49 4.52 4.61 4.65 4.76 4.80 4.46 4.39 4.48 4.52 4.61 6.08 5.95 5.94 5.92 5.93 6.89 6.91 6.89 6.88 6.85 6.84 6.82 6.81 6.80 6.80 6.86 6.87 6.85 2.11 1.72 1.63 1.26 1.26 1.16 1.16 1.16 1.16 1.16 1.16 8.812781 -0.734545 -0.747110 8.842127 -0.761726 -0.747110 1297.510211 magnum 86.053323
ODOM 8.897437 -0.812929 -0.744799 0.500000 0.000000 0.000000 1297.693381 magnum 86.173470
ODOM 8.934662 -0.847248 -0.743265 0.513000 0.000034 0.000000 1297.813373 magnum 86.292222
FLASER 360 1.53 1.10 1.10 1.11 1.11 1.29 1.40 1.41 1.41 1.41 1.41 1.45 1.46 1.46 1.46 1.46 1.46 1.46 1.47 1.47 1.48 7.08 7.09 4.71 4.51 4.32 4.32 4.33 4.34 4.35 4.36 4.37 4.37 4.39 4.39 4.40 1.89 1.85 1.83 1.82 1.81 1.81 1.81 1.94 1.93 1.82 1.80 4.50 1.99 1.98 1.97 1.97 1.97 1.96 1.93 1.88 1.88 1.88 1.89 1.90 1.90 1.91 1.92 1.91 1.92 1.70 1.70 1.67 1.68 1.69 1.70 1.71 1.72 1.74 1.73 1.69 1.69 1.71 1.72 1.78 1.80 1.82 1.83 1.84 1.86 1.87 1.89 1.89 1.91 1.93 1.94 1.95 1.97 1.98 2.00 2.01 2.03 2.06 2.07 2.08 2.10 2.13 2.14 2.17 2.19 2.22 2.23 2.26 2.28 2.30 2.33 2.36 2.38 2.40 2.44 2.46 2.49 2.52 2.56 2.58 2.62 2.65 2.68 2.72 2.72 2.71 2.72 2.74 6.13 5.63 81.91 81.91 6.04 5.98 5.98 5.93 5.92 5.89 3.88 3.87 81.91 4.06 4.10 4.18 4.05 3.97 3.96 4.01 4.03 4.01 4.00 4.00 4.08 4.21 5.55 5.33 5.33 5.41 5.46 5.47 5.47 5.46 5.56 5.80 5.91 6.18 6.46 6.82 7.12 7.45 7.78 8.35 8.88 9.45 9.48 9.64 9.73 9.70 9.71 9.70 9.71 9.69 9.68 9.67 9.67 9.67 9.68 9.68 9.67 9.66 9.68 9.67 9.69 9.68 9.69 9.68 9.69 9.70 9.82 9.84 9.80 9.78 9.42 9.24 8.36 8.36 9.87 6.90 6.85 6.85 6.65 6.30 5.59 5.59 5.65 5.78 4.19 3.97 3.93 3.92 3.94 3.95 3.95 3.89 3.89 3.91 3.94 3.85 3.73 3.66 3.66 3.67 3.69 3.70 3.72 3.73 3.75 3.75 3.80 3.81 2.70 2.61 2.61 2.61 2.59 2.55 2.51 2.45 2.43 2.39 2.36 2.32 2.28 2.26 2.23 2.20 2.18 2.15 2.12 2.09 2.07 2.05 2.02 1.99 1.99 1.96 1.94 1.92 1.90 1.88 1.87 1.85 1.82 1.80 1.79 1.78 1.76 1.75 1.73 1.71 1.70 1.69 1.68 1.66 1.65 1.63 1.60 1.56 1.52 1.51 1.50 1.50 1.54 1.55 1.57 4.36 4.35 4.34 4.34 4.47 4.78 4.52 4.43 4.45 5.48 7.47 7.58 7.60 5.37 5.43 4.41 4.40 4.37 4.34 4.32 4.29 4.25 4.23 4.20 4.21 4.27 4.31 4.39 4.44 4.52 4.57 4.66 4.73 4.81 4.59 4.36 4.44 4.53 4.59 5.93 5.91 5.90 5.94 6.17 6.88 6.87 6.84 6.83 6.82 6.80 6.80 6.79 6.76 6.79 6.85 6.84 6.83 6.82 6.81 5.36 2.11 2.04 2.04 6.85 6.84 8.881122 -0.797917 -0.744259 8.910546 -0.825014 -0.744259 1297.730261 magnum 86.292394
ODOM 8.971235 -0.880862 -0.743265 0.493000 0.000000 0.000000 1297.933486 magnum 86.413188
ODOM 9.045498 -0.949116 -0.743265 0.499000 -0.000045 0.000000 1298.058613 magnum 86.537461
FLASER 360 1.41 1.42 1.45 1.45 1.44 1.44 1.44 1.44 1.44 1.44 1.45 1.45 1.45 6.95 6.94 6.95 6.97 7.03 7.06 7.07 4.80 4.38 4.30 4.32 4.31 4.31 4.32 4.33 4.34 1.86 1.85 1.80 1.79 1.79 1.78 1.84 1.93 1.92 1.86 1.78 1.77 4.43 4.44 1.96 1.95 1.94 1.94 1.89 1.85 1.84 1.84 1.85 1.85 1.85 1.85 1.85 1.85 1.85 1.84 1.62 1.61 1.61 1.62 1.63 1.64 1.65 1.65 1.66 1.66 1.62 1.62 1.64 1.65 1.71 1.73 1.75 1.76 1.77 1.78 1.79 1.81 1.81 1.83 1.84 1.86 1.86 1.88 1.89 1.91 1.92 1.94 1.94 1.96 1.98 2.00 2.01 2.02 2.05 2.06 2.08 2.10 2.13 2.14 2.17 2.19 2.21 2.22 2.25 2.28 2.29 2.32 2.35 2.37 2.39 2.42 2.44 2.47 2.51 2.55 2.57 2.61 2.62 2.63 2.61 2.64 2.63 6.07 5.80 5.51 81.91 81.91 5.91 5.89 5.85 5.83 5.80 5.79 3.74 3.76 81.91 3.99 4.00 4.13 3.90 3.88 3.85 3.92 3.92 3.90 3.88 3.90 3.99 4.10 5.45 5.28 5.21 5.31 5.33 5.38 5.36 5.36 5.39 5.60 5.78 5.93 6.24 6.53 6.78 7.19 7.41 7.92 8.34 9.04 9.37 9.39 9.68 9.60 9.60 9.60 9.59 9.58 9.57 9.58 9.57 9.57 9.56 9.57 9.57 9.58 9.56 9.56 9.57 9.58 9.59 9.58 9.58 9.58 9.61 9.73 9.73 9.68 9.67 9.30 9.12 8.25 8.23 9.75 6.83 6.76 6.74 6.63 6.28 5.50 5.48 5.53 5.66 4.06 4.01 3.84 3.82 3.82 3.83 3.85 3.82 3.79 3.79 3.83 3.85 3.74 3.65 3.56 3.55 3.57 3.58 3.61 3.62 3.63 3.65 3.67 3.68 3.70 3.70 2.62 2.51 2.51 2.51 2.52 2.46 2.43 2.40 2.36 2.33 2.29 2.27 2.23 2.20 2.18 2.15 2.12 2.10 2.08 2.05 2.03 2.00 1.98 1.97 1.94 1.93 1.91 1.88 1.86 1.85 1.83 1.81 1.79 1.79 1.77 1.75 1.73 1.72 1.70 1.69 1.69 1.67 1.65 1.64 1.62 1.61 1.60 1.59 1.58 1.57 1.56 1.54 1.47 1.45 1.45 1.43 1.46 1.47 1.52 1.50 4.74 4.46 4.38 4.38 7.42 7.52 7.56 7.61 5.33 5.36 4.37 4.36 4.33 4.31 4.29 4.25 4.22 4.20 4.17 4.15 4.21 4.25 4.33 4.39 4.47 4.53 4.62 4.68 4.76 4.92 4.33 4.36 4.48 4.54 5.90 5.89 5.89 5.90 6.26 6.84 6.84 6.83 6.80 6.79 6.79 6.76 6.76 6.76 6.84 6.83 6.82 6.82 6.81 6.79 5.37 5.34 6.75 6.77 8.949340 -0.860738 -0.743265 8.978791 -0.887806 -0.743265 1297.940501 magnum 86.537634
ODOM 9.082423 -0.983054 -0.743265 0.493000 0.000000 0.000000 1298.172633 magnum 86.661148
FLASER 360 1.45 1.44 1.45 1.50 6.95 1.46 1.48 1.49 1.47 1.46 1.46 6.93 6.92 6.94 6.96 7.02 7.04 6.99 4.42 4.29 4.29 4.29 4.30 1.79 1.78 1.76 1.76 1.74 1.75 4.33 2.21 1.83 1.76 1.78 4.35 4.36 4.38 1.90 1.92 1.89 1.89 1.80 1.79 1.80 1.81 1.80 1.81 1.80 1.80 1.80 1.80 1.66 1.59 1.57 1.57 1.58 1.58 1.59 1.60 1.60 1.61 1.59 1.58 1.58 1.58 1.59 1.60 1.67 1.68 1.69 1.69 1.70 1.71 1.72 1.73 1.74 1.75 1.76 1.78 1.79 1.80 1.81 1.82 1.84 1.84 1.87 1.88 1.89 1.90 1.91 1.93 1.95 1.96 1.98 1.99 2.00 2.02 2.04 2.06 2.08 2.09 2.12 2.13 2.16 2.18 2.20 2.22 2.24 2.27 2.28 2.31 2.35 2.37 2.38 2.41 2.44 2.46 2.51 2.54 2.53 2.52 2.53 2.55 6.02 6.00 5.96 5.51 5.39 81.91 81.91 5.81 5.78 5.76 5.72 5.71 3.66 3.64 81.91 81.91 3.89 3.93 3.89 3.79 3.73 3.75 3.82 3.82 3.80 3.76 3.81 3.88 4.02 5.36 5.20 5.11 5.19 5.22 5.27 5.26 5.25 5.26 5.42 5.64 5.73 6.01 6.28 6.56 6.81 7.23 7.53 8.03 8.27 9.13 9.25 9.36 9.54 9.51 9.48 9.48 9.47 9.48 9.47 9.46 9.45 9.47 9.46 9.46 9.45 9.45 9.46 9.46 9.46 9.46 9.46 9.48 9.48 9.47 9.49 9.62 9.62 9.57 9.56 9.19 9.01 8.16 8.13 9.65 6.77 6.65 6.63 6.59 6.24 5.57 5.37 5.40 5.47 5.59 4.05 3.84 3.71 3.70 3.71 3.73 3.73 3.71 3.67 3.68 3.69 3.73 3.65 3.57 3.47 3.46 3.46 3.49 3.50 3.52 3.53 3.55 3.56 3.58 3.58 3.62 3.62 2.57 2.43 2.41 2.41 2.43 2.40 2.36 2.33 2.30 2.26 2.24 2.20 2.18 2.16 2.13 2.11 2.08 2.06 2.04 2.01 1.99 1.97 1.95 1.93 1.91 1.89 1.88 1.86 1.84 1.81 1.80 1.78 1.78 1.76 1.74 1.73 1.71 1.70 1.68 1.67 1.66 1.64 1.63 1.62 1.60 1.60 1.58 1.57 1.56 1.56 1.55 1.54 1.53 1.52 1.51 1.50 1.44 1.42 1.41 1.40 1.39 1.39 1.42 1.45 7.46 7.51 7.56 5.28 5.30 5.33 4.34 4.32 4.30 4.28 4.24 4.24 4.21 4.18 4.15 4.13 4.14 4.19 4.27 4.33 4.41 4.47 4.56 4.63 4.71 4.86 4.39 4.30 4.40 4.49 5.88 5.87 5.86 5.90 6.83 6.83 6.81 6.80 6.79 6.77 6.77 6.77 6.75 6.75 6.83 6.82 6.82 6.81 6.80 6.61 5.36 5.35 9.050934 -0.954112 -0.743265 9.080385 -0.981180 -0.743265 1298.160696 magnum 86.661333
ODOM 9.118996 -1.016668 -0.741731 0.492000 0.000101 0.000000 1298.279530 magnum 86.763075
ODOM 9.155973 -1.050549 -0.740197 0.502000 -0.000011 0.000000 1298.392445 magnum 86.872551
FLASER 360 6.93 6.95 6.93 5.99 5.74 1.45 1.46 1.45 1.47 1.48 6.92 6.94 7.01 7.01 7.00 1.81 1.78 1.73 1.74 1.74 1.73 1.74 1.74 4.30 1.92 1.72 1.76 4.38 4.31 4.31 4.32 4.33 1.98 1.89 1.82 1.75 1.76 1.76 1.76 1.76 1.77 1.77 1.76 1.73 1.58 1.51 1.52 1.52 1.53 1.54 1.54 1.55 1.56 1.56 1.55 1.51 1.51 1.52 1.53 1.59 1.60 1.62 1.62 1.64 1.65 1.64 1.65 1.67 1.67 1.68 1.70 1.71 1.71 1.73 1.73 1.74 1.75 1.77 1.78 1.79 1.80 1.80 1.82 1.83 1.85 1.86 1.88 1.88 1.90 1.92 1.93 1.94 1.95 1.97 1.99 2.00 2.02 2.04 2.06 2.07 2.09 2.11 2.13 2.15 2.18 2.20 2.22 2.24 2.26 2.29 2.31 2.33 2.36 2.39 2.41 2.45 2.44 2.42 2.43 2.44 6.03 5.95 5.93 5.88 5.87 5.34 81.91 81.91 5.73 5.69 5.69 5.66 5.63 3.58 3.57 81.91 81.91 3.77 3.80 3.94 3.71 3.65 3.64 3.68 3.70 3.68 3.67 3.66 3.71 3.81 3.93 5.24 5.12 4.97 5.06 5.11 5.17 5.15 5.15 5.14 5.27 5.50 5.60 5.83 6.08 6.38 6.53 7.04 7.19 7.74 8.09 8.81 9.16 9.16 9.41 9.40 9.38 9.37 9.38 9.37 9.37 9.36 9.36 9.36 9.37 9.35 9.36 9.35 9.38 9.36 9.36 9.35 9.38 9.36 9.37 9.37 9.38 9.41 9.52 9.51 9.45 9.44 9.06 8.89 8.04 8.05 9.53 6.66 6.56 6.53 6.49 6.16 5.91 5.27 5.28 5.34 5.48 5.48 3.88 3.68 3.60 3.60 3.62 3.62 3.64 3.59 3.57 3.58 3.62 3.63 3.56 3.48 3.39 3.36 3.37 3.39 3.42 3.43 3.44 3.44 3.47 3.48 3.50 3.51 3.54 3.54 2.69 2.37 2.32 2.33 2.33 2.33 2.29 2.26 2.23 2.20 2.18 2.16 2.13 2.11 2.09 2.06 2.04 2.01 1.99 1.98 1.95 1.92 1.91 1.89 1.87 1.86 1.84 1.82 1.81 1.79 1.78 1.76 1.74 1.72 1.71 1.70 1.69 1.67 1.66 1.65 1.64 1.62 1.61 1.61 1.59 1.58 1.57 1.56 1.55 1.55 1.54 1.53 1.52 1.51 1.49 1.48 1.48 1.48 1.46 1.45 1.44 1.43 1.37 1.36 1.36 1.35 1.35 1.34 1.38 1.43 7.04 4.28 4.27 4.24 4.22 4.21 4.19 4.17 4.14 4.11 4.09 4.14 4.22 4.28 4.36 4.43 4.52 4.58 4.67 4.81 5.99 4.28 4.35 4.46 5.84 5.84 5.86 5.93 6.81 6.82 6.79 6.78 6.79 6.78 6.75 6.76 6.76 6.82 6.82 6.82 6.80 6.80 6.80 6.39 9.120915 -1.018497 -0.740427 9.150442 -1.045481 -0.740427 1298.370116 magnum 86.872708
ODOM 9.192650 -1.084051 -0.740197 0.501500 0.000017 0.000000 1298.512799 magnum 86.997813
ODOM 9.230385 -1.118521 -0.738663 0.498000 -0.000123 0.000000 1298.632540 magnum 87.112873
FLASER 360 5.93 5.73 5.73 5.73 1.48 1.46 1.46 1.46 1.47 1.66 1.70 1.71 1.70 1.71 1.72 4.26 4.26 1.71 1.73 4.29 4.29 4.28 4.29 4.32 4.34 4.28 4.30 1.73 1.73 1.74 1.74 1.73 1.73 1.74 1.74 1.65 1.54 1.48 1.48 1.49 1.49 1.50 1.50 1.51 1.52 1.52 1.51 1.46 1.46 1.47 1.47 1.52 1.55 1.57 1.58 1.58 1.59 1.59 1.60 1.61 1.61 1.61 1.62 1.63 1.64 1.65 1.66 1.67 1.67 1.68 1.69 1.71 1.71 1.72 1.73 1.74 1.76 1.76 1.78 1.79 1.80 1.81 1.82 1.83 1.85 1.86 1.87 1.88 1.90 1.91 1.93 1.94 1.95 1.97 1.99 2.00 2.02 2.04 2.06 2.08 2.09 2.12 2.14 2.16 2.18 2.20 2.23 2.25 2.27 2.29 2.31 2.34 2.35 2.33 2.33 2.35 2.36 81.91 5.91 5.86 5.84 5.80 5.77 5.31 5.21 81.91 81.91 5.62 5.59 5.56 5.54 3.48 3.46 81.91 81.91 3.66 3.69 3.74 3.62 3.55 3.54 3.57 3.60 3.59 3.59 3.56 3.58 3.65 3.76 4.39 5.14 4.90 4.89 4.97 4.99 5.04 5.03 5.01 5.03 5.20 5.39 5.50 5.72 5.98 6.24 6.42 6.88 7.07 7.49 7.96 8.41 9.04 9.05 9.18 9.31 9.27 9.29 9.27 9.27 9.26 9.27 9.25 9.24 9.24 9.26 9.24 9.24 9.25 9.26 9.25 9.24 9.25 9.26 9.25 9.26 9.26 9.29 9.35 9.42 9.38 9.36 9.29 8.87 8.09 7.92 7.90 9.44 6.51 6.44 6.43 6.34 6.03 5.76 5.17 5.18 5.23 5.37 5.38 3.85 3.64 3.52 3.49 3.52 3.52 3.54 3.54 3.49 3.48 3.50 3.52 3.52 3.45 3.39 3.29 3.27 3.27 3.30 3.32 3.33 3.34 3.37 3.37 3.39 3.40 3.43 3.44 3.46 3.46 3.07 2.30 2.25 2.23 2.25 2.25 2.23 2.21 2.18 2.15 2.13 2.09 2.07 2.06 2.03 2.00 1.99 1.97 1.94 1.93 1.91 1.88 1.87 1.86 1.84 1.82 1.80 1.79 1.78 1.76 1.75 1.73 1.71 1.70 1.70 1.68 1.66 1.65 1.64 1.63 1.62 1.60 1.59 1.58 1.57 1.57 1.56 1.55 1.53 1.53 1.51 1.51 1.50 1.49 1.49 1.48 1.47 1.46 1.44 1.44 1.43 1.43 1.41 1.41 1.40 1.40 1.40 1.38 1.32 1.31 1.31 1.30 1.30 1.31 1.35 1.37 4.15 4.13 4.11 4.09 4.05 4.09 4.18 4.25 4.33 4.41 4.49 4.57 4.67 4.80 5.90 4.29 4.33 4.41 5.83 5.84 5.88 6.77 6.80 6.80 6.76 6.75 6.77 6.76 6.74 6.73 6.83 6.82 6.81 6.80 6.80 6.80 9.186098 -1.078118 -0.739262 9.215657 -1.105067 -0.739262 1298.580600 magnum 87.113023
ODOM 9.267113 -1.151966 -0.737129 0.503500 -0.000039 0.000000 1298.753521 magnum 87.233082
ODOM 9.340966 -1.219013 -0.737129 0.491000 -0.000022 0.000000 1298.872907 magnum 87.352813
FLASER 360 5.73 1.71 1.71 1.69 1.62 1.46 1.45 1.46 1.45 1.67 1.69 1.75 2.02 4.26 4.26 4.26 4.26 4.26 4.26 1.72 1.70 1.72 1.72 1.72 1.72 1.72 1.72 1.51 1.47 1.45 1.45 1.46 1.46 1.47 1.47 1.47 1.48 1.47 1.47 1.43 1.43 1.44 1.45 1.48 1.50 1.52 1.52 1.53 1.54 1.54 1.55 1.55 1.56 1.57 1.57 1.58 1.58 1.60 1.59 1.60 1.61 1.61 1.62 1.63 1.64 1.65 1.65 1.66 1.67 1.69 1.70 1.71 1.71 1.72 1.73 1.74 1.75 1.77 1.78 1.79 1.80 1.81 1.81 1.83 1.84 1.86 1.88 1.88 1.90 1.91 1.93 1.95 1.95 1.97 1.99 2.01 2.02 2.04 2.06 2.07 2.10 2.11 2.14 2.15 2.18 2.20 2.22 2.24 2.26 2.26 2.25 2.25 2.27 2.29 81.91 81.91 5.84 5.78 5.76 5.73 5.69 5.41 5.14 81.91 81.91 5.53 5.51 5.48 5.46 3.39 3.36 81.91 81.91 3.57 3.60 3.64 3.60 3.47 3.45 3.44 3.51 3.50 3.50 3.46 3.47 3.50 3.59 3.70 4.44 5.01 4.81 4.77 4.87 4.89 4.94 4.92 4.92 4.91 5.04 5.26 5.38 5.55 5.80 6.06 6.30 6.64 6.94 7.22 7.69 7.91 8.73 8.92 8.95 9.25 9.17 9.17 9.17 9.16 9.17 9.16 9.15 9.13 9.14 9.14 9.13 9.13 9.16 9.14 9.14 9.14 9.16 9.14 9.14 9.16 9.17 9.16 9.18 9.30 9.31 9.26 9.25 9.06 8.74 7.94 7.82 7.80 9.32 6.44 6.34 6.33 6.27 5.98 5.73 5.06 5.06 5.11 5.25 5.27 5.30 3.68 3.50 3.42 3.41 3.41 3.43 3.43 3.45 3.38 3.39 3.38 3.43 3.43 3.36 3.30 3.22 3.17 3.18 3.19 3.22 3.24 3.25 3.25 3.28 3.29 3.31 3.33 3.34 3.36 3.38 3.33 2.97 3.05 2.23 2.16 2.15 2.16 2.17 2.15 2.12 2.10 2.07 2.06 2.03 2.00 1.99 1.97 1.94 1.93 1.91 1.88 1.87 1.85 1.84 1.81 1.80 1.79 1.78 1.77 1.75 1.73 1.71 1.70 1.69 1.68 1.67 1.65 1.65 1.64 1.62 1.61 1.60 1.59 1.59 1.57 1.57 1.56 1.55 1.54 1.52 1.51 1.50 1.49 1.49 1.49 1.47 1.46 1.46 1.45 1.44 1.43 1.43 1.41 1.41 1.41 1.41 1.40 1.39 1.39 1.39 1.38 1.37 1.36 1.36 1.35 1.30 1.27 1.28 1.27 1.27 1.26 1.30 1.32 4.12 4.19 4.28 4.34 4.44 4.51 4.61 4.74 5.85 4.26 4.27 4.35 4.48 5.84 5.90 6.80 6.76 6.76 6.76 6.75 6.74 6.74 6.73 6.73 6.82 6.81 6.80 6.80 9.263645 -1.148818 -0.737129 9.293261 -1.175704 -0.737129 1298.790266 magnum 87.352967
ODOM 9.378042 -1.252672 -0.738663 0.511000 -0.000078 0.000000 1298.993393 magnum 87.473234
ODOM 9.415830 -1.287084 -0.740197 0.514000 -0.000078 0.000000 1299.111726 magnum 87.602882
FLASER 360 6.91 1.67 1.67 1.69 1.53 1.50 1.45 1.49 1.45 4.24 4.24 1.77 1.74 1.70 1.70 1.70 1.70 1.68 1.70 1.45 1.44 1.45 1.44 1.44 1.44 1.44 1.44 1.45 1.45 1.45 1.43 1.40 1.40 1.41 1.41 1.45 1.47 1.48 1.49 1.50 1.50 1.50 1.51 1.50 1.51 1.51 1.52 1.53 1.53 1.54 1.55 1.55 1.56 1.57 1.57 1.58 1.58 1.59 1.60 1.60 1.60 1.61 1.62 1.63 1.64 1.65 1.65 1.66 1.67 1.68 1.69 1.70 1.71 1.72 1.73 1.74 1.75 1.76 1.78 1.78 1.80 1.81 1.82 1.83 1.84 1.85 1.86 1.88 1.89 1.90 1.92 1.94 1.95 1.96 1.98 2.00 2.01 2.03 2.06 2.07 2.09 2.11 2.13 2.14 2.16 2.17 2.18 2.16 2.16 2.20 2.19 81.91 81.91 81.91 5.76 5.73 5.70 5.66 5.63 5.59 5.16 5.02 81.91 81.91 5.44 5.42 5.39 3.30 3.29 3.24 81.91 81.91 3.47 3.49 3.56 3.40 3.36 3.34 3.38 3.40 3.39 3.39 3.38 3.37 3.43 3.51 3.62 4.50 4.93 4.73 4.68 4.76 4.77 4.84 4.84 4.82 4.82 4.88 5.06 5.25 5.34 5.57 5.81 6.10 6.39 6.68 6.87 7.28 7.74 8.27 8.76 8.83 8.91 9.13 9.08 9.06 9.07 9.06 9.05 9.05 9.06 9.03 9.03 9.03 9.04 9.02 9.05 9.04 9.04 9.04 9.05 9.05 9.05 9.06 9.06 9.06 9.08 9.19 9.21 9.16 9.14 9.06 8.65 8.00 7.72 7.71 9.22 6.39 6.25 6.24 6.20 5.97 5.72 5.16 4.95 4.96 5.02 5.17 5.19 5.20 3.58 3.40 3.33 3.30 3.32 3.32 3.34 3.34 3.31 3.28 3.29 3.32 3.34 3.29 3.22 3.15 3.09 3.08 3.10 3.11 3.13 3.14 3.16 3.17 3.19 3.20 3.22 3.24 3.26 3.27 3.30 3.30 2.94 2.95 3.37 2.17 2.08 2.06 2.08 2.08 2.08 2.06 2.03 2.00 1.99 1.97 1.94 1.93 1.91 1.89 1.88 1.87 1.83 1.82 1.81 1.80 1.78 1.76 1.75 1.73 1.72 1.70 1.70 1.69 1.67 1.67 1.64 1.63 1.62 1.61 1.59 1.58 1.59 1.58 1.57 1.56 1.55 1.55 1.53 1.52 1.51 1.50 1.50 1.49 1.48 1.46 1.46 1.45 1.45 1.44 1.43 1.43 1.41 1.41 1.41 1.41 1.40 1.39 1.39 1.38 1.37 1.37 1.36 1.36 1.35 1.36 1.36 1.34 1.34 1.34 1.33 1.33 1.31 1.28 1.25 1.25 1.24 1.24 1.24 1.24 4.56 4.65 5.80 5.85 4.24 4.25 4.41 5.86 5.90 6.76 6.77 6.76 6.75 6.74 6.73 6.73 6.73 6.82 6.81 6.80 9.355491 -1.232121 -0.738948 9.385058 -1.259061 -0.738948 1299.010271 magnum 87.603038
ODOM 9.452506 -1.320586 -0.743265 0.487000 -0.000246 0.000000 1299.226528 magnum 87.715328
FLASER 360 2.14 2.09 1.84 1.78 1.72 1.47 1.46 1.44 1.55 1.65 1.65 1.43 1.43 1.43 1.43 1.42 1.42 1.42 1.43 1.44 1.44 1.40 1.39 1.38 1.38 1.38 1.38 1.44 1.45 1.45 1.46 1.47 1.47 1.47 1.47 1.47 1.48 1.48 1.49 1.49 1.49 1.50 1.51 1.50 1.50 1.51 1.52 1.52 1.53 1.53 1.54 1.55 1.55 1.56 1.57 1.57 1.58 1.58 1.59 1.60 1.60 1.60 1.62 1.62 1.62 1.63 1.64 1.65 1.66 1.67 1.69 1.70 1.71 1.72 1.73 1.73 1.74 1.75 1.76 1.78 1.78 1.80 1.82 1.81 1.82 1.84 1.85 1.88 1.89 1.89 1.91 1.93 1.95 1.95 1.97 1.99 2.01 2.02 2.04 2.06 2.07 2.10 2.11 2.08 2.08 2.09 2.16 3.60 3.61 81.91 81.91 81.91 81.91 5.68 5.65 5.60 5.58 5.54 5.51 5.04 4.92 81.91 81.91 5.34 5.33 5.29 3.19 3.16 81.91 81.91 81.91 3.41 3.41 3.46 3.29 3.25 3.24 3.29 3.31 3.30 3.29 3.26 3.27 3.33 3.40 3.52 4.05 4.82 4.81 4.58 4.58 4.67 4.69 4.73 4.72 4.71 4.71 4.82 4.99 5.17 5.27 5.50 5.74 6.00 6.30 6.58 6.76 7.15 7.58 8.11 8.62 8.72 8.78 9.02 8.96 8.97 8.96 8.93 8.95 8.93 8.92 8.92 8.93 8.91 8.92 8.92 8.92 8.91 8.93 8.92 8.91 8.92 8.93 8.92 8.95 8.95 8.95 8.99 9.10 9.08 9.04 9.02 8.64 8.48 7.64 7.59 7.59 9.10 6.25 6.13 6.13 6.09 5.81 5.60 5.00 4.84 4.86 4.91 5.06 5.06 5.10 3.58 3.35 3.26 3.22 3.21 3.23 3.23 3.23 3.24 3.20 3.18 3.20 3.22 3.24 3.19 3.13 3.07 3.00 2.98 3.00 3.01 3.03 3.04 3.06 3.08 3.10 3.10 3.12 3.13 3.16 3.17 3.19 3.20 3.09 2.83 2.88 3.29 2.04 2.09 2.00 1.97 1.99 1.99 2.00 1.98 1.95 1.94 1.91 1.89 1.88 1.87 1.85 1.83 1.82 1.80 1.79 1.77 1.75 1.75 1.73 1.72 1.70 1.69 1.69 1.67 1.65 1.64 1.63 1.62 1.61 1.60 1.59 1.58 1.57 1.56 1.55 1.54 1.54 1.53 1.51 1.51 1.50 1.50 1.49 1.48 1.47 1.46 1.45 1.44 1.44 1.43 1.43 1.43 1.41 1.42 1.41 1.40 1.40 1.39 1.38 1.38 1.37 1.37 1.36 1.36 1.36 1.36 1.34 1.34 1.34 1.34 1.33 1.32 1.33 1.31 1.32 1.32 1.31 1.30 1.30 1.30 1.29 1.27 1.23 1.23 1.22 1.22 1.22 1.22 5.93 6.25 6.77 6.76 6.73 6.74 6.73 6.73 6.72 6.78 9.422503 -1.293015 -0.743219 9.451954 -1.320081 -0.743219 1299.220242 magnum 87.715487
ODOM 9.489492 -1.354579 -0.744799 0.513000 0.000000 0.000000 1299.353475 magnum 87.833443
ODOM 9.563239 -1.422568 -0.744799 0.494500 -0.000062 0.000000 1299.474079 magnum 87.954094
FLASER 360 1.69 1.67 1.66 1.42 1.41 1.41 1.41 1.42 1.42 1.42 1.42 1.42 1.42 1.37 1.37 1.37 1.37 1.38 1.39 1.44 1.44 1.44 1.43 1.44 1.44 1.44 1.44 1.45 1.45 1.45 1.46 1.46 1.46 1.46 1.46 1.47 1.48 1.48 1.48 1.49 1.49 1.49 1.50 1.50 1.51 1.51 1.51 1.52 1.52 1.53 1.54 1.55 1.55 1.55 1.56 1.57 1.57 1.58 1.58 1.59 1.60 1.60 1.61 1.61 1.62 1.63 1.64 1.65 1.66 1.66 1.68 1.69 1.70 1.71 1.72 1.73 1.73 1.74 1.76 1.77 1.77 1.79 1.80 1.82 1.81 1.83 1.84 1.86 1.87 1.89 1.90 1.91 1.93 1.95 1.95 1.98 1.99 2.01 2.03 2.00 1.99 1.99 2.02 2.01 3.78 3.52 3.52 81.91 81.91 81.91 81.91 5.63 5.59 5.54 5.52 5.48 5.45 5.42 4.95 81.91 81.91 81.91 5.27 5.23 3.11 3.08 3.06 81.91 81.91 3.29 3.31 3.32 3.30 3.17 3.16 3.14 3.20 3.20 3.19 3.17 3.17 3.16 3.23 3.30 3.42 3.91 4.72 4.71 4.55 4.46 4.56 4.56 4.63 4.62 4.62 4.59 4.63 4.77 4.95 5.05 5.24 5.45 5.66 5.92 6.03 6.48 6.66 7.05 7.46 7.61 8.47 8.61 8.66 8.91 8.86 8.84 8.84 8.83 8.84 8.81 8.83 8.82 8.81 8.80 8.81 8.79 8.81 8.82 8.81 8.81 8.82 8.80 8.82 8.82 8.82 8.83 8.83 8.85 8.99 8.99 8.95 8.91 8.82 8.44 8.34 7.49 7.53 8.99 6.27 6.07 6.03 6.02 5.91 5.67 5.46 4.88 4.75 4.76 4.81 4.94 4.96 4.97 4.18 3.36 3.21 3.14 3.10 3.11 3.12 3.13 3.15 3.15 3.10 3.08 3.10 3.12 3.16 3.09 3.04 2.99 2.93 2.89 2.90 2.91 2.93 2.96 2.97 2.98 3.01 3.02 3.04 3.05 3.06 3.08 3.10 3.11 3.13 3.08 2.72 2.77 3.21 3.24 3.26 2.02 1.92 1.90 1.91 1.92 1.93 1.91 1.89 1.88 1.86 1.84 1.82 1.80 1.80 1.78 1.77 1.76 1.74 1.73 1.72 1.70 1.69 1.68 1.66 1.65 1.64 1.62 1.62 1.61 1.60 1.58 1.58 1.57 1.56 1.56 1.54 1.53 1.52 1.51 1.50 1.50 1.49 1.49 1.48 1.47 1.46 1.45 1.44 1.44 1.43 1.43 1.42 1.42 1.42 1.41 1.40 1.40 1.39 1.39 1.37 1.37 1.37 1.37 1.36 1.36 1.36 1.36 1.35 1.34 1.34 1.34 1.33 1.33 1.32 1.32 1.32 1.32 1.31 1.31 1.31 1.30 1.30 1.29 1.30 1.29 1.29 1.29 1.29 1.28 1.29 1.28 1.21 1.21 1.21 1.21 1.22 1.21 9.516666 -1.379631 -0.744799 9.546075 -1.406744 -0.744799 1299.440624 magnum 87.954261
ODOM 9.600172 -1.456618 -0.744799 0.508000 0.000011 0.000000 1299.593373 magnum 88.074492
ODOM 9.637045 -1.490613 -0.744799 0.499000 -0.000045 0.000000 1299.712519 magnum 88.194470
FLASER 360 1.41 1.41 1.41 1.37 1.37 1.36 1.36 1.36 1.36 1.42 1.41 1.41 1.42 1.43 1.43 1.43 1.43 1.43 1.43 1.43 1.43 1.44 1.44 1.44 1.44 1.44 1.44 1.44 1.44 1.45 1.45 1.45 1.46 1.45 1.46 1.47 1.47 1.47 1.48 1.48 1.48 1.49 1.50 1.51 1.51 1.51 1.51 1.51 1.51 1.52 1.53 1.53 1.54 1.54 1.55 1.57 1.57 1.58 1.59 1.59 1.60 1.60 1.60 1.61 1.62 1.62 1.64 1.64 1.65 1.66 1.67 1.68 1.70 1.70 1.72 1.72 1.73 1.74 1.75 1.76 1.77 1.78 1.79 1.81 1.81 1.82 1.84 1.85 1.87 1.88 1.89 1.91 1.92 1.94 1.94 1.92 1.92 1.93 1.94 5.18 3.61 3.60 3.50 3.43 3.47 81.91 81.91 81.91 81.91 5.55 5.52 5.48 5.44 5.40 5.38 5.34 4.90 4.74 81.91 81.91 81.91 5.15 3.00 2.97 3.03 81.91 81.91 3.19 3.22 3.21 3.21 3.08 3.06 3.05 3.09 3.11 3.10 3.08 3.07 3.06 3.11 3.16 3.25 3.42 3.88 4.61 4.61 4.39 4.37 4.45 4.46 4.52 4.52 4.51 4.50 4.51 4.64 4.82 4.94 5.06 5.30 5.51 5.73 5.90 6.26 6.52 6.75 7.19 7.47 8.13 8.51 8.50 8.64 8.77 8.75 8.74 8.74 8.73 8.72 8.72 8.72 8.70 8.70 8.70 8.70 8.70 8.71 8.70 8.71 8.69 8.71 8.72 8.72 8.71 8.73 8.72 8.74 8.77 8.88 8.88 8.83 8.82 8.65 8.32 8.23 7.39 7.43 8.89 6.18 6.00 5.92 5.92 5.87 5.62 5.40 5.22 4.66 4.64 4.68 4.78 4.86 4.86 4.89 3.98 3.25 3.13 3.05 3.01 3.01 3.02 3.04 3.04 3.06 3.03 3.00 3.01 3.03 3.05 3.03 2.98 2.93 2.87 2.82 2.80 2.82 2.82 2.84 2.86 2.89 2.90 2.92 2.92 2.95 2.96 2.98 2.98 3.02 3.02 3.05 3.06 2.75 2.64 2.81 3.15 3.17 3.19 3.23 1.95 1.84 1.83 1.83 1.84 1.85 1.84 1.82 1.80 1.80 1.79 1.76 1.76 1.73 1.73 1.72 1.71 1.69 1.68 1.67 1.65 1.64 1.62 1.62 1.60 1.59 1.59 1.59 1.58 1.57 1.56 1.55 1.53 1.53 1.52 1.51 1.50 1.50 1.49 1.48 1.47 1.46 1.45 1.45 1.44 1.43 1.43 1.43 1.43 1.42 1.41 1.40 1.40 1.40 1.39 1.38 1.38 1.37 1.37 1.36 1.36 1.36 1.36 1.36 1.34 1.34 1.34 1.34 1.34 1.33 1.33 1.32 1.32 1.32 1.31 1.31 1.31 1.30 1.30 1.30 1.30 1.29 1.29 1.29 1.29 1.29 1.28 1.28 1.28 1.28 1.28 1.28 1.28 9.589985 -1.447226 -0.744799 9.619394 -1.474339 -0.744799 1299.650308 magnum 88.194741
ODOM 9.673215 -1.523959 -0.740197 0.493000 0.000000 0.000000 1299.833365 magnum 88.313524
ODOM 9.710245 -1.557783 -0.738663 0.496500 0.000039 0.000000 1299.953820 magnum 88.435647
FLASER 360 1.40 1.41 1.42 1.41 1.40 1.40 1.41 1.41 1.41 1.41 1.42 1.42 1.42 1.42 1.42 1.42 1.42 1.43 1.43 1.43 1.43 1.43 1.44 1.44 1.44 1.44 1.44 1.44 1.44 1.44 1.44 1.45 1.45 1.46 1.46 1.46 1.46 1.47 1.47 1.47 1.48 1.48 1.48 1.50 1.50 1.50 1.51 1.51 1.51 1.52 1.52 1.52 1.54 1.55 1.54 1.55 1.56 1.57 1.58 1.59 1.59 1.60 1.60 1.60 1.61 1.63 1.63 1.64 1.65 1.66 1.66 1.68 1.69 1.70 1.71 1.72 1.73 1.74 1.74 1.76 1.76 1.78 1.79 1.80 1.81 1.82 1.84 1.85 1.86 1.86 1.85 1.83 1.83 1.85 1.86 5.00 5.04 3.55 3.53 3.44 3.35 3.39 3.44 81.91 81.91 81.91 81.91 5.46 5.44 5.40 5.37 5.32 5.31 5.26 5.07 4.66 81.91 81.91 81.91 5.09 2.93 2.87 81.91 81.91 81.91 3.11 3.11 3.11 3.11 2.97 2.96 2.94 3.00 3.01 3.01 2.99 2.97 2.96 2.99 3.06 3.12 3.25 3.68 4.53 4.52 4.49 4.29 4.27 4.36 4.37 4.43 4.41 4.41 4.39 4.42 4.56 4.70 4.83 4.92 5.18 5.36 5.59 5.84 6.12 6.36 6.54 6.89 7.37 7.82 8.30 8.41 8.46 8.72 8.63 8.64 8.62 8.63 8.61 8.61 8.60 8.60 8.60 8.60 8.59 8.60 8.59 8.60 8.60 8.60 8.60 8.61 8.60 8.62 8.61 8.62 8.63 8.63 8.69 8.77 8.76 8.72 8.72 8.41 8.18 7.81 7.30 7.34 8.80 8.79 5.91 5.83 5.80 5.78 5.54 5.35 5.16 4.61 4.54 4.56 4.62 4.76 4.77 4.78 4.79 3.80 3.16 3.04 2.96 2.92 2.91 2.93 2.93 2.95 2.95 2.95 2.90 2.90 2.91 2.96 2.96 2.92 2.87 2.82 2.77 2.74 2.70 2.73 2.74 2.76 2.78 2.80 2.81 2.83 2.84 2.86 2.87 2.89 2.91 2.94 2.95 2.97 2.98 2.94 2.59 2.62 3.07 3.10 3.11 3.15 3.17 3.19 1.91 1.79 1.76 1.75 1.76 1.78 1.78 1.77 1.76 1.74 1.72 1.72 1.71 1.70 1.68 1.67 1.65 1.64 1.63 1.62 1.61 1.60 1.59 1.59 1.58 1.57 1.55 1.55 1.54 1.53 1.52 1.51 1.51 1.50 1.50 1.48 1.48 1.47 1.46 1.45 1.45 1.44 1.43 1.43 1.43 1.42 1.41 1.40 1.40 1.40 1.40 1.38 1.39 1.38 1.37 1.37 1.37 1.36 1.36 1.36 1.35 1.35 1.35 1.34 1.34 1.34 1.33 1.33 1.33 1.33 1.32 1.31 1.31 1.31 1.31 1.31 1.31 1.31 1.30 1.30 1.30 1.29 1.29 1.29 1.29 1.29 1.29 1.28 1.28 9.653696 -1.506151 -0.739782 9.683241 -1.533116 -0.739782 1299.860950 magnum 88.435994
ODOM 9.784703 -1.625588 -0.737129 0.498500 0.000028 0.000000 1300.080249 magnum 88.564104
FLASER 360 1.41 1.41 1.41 1.40 1.40 1.38 1.39 1.41 1.41 1.41 1.42 1.41 1.41 1.42 1.42 1.41 1.42 1.42 1.43 1.43 1.43 1.44 1.43 1.44 1.43 1.44 1.43 1.44 1.44 1.44 1.44 1.44 1.44 1.45 1.45 1.46 1.46 1.46 1.46 1.47 1.47 1.48 1.49 1.50 1.50 1.51 1.50 1.51 1.51 1.52 1.52 1.53 1.54 1.54 1.55 1.56 1.57 1.56 1.57 1.59 1.60 1.60 1.60 1.60 1.61 1.62 1.63 1.64 1.65 1.66 1.67 1.68 1.69 1.70 1.70 1.72 1.72 1.72 1.74 1.75 1.77 1.78 1.79 1.79 1.79 1.76 1.76 1.78 1.79 5.22 5.03 4.96 4.94 4.94 4.97 3.44 3.40 3.27 3.31 81.91 81.91 81.91 81.91 81.91 5.44 5.38 5.36 5.31 5.28 5.24 5.22 5.16 4.81 4.57 81.91 81.91 81.91 2.80 2.79 81.91 81.91 81.91 81.91 3.03 3.03 2.96 2.93 2.87 2.87 2.86 2.93 2.91 2.90 2.88 2.88 2.87 2.91 2.96 3.02 3.15 3.56 4.39 4.44 4.42 4.25 4.16 4.21 4.26 4.29 4.33 4.31 4.29 4.30 4.37 4.49 4.65 4.75 4.87 5.09 5.30 5.48 5.77 5.98 6.26 6.37 6.76 7.18 7.69 8.08 8.29 8.30 8.61 8.54 8.52 8.53 8.52 8.52 8.51 8.50 8.50 8.49 8.49 8.50 8.48 8.50 8.49 8.50 8.49 8.50 8.51 8.51 8.50 8.52 8.51 8.53 8.52 8.54 8.67 8.67 8.63 8.61 8.58 8.22 8.06 7.27 7.17 7.19 8.69 5.97 5.78 5.73 5.71 5.66 5.43 5.24 5.08 4.57 4.44 4.46 4.50 4.65 4.66 4.68 4.69 4.70 3.58 3.07 2.93 2.87 2.82 2.82 2.83 2.84 2.85 2.87 2.87 2.82 2.81 2.82 2.84 2.88 2.85 2.81 2.76 2.71 2.66 2.63 2.63 2.64 2.65 2.69 2.68 2.72 2.72 2.74 2.76 2.78 2.79 2.82 2.82 2.85 2.86 2.89 2.90 2.93 2.70 2.48 2.61 3.02 3.03 3.07 3.09 3.12 3.14 3.17 3.18 1.75 1.70 1.69 1.68 1.71 1.71 1.72 1.71 1.69 1.67 1.66 1.65 1.64 1.63 1.62 1.61 1.59 1.59 1.58 1.57 1.57 1.55 1.54 1.53 1.53 1.52 1.51 1.50 1.50 1.49 1.48 1.47 1.47 1.46 1.45 1.45 1.44 1.43 1.42 1.43 1.42 1.41 1.41 1.40 1.40 1.40 1.39 1.39 1.39 1.37 1.37 1.37 1.36 1.36 1.36 1.36 1.35 1.35 1.34 1.34 1.34 1.34 1.33 1.32 1.32 1.32 1.32 1.32 1.32 1.31 1.31 1.31 1.31 1.31 1.30 1.30 1.30 1.30 1.29 1.29 1.29 1.29 1.29 1.29 9.752042 -1.595926 -0.737192 9.781657 -1.622814 -0.737192 1300.070234 magnum 88.564343
ODOM 9.821778 -1.659246 -0.735595 0.512500 0.000006 0.000000 1300.193204 magnum 88.672832
ODOM 9.858608 -1.692579 -0.740197 0.501000 -0.000034 0.000000 1300.299985 magnum 88.797923
FLASER 360 1.40 1.41 1.41 1.40 1.39 1.41 1.40 1.41 1.42 1.41 1.41 1.41 1.41 1.41 1.42 1.42 1.42 1.42 1.42 1.43 1.43 1.43 1.43 1.43 1.43 1.43 1.44 1.44 1.44 1.44 1.44 1.44 1.44 1.45 1.45 1.46 1.46 1.46 1.47 1.47 1.47 1.48 1.48 1.49 1.49 1.50 1.51 1.51 1.51 1.52 1.51 1.52 1.53 1.54 1.54 1.56 1.56 1.57 1.58 1.58 1.59 1.60 1.60 1.60 1.61 1.62 1.63 1.64 1.64 1.65 1.67 1.67 1.68 1.69 1.71 1.71 1.72 1.73 1.72 1.69 1.69 1.70 1.72 1.71 5.13 5.16 5.21 5.16 4.95 4.89 4.85 4.85 3.39 3.33 3.19 3.24 3.22 3.30 81.91 81.91 81.91 5.39 5.38 5.30 5.28 5.24 5.21 5.15 5.15 5.09 4.78 4.50 81.91 81.91 2.75 2.70 2.70 81.91 81.91 81.91 2.91 2.93 2.93 2.81 2.80 2.77 2.76 2.79 2.83 2.82 2.81 2.79 2.77 2.77 2.81 2.86 2.91 3.03 3.41 3.52 4.35 4.32 4.32 4.08 4.06 4.14 4.16 4.19 4.23 4.20 4.20 4.19 4.25 4.38 4.51 4.63 4.70 4.91 5.12 5.31 5.55 5.79 6.03 6.22 6.47 6.88 7.30 7.77 8.16 8.19 8.26 8.48 8.43 8.42 8.41 8.41 8.39 8.39 8.39 8.38 8.40 8.38 8.39 8.38 8.39 8.38 8.38 8.38 8.39 8.38 8.40 8.38 8.41 8.39 8.41 8.41 8.43 8.55 8.57 8.53 8.51 8.49 8.10 7.95 7.19 7.07 7.07 8.58 8.58 5.75 5.61 5.61 5.61 5.41 5.22 5.05 4.90 4.36 4.34 4.36 4.43 4.55 4.57 4.58 4.60 4.61 3.52 3.01 2.86 2.80 2.74 2.72 2.73 2.74 2.75 2.75 2.77 2.76 2.72 2.71 2.73 2.75 2.78 2.75 2.71 2.67 2.62 2.58 2.56 2.53 2.55 2.56 2.59 2.59 2.61 2.62 2.65 2.66 2.68 2.69 2.72 2.73 2.76 2.77 2.80 2.81 2.83 2.85 2.60 2.39 2.56 2.94 2.97 3.00 3.03 3.05 3.08 3.10 3.14 3.16 3.19 1.77 1.63 1.62 1.61 1.60 1.64 1.64 1.64 1.63 1.62 1.61 1.59 1.59 1.59 1.58 1.57 1.56 1.55 1.54 1.53 1.52 1.51 1.50 1.50 1.49 1.48 1.48 1.47 1.46 1.45 1.44 1.44 1.43 1.43 1.43 1.43 1.42 1.41 1.41 1.39 1.40 1.39 1.39 1.38 1.38 1.37 1.37 1.36 1.36 1.36 1.36 1.35 1.34 1.34 1.34 1.34 1.34 1.33 1.33 1.33 1.32 1.32 1.32 1.32 1.31 1.31 1.31 1.31 1.30 1.30 1.30 1.30 1.29 1.30 1.29 1.30 1.29 1.29 1.29 9.827189 -1.663908 -0.739962 9.856729 -1.690878 -0.739962 1300.290241 magnum 88.798266
ODOM 9.895991 -1.726726 -0.741731 0.510500 -0.000017 0.000000 1300.412524 magnum 88.892962
ODOM 9.933321 -1.760931 -0.743265 0.491500 -0.000129 0.000000 1300.520349 magnum 89.001064
FLASER 360 1.41 1.41 1.40 1.40 1.40 1.40 1.39 1.40 1.40 1.40 1.41 1.41 1.41 1.41 1.41 1.41 1.41 1.42 1.42 1.42 1.42 1.42 1.43 1.43 1.43 1.44 1.44 1.44 1.44 1.44 1.44 1.44 1.44 1.44 1.44 1.45 1.45 1.46 1.46 1.46 1.47 1.47 1.47 1.49 1.49 1.50 1.50 1.51 1.51 1.51 1.52 1.52 1.53 1.54 1.53 1.55 1.56 1.56 1.57 1.58 1.58 1.59 1.60 1.60 1.60 1.61 1.62 1.63 1.63 1.64 1.65 1.66 1.66 1.63 1.62 1.63 1.64 1.65 1.65 3.32 3.34 5.02 5.04 5.09 5.12 5.14 4.95 4.83 4.78 3.31 3.30 3.12 3.12 3.15 3.23 3.27 3.28 81.91 3.33 5.35 5.34 5.27 5.23 5.18 5.15 5.11 5.07 5.03 5.01 4.48 4.40 81.91 2.64 2.61 2.65 81.91 81.91 81.91 2.83 2.84 2.83 2.73 2.71 2.67 2.66 2.68 2.73 2.72 2.71 2.69 2.69 2.67 2.69 2.73 2.79 2.84 2.96 3.33 3.42 4.24 4.23 4.21 4.03 3.96 4.00 4.06 4.06 4.13 4.12 4.10 4.08 4.09 4.21 4.33 4.48 4.54 4.68 4.85 5.04 5.24 5.48 5.70 5.96 6.12 6.37 6.77 7.19 7.64 8.03 8.09 8.14 8.39 8.31 8.30 8.30 8.30 8.29 8.29 8.28 8.29 8.28 8.27 8.28 8.26 8.28 8.27 8.28 8.27 8.29 8.28 8.29 8.29 8.30 8.30 8.30 8.30 8.32 8.37 8.46 8.45 8.39 8.39 8.24 7.92 7.83 7.01 6.98 6.96 8.47 5.77 5.60 5.51 5.51 5.48 5.29 5.10 4.95 4.80 4.29 4.24 4.26 4.29 4.45 4.46 4.48 4.49 4.50 3.64 3.35 2.91 2.77 2.72 2.66 2.63 2.64 2.64 2.65 2.65 2.67 2.68 2.65 2.63 2.64 2.63 2.68 2.68 2.65 2.61 2.58 2.53 2.50 2.46 2.45 2.45 2.46 2.47 2.52 2.52 2.55 2.56 2.58 2.58 2.62 2.63 2.65 2.66 2.69 2.70 2.73 2.75 2.78 2.79 2.43 2.31 2.46 2.88 2.92 2.94 2.97 2.99 3.03 3.05 3.09 3.11 3.15 3.17 3.19 1.60 1.59 1.57 1.55 1.55 1.57 1.58 1.59 1.58 1.57 1.56 1.55 1.54 1.53 1.52 1.52 1.51 1.50 1.50 1.49 1.49 1.47 1.46 1.46 1.45 1.44 1.44 1.43 1.43 1.43 1.42 1.42 1.41 1.40 1.40 1.39 1.39 1.39 1.39 1.38 1.38 1.37 1.37 1.36 1.35 1.35 1.35 1.35 1.34 1.34 1.34 1.34 1.34 1.33 1.33 1.32 1.32 1.32 1.32 1.32 1.32 1.31 1.31 1.30 1.30 1.30 1.30 1.30 1.30 1.30 1.29 1.29 1.30 9.898628 -1.729071 -0.743050 9.928084 -1.756133 -0.743050 1300.500608 magnum 89.001204
ODOM 9.969542 -1.794221 -0.746333 0.499500 -0.000185 0.000000 1300.633286 magnum 89.114215
ODOM 10.042954 -1.862110 -0.750935 0.495000 -0.000101 0.000000 1300.760781 magnum 89.238939
FLASER 360 1.40 1.41 1.40 1.40 1.39 1.38 1.38 1.40 1.40 1.40 1.40 1.40 1.40 1.41 1.41 1.42 1.41 1.42 1.42 1.42 1.41 1.42 1.42 1.42 1.43 1.43 1.43 1.44 1.43 1.44 1.44 1.44 1.44 1.44 1.44 1.44 1.45 1.45 1.45 1.46 1.46 1.47 1.47 1.48 1.48 1.49 1.50 1.50 1.51 1.50 1.51 1.52 1.51 1.53 1.53 1.54 1.54 1.55 1.56 1.57 1.58 1.58 1.59 1.59 1.60 1.61 1.61 1.58 1.57 1.57 1.57 1.59 1.60 4.33 4.36 5.79 3.25 3.29 3.30 4.94 4.96 4.99 5.03 5.07 4.97 4.78 4.74 3.24 3.20 3.04 3.04 3.12 3.16 3.20 3.20 3.23 3.24 5.27 5.25 5.22 5.19 5.12 5.10 5.05 5.01 4.97 4.96 4.88 4.39 81.91 2.54 2.50 81.91 81.91 81.91 81.91 2.73 2.74 2.74 2.62 2.62 2.58 2.57 2.58 2.64 2.63 2.62 2.60 2.60 2.57 2.59 2.63 2.67 2.72 2.79 3.12 3.24 3.36 4.15 4.13 4.12 3.97 3.86 3.88 3.96 3.95 4.02 4.02 4.01 3.99 3.98 4.05 4.16 4.29 4.40 4.46 4.64 4.80 4.97 5.19 5.43 5.64 5.90 6.02 6.29 6.67 7.09 7.52 7.90 7.98 8.02 8.29 8.22 8.19 8.20 8.18 8.20 8.18 8.18 8.19 8.18 8.18 8.18 8.18 8.18 8.18 8.18 8.18 8.19 8.18 8.18 8.18 8.19 8.18 8.19 8.19 8.20 8.23 8.36 8.36 8.31 8.29 8.28 7.91 7.77 7.28 6.87 6.91 8.38 8.36 5.61 5.46 5.41 5.41 5.35 5.16 5.00 4.84 4.70 4.23 4.14 4.14 4.20 4.34 4.36 4.37 4.39 4.40 4.42 3.41 3.23 2.82 2.69 2.63 2.58 2.53 2.53 2.53 2.55 2.56 2.58 2.58 2.59 2.54 2.53 2.54 2.57 2.59 2.59 2.56 2.52 2.47 2.45 2.42 2.38 2.36 2.37 2.37 2.40 2.41 2.44 2.45 2.46 2.47 2.51 2.52 2.55 2.57 2.59 2.60 2.63 2.64 2.68 2.69 2.72 2.73 2.36 2.25 2.40 2.84 2.87 2.89 2.93 2.95 2.99 3.01 3.05 3.07 3.11 3.12 3.17 3.18 3.24 3.27 1.59 1.53 1.50 1.49 1.50 1.51 1.53 1.53 1.52 1.51 1.51 1.50 1.49 1.49 1.48 1.47 1.46 1.45 1.45 1.44 1.43 1.43 1.43 1.42 1.42 1.41 1.41 1.40 1.40 1.39 1.39 1.39 1.38 1.38 1.37 1.37 1.36 1.36 1.36 1.36 1.36 1.36 1.35 1.35 1.35 1.34 1.33 1.33 1.33 1.33 1.33 1.32 1.32 1.31 1.32 1.31 1.32 1.31 1.31 1.31 1.30 1.30 1.30 1.30 1.30 1.30 9.987356 -1.810534 -0.749286 10.016643 -1.837779 -0.749286 1300.710240 magnum 89.239084
ODOM 10.079678 -1.896386 -0.752469 0.497000 0.000045 0.000000 1300.873067 magnum 89.353400
ODOM 10.116000 -1.930392 -0.754003 0.497500 -0.000062 0.000000 1300.993296 magnum 89.473235
FLASER 360 1.40 1.40 1.40 1.40 1.39 1.39 1.38 1.39 1.40 1.40 1.40 1.40 1.41 1.40 1.41 1.40 1.41 1.41 1.41 1.41 1.41 1.42 1.42 1.42 1.42 1.43 1.43 1.42 1.43 1.43 1.44 1.44 1.44 1.44 1.44 1.44 1.44 1.45 1.45 1.46 1.45 1.46 1.47 1.47 1.47 1.48 1.48 1.49 1.49 1.50 1.50 1.51 1.51 1.51 1.52 1.53 1.53 1.54 1.55 1.55 1.55 1.51 1.51 1.52 1.52 1.56 1.53 3.30 3.31 4.29 4.24 4.26 4.29 3.18 3.19 3.25 4.89 4.86 4.88 4.91 4.94 4.97 4.99 4.73 3.19 3.16 3.04 2.97 2.99 3.06 3.06 3.11 3.13 3.19 3.16 5.23 5.20 5.16 5.15 5.07 5.04 5.01 4.98 4.91 4.89 4.85 4.81 2.44 2.44 2.50 81.91 81.91 81.91 2.65 2.63 2.65 2.64 2.53 2.52 2.49 2.47 2.49 2.54 2.53 2.53 2.51 2.51 2.47 2.49 2.52 2.56 2.60 2.65 2.75 3.14 3.16 3.27 4.05 4.03 4.02 4.00 3.75 3.75 3.83 3.85 3.88 3.93 3.91 3.90 3.88 3.91 4.00 4.11 4.23 4.32 4.40 4.57 4.73 4.91 5.11 5.34 5.54 5.79 5.91 6.17 6.51 6.91 7.34 7.74 7.87 7.89 8.19 8.13 8.11 8.10 8.09 8.09 8.08 8.08 8.08 8.07 8.06 8.08 8.06 8.07 8.06 8.08 8.06 8.08 8.07 8.08 8.07 8.08 8.08 8.09 8.09 8.10 8.10 8.18 8.25 8.26 8.20 8.20 8.14 7.76 7.62 6.88 6.75 6.78 8.27 8.27 5.51 5.34 5.30 5.31 5.26 5.08 4.92 4.76 4.63 4.32 4.06 4.04 4.07 4.15 4.25 4.28 4.29 4.30 4.31 4.33 3.29 3.13 2.80 2.63 2.56 2.51 2.46 2.43 2.43 2.45 2.45 2.47 2.47 2.50 2.49 2.44 2.43 2.45 2.47 2.51 2.51 2.45 2.43 2.40 2.37 2.34 2.31 2.28 2.27 2.29 2.30 2.32 2.34 2.37 2.37 2.40 2.40 2.44 2.45 2.46 2.49 2.52 2.53 2.57 2.58 2.60 2.62 2.65 2.67 2.43 2.22 2.17 2.36 2.81 2.83 2.87 2.89 2.93 2.95 2.99 3.02 3.06 3.06 3.12 3.14 3.18 3.24 3.28 3.32 3.56 1.49 1.45 1.45 1.44 1.44 1.45 1.46 1.48 1.47 1.47 1.46 1.46 1.45 1.44 1.43 1.43 1.43 1.42 1.42 1.41 1.41 1.41 1.40 1.39 1.39 1.39 1.38 1.38 1.37 1.37 1.36 1.36 1.36 1.36 1.36 1.35 1.35 1.34 1.34 1.34 1.34 1.34 1.34 1.33 1.33 1.32 1.33 1.32 1.32 1.32 1.32 1.31 1.31 1.31 1.31 1.30 1.30 1.31 1.30 10.069337 -1.886662 -0.753265 10.098516 -1.914023 -0.753265 1300.930299 magnum 89.473382
ODOM 10.152967 -1.965108 -0.755537 0.493000 -0.000034 0.000000 1301.113068 magnum 89.592069
ODOM 10.189249 -1.999285 -0.757071 0.501500 -0.000017 0.000000 1301.233072 magnum 89.714275
FLASER 360 1.40 1.39 1.39 1.39 1.39 1.38 1.37 1.39 1.39 1.38 1.39 1.39 1.39 1.40 1.40 1.40 1.41 1.41 1.41 1.41 1.41 1.41 1.41 1.41 1.42 1.42 1.40 1.43 1.42 1.43 1.43 1.43 1.44 1.44 1.44 1.44 1.45 1.45 1.45 1.45 1.45 1.45 1.45 1.45 1.46 1.47 1.47 1.47 1.49 1.49 1.49 1.50 1.50 1.49 1.47 1.46 1.46 1.47 1.48 1.72 2.17 3.29 3.28 3.26 3.25 3.37 4.37 4.21 4.17 4.18 3.13 3.14 3.19 4.89 4.84 4.79 4.81 4.84 4.86 4.91 4.93 3.12 3.10 2.91 2.90 2.92 2.96 2.98 3.00 3.04 3.08 3.07 5.29 5.18 5.13 5.07 5.08 5.02 4.96 4.95 4.91 4.85 4.83 4.80 2.39 2.34 2.37 81.91 81.91 81.91 2.54 81.91 2.55 2.57 2.51 2.46 2.41 2.38 2.38 2.42 2.44 2.43 2.43 2.41 2.40 2.37 2.38 2.42 2.45 2.50 2.53 2.62 2.96 3.04 3.10 3.49 3.95 3.93 3.93 3.90 3.66 3.63 3.72 3.73 3.75 3.82 3.81 3.80 3.79 3.76 3.85 3.97 4.07 4.19 4.24 4.37 4.53 4.67 4.85 5.04 5.29 5.47 5.73 5.81 6.09 6.41 6.82 7.23 7.61 7.76 7.77 7.99 8.03 8.00 7.99 7.98 7.98 7.97 7.97 7.97 7.97 7.96 7.97 7.96 7.96 7.96 7.96 7.96 7.96 7.96 7.97 7.97 7.98 7.98 7.99 7.98 7.99 7.99 8.03 8.13 8.15 8.12 8.09 8.08 7.74 7.57 7.51 6.71 6.66 6.66 8.16 8.16 5.40 5.23 5.20 5.21 5.13 4.99 4.80 4.68 4.53 4.42 3.96 3.93 3.96 3.99 4.16 4.16 4.18 4.19 4.21 4.22 4.25 3.19 3.04 3.03 2.57 2.49 2.43 2.39 2.35 2.33 2.35 2.35 2.37 2.37 2.39 2.40 2.40 2.35 2.36 2.36 2.39 2.39 2.42 2.38 2.36 2.33 2.29 2.27 2.24 2.22 2.19 2.19 2.21 2.21 2.24 2.26 2.29 2.30 2.32 2.33 2.37 2.37 2.40 2.41 2.44 2.46 2.49 2.50 2.54 2.56 2.59 2.60 2.63 2.38 2.12 2.11 2.75 2.77 2.82 2.84 2.88 2.90 2.95 2.96 3.00 3.03 3.07 3.11 3.16 3.20 3.25 3.33 3.49 3.56 3.98 3.67 4.23 1.43 1.40 1.40 1.39 1.39 1.40 1.42 1.44 1.44 1.43 1.43 1.42 1.41 1.41 1.40 1.40 1.40 1.39 1.39 1.38 1.38 1.37 1.36 1.37 1.36 1.36 1.36 1.36 1.35 1.35 1.35 1.34 1.34 1.34 1.34 1.33 1.33 1.33 1.32 1.32 1.32 1.32 1.32 1.32 1.32 1.31 1.31 1.31 1.31 1.31 1.31 10.133730 -1.946963 -0.755954 10.162834 -1.974403 -0.755954 1301.140615 magnum 89.714417
ODOM 10.262337 -2.068345 -0.755537 0.499500 0.000017 0.000000 1301.365665 magnum 89.851833
FLASER 360 1.39 1.39 1.39 1.39 1.38 1.37 1.38 1.36 1.39 1.38 1.39 1.39 1.39 1.39 1.39 1.40 1.40 1.40 1.40 1.40 1.40 1.40 1.40 1.40 1.40 1.41 1.41 1.41 1.41 1.41 1.42 1.43 1.43 1.42 1.43 1.44 1.43 1.44 1.44 1.45 1.45 1.45 1.45 1.45 1.45 1.45 1.44 1.41 1.41 1.42 1.42 1.44 1.54 2.14 2.15 2.14 3.75 3.56 3.27 3.22 3.27 3.21 3.29 4.35 4.33 4.14 4.12 3.07 3.07 3.12 5.57 4.83 4.78 4.72 4.73 4.77 4.79 4.81 4.85 3.01 2.89 2.82 2.86 2.88 2.91 2.93 2.95 2.96 2.98 3.01 5.06 5.17 5.11 5.02 5.01 4.98 4.95 4.88 4.85 4.81 4.78 2.30 2.27 2.27 81.91 81.91 81.91 81.91 81.91 2.44 2.48 2.45 2.36 2.33 2.31 2.28 2.29 2.33 2.36 2.33 2.33 2.30 2.29 2.28 2.28 2.32 2.35 2.39 2.43 2.50 2.62 2.94 2.94 3.02 3.86 3.85 3.84 3.81 3.80 3.57 3.53 3.61 3.63 3.62 3.70 3.69 3.69 3.66 3.65 3.68 3.80 3.91 4.02 4.11 4.17 4.30 4.46 4.60 4.77 4.95 5.19 5.38 5.62 5.71 5.97 6.29 6.66 7.08 7.46 7.66 7.67 7.80 7.95 7.90 7.89 7.88 7.89 7.87 7.87 7.86 7.87 7.86 7.86 7.85 7.86 7.86 7.86 7.85 7.86 7.86 7.87 7.86 7.87 7.86 7.88 7.87 7.89 7.89 7.90 7.95 8.04 8.04 7.99 7.97 7.95 7.57 7.44 7.42 6.58 6.55 6.54 8.04 8.06 5.30 5.13 5.09 5.11 5.06 4.90 4.73 4.59 4.46 4.35 3.98 3.84 3.83 3.88 3.93 4.07 4.07 4.09 4.10 4.12 4.13 4.15 3.13 2.95 2.93 2.58 2.45 2.37 2.34 2.29 2.26 2.24 2.24 2.26 2.26 2.29 2.28 2.31 2.31 2.27 2.26 2.27 2.27 2.32 2.33 2.32 2.29 2.26 2.23 2.21 2.19 2.16 2.14 2.12 2.11 2.13 2.13 2.17 2.18 2.21 2.22 2.24 2.25 2.28 2.30 2.32 2.34 2.37 2.38 2.41 2.43 2.46 2.49 2.52 2.53 2.57 2.59 2.23 2.08 2.05 2.17 2.76 2.77 2.82 2.84 2.89 2.91 2.95 2.96 3.03 3.05 3.12 3.17 3.22 3.36 3.46 4.22 3.66 3.67 4.16 3.79 3.63 3.58 3.52 3.58 1.37 1.36 1.36 1.35 1.35 1.35 1.40 1.39 1.40 1.39 1.39 1.37 1.38 1.38 1.37 1.37 1.36 1.36 1.36 1.36 1.36 1.35 1.35 1.35 1.34 1.34 1.34 1.34 1.33 1.33 1.33 1.32 1.32 1.32 1.32 1.32 1.31 1.32 1.31 1.31 1.31 1.31 10.232745 -2.040468 -0.755547 10.261860 -2.067895 -0.755547 1301.360322 magnum 89.851959
ODOM 10.298903 -2.102790 -0.757071 0.512500 0.000039 0.000000 1301.493289 magnum 89.974682
ODOM 10.335825 -2.137678 -0.757071 0.500000 -0.000078 0.000000 1301.600558 magnum 90.078992
FLASER 360 1.38 1.38 1.37 1.37 1.38 1.38 1.38 1.37 1.38 1.38 1.37 1.37 1.38 1.38 1.38 1.38 1.38 1.39 1.39 1.39 1.39 1.39 1.40 1.40 1.39 1.40 1.40 1.41 1.40 1.41 1.41 1.41 1.41 1.42 1.42 1.43 1.42 1.41 1.37 1.37 1.38 1.38 1.38 1.40 1.39 2.19 2.21 2.11 2.11 2.10 2.15 4.48 4.16 3.54 3.33 3.17 3.28 3.16 3.17 3.77 4.33 4.28 4.11 3.01 3.15 3.04 3.07 5.50 5.02 4.75 4.68 4.66 4.69 4.71 4.74 2.96 2.88 2.76 2.80 2.80 2.83 2.85 2.86 2.89 2.91 2.92 2.94 4.66 4.93 5.10 5.03 4.93 4.93 4.91 4.87 4.80 4.79 2.24 2.19 2.18 81.91 81.91 81.91 81.91 81.91 81.91 2.38 2.38 2.36 2.24 2.23 2.20 2.20 2.21 2.26 2.26 2.25 2.23 2.22 2.20 2.21 2.19 2.22 2.24 2.28 2.31 2.35 2.45 2.86 2.85 2.85 2.94 3.38 3.73 3.72 3.71 3.70 3.51 3.44 3.45 3.52 3.53 3.55 3.60 3.59 3.57 3.57 3.54 3.61 3.69 3.81 3.92 4.01 4.05 4.20 4.35 4.48 4.63 4.81 5.01 5.22 5.41 5.59 5.75 6.03 6.37 6.79 7.16 7.52 7.53 7.57 7.90 7.80 7.78 7.78 7.76 7.77 7.76 7.76 7.74 7.75 7.74 7.75 7.75 7.75 7.74 7.75 7.73 7.75 7.74 7.75 7.75 7.76 7.76 7.76 7.76 7.78 7.78 7.79 7.83 7.93 7.93 7.88 7.87 7.85 7.47 7.33 7.29 6.50 6.43 6.45 7.94 7.95 5.23 5.10 4.97 4.98 4.99 4.86 4.72 4.58 4.47 4.34 4.22 3.83 3.72 3.73 3.75 3.87 3.96 3.97 3.98 4.01 4.02 4.04 4.05 4.07 2.98 2.85 2.84 2.65 2.38 2.30 2.27 2.23 2.19 2.16 2.15 2.17 2.16 2.20 2.19 2.22 2.21 2.23 2.19 2.18 2.17 2.19 2.21 2.25 2.24 2.22 2.20 2.17 2.15 2.13 2.11 2.08 2.07 2.04 2.03 2.05 2.06 2.09 2.11 2.15 2.15 2.18 2.19 2.22 2.23 2.26 2.27 2.30 2.31 2.35 2.37 2.40 2.41 2.46 2.47 2.51 2.54 2.58 2.19 1.99 2.00 2.73 2.73 2.78 2.81 2.86 2.89 2.92 2.95 3.01 3.05 3.12 3.13 3.32 3.39 4.21 3.65 3.89 4.10 3.69 3.60 3.50 3.48 3.53 3.58 3.71 3.97 5.57 5.67 1.34 1.33 1.31 1.31 1.31 1.31 1.35 1.36 1.36 1.35 1.35 1.35 1.35 1.34 1.34 1.34 1.34 1.33 1.34 1.33 1.33 1.33 1.33 1.32 1.32 1.32 1.32 1.32 1.31 1.32 1.32 1.31 1.30 1.31 10.298221 -2.102146 -0.757071 10.327295 -2.129618 -0.757071 1301.570295 magnum 90.079116
ODOM 10.372401 -2.172238 -0.758605 0.492000 0.000034 0.000000 1301.712426 magnum 90.192877
ODOM 10.408578 -2.206526 -0.758605 0.500500 0.000062 0.000000 1301.832969 magnum 90.313370
FLASER 360 1.37 1.37 1.37 1.37 1.36 1.37 1.36 1.37 1.36 1.36 1.37 1.37 1.37 1.37 1.38 1.37 1.37 1.38 1.38 1.38 1.38 1.38 1.38 1.38 1.38 1.39 1.39 1.39 1.38 1.34 1.34 1.33 1.35 1.35 1.35 7.09 5.26 5.26 5.26 5.29 5.30 2.11 2.08 2.09 2.06 4.36 4.36 4.39 4.43 4.07 3.30 3.11 3.19 3.11 3.10 3.64 3.69 4.31 4.26 2.98 3.10 2.95 2.99 5.39 5.42 5.44 4.85 4.65 4.60 4.59 4.63 2.90 2.84 2.68 2.70 2.72 2.74 2.76 2.79 2.80 2.81 2.83 2.84 4.53 4.56 4.62 4.94 5.04 4.95 4.84 4.87 4.82 4.79 2.12 2.11 2.09 81.91 2.21 81.91 81.91 81.91 2.31 2.33 2.29 2.31 2.17 2.14 2.11 2.10 2.10 2.13 2.16 2.16 2.14 2.13 2.11 2.11 2.09 2.09 2.11 2.15 2.17 2.20 2.23 2.29 2.58 2.76 2.74 2.75 2.86 3.12 3.64 3.64 3.61 3.60 3.57 3.37 3.33 3.38 3.42 3.41 3.48 3.49 3.47 3.46 3.44 3.44 3.49 3.60 3.68 3.80 3.89 3.93 4.07 4.21 4.35 4.48 4.63 4.83 4.93 5.21 5.42 5.51 5.75 6.06 6.37 6.64 7.18 7.45 7.41 7.51 7.74 7.67 7.64 7.66 7.63 7.66 7.64 7.64 7.63 7.64 7.63 7.63 7.62 7.63 7.62 7.63 7.62 7.63 7.62 7.63 7.63 7.66 7.64 7.66 7.64 7.67 7.64 7.68 7.72 7.82 7.82 7.78 7.76 7.74 7.41 7.24 7.19 6.44 6.33 6.33 7.83 7.84 7.84 5.10 4.89 4.86 4.87 4.87 4.72 4.58 4.45 4.34 4.23 4.13 3.78 3.62 3.62 3.65 3.71 3.86 3.87 3.89 3.89 3.92 3.93 3.96 3.96 3.98 2.88 2.74 2.75 2.77 2.40 2.24 2.20 2.17 2.13 2.10 2.07 2.05 2.05 2.08 2.07 2.11 2.11 2.12 2.13 2.11 2.09 2.08 2.09 2.11 2.14 2.16 2.15 2.13 2.11 2.09 2.06 2.05 2.03 2.00 1.99 1.97 1.95 1.97 1.98 2.00 2.03 2.06 2.06 2.10 2.12 2.14 2.15 2.19 2.20 2.23 2.24 2.28 2.29 2.33 2.36 2.39 2.41 2.45 2.46 2.52 2.54 2.15 1.99 1.93 2.00 2.74 2.76 2.82 2.84 2.89 2.91 2.99 3.03 3.08 3.13 3.35 3.61 3.58 3.58 4.03 3.66 3.54 3.48 3.42 3.43 3.51 3.57 3.33 5.64 5.82 5.90 4.27 4.26 4.22 4.19 4.21 1.31 1.29 1.29 1.29 1.29 1.28 1.29 1.34 1.34 1.34 1.34 1.33 1.33 1.33 1.33 1.32 1.32 1.32 1.33 1.31 1.32 1.31 1.31 1.31 1.31 10.365463 -2.165663 -0.758605 10.394495 -2.193179 -0.758605 1301.780599 magnum 90.313508
ODOM 10.481213 -2.275370 -0.755537 0.503500 0.000028 0.000000 1301.959288 magnum 90.437583
ODOM 10.517779 -2.309815 -0.755537 0.506500 0.000028 0.000000 1302.072847 magnum 90.553299
FLASER 360 1.37 1.37 1.37 1.36 1.36 1.35 1.35 1.36 1.36 1.36 1.36 1.36 1.36 1.36 1.36 1.36 1.36 1.36 1.37 1.32 1.32 1.31 1.31 1.31 1.31 1.35 1.52 6.49 6.49 6.69 6.74 6.75 6.77 5.23 6.95 2.08 2.07 2.05 2.05 5.28 5.30 4.35 4.33 4.32 4.35 4.36 3.09 3.05 3.15 3.07 3.13 3.55 3.63 4.27 4.27 4.19 2.91 2.91 2.94 4.04 5.31 5.35 5.37 4.85 4.62 4.55 4.53 2.83 2.74 2.62 2.63 2.66 2.67 2.69 2.71 2.73 2.75 2.76 2.77 2.75 4.43 4.45 4.51 4.66 4.95 4.92 4.87 4.77 4.81 2.01 2.02 81.91 81.91 81.91 81.91 2.18 81.91 2.20 2.21 2.21 2.21 2.10 2.07 2.03 2.03 2.02 2.03 2.07 2.08 2.04 2.04 2.03 2.01 2.00 1.99 2.01 2.03 2.06 2.09 2.11 2.15 2.22 2.36 2.67 2.66 2.64 2.66 2.83 3.56 3.55 3.54 3.51 3.52 3.49 3.27 3.21 3.26 3.31 3.33 3.34 3.39 3.38 3.37 3.35 3.34 3.36 3.43 3.52 3.60 3.71 3.79 3.86 3.97 4.11 4.24 4.38 4.51 4.72 4.81 5.05 5.28 5.37 5.59 5.86 6.17 6.57 6.93 7.28 7.32 7.32 7.57 7.57 7.55 7.56 7.55 7.54 7.54 7.53 7.53 7.52 7.53 7.52 7.53 7.52 7.52 7.51 7.52 7.51 7.52 7.52 7.53 7.53 7.54 7.53 7.54 7.54 7.56 7.55 7.56 7.60 7.72 7.72 7.67 7.64 7.63 7.29 7.14 7.08 6.37 6.23 6.30 7.73 7.73 7.74 5.03 4.86 4.77 4.76 4.79 4.68 4.57 4.42 4.30 4.20 4.09 4.00 3.63 3.52 3.52 3.54 3.61 3.74 3.75 3.76 3.81 3.82 3.83 3.85 3.87 3.89 2.72 2.68 2.65 2.65 2.68 2.69 2.22 2.13 2.10 2.07 2.04 2.00 1.98 1.97 1.97 1.97 1.99 2.00 2.02 2.03 2.05 2.04 2.02 2.00 2.01 2.02 2.05 2.07 2.09 2.06 2.05 2.02 2.01 1.99 1.97 1.95 1.93 1.92 1.90 1.88 1.88 1.90 1.93 1.95 1.99 2.00 2.03 2.04 2.06 2.08 2.12 2.13 2.16 2.18 2.22 2.23 2.27 2.28 2.33 2.36 2.39 2.42 2.45 2.50 2.54 2.58 1.96 1.88 1.94 2.75 2.79 2.80 2.87 2.89 2.98 3.03 3.10 3.27 4.11 3.56 3.66 4.04 3.96 3.63 3.52 3.47 3.48 3.54 3.69 5.64 5.87 5.86 4.27 4.24 4.19 4.18 4.17 4.17 3.96 3.91 4.04 3.97 3.65 3.63 1.30 1.28 1.28 1.27 1.27 1.27 1.32 1.33 1.33 1.32 1.32 1.33 1.32 1.31 1.32 1.31 10.467243 -2.262211 -0.755537 10.496359 -2.289638 -0.755537 1302.000642 magnum 90.553432
ODOM 10.553997 -2.343932 -0.755537 0.488000 0.000011 0.000000 1302.193143 magnum 90.676522
ODOM 10.589932 -2.377783 -0.755537 0.500500 -0.000028 0.000000 1302.300529 magnum 90.778795
FLASER 360 1.36 1.36 1.36 1.35 1.35 1.35 1.35 1.35 1.35 1.34 1.31 1.29 1.29 1.29 1.30 1.32 1.34 1.56 1.55 6.41 6.42 5.68 6.43 6.45 6.46 6.47 6.48 6.69 6.70 2.03 2.03 2.03 2.03 5.22 5.22 5.24 5.25 5.22 4.33 4.28 4.27 4.31 3.05 3.02 3.17 3.00 3.01 3.53 3.54 3.56 4.29 2.85 2.85 2.87 3.10 3.92 4.00 5.24 5.26 5.30 5.31 4.58 4.53 2.76 2.64 2.57 2.59 2.61 2.61 2.63 2.63 2.65 2.67 2.68 2.70 2.69 4.33 4.35 4.37 4.40 4.44 4.81 4.92 4.86 1.98 1.94 1.93 81.91 81.91 81.91 2.08 81.91 2.13 2.12 2.13 2.14 2.13 1.99 1.98 1.95 1.94 1.94 1.95 1.99 1.99 1.97 1.97 1.93 1.93 1.91 1.90 1.92 1.94 1.97 1.98 2.01 2.03 2.06 2.13 2.68 2.60 2.57 2.56 2.55 2.61 2.81 3.47 3.45 3.44 3.43 3.42 3.40 3.18 3.13 3.15 3.21 3.23 3.21 3.29 3.28 3.27 3.25 3.24 3.24 3.30 3.37 3.46 3.54 3.63 3.68 3.76 3.90 4.01 4.15 4.28 4.42 4.59 4.76 4.92 5.16 5.26 5.44 5.67 5.98 6.33 6.71 7.03 7.21 7.21 7.31 7.51 7.46 7.45 7.43 7.44 7.42 7.43 7.41 7.41 7.42 7.42 7.41 7.42 7.41 7.42 7.41 7.41 7.41 7.41 7.41 7.42 7.42 7.43 7.41 7.43 7.42 7.45 7.45 7.46 7.55 7.60 7.60 7.55 7.55 7.51 7.17 7.03 6.98 6.29 6.13 6.19 7.61 7.62 7.63 5.09 4.80 4.68 4.65 4.68 4.65 4.51 4.38 4.27 4.16 4.07 3.97 3.87 3.52 3.43 3.42 3.46 3.51 3.65 3.66 3.68 3.69 3.70 3.72 3.74 3.75 3.79 3.89 2.65 2.58 2.57 2.57 2.59 2.61 2.29 2.12 2.03 2.01 1.98 1.95 1.93 1.89 1.89 1.88 1.90 1.90 1.92 1.93 1.95 1.96 1.98 1.96 1.92 1.91 1.93 1.94 1.99 2.00 2.00 1.99 1.97 1.95 1.93 1.92 1.90 1.89 1.87 1.86 1.84 1.83 1.82 1.82 1.86 1.87 1.92 1.93 1.96 1.97 2.00 2.01 2.05 2.07 2.10 2.12 2.16 2.17 2.22 2.23 2.28 2.29 2.34 2.36 2.41 2.44 2.50 2.54 2.59 2.12 1.84 1.84 2.05 2.78 2.84 2.89 2.99 3.01 3.21 3.60 3.48 3.56 4.00 3.97 3.92 3.63 3.56 3.54 3.76 5.67 5.85 5.84 4.26 4.22 4.19 4.17 4.15 4.16 81.91 3.90 4.02 3.90 3.81 3.63 3.61 3.60 3.59 3.59 3.59 3.59 3.59 1.32 1.26 1.26 1.26 1.26 1.26 1.27 10.532864 -2.324025 -0.755537 10.561980 -2.351452 -0.755537 1302.210294 magnum 90.778962
ODOM 10.626846 -2.412555 -0.754003 0.498000 0.000067 0.000000 1302.413125 magnum 90.893908
ODOM 10.663116 -2.446616 -0.755537 0.500500 -0.000062 0.000000 1302.519553 magnum 91.117071
FLASER 360 1.35 1.28 1.29 1.28 1.29 1.35 1.32 1.45 1.51 1.52 1.56 1.89 2.33 6.85 6.86 6.85 6.86 6.40 6.40 6.41 6.42 6.41 6.43 2.00 1.98 1.99 2.02 6.70 6.72 7.07 5.18 5.18 5.21 5.21 5.21 4.26 4.28 4.24 3.05 2.98 3.04 2.98 2.96 3.61 3.47 3.51 3.47 2.81 2.80 2.81 2.87 3.85 3.88 4.07 5.15 5.20 5.22 5.25 4.81 2.66 2.56 2.52 2.55 2.55 2.54 2.56 2.58 2.59 2.60 2.62 2.65 2.63 4.22 4.23 4.26 4.29 4.32 4.35 4.39 1.90 1.88 1.88 81.91 81.91 81.91 2.00 81.91 2.03 2.04 2.04 2.07 2.04 2.01 1.91 1.88 1.86 1.86 1.85 1.88 1.91 1.91 1.88 1.88 1.85 1.84 1.82 1.82 1.82 1.85 1.87 1.90 1.91 1.94 1.96 1.98 2.08 3.55 2.53 2.50 2.45 2.46 2.46 2.59 2.91 3.40 3.37 3.37 3.34 3.33 3.31 3.15 3.04 3.03 3.10 3.13 3.12 3.16 3.18 3.18 3.15 3.15 3.14 3.14 3.21 3.29 3.37 3.45 3.55 3.58 3.66 3.75 3.90 4.01 4.14 4.27 4.44 4.61 4.76 4.92 5.13 5.21 5.43 5.70 6.01 6.38 6.71 7.04 7.11 7.11 7.28 7.40 7.34 7.34 7.33 7.33 7.32 7.32 7.31 7.32 7.31 7.31 7.30 7.31 7.29 7.31 7.30 7.31 7.30 7.31 7.30 7.31 7.31 7.32 7.32 7.33 7.33 7.33 7.33 7.35 7.39 7.49 7.49 7.46 7.43 7.42 7.21 6.98 6.87 7.04 6.05 6.03 6.03 7.52 7.53 7.53 4.81 4.67 4.56 4.56 4.59 4.52 4.39 4.27 4.17 4.07 3.97 3.87 3.79 3.59 3.34 3.33 3.34 3.39 3.51 3.57 3.57 3.59 3.60 3.62 3.63 3.66 3.66 3.74 3.86 5.15 2.52 2.47 2.46 2.47 2.50 2.56 2.59 2.05 1.96 1.93 1.90 1.89 1.86 1.83 1.81 1.81 1.80 1.82 1.82 1.84 1.84 1.87 1.87 1.90 1.89 1.86 1.84 1.85 1.86 1.88 1.93 1.94 1.92 1.91 1.89 1.87 1.86 1.85 1.83 1.82 1.80 1.79 1.78 1.78 1.76 1.77 1.78 1.80 1.82 1.86 1.88 1.92 1.92 1.97 1.98 2.02 2.04 2.08 2.09 2.14 2.15 2.20 2.22 2.27 2.28 2.35 2.37 2.43 2.45 2.53 2.55 2.62 2.65 1.80 1.79 1.87 2.87 2.95 2.97 3.33 3.71 3.48 3.97 3.92 3.89 3.55 3.49 3.45 3.47 3.19 5.80 7.07 4.22 4.20 4.15 4.13 4.12 4.13 81.91 3.90 3.88 3.90 3.94 3.61 3.60 3.58 3.58 3.58 3.58 3.58 3.58 3.59 3.59 3.60 3.62 10.600477 -2.387786 -0.754121 10.629632 -2.415172 -0.754121 1302.420320 magnum 91.117370
ODOM 10.700092 -2.481448 -0.757071 0.513500 -0.000084 0.000000 1302.632810 magnum 91.118477
ODOM 10.736321 -2.515680 -0.755537 0.504500 0.000050 0.000000 1302.753323 magnum 91.234225
FLASER 360 1.62 1.53 1.52 1.38 1.34 1.35 1.35 1.36 6.93 6.85 6.85 6.83 6.85 6.86 6.85 6.37 5.58 1.97 1.96 1.97 2.02 6.42 6.43 6.64 6.65 6.67 5.15 5.13 5.15 5.17 5.19 5.18 4.28 4.23 2.97 2.95 3.02 2.92 2.93 3.56 3.51 3.44 3.51 2.78 2.76 2.76 2.84 3.83 3.80 3.83 3.88 5.08 5.10 5.16 5.18 2.51 2.45 2.47 2.47 2.48 2.51 2.52 2.51 2.53 2.54 2.56 2.59 2.58 4.12 4.13 4.17 4.19 4.22 4.20 1.83 1.81 1.82 81.91 1.93 1.92 1.94 1.94 1.95 1.96 1.98 1.98 1.98 1.92 1.86 1.79 1.80 1.77 1.78 1.79 1.81 1.82 1.82 1.79 1.79 1.76 1.76 1.73 1.73 1.75 1.77 1.79 1.81 1.82 1.84 1.86 1.89 1.97 1.91 3.47 2.49 2.39 2.38 2.35 2.36 2.43 2.60 3.32 3.31 3.28 3.27 3.24 3.24 3.21 3.08 2.93 2.94 2.99 3.03 3.02 3.03 3.09 3.08 3.06 3.05 3.04 3.03 3.08 3.13 3.21 3.29 3.36 3.46 3.47 3.56 3.67 3.76 3.90 4.01 4.13 4.28 4.46 4.60 4.76 4.95 5.03 5.24 5.44 5.71 6.06 6.39 6.73 7.01 6.98 7.03 7.35 7.26 7.23 7.23 7.21 7.21 7.21 7.21 7.19 7.21 7.20 7.20 7.20 7.20 7.19 7.20 7.19 7.20 7.20 7.20 7.20 7.21 7.20 7.21 7.20 7.22 7.21 7.22 7.23 7.25 7.28 7.39 7.38 7.35 7.32 7.33 7.27 6.89 6.78 6.81 6.00 5.93 6.01 7.42 7.42 7.43 5.61 4.66 4.52 4.46 4.45 4.49 4.39 4.27 4.17 4.07 3.96 3.87 3.78 3.69 3.62 3.28 3.22 3.23 3.26 3.33 3.46 3.47 3.48 3.50 3.52 3.54 3.55 3.57 3.57 3.69 5.03 5.06 2.45 2.40 2.37 2.39 2.38 2.42 2.45 2.52 2.47 1.93 1.86 1.84 1.82 1.80 1.78 1.76 1.74 1.72 1.71 1.73 1.74 1.76 1.76 1.79 1.79 1.81 1.82 1.79 1.78 1.76 1.77 1.79 1.80 1.86 1.86 1.85 1.84 1.82 1.80 1.79 1.78 1.77 1.76 1.75 1.74 1.72 1.71 1.70 1.69 1.71 1.71 1.76 1.77 1.82 1.84 1.87 1.89 1.92 1.94 1.98 2.00 2.05 2.07 2.11 2.14 2.18 2.21 2.26 2.29 2.35 2.38 2.45 2.50 2.56 2.60 2.67 2.67 1.92 1.75 1.77 3.06 3.97 3.42 3.95 3.89 3.81 3.55 3.43 3.39 3.38 3.14 3.17 7.00 4.20 4.17 4.13 4.11 4.11 4.11 5.51 3.90 3.87 3.88 3.95 3.64 3.59 3.58 3.57 3.57 3.57 3.57 3.57 3.58 10.674043 -2.456841 -0.756943 10.703121 -2.484309 -0.756943 1302.641217 magnum 91.234380
ODOM 10.809515 -2.584628 -0.757071 0.506500 0.000006 0.000000 1302.861197 magnum 91.349499
FLASER 360 2.36 2.37 6.91 1.33 1.35 1.33 1.33 1.33 6.84 6.82 1.94 1.95 1.96 1.98 2.03 6.38 6.39 6.39 6.40 6.41 6.42 6.62 6.63 5.10 6.66 5.13 5.13 5.15 5.17 4.23 2.93 2.93 3.10 2.91 3.00 3.39 3.51 3.42 3.46 2.81 2.72 2.73 2.80 4.02 3.78 3.74 3.76 3.81 4.89 4.86 5.09 2.40 2.41 2.42 2.44 2.44 2.46 2.46 2.47 2.48 2.50 2.50 2.52 2.48 4.03 4.04 4.07 4.08 1.81 1.74 1.75 81.91 1.81 1.84 1.86 1.86 1.88 1.89 1.88 1.90 1.91 1.89 1.89 1.76 1.73 1.72 1.71 1.70 1.72 1.74 1.76 1.73 1.72 1.70 1.70 1.67 1.67 1.65 1.66 1.68 1.70 1.72 1.72 1.74 1.76 1.79 1.80 1.86 1.83 3.44 3.42 2.35 2.30 2.28 2.27 2.27 2.31 2.47 2.67 3.22 3.21 3.18 3.17 3.15 3.14 3.12 2.96 2.84 2.85 2.89 2.93 2.92 2.91 2.98 2.98 2.97 2.96 2.94 2.93 2.94 3.01 3.07 3.13 3.20 3.28 3.36 3.37 3.47 3.56 3.67 3.76 3.89 4.01 4.13 4.30 4.45 4.61 4.76 4.91 5.01 5.24 5.46 5.75 6.11 6.42 6.74 6.91 6.89 6.98 7.22 7.13 7.12 7.12 7.10 7.12 7.11 7.11 7.10 7.11 7.09 7.10 7.09 7.09 7.09 7.10 7.08 7.10 7.10 7.10 7.10 7.11 7.10 7.11 7.11 7.11 7.11 7.12 7.12 7.13 7.16 7.28 7.28 7.27 7.21 7.23 7.18 6.84 6.70 6.66 5.87 5.84 5.82 5.82 7.30 7.32 7.29 4.82 4.53 4.39 4.36 4.36 4.38 4.28 4.17 4.07 3.97 3.88 3.78 3.70 3.62 3.54 3.42 3.15 3.13 3.14 3.17 3.29 3.36 3.38 3.39 3.41 3.43 3.45 3.46 3.48 3.50 3.62 4.93 5.06 7.02 2.35 2.30 2.29 2.28 2.30 2.32 2.39 2.42 2.44 2.42 1.85 1.80 1.76 1.75 1.73 1.71 1.70 1.68 1.66 1.64 1.65 1.64 1.67 1.68 1.70 1.71 1.73 1.73 1.75 1.73 1.72 1.70 1.71 1.71 1.75 1.78 1.80 1.79 1.78 1.76 1.75 1.74 1.73 1.71 1.70 1.69 1.68 1.68 1.67 1.66 1.65 1.64 1.65 1.66 1.69 1.71 1.77 1.78 1.82 1.83 1.88 1.91 1.95 1.97 2.02 2.04 2.10 2.12 2.18 2.20 2.27 2.31 2.38 2.42 2.51 2.54 2.62 2.64 2.73 2.78 1.92 1.72 1.73 1.74 3.90 3.83 3.64 3.48 3.38 3.34 3.12 3.12 3.20 4.17 4.13 4.11 4.09 4.09 5.50 81.91 3.88 3.85 3.87 3.94 3.63 3.58 3.57 3.58 3.58 3.57 10.773923 -2.551024 -0.756935 10.803001 -2.578492 -0.756935 1302.850283 magnum 91.349695
ODOM 10.845681 -2.618801 -0.757071 0.492500 0.000062 0.000000 1302.973295 magnum 91.453869
ODOM 10.882257 -2.653361 -0.757071 0.503500 0.000039 0.000000 1303.112891 magnum 91.593049
FLASER 360 6.91 6.14 1.36 1.34 1.33 1.34 1.38 1.92 2.03 6.85 6.84 5.55 6.36 6.37 6.37 6.37 6.38 6.39 6.40 6.61 6.60 5.12 5.09 5.10 5.12 2.92 2.90 2.90 3.04 2.88 3.28 3.36 3.52 3.36 2.97 2.70 2.70 2.76 2.77 4.07 4.01 3.71 3.71 3.74 3.78 5.05 2.37 2.35 2.38 2.39 2.39 2.39 2.41 2.42 2.43 2.44 2.45 2.46 2.45 4.04 4.01 3.96 1.71 1.69 1.69 1.75 81.91 1.77 1.79 1.78 1.79 1.81 1.80 1.82 1.82 1.84 1.83 1.70 1.68 1.64 1.64 1.63 1.64 1.65 1.68 1.68 1.66 1.64 1.63 1.61 1.59 1.59 1.59 1.60 1.59 1.62 1.63 1.65 1.66 1.68 1.69 1.71 1.72 1.83 1.73 3.39 3.37 2.41 2.27 2.21 2.19 2.17 2.18 2.25 2.36 2.71 3.15 3.12 3.11 3.10 3.09 3.06 3.05 3.02 2.82 2.74 2.75 2.80 2.84 2.83 2.83 2.89 2.89 2.87 2.86 2.85 2.85 2.84 2.89 2.95 3.01 3.07 3.14 3.22 3.27 3.31 3.39 3.48 3.58 3.69 3.80 3.91 4.02 4.19 4.34 4.47 4.62 4.79 4.85 5.09 5.28 5.51 5.85 6.19 6.47 6.77 6.80 6.78 6.98 7.06 7.03 7.01 7.01 7.00 7.00 7.00 7.00 7.00 6.99 6.98 7.00 6.98 6.98 6.99 6.99 6.98 7.00 6.99 6.99 7.00 7.00 7.00 7.00 7.00 7.01 7.01 7.02 7.02 7.03 7.06 7.17 7.18 7.17 7.11 7.12 7.09 6.76 6.62 6.56 6.87 5.75 5.70 5.72 7.19 7.21 7.19 5.41 4.51 4.38 4.27 4.27 4.27 4.27 4.15 4.05 3.95 3.87 3.77 3.69 3.61 3.53 3.47 3.40 3.10 3.04 3.04 3.07 3.11 3.27 3.28 3.30 3.31 3.34 3.35 3.36 3.37 3.40 3.43 3.60 4.94 5.08 6.98 5.06 2.27 2.22 2.20 2.20 2.22 2.25 2.28 2.35 2.35 2.37 2.38 1.80 1.72 1.70 1.68 1.66 1.65 1.63 1.61 1.60 1.59 1.58 1.57 1.58 1.59 1.60 1.61 1.63 1.64 1.67 1.68 1.67 1.64 1.64 1.63 1.65 1.66 1.70 1.73 1.73 1.72 1.70 1.70 1.68 1.68 1.67 1.66 1.65 1.64 1.63 1.62 1.62 1.60 1.60 1.59 1.59 1.59 1.64 1.65 1.72 1.73 1.77 1.79 1.84 1.86 1.92 1.95 2.01 2.03 2.10 2.12 2.19 2.22 2.31 2.34 2.42 2.47 2.57 2.60 2.68 2.75 2.88 2.99 3.35 3.90 1.71 1.71 1.69 3.55 3.42 3.10 3.12 3.18 4.13 4.10 4.08 4.10 4.19 81.91 81.91 3.88 3.84 3.85 3.94 4.03 3.58 3.57 10.839885 -2.613325 -0.757071 10.868959 -2.640797 -0.757071 1303.060899 magnum 91.593234
ODOM 10.918832 -2.687921 -0.755537 0.502000 -0.000045 0.000000 1303.232312 magnum 91.715674
ODOM 10.991964 -2.756811 -0.752469 0.515000 -0.000034 0.000000 1303.358462 magnum 91.837048
FLASER 360 1.95 2.00 1.40 1.35 1.32 1.35 1.33 6.80 6.76 6.34 6.34 6.35 6.36 6.37 6.38 6.38 6.42 6.60 5.11 6.66 5.06 2.88 2.87 2.93 2.96 3.41 3.48 3.38 3.43 3.24 2.81 2.67 2.70 2.74 4.25 4.12 4.05 3.70 3.67 3.69 3.71 2.30 2.31 2.34 2.34 2.35 2.35 2.36 2.38 2.37 2.38 2.40 2.41 2.40 2.43 1.64 1.64 1.64 81.91 81.91 81.91 1.73 1.75 1.73 1.75 1.75 1.75 1.76 1.76 1.77 1.75 1.61 1.60 1.58 1.57 1.57 1.58 1.60 1.63 1.61 1.60 1.56 1.56 1.53 1.53 1.50 1.51 1.50 1.53 1.54 1.56 1.57 1.58 1.60 1.61 1.62 1.63 1.64 1.72 3.39 3.36 3.33 3.33 3.28 2.21 2.13 2.11 2.09 2.09 2.13 2.20 2.32 3.08 3.07 3.05 3.02 3.02 2.99 2.98 2.95 2.95 2.81 2.68 2.65 2.67 2.72 2.75 2.72 2.73 2.80 2.80 2.77 2.77 2.74 2.74 2.73 2.79 2.85 2.90 2.96 3.02 3.10 3.15 3.17 3.25 3.33 3.42 3.51 3.61 3.71 3.83 3.94 4.09 4.25 4.37 4.52 4.67 4.73 4.92 5.13 5.35 5.64 5.97 6.26 6.57 6.68 6.68 6.77 7.04 6.91 6.91 6.91 6.91 6.90 6.90 6.89 6.89 6.88 6.89 6.87 6.87 6.88 6.88 6.86 6.87 6.88 6.88 6.88 6.89 6.88 6.89 6.89 6.91 6.89 6.91 6.91 6.91 6.91 6.92 6.95 7.06 7.07 7.06 7.00 7.02 6.99 6.67 6.53 6.45 6.66 5.68 5.60 5.70 7.09 7.12 7.11 5.31 5.25 4.35 4.23 4.16 4.15 4.19 4.14 4.02 3.94 3.84 3.75 3.67 3.59 3.52 3.45 3.40 3.32 3.10 2.97 2.94 2.94 3.00 3.05 3.19 3.20 3.21 3.22 3.25 3.26 3.28 3.29 3.32 3.40 4.86 6.87 6.90 4.99 5.87 5.70 2.18 2.14 2.12 2.11 2.13 2.15 2.22 2.25 2.28 2.28 2.30 2.32 1.79 1.70 1.63 1.61 1.60 1.60 1.58 1.57 1.55 1.54 1.53 1.51 1.50 1.50 1.51 1.52 1.55 1.55 1.58 1.59 1.61 1.61 1.60 1.59 1.58 1.57 1.60 1.61 1.66 1.68 1.68 1.66 1.65 1.64 1.63 1.62 1.61 1.61 1.59 1.59 1.58 1.58 1.57 1.57 1.57 1.56 1.55 1.55 1.56 1.59 1.64 1.68 1.73 1.75 1.81 1.83 1.90 1.92 1.99 2.03 2.10 2.13 2.21 2.25 2.36 2.41 2.52 2.58 2.64 2.72 2.85 3.02 3.69 3.85 3.83 3.81 1.68 1.69 1.69 1.70 4.14 4.12 4.08 4.10 4.15 4.07 81.91 3.93 3.84 3.84 3.85 3.95 10.912339 -2.681857 -0.754587 10.941481 -2.709256 -0.754587 1303.270216 magnum 91.837232
ODOM 11.028635 -2.791143 -0.749401 0.496000 -0.000045 0.000000 1303.473051 magnum 91.954107
ODOM 11.065062 -2.825038 -0.749401 0.512000 0.000000 0.000000 1303.592759 magnum 92.140969
FLASER 360 6.86 1.33 1.35 1.32 1.33 1.34 5.55 6.32 6.33 6.33 6.34 6.35 6.36 6.37 6.55 5.07 2.86 2.85 2.88 3.06 3.20 4.09 4.11 3.36 3.35 2.81 2.73 2.69 2.71 4.57 4.36 4.15 4.08 3.78 3.64 2.31 2.28 2.30 2.27 2.31 2.31 2.33 2.32 2.33 2.34 2.34 2.35 81.91 81.91 1.60 1.58 1.66 81.91 1.64 1.65 1.63 1.65 1.66 1.68 1.70 1.69 1.70 1.70 1.61 1.58 1.53 1.52 1.50 1.51 1.52 1.52 1.56 1.55 1.52 1.51 1.48 1.47 1.44 1.44 1.43 1.43 1.44 1.45 1.47 1.47 1.50 1.50 1.52 1.53 1.54 1.56 1.57 1.59 1.56 3.37 3.33 3.33 3.29 3.27 2.26 2.09 2.03 2.03 2.00 2.01 2.03 2.10 2.22 2.37 3.00 2.99 2.95 2.95 2.92 2.91 2.89 2.88 2.85 2.84 2.57 2.56 2.57 2.61 2.64 2.65 2.62 2.69 2.70 2.69 2.67 2.67 2.64 2.64 2.65 2.71 2.76 2.80 2.85 2.91 2.98 3.05 3.06 3.12 3.20 3.27 3.36 3.46 3.55 3.64 3.74 3.88 3.96 4.08 4.30 4.42 4.58 4.63 4.82 4.99 5.24 5.47 5.57 6.09 6.39 6.58 6.56 6.60 6.94 6.85 6.80 6.80 6.80 6.80 6.78 6.79 6.78 6.79 6.76 6.76 6.76 6.76 6.76 6.77 6.77 6.76 6.76 6.77 6.76 6.77 6.77 6.79 6.77 6.78 6.78 6.81 6.79 6.80 6.80 6.82 6.85 6.96 6.97 6.95 6.91 6.91 6.87 6.56 6.42 6.35 6.57 5.59 5.50 5.56 6.99 7.02 7.00 6.90 5.22 4.32 4.19 4.09 4.04 4.06 4.08 4.00 3.90 3.82 3.71 3.64 3.57 3.50 3.43 3.37 3.30 3.24 3.18 2.89 2.85 2.85 2.87 2.92 3.06 3.10 3.11 3.13 3.14 3.16 3.17 3.20 3.21 3.23 3.33 6.81 3.41 3.45 5.71 5.55 5.54 5.49 2.10 2.06 2.03 2.03 2.04 2.07 2.09 2.17 2.18 2.21 2.21 2.25 2.26 2.28 1.87 1.59 1.56 1.55 1.54 1.52 1.51 1.51 1.49 1.48 1.46 1.45 1.44 1.43 1.43 1.44 1.44 1.47 1.48 1.51 1.52 1.56 1.56 1.54 1.52 1.52 1.51 1.54 1.55 1.59 1.61 1.62 1.60 1.60 1.59 1.58 1.58 1.57 1.57 1.57 1.56 1.56 1.55 1.54 1.54 1.53 1.52 1.52 1.51 1.52 1.51 1.57 1.61 1.68 1.70 1.76 1.80 1.87 1.91 1.98 2.02 2.10 2.16 2.26 2.33 2.44 2.55 2.58 2.69 2.83 3.24 3.84 3.82 3.79 3.79 3.80 6.95 4.28 1.69 1.67 1.69 4.16 4.07 81.91 81.91 3.88 3.86 11.003872 -2.768101 -0.749401 11.033156 -2.795349 -0.749401 1303.490180 magnum 92.141165
ODOM 11.101838 -2.859257 -0.749401 0.500000 0.000000 0.000000 1303.712354 magnum 92.197115
FLASER 360 6.84 1.39 1.34 1.31 1.31 1.31 6.33 6.33 6.34 6.34 6.34 2.85 2.85 2.86 2.88 5.05 3.19 3.17 4.05 3.29 2.87 2.71 2.67 2.73 3.72 4.63 4.66 4.24 4.11 2.29 2.27 2.26 2.26 2.29 2.28 2.29 2.29 2.29 2.29 81.91 81.91 1.55 1.55 1.55 1.56 1.58 1.59 1.59 1.59 1.59 1.59 1.60 1.62 1.63 1.62 1.63 1.58 1.49 1.48 1.43 1.44 1.45 1.45 1.47 1.49 1.48 1.47 1.43 1.43 1.40 1.38 1.36 1.37 1.37 1.38 1.39 1.40 1.41 1.42 1.44 1.44 1.45 1.46 1.47 1.49 1.50 1.51 1.50 3.39 3.34 3.33 3.29 3.28 3.24 3.22 2.06 1.98 1.95 1.94 1.92 1.93 1.97 2.03 2.13 2.25 2.94 2.93 2.90 2.89 2.86 2.85 2.83 2.82 2.78 2.78 2.74 2.51 2.45 2.49 2.51 2.55 2.55 2.54 2.58 2.62 2.60 2.59 2.57 2.56 2.55 2.55 2.58 2.62 2.67 2.72 2.78 2.83 2.88 2.93 2.96 3.01 3.08 3.15 3.23 3.31 3.40 3.48 3.57 3.67 3.81 3.90 4.08 4.20 4.34 4.48 4.52 4.71 4.87 5.11 5.34 5.51 5.94 6.21 6.46 6.48 6.45 6.65 6.75 6.71 6.69 6.70 6.69 6.69 6.69 6.68 6.67 6.67 6.67 6.67 6.65 6.66 6.67 6.66 6.65 6.66 6.67 6.67 6.65 6.67 6.68 6.67 6.67 6.69 6.70 6.69 6.69 6.70 6.70 6.71 6.76 6.85 6.86 6.84 6.79 6.81 6.77 6.46 6.33 6.24 6.41 5.42 5.40 5.42 5.39 6.91 6.91 6.81 5.13 4.58 4.16 4.04 3.96 3.96 3.98 3.98 3.87 3.78 3.70 3.62 3.54 3.47 3.40 3.35 3.29 3.22 3.16 3.11 3.03 2.79 2.75 2.77 2.79 2.85 2.99 3.02 3.02 3.05 3.06 3.08 3.10 3.12 3.13 3.15 3.16 6.76 5.04 5.57 5.51 5.47 5.42 5.37 5.31 5.27 2.01 1.97 1.96 1.96 1.97 2.00 2.03 2.11 2.12 2.14 2.15 2.19 2.19 2.22 2.22 2.19 1.54 1.50 1.49 1.48 1.47 1.45 1.43 1.44 1.43 1.41 1.40 1.39 1.39 1.37 1.36 1.37 1.37 1.41 1.41 1.44 1.45 1.49 1.50 1.51 1.48 1.47 1.47 1.46 1.48 1.51 1.53 1.58 1.58 1.57 1.56 1.55 1.54 1.54 1.54 1.53 1.52 1.52 1.51 1.50 1.50 1.50 1.49 1.49 1.48 1.48 1.48 1.48 1.51 1.61 1.65 1.73 1.76 1.83 1.89 1.99 2.03 2.16 2.22 2.37 2.44 2.55 2.65 2.88 3.82 3.81 3.81 3.80 3.82 4.27 4.13 4.11 4.08 4.14 4.06 1.65 1.65 11.068299 -2.828049 -0.749401 11.097583 -2.855297 -0.749401 1303.700734 magnum 92.197321
ODOM 11.138615 -2.893477 -0.749401 0.497000 -0.000011 0.000000 1303.832993 magnum 92.313310
ODOM 11.211818 -2.961591 -0.754003 0.502000 -0.000146 0.000000 1303.958716 magnum 92.440126
FLASER 360 1.35 1.33 1.31 1.33 1.33 6.33 6.33 2.85 2.84 2.88 2.82 3.17 3.20 3.36 4.11 2.72 2.65 2.83 2.65 3.00 3.61 3.93 4.61 4.60 2.26 2.24 2.24 2.24 2.24 2.26 2.26 2.27 81.91 1.51 1.52 1.53 1.52 1.54 1.53 1.54 1.55 1.55 1.55 1.56 1.56 1.57 1.57 1.57 1.59 1.43 1.42 1.40 1.40 1.40 1.41 1.41 1.42 1.43 1.44 1.37 1.37 1.34 1.34 1.30 1.31 1.31 1.32 1.32 1.33 1.34 1.35 1.36 1.37 1.37 1.38 1.38 1.40 1.42 1.43 1.43 1.49 3.46 3.43 3.38 3.35 3.31 3.29 3.26 3.24 3.19 3.17 1.91 1.88 1.86 1.85 1.84 1.86 1.91 1.97 2.05 2.14 2.88 2.87 2.83 2.83 2.80 2.79 2.76 2.75 2.72 2.71 2.69 2.68 2.40 2.38 2.38 2.41 2.44 2.47 2.44 2.45 2.51 2.53 2.50 2.50 2.46 2.46 2.43 2.44 2.49 2.53 2.58 2.62 2.68 2.72 2.78 2.83 2.86 2.89 2.95 3.02 3.09 3.16 3.25 3.32 3.40 3.49 3.58 3.70 3.86 3.97 4.10 4.21 4.36 4.42 4.57 4.72 4.93 5.13 5.43 5.70 5.98 6.24 6.37 6.36 6.41 6.75 6.62 6.61 6.59 6.59 6.59 6.59 6.56 6.56 6.57 6.57 6.56 6.55 6.56 6.57 6.56 6.55 6.56 6.55 6.55 6.55 6.56 6.56 6.57 6.56 6.56 6.58 6.58 6.58 6.58 6.60 6.61 6.61 6.64 6.76 6.75 6.74 6.69 6.71 6.68 6.49 6.23 6.16 6.18 6.84 5.33 5.30 5.30 6.80 6.81 6.77 6.63 4.98 4.26 4.03 3.94 3.86 3.84 3.89 3.88 3.77 3.69 3.61 3.53 3.46 3.40 3.34 3.28 3.22 3.15 3.10 3.05 3.00 2.91 2.70 2.66 2.67 2.69 2.75 2.90 2.93 2.93 2.96 2.97 2.99 3.00 3.03 3.05 3.07 3.07 4.76 5.46 5.44 5.40 5.36 5.31 5.27 5.22 5.17 5.14 5.12 1.93 1.90 1.88 1.89 1.90 1.92 1.94 2.04 2.04 2.07 2.07 2.12 2.13 2.14 2.15 2.18 2.17 1.95 1.49 1.44 1.43 1.42 1.41 1.40 1.39 1.38 1.37 1.36 1.35 1.34 1.34 1.33 1.32 1.31 1.31 1.33 1.33 1.37 1.37 1.41 1.42 1.46 1.45 1.44 1.44 1.43 1.42 1.43 1.45 1.50 1.53 1.54 1.52 1.52 1.51 1.51 1.50 1.50 1.50 1.49 1.49 1.48 1.48 1.48 1.48 1.47 1.47 1.46 1.45 1.45 1.45 1.46 1.49 1.64 1.69 1.81 1.85 1.98 2.03 2.22 2.32 2.52 2.54 2.86 3.81 3.79 3.74 6.93 4.29 4.08 4.08 4.17 4.04 11.153023 -2.906733 -0.752143 11.182232 -2.934062 -0.752143 1303.910237 magnum 92.440426
ODOM 11.248437 -2.995980 -0.754003 0.494000 0.000022 0.000000 1304.071978 magnum 92.589341
ODOM 11.284359 -3.029714 -0.755537 0.491000 -0.000056 0.000000 1304.179901 magnum 92.666456
FLASER 360 1.32 1.32 1.32 1.32 1.33 2.86 2.80 3.18 3.18 2.95 2.61 2.59 2.59 2.65 2.69 3.39 3.42 3.68 3.95 2.21 2.22 2.21 2.24 2.23 2.23 1.50 1.50 1.51 1.50 1.51 1.52 1.52 1.53 1.52 1.52 1.54 1.54 1.53 1.55 1.55 1.56 1.40 1.40 1.35 1.35 1.36 1.36 1.37 1.38 1.39 1.39 1.34 1.33 1.28 1.27 1.25 1.25 1.25 1.27 1.28 1.28 1.28 1.29 1.29 1.30 1.31 1.31 1.32 1.33 1.34 1.34 1.35 1.36 1.38 1.38 3.35 3.48 3.44 3.41 3.35 3.33 3.29 3.25 3.21 3.20 3.16 1.93 1.80 1.80 1.77 1.77 1.79 1.81 1.87 1.90 1.99 2.14 2.83 2.81 2.78 2.77 2.74 2.73 2.69 2.69 2.66 2.65 2.62 2.61 2.58 2.34 2.27 2.29 2.32 2.34 2.36 2.36 2.34 2.38 2.42 2.41 2.39 2.39 2.36 2.36 2.34 2.35 2.40 2.44 2.49 2.53 2.58 2.62 2.67 2.72 2.76 2.78 2.82 2.89 2.96 3.02 3.08 3.16 3.25 3.32 3.40 3.49 3.60 3.74 3.85 3.96 4.09 4.21 4.31 4.38 4.56 4.72 4.92 5.16 5.45 5.70 5.96 6.22 6.26 6.25 6.36 6.63 6.49 6.49 6.48 6.49 6.48 6.47 6.45 6.46 6.47 6.47 6.44 6.44 6.44 6.46 6.44 6.44 6.44 6.46 6.46 6.45 6.44 6.46 6.47 6.46 6.45 6.47 6.47 6.49 6.48 6.49 6.49 6.51 6.53 6.64 6.64 6.66 6.59 6.60 6.60 6.55 6.15 6.10 6.02 6.45 5.22 5.20 5.20 5.19 6.70 6.70 6.58 4.94 4.88 4.11 3.94 3.84 3.74 3.74 3.74 3.79 3.69 3.61 3.54 3.47 3.41 3.33 3.28 3.22 3.17 3.10 3.05 3.01 2.96 2.92 2.87 2.63 2.57 2.58 2.59 2.64 2.70 2.83 2.84 2.86 2.87 2.90 2.91 2.93 2.94 2.97 2.98 4.89 5.38 5.33 5.29 5.25 5.20 5.15 5.10 5.08 5.05 5.02 4.96 4.99 1.85 1.83 1.81 1.81 1.81 1.82 1.84 1.91 1.95 1.98 1.99 2.03 2.05 2.07 2.07 2.10 2.12 2.11 1.87 81.91 81.91 1.40 1.37 1.37 1.35 1.35 1.34 1.33 1.32 1.31 1.31 1.30 1.29 1.29 1.28 1.27 1.27 1.27 1.27 1.26 1.27 1.31 1.32 1.36 1.37 1.42 1.42 1.39 1.38 1.38 1.37 1.39 1.42 1.46 1.50 1.49 1.48 1.48 1.48 1.48 1.48 1.47 1.47 1.46 1.46 1.45 1.45 1.45 1.44 1.44 1.43 1.43 1.42 1.43 1.43 1.43 1.43 1.68 1.72 1.93 2.03 2.30 2.47 2.68 2.91 3.72 3.68 3.08 3.06 11.237141 -2.985329 -0.754765 11.266278 -3.012734 -0.754765 1304.130060 magnum 92.666671
ODOM 11.321335 -3.064545 -0.754003 0.506000 0.000067 0.000000 1304.292951 magnum 92.772643
ODOM 11.357606 -3.098607 -0.754003 0.486500 -0.000006 0.000000 1304.401013 magnum 92.879205
FLASER 360 1.33 1.39 1.32 1.34 1.33 2.60 2.59 2.82 2.68 2.68 2.79 3.46 3.31 2.22 2.19 2.20 2.19 1.47 1.48 1.50 1.49 1.48 1.50 1.50 1.50 1.51 1.49 1.49 1.52 1.51 1.52 1.52 1.50 1.37 1.36 1.32 1.32 1.32 1.32 1.34 1.35 1.35 1.34 1.27 1.26 1.22 1.21 1.20 1.20 1.21 1.21 1.22 1.22 1.23 1.23 1.24 1.25 1.26 1.27 1.27 1.28 1.28 1.28 1.29 1.29 1.31 1.34 3.09 3.10 3.12 3.13 3.15 3.18 3.42 3.39 3.34 3.31 3.25 3.23 3.18 3.16 1.77 1.74 1.71 1.71 1.70 1.71 1.74 1.79 1.82 1.83 2.03 2.80 2.77 2.76 2.72 2.71 2.68 2.67 2.63 2.63 2.59 2.59 2.56 2.55 2.52 2.49 2.21 2.20 2.21 2.23 2.26 2.27 2.26 2.26 2.28 2.33 2.32 2.31 2.29 2.28 2.27 2.27 2.25 2.28 2.32 2.35 2.40 2.43 2.49 2.52 2.57 2.62 2.65 2.67 2.71 2.77 2.83 2.89 2.96 3.03 3.10 3.17 3.24 3.31 3.39 3.51 3.58 3.73 3.85 3.96 4.09 4.19 4.26 4.41 4.57 4.74 4.92 5.17 5.41 5.71 5.97 6.17 6.16 6.14 6.34 6.45 6.39 6.38 6.38 6.38 6.36 6.36 6.36 6.36 6.36 6.36 6.33 6.35 6.35 6.36 6.34 6.34 6.34 6.35 6.35 6.35 6.33 6.34 6.36 6.36 6.34 6.36 6.36 6.36 6.38 6.37 6.37 6.39 6.41 6.53 6.54 6.56 6.50 6.49 6.50 6.45 6.16 6.03 5.93 6.01 6.62 5.14 5.09 5.18 6.60 6.62 6.56 6.43 4.83 4.85 4.05 3.84 3.73 3.66 3.63 3.66 3.67 3.63 3.54 3.48 3.41 3.34 3.29 3.22 3.16 3.10 3.06 3.01 2.95 2.91 2.87 2.82 2.78 2.58 2.50 2.47 2.47 2.51 2.56 2.73 2.74 2.77 2.79 2.81 2.82 2.85 2.86 2.88 2.90 2.93 3.06 3.06 3.13 5.11 4.93 4.99 4.96 4.98 4.96 4.91 4.88 4.91 4.97 5.02 5.11 1.77 1.75 1.73 1.73 1.74 1.75 1.78 1.81 1.90 1.91 1.93 1.95 1.99 1.99 2.03 2.04 2.06 1.99 1.83 1.81 81.91 81.91 81.91 81.91 1.33 1.31 1.30 1.29 1.29 1.28 1.28 1.27 1.27 1.26 1.26 1.25 1.25 1.24 1.24 1.23 1.23 1.22 1.22 1.21 1.26 1.26 1.31 1.33 1.38 1.38 1.36 1.35 1.35 1.35 1.35 1.35 1.41 1.44 1.46 1.46 1.45 1.45 1.44 1.44 1.44 1.43 1.43 1.43 1.43 1.43 1.42 1.42 1.42 1.42 1.42 1.42 1.42 1.41 1.41 1.42 1.79 1.99 2.51 1.35 11.307111 -3.051188 -0.754003 11.336270 -3.078570 -0.754003 1304.340767 magnum 92.879517
ODOM 11.393876 -3.132669 -0.755537 0.502500 -0.000073 0.000000 1304.513251 magnum 92.996357
ODOM 11.430442 -3.167113 -0.755537 0.501500 0.000017 0.000000 1304.632617 magnum 93.113081
FLASER 360 1.32 1.35 1.34 1.32 1.33 2.92 3.24 3.36 81.91 1.45 1.45 1.45 1.48 1.48 1.47 1.46 1.47 1.48 1.47 1.49 1.47 1.48 1.50 1.47 1.38 1.29 1.28 1.29 1.30 1.30 1.30 1.33 1.33 1.27 1.26 1.21 1.18 1.18 1.17 1.18 1.17 1.18 1.19 1.19 1.19 1.19 1.19 1.20 1.20 1.21 1.21 1.21 1.22 1.23 1.23 1.24 1.25 1.26 1.28 3.94 2.96 2.98 3.00 3.01 3.04 3.05 3.07 3.08 3.11 3.37 3.36 3.31 3.28 3.22 3.19 1.74 1.69 1.65 1.64 1.62 1.63 1.64 1.67 1.74 1.75 1.79 1.88 2.77 2.75 2.71 2.69 2.67 2.65 2.61 2.60 2.58 2.57 2.53 2.52 2.49 2.47 2.45 2.44 2.16 2.12 2.11 2.13 2.16 2.18 2.18 2.18 2.16 2.20 2.24 2.24 2.21 2.21 2.18 2.18 2.16 2.16 2.18 2.22 2.25 2.28 2.32 2.36 2.40 2.44 2.49 2.53 2.57 2.58 2.62 2.67 2.72 2.78 2.84 2.91 2.97 3.04 3.11 3.18 3.25 3.33 3.45 3.55 3.65 3.74 3.88 3.98 4.09 4.13 4.29 4.44 4.61 4.78 5.00 5.29 5.53 5.77 6.00 6.06 6.05 6.13 6.43 6.31 6.27 6.27 6.27 6.27 6.27 6.27 6.25 6.24 6.23 6.25 6.25 6.26 6.24 6.24 6.22 6.24 6.24 6.25 6.23 6.24 6.24 6.26 6.26 6.25 6.24 6.26 6.26 6.27 6.27 6.27 6.27 6.28 6.29 6.43 6.43 6.46 6.41 6.39 6.40 6.36 6.20 5.94 5.86 5.85 6.53 5.11 4.97 4.98 4.99 6.52 6.49 6.37 6.22 4.79 4.58 3.83 3.71 3.62 3.55 3.54 3.54 3.57 3.53 3.45 3.40 3.33 3.27 3.22 3.15 3.09 3.05 3.00 2.95 2.90 2.86 2.81 2.78 2.74 2.70 2.59 2.43 2.40 2.39 2.40 2.43 2.55 2.65 2.69 2.69 2.72 2.72 2.75 2.77 2.80 2.80 2.90 2.84 5.12 5.07 5.04 4.99 4.96 4.92 4.89 4.87 4.80 4.82 4.88 4.91 4.99 5.04 5.12 5.15 5.22 1.72 1.69 1.67 1.66 1.66 1.69 1.70 1.77 1.81 1.86 1.87 1.92 1.93 1.95 1.97 1.99 2.00 1.89 1.82 1.75 1.77 81.91 81.91 81.91 81.91 1.48 1.45 1.28 1.27 1.26 1.25 1.25 1.25 1.24 1.23 1.22 1.22 1.22 1.21 1.21 1.21 1.20 1.19 1.18 1.19 1.18 1.18 1.19 1.20 1.26 1.27 1.34 1.36 1.34 1.32 1.32 1.31 1.32 1.32 1.39 1.39 1.44 1.44 1.43 1.43 1.43 1.42 1.42 1.42 1.42 1.42 1.41 1.41 1.41 1.41 1.42 1.40 1.41 1.41 11.378111 -3.117818 -0.755537 11.407227 -3.145246 -0.755537 1304.560648 magnum 93.113427
ODOM 11.502941 -3.235407 -0.755537 0.498500 -0.000028 0.000000 1304.759277 magnum 93.238065
ODOM 11.539570 -3.269911 -0.758605 0.499000 -0.000011 0.000000 1304.883021 magnum 93.362735
FLASER 360 1.36 1.36 1.33 1.33 1.42 1.45 1.44 1.45 1.47 1.47 1.46 1.45 1.47 1.47 1.46 1.37 1.36 1.28 1.28 1.28 1.29 1.29 1.30 1.30 1.28 1.20 1.17 1.14 1.14 1.15 1.15 1.15 1.16 1.16 1.16 1.16 1.16 1.17 1.17 1.17 1.18 1.18 1.18 1.19 1.19 1.19 1.19 1.19 1.20 1.31 1.36 4.16 4.09 3.93 3.99 3.90 2.99 2.91 2.94 2.95 2.96 2.99 2.99 3.02 3.03 3.04 3.33 3.29 3.26 1.72 1.64 1.59 1.58 1.56 1.57 1.59 1.60 1.66 1.68 1.68 1.72 1.67 2.76 2.71 2.70 2.67 2.65 2.61 2.59 2.56 2.55 2.51 2.50 2.46 2.45 2.42 2.41 2.38 2.37 2.09 2.04 2.02 2.03 2.06 2.08 2.10 2.10 2.09 2.09 2.13 2.16 2.14 2.14 2.11 2.11 2.09 2.08 2.06 2.09 2.11 2.15 2.18 2.21 2.25 2.28 2.32 2.35 2.40 2.43 2.46 2.49 2.51 2.57 2.61 2.67 2.72 2.78 2.84 2.90 2.96 3.03 3.10 3.16 3.25 3.36 3.46 3.54 3.63 3.73 3.86 3.97 4.01 4.14 4.28 4.43 4.60 4.77 5.04 5.27 5.52 5.73 5.97 5.94 5.94 6.07 6.31 6.19 6.16 6.16 6.16 6.17 6.16 6.16 6.14 6.14 6.13 6.15 6.14 6.16 6.14 6.14 6.13 6.14 6.14 6.16 6.14 6.14 6.12 6.14 6.15 6.16 6.15 6.16 6.15 6.16 6.16 6.18 6.18 6.19 6.19 6.24 6.33 6.35 6.34 6.28 6.29 6.29 6.23 5.88 5.82 5.72 5.85 6.41 4.92 4.87 4.92 4.88 6.41 6.36 6.22 6.08 4.67 4.35 3.84 3.63 3.56 3.48 3.44 3.45 3.47 3.48 3.41 3.34 3.28 3.22 3.15 3.10 3.05 3.00 2.95 2.91 2.87 2.82 2.79 2.75 2.70 2.67 2.63 2.59 2.50 2.32 2.30 2.30 2.31 2.35 2.43 2.58 2.60 2.62 2.63 2.66 2.67 2.70 2.70 2.72 2.79 5.02 4.98 4.95 4.90 4.88 4.84 4.81 4.79 4.73 4.76 4.81 4.84 4.94 4.97 5.04 5.10 5.15 5.20 5.26 5.31 5.38 1.66 1.62 1.61 1.60 1.59 1.62 1.63 1.71 1.77 1.81 1.83 1.87 1.87 1.92 1.93 1.96 1.97 1.83 1.77 1.74 81.91 81.91 81.91 81.91 81.91 81.91 81.91 1.45 1.41 1.33 1.28 1.22 1.21 1.21 1.21 1.20 1.20 1.19 1.19 1.18 1.18 1.18 1.18 1.18 1.17 1.17 1.17 1.16 1.16 1.16 1.15 1.18 1.18 1.26 1.29 1.34 1.32 1.30 1.30 1.31 1.30 1.31 1.38 1.42 1.42 1.42 1.41 1.41 1.41 1.41 1.42 1.41 1.41 11.477927 -3.211826 -0.755880 11.507034 -3.239263 -0.755880 1304.770927 magnum 93.362880
ODOM 11.576439 -3.304855 -0.761673 0.504000 0.000000 0.000000 1304.990122 magnum 93.473391
FLASER 360 1.47 1.44 1.33 1.33 1.40 1.45 1.43 1.26 1.26 1.27 1.27 1.27 1.28 1.29 1.29 1.17 1.15 1.13 1.14 1.13 1.14 1.13 1.13 1.13 1.14 1.14 1.14 1.15 1.15 1.15 1.15 1.15 1.15 1.15 1.16 1.16 1.17 1.16 1.17 1.21 1.25 1.39 1.35 3.66 3.67 3.76 3.94 4.28 4.21 4.06 3.91 3.92 3.90 2.86 2.88 2.89 2.91 2.92 2.94 2.95 2.97 2.98 3.00 1.57 1.56 1.52 1.51 1.51 1.52 1.52 1.54 1.60 1.61 1.61 1.63 1.79 2.77 2.73 2.71 2.67 2.65 2.61 2.59 2.56 2.54 2.51 2.49 2.45 2.44 2.40 2.39 2.36 2.35 2.31 2.30 2.04 1.97 1.94 1.96 1.97 1.99 2.02 2.03 2.01 2.01 2.02 2.06 2.07 2.07 2.04 2.04 2.01 2.00 1.98 1.98 2.00 2.03 2.05 2.08 2.11 2.14 2.17 2.20 2.24 2.27 2.31 2.34 2.37 2.38 2.41 2.47 2.51 2.56 2.60 2.67 2.71 2.77 2.82 2.89 2.94 3.01 3.08 3.15 3.27 3.36 3.43 3.53 3.60 3.72 3.84 3.90 3.98 4.11 4.24 4.41 4.56 4.75 5.01 5.25 5.46 5.70 5.87 5.85 5.83 6.03 6.18 6.07 6.05 6.06 6.05 6.06 6.05 6.06 6.05 6.04 6.02 6.03 6.03 6.05 6.04 6.04 6.02 6.03 6.02 6.03 6.04 6.06 6.04 6.04 6.03 6.05 6.05 6.06 6.05 6.06 6.06 6.05 6.05 6.08 6.08 6.12 6.22 6.24 6.24 6.21 6.18 6.20 6.16 6.12 5.73 5.69 5.62 6.08 6.25 4.80 4.77 4.83 4.75 6.32 6.23 6.09 5.94 4.59 4.31 4.14 3.57 3.51 3.43 3.36 3.34 3.36 3.38 3.35 3.29 3.23 3.17 3.12 3.07 3.02 2.97 2.92 2.88 2.83 2.80 2.75 2.72 2.67 2.64 2.60 2.57 2.54 2.50 2.43 2.26 2.22 2.21 2.23 2.25 2.33 2.50 2.52 2.52 2.55 2.56 2.60 2.61 2.63 2.63 2.72 2.67 4.86 4.84 4.80 4.76 4.74 4.72 4.66 4.68 4.74 4.76 4.87 4.90 4.96 5.00 5.09 5.13 5.19 5.24 5.31 5.30 5.27 5.48 5.58 4.20 1.57 1.56 1.55 1.54 1.56 1.57 1.60 1.65 1.76 1.78 1.82 1.83 1.86 1.87 1.92 1.93 1.91 1.78 1.70 1.70 1.67 1.66 81.91 81.91 81.91 81.91 81.91 81.91 1.41 1.39 1.37 1.37 1.24 1.20 1.19 1.19 1.19 1.17 1.18 1.18 1.16 1.16 1.17 1.16 1.15 1.15 1.15 1.15 1.14 1.14 1.14 1.14 1.13 1.13 1.14 1.16 1.25 1.28 1.31 1.31 1.29 1.30 1.29 1.29 1.36 1.40 11.544854 -3.274762 -0.761454 11.573807 -3.302361 -0.761454 1304.980203 magnum 93.473538
ODOM 11.612510 -3.339255 -0.764741 0.500500 0.000062 0.000000 1305.102888 magnum 93.583088
ODOM 11.648476 -3.373764 -0.766275 0.502500 0.000017 0.000000 1305.230188 magnum 93.708949
FLASER 360 1.25 1.26 1.26 1.28 1.28 1.15 1.12 1.12 1.12 1.12 1.12 1.12 1.13 1.12 1.12 1.13 1.13 1.13 1.13 1.12 1.13 1.13 1.14 1.14 1.14 1.14 1.13 1.14 1.14 1.15 1.19 1.30 1.32 1.42 1.34 3.57 3.58 3.59 3.60 3.61 3.62 3.63 3.66 3.89 3.91 4.26 4.02 4.05 3.88 2.81 2.81 2.84 2.86 2.87 2.88 2.89 1.54 1.50 1.49 1.44 1.45 1.44 1.46 1.48 1.52 1.54 1.54 1.56 1.56 1.68 1.55 2.77 2.74 2.70 2.67 2.63 2.60 2.57 2.55 2.50 2.47 2.45 2.43 2.39 2.37 2.34 2.32 2.30 2.28 2.25 2.24 1.97 1.90 1.86 1.87 1.89 1.91 1.92 1.94 1.93 1.92 1.92 1.94 1.99 1.99 1.97 1.95 1.92 1.92 1.90 1.90 1.89 1.91 1.93 1.96 1.98 2.01 2.04 2.06 2.10 2.12 2.15 2.18 2.21 2.25 2.28 2.28 2.31 2.35 2.39 2.44 2.49 2.54 2.58 2.63 2.69 2.74 2.79 2.85 2.91 2.97 3.03 3.15 3.22 3.31 3.38 3.48 3.56 3.66 3.76 3.80 3.92 4.04 4.19 4.33 4.48 4.68 4.92 5.15 5.35 5.57 5.75 5.74 5.73 5.86 6.11 5.98 5.97 5.96 5.94 5.94 5.93 5.94 5.94 5.95 5.93 5.93 5.91 5.92 5.90 5.91 5.91 5.93 5.92 5.93 5.92 5.91 5.90 5.92 5.92 5.94 5.93 5.95 5.94 5.94 5.93 5.94 5.95 5.97 5.97 5.98 6.00 6.13 6.13 6.15 6.08 6.08 6.08 6.05 6.01 5.63 5.58 5.52 5.82 6.14 4.71 4.66 4.67 4.70 6.21 6.15 5.99 5.85 4.58 4.36 4.20 3.86 3.45 3.40 3.32 3.26 3.24 3.26 3.29 3.26 3.20 3.15 3.09 3.04 3.00 2.95 2.90 2.85 2.82 2.78 2.74 2.69 2.66 2.62 2.58 2.56 2.52 2.49 2.45 2.43 2.39 2.26 2.16 2.13 2.12 2.14 2.17 2.24 2.39 2.42 2.44 2.47 2.49 2.51 2.52 2.55 2.57 2.67 2.58 4.74 4.69 4.67 4.65 4.61 4.59 4.63 4.68 4.74 4.81 4.88 4.92 4.98 5.02 5.11 5.15 5.23 5.26 5.18 5.31 5.50 5.54 4.15 4.11 4.20 4.24 1.58 1.55 1.51 1.50 1.50 1.49 1.52 1.52 1.62 1.69 1.75 1.77 1.79 1.81 1.86 1.87 1.92 1.93 1.71 1.66 1.66 1.66 1.61 1.63 81.91 81.91 81.91 81.91 81.91 81.91 81.91 81.91 1.36 1.35 1.34 1.33 1.27 1.23 1.16 1.15 1.15 1.16 1.14 1.15 1.14 1.14 1.15 1.14 1.13 1.15 1.13 1.14 1.14 1.14 1.14 1.14 1.14 1.14 1.13 1.14 11.611962 -3.338662 -0.765947 11.640791 -3.366391 -0.765947 1305.200223 magnum 93.709116
ODOM 11.684797 -3.408723 -0.766275 0.505000 0.000022 0.000000 1305.342880 magnum 93.823552
ODOM 11.757098 -3.478310 -0.770877 0.498000 -0.000022 0.000000 1305.462477 magnum 93.972821
FLASER 360 1.10 1.11 1.11 1.11 1.11 1.11 1.11 1.11 1.11 1.11 1.11 1.11 1.12 1.12 1.12 1.12 1.12 1.13 1.12 1.21 1.22 1.29 1.29 1.29 1.29 3.57 3.52 3.52 3.53 3.53 3.54 3.55 3.56 3.56 3.58 3.58 3.57 3.58 3.59 3.70 3.84 3.97 4.30 3.97 4.04 2.77 2.77 2.81 2.80 1.47 1.45 1.39 1.39 1.39 1.40 1.41 1.44 1.48 1.49 1.49 1.50 1.51 1.57 2.86 2.83 2.78 2.75 2.70 2.69 2.63 2.61 2.57 2.54 2.49 2.47 2.43 2.41 2.38 2.36 2.31 2.30 2.27 2.25 2.22 2.21 2.17 2.10 1.81 1.79 1.80 1.81 1.82 1.84 1.85 1.86 1.84 1.83 1.84 1.87 1.90 1.90 1.87 1.86 1.84 1.84 1.82 1.81 1.80 1.83 1.84 1.86 1.89 1.91 1.93 1.96 1.98 2.01 2.04 2.06 2.09 2.12 2.15 2.19 2.18 2.20 2.24 2.27 2.32 2.35 2.40 2.44 2.50 2.53 2.59 2.63 2.69 2.73 2.79 2.85 2.91 2.98 3.08 3.15 3.22 3.30 3.38 3.48 3.56 3.66 3.68 3.80 3.93 4.05 4.19 4.34 4.51 4.76 4.93 5.16 5.37 5.59 5.63 5.63 5.65 5.89 5.92 5.84 5.84 5.84 5.84 5.85 5.84 5.85 5.83 5.83 5.82 5.82 5.80 5.81 5.80 5.82 5.81 5.82 5.82 5.82 5.82 5.81 5.80 5.82 5.81 5.84 5.84 5.84 5.83 5.84 5.83 5.84 5.83 5.84 5.85 5.87 5.88 6.01 6.02 6.04 6.00 5.97 5.98 5.97 5.91 5.58 5.50 5.43 5.44 6.11 5.98 4.59 4.56 4.64 4.56 6.09 5.98 5.86 5.72 4.46 4.36 4.31 4.11 3.38 3.32 3.26 3.20 3.15 3.15 3.19 3.18 3.15 3.10 3.04 3.00 2.94 2.90 2.85 2.81 2.77 2.74 2.69 2.66 2.62 2.59 2.56 2.52 2.47 2.45 2.42 2.39 2.36 2.33 2.30 2.28 2.11 2.07 2.04 2.04 2.07 2.09 2.21 2.32 2.36 2.37 2.40 2.41 2.44 2.45 2.50 2.50 2.60 2.67 2.77 4.57 3.25 4.52 4.57 4.61 4.68 4.75 4.81 4.85 4.91 4.96 5.03 5.10 5.17 5.20 5.12 5.27 5.45 5.48 4.17 4.05 4.11 4.15 4.23 4.27 4.49 4.08 6.37 6.31 1.48 1.46 1.44 1.44 1.44 1.43 1.48 1.49 1.68 1.69 1.75 1.76 1.82 1.83 1.87 1.89 1.93 1.78 1.61 1.61 1.62 1.61 1.61 1.58 81.91 81.91 81.91 81.91 81.91 81.91 81.91 81.91 1.43 1.35 1.32 1.32 1.32 1.31 1.28 1.26 1.14 1.15 1.14 1.14 1.14 1.14 1.14 1.14 1.14 1.14 1.14 1.14 11.699242 -3.422472 -0.769024 11.727985 -3.450290 -0.769024 1305.410171 magnum 93.972970
ODOM 11.793259 -3.513435 -0.770877 0.511000 -0.000022 0.000000 1305.582378 magnum 94.064831
ODOM 11.829012 -3.548165 -0.770877 0.508000 -0.000022 0.000000 1305.702317 magnum 94.181823
FLASER 360 1.10 1.10 1.10 1.10 1.10 1.10 1.11 1.10 1.11 1.25 1.27 1.26 1.27 1.27 1.27 1.28 1.32 3.87 3.88 3.88 3.89 3.74 3.57 3.49 3.49 3.50 3.50 3.51 3.52 3.53 3.54 3.54 3.55 3.56 3.57 3.57 3.62 3.80 3.81 4.29 4.00 1.41 1.41 1.35 1.34 1.35 1.36 1.36 1.37 1.43 1.44 1.44 1.45 1.45 1.45 1.57 1.44 2.92 2.89 2.83 2.79 2.73 2.70 2.66 2.63 2.59 2.56 2.50 2.47 2.43 2.41 2.37 2.35 2.30 2.29 2.25 2.23 2.20 2.18 2.15 2.13 1.83 1.74 1.72 1.73 1.73 1.75 1.75 1.77 1.78 1.79 1.75 1.76 1.77 1.80 1.83 1.82 1.79 1.77 1.75 1.75 1.73 1.73 1.72 1.74 1.75 1.77 1.79 1.82 1.84 1.85 1.87 1.90 1.92 1.94 1.97 1.99 2.02 2.05 2.08 2.09 2.10 2.12 2.16 2.19 2.23 2.26 2.30 2.34 2.39 2.42 2.49 2.52 2.58 2.62 2.67 2.71 2.77 2.83 2.91 2.98 3.06 3.13 3.21 3.28 3.36 3.44 3.53 3.57 3.66 3.75 3.89 4.02 4.16 4.29 4.48 4.60 4.90 5.12 5.31 5.50 5.53 5.51 5.57 5.84 5.79 5.75 5.74 5.74 5.74 5.74 5.74 5.74 5.73 5.73 5.71 5.71 5.70 5.70 5.69 5.69 5.69 5.69 5.70 5.71 5.71 5.72 5.71 5.72 5.70 5.70 5.69 5.71 5.71 5.72 5.72 5.74 5.75 5.75 5.75 5.75 5.75 5.80 5.90 5.92 5.92 5.88 5.86 5.87 5.84 5.82 5.43 5.41 5.31 5.39 5.98 5.86 4.49 4.46 4.49 4.47 5.98 5.87 5.75 5.62 5.61 4.28 4.25 4.13 3.93 3.27 3.21 3.14 3.09 3.06 3.06 3.09 3.10 3.06 3.01 2.96 2.91 2.87 2.82 2.78 2.76 2.71 2.68 2.64 2.60 2.57 2.53 2.50 2.45 2.43 2.40 2.37 2.35 2.32 2.29 2.28 2.25 2.23 2.21 2.04 1.99 1.97 1.96 1.97 1.99 2.08 2.24 2.28 2.30 2.32 2.33 2.37 2.39 2.41 2.42 2.62 2.66 4.49 3.40 4.49 4.52 4.58 4.67 4.73 4.78 4.84 2.91 4.96 5.00 5.10 5.15 5.06 5.12 5.38 5.42 5.48 4.02 3.98 4.05 4.13 4.19 6.14 4.44 6.35 6.25 4.74 4.71 6.60 6.76 6.96 6.33 1.44 1.42 1.41 1.40 1.40 1.39 1.44 1.44 1.67 1.69 1.75 1.77 1.82 1.85 1.89 1.92 1.96 1.68 1.60 1.60 1.59 1.58 1.53 1.54 81.91 81.91 81.91 1.54 1.48 1.49 1.47 1.46 1.47 1.47 1.35 1.33 1.31 1.31 1.31 1.30 1.31 1.32 1.20 1.14 11.777102 -3.497741 -0.770877 11.805794 -3.525612 -0.770877 1305.620286 magnum 94.182091
ODOM 11.865241 -3.583357 -0.769343 0.500500 -0.000028 0.000000 1305.823202 magnum 94.302969
ODOM 11.901047 -3.618032 -0.769343 0.494000 -0.000011 0.000000 1305.943352 magnum 94.423588
FLASER 360 1.28 1.26 1.26 1.26 1.26 1.28 1.30 1.31 1.31 5.77 5.68 5.14 4.91 3.86 3.87 3.87 3.88 3.88 3.72 3.48 3.48 3.48 3.49 3.49 3.49 3.50 3.50 3.51 3.51 3.52 3.53 3.54 3.54 1.38 1.38 1.31 1.32 1.31 1.32 1.33 1.36 1.39 1.39 1.39 1.40 1.40 1.41 1.45 1.44 3.13 3.08 3.01 2.96 2.89 2.84 2.78 2.75 2.69 2.65 2.60 2.58 2.51 2.49 2.43 2.41 2.36 2.33 2.30 2.27 2.23 2.21 2.17 2.16 2.12 2.10 2.02 1.72 1.64 1.65 1.65 1.66 1.67 1.69 1.71 1.72 1.70 1.69 1.68 1.70 1.73 1.76 1.73 1.73 1.70 1.69 1.67 1.66 1.64 1.64 1.64 1.66 1.68 1.70 1.72 1.74 1.76 1.77 1.79 1.81 1.83 1.85 1.87 1.89 1.92 1.94 1.97 1.98 1.99 2.01 2.03 2.06 2.09 2.12 2.16 2.18 2.22 2.26 2.30 2.33 2.38 2.42 2.47 2.51 2.57 2.62 2.65 2.71 2.77 2.86 2.92 2.99 3.06 3.13 3.19 3.27 3.35 3.43 3.47 3.53 3.65 3.74 3.88 4.02 4.14 4.30 4.54 4.69 4.88 5.06 5.29 5.43 5.42 5.42 5.52 5.80 5.67 5.65 5.64 5.64 5.63 5.64 5.63 5.63 5.62 5.61 5.60 5.60 5.58 5.59 5.57 5.58 5.58 5.59 5.58 5.60 5.60 5.61 5.61 5.62 5.61 5.61 5.60 5.61 5.61 5.62 5.61 5.62 5.62 5.63 5.63 5.64 5.65 5.69 5.78 5.82 5.82 5.81 5.75 5.76 5.77 5.72 5.66 5.32 5.28 5.20 5.43 5.84 5.75 4.39 4.35 4.44 4.37 5.86 5.73 5.63 5.51 5.51 4.19 4.16 4.12 3.88 3.32 3.16 3.10 3.04 2.99 2.96 2.96 2.99 3.00 2.97 2.93 2.89 2.84 2.80 2.76 2.72 2.68 2.64 2.60 2.58 2.54 2.5